Feature_ID,Ionization,Confidence_level,Annotation,class,subclass,detection_frequency,NL_Indoor_AE,NL_Outdoor_AE,NL_Indoor_AP,NL_Outdoor_AP,NL_Indoor_AB,NL_Outdoor_AB,NL_Indoor_AI,NL_Outdoor_AI,NL_Indoor_AF,NL_Outdoor_AF,NL_Indoor_AM,NL_Outdoor_AM,NL_Indoor_AL,NL_Outdoor_AL,NL_Indoor_AC,NL_Outdoor_AC,NL_Indoor_AO,NL_Outdoor_AO,NL_Indoor_AR,NL_Outdoor_AR,NL_Indoor_AS,NL_Outdoor_AS,NL_Indoor_AQ,NL_Outdoor_AQ,NL_Indoor_AT,NL_Outdoor_AT,NL_Indoor_AD,NL_Outdoor_AD,NL_Indoor_AU,NL_Outdoor_AU,NL_Indoor_AW,NL_Outdoor_AW,NL_Indoor_AV,NL_Outdoor_AV,NL_Indoor_AJ,NL_Outdoor_AJ,NL_Indoor_AN,NL_Outdoor_AN,NL_Indoor_AK,NL_Outdoor_AK,NL_Indoor_AA,NL_Outdoor_AA,NL_Indoor_AX,NL_Outdoor_AX,NL_Indoor_AH,NL_Outdoor_AH,NL_Indoor_AG,NL_Outdoor_AG,NL_Indoor_AY,NL_Outdoor_AY,PT_Indoor_AJ,PT_Outdoor_AJ,PT_Indoor_AY,PT_Outdoor_AY,PT_Indoor_AV,PT_Outdoor_AV,PT_Indoor_AG,PT_Outdoor_AG,PT_Indoor_AU,PT_Outdoor_AU,PT_Indoor_AI,PT_Outdoor_AI,PT_Indoor_AB,PT_Outdoor_AB,PT_Indoor_AC,PT_Outdoor_AC,PT_Indoor_AN,PT_Outdoor_AN,PT_Indoor_AP,PT_Outdoor_AP,PT_Indoor_AS,PT_Outdoor_AS,PT_Indoor_AL,PT_Outdoor_AL,PT_Indoor_AX,PT_Outdoor_AX,PT_Indoor_AR,PT_Outdoor_AR,PT_Indoor_AT,PT_Outdoor_AT,PT_Indoor_AA,PT_Outdoor_AA,PT_Indoor_AM,PT_Outdoor_AM,PT_Indoor_AK,PT_Outdoor_AK,PT_Indoor_AH,PT_Outdoor_AH,PT_Indoor_AW,PT_Outdoor_AW,PT_Indoor_AQ,PT_Outdoor_AQ,PT_Indoor_AF,PT_Outdoor_AF,PT_Indoor_AD,PT_Outdoor_AD,PT_Indoor_AO,PT_Outdoor_AO,PT_Indoor_AE,PT_Outdoor_AE,UK_Indoor_AO,UK_Outdoor_AO,UK_Indoor_AS,UK_Outdoor_AS,UK_Indoor_AR,UK_Outdoor_AR,UK_Indoor_AL,UK_Outdoor_AL,UK_Indoor_AY,UK_Outdoor_AY,UK_Indoor_AD,UK_Outdoor_AD,UK_Indoor_AV,UK_Outdoor_AV,UK_Indoor_AM,UK_Outdoor_AM,UK_Indoor_AU,UK_Outdoor_AU,UK_Indoor_AB,UK_Outdoor_AB,UK_Indoor_AH,UK_Outdoor_AH,UK_Indoor_AE,UK_Outdoor_AE,UK_Indoor_AP,UK_Outdoor_AP,UK_Indoor_AG,UK_Outdoor_AG,UK_Indoor_AW,UK_Outdoor_AW,UK_Indoor_AJ,UK_Outdoor_AJ,UK_Indoor_AI,UK_Outdoor_AI,UK_Indoor_AA,UK_Outdoor_AA,UK_Indoor_AC,UK_Outdoor_AC,UK_Indoor_AT,UK_Outdoor_AT,UK_Indoor_AF,UK_Outdoor_AF,UK_Indoor_AN,UK_Outdoor_AN,UK_Indoor_AX,UK_Outdoor_AX,UK_Indoor_AK,UK_Outdoor_AK,UK_Indoor_AQ,UK_Outdoor_AQ,CZ_Indoor_AL,CZ_Outdoor_AL,CZ_Indoor_AV,CZ_Outdoor_AV,CZ_Indoor_AX,CZ_Outdoor_AX,CZ_Indoor_AC,CZ_Outdoor_AC,CZ_Indoor_AM,CZ_Outdoor_AM,CZ_Indoor_AA,CZ_Outdoor_AA,CZ_Indoor_AN,CZ_Outdoor_AN,CZ_Indoor_AO,CZ_Outdoor_AO,CZ_Indoor_AG,CZ_Outdoor_AG,CZ_Indoor_AJ,CZ_Outdoor_AJ,CZ_Indoor_AK,CZ_Outdoor_AK,CZ_Indoor_AE,CZ_Outdoor_AE,CZ_Indoor_AR,CZ_Outdoor_AR,CZ_Indoor_AI,CZ_Outdoor_AI,CZ_Indoor_AS,CZ_Outdoor_AS,CZ_Indoor_AH,CZ_Outdoor_AH,CZ_Indoor_AD,CZ_Outdoor_AD,CZ_Indoor_AF,CZ_Outdoor_AF,CZ_Indoor_AU,CZ_Outdoor_AU,CZ_Indoor_AW,CZ_Outdoor_AW,CZ_Indoor_AB,CZ_Outdoor_AB,CZ_Indoor_AT,CZ_Outdoor_AT,CZ_Indoor_AP,CZ_Outdoor_AP,CZ_Indoor_AQ,CZ_Outdoor_AQ,CZ_Indoor_AY,CZ_Outdoor_AY,CZ_Indoor_AL_2,CZ_Indoor_AL_3,CZ_Indoor_AV_2,CZ_Indoor_AV_3,CZ_Indoor_AX_2,CZ_Indoor_AX_3,CZ_Indoor_AC_2,CZ_Indoor_AC_3,CZ_Indoor_AM_2,CZ_Indoor_AM_3,SI_Indoor_AY,SI_Outdoor_AY,SI_Indoor_AT,SI_Outdoor_AT,SI_Indoor_BC,SI_Outdoor_BC,SI_Indoor_AW,SI_Outdoor_AW,SI_Indoor_AD,SI_Outdoor_AD,SI_Indoor_AA,SI_Outdoor_AA,SI_Indoor_AB,SI_Outdoor_AB,SI_Indoor_AP,SI_Outdoor_AP,SI_Indoor_AF,SI_Outdoor_AF,SI_Indoor_AU,SI_Outdoor_AU,SI_Indoor_AE,SI_Outdoor_AE,SI_Indoor_AV,SI_Outdoor_AV,SI_Outdoor_AL,SI_Indoor_AL,SI_Indoor_AJ,SI_Outdoor_AJ,SI_Indoor_BB,SI_Outdoor_BB,SI_Indoor_AH,SI_Outdoor_AH,SI_Indoor_BD,SI_Outdoor_BD,SI_Indoor_BA,SI_Outdoor_BA,SI_Indoor_AS,SI_Outdoor_AS,SI_Indoor_AG,SI_Outdoor_AG,SI_Indoor_AO,SI_Outdoor_AO,SI_Indoor_AM,SI_Outdoor_AM,SI_Indoor_AI,SI_Outdoor_AI,SI_Indoor_AX,SI_Outdoor_AX,SI_Indoor_AQ,SI_Outdoor_AQ,SI_Indoor_AK,SI_Outdoor_AK,SI_Indoor_AC,SI_Outdoor_AC,SI_Indoor_AR,SI_Outdoor_AR,SI_Indoor_AZ,SI_Outdoor_AZ,SI_Indoor_AN,SI_Outdoor_AN,EE_Indoor_AL,EE_Outdoor_AL,EE_Indoor_AF,EE_Outdoor_AF,EE_Indoor_AH,EE_Outdoor_AH,EE_Indoor_AK,EE_Outdoor_AK,EE_Indoor_AB,EE_Outdoor_AB,EE_Indoor_AQ,EE_Outdoor_AQ,EE_Indoor_AO,EE_Outdoor_AO,EE_Indoor_AR,EE_Outdoor_AR,EE_Indoor_AI,EE_Outdoor_AI,EE_Indoor_AD,EE_Outdoor_AD,EE_Indoor_AA,EE_Outdoor_AA,EE_Indoor_AW,EE_Outdoor_AW,EE_Indoor_AM,EE_Outdoor_AM,EE_Indoor_AJ,EE_Outdoor_AJ,EE_Indoor_AV,EE_Outdoor_AV,EE_Indoor_AS,EE_Outdoor_AS,EE_Indoor_AP,EE_Outdoor_AP,EE_Indoor_AE,EE_Outdoor_AE,EE_Indoor_AG,EE_Outdoor_AG,EE_Indoor_AY,EE_Outdoor_AY,EE_Indoor_AC,EE_Outdoor_AC,EE_Indoor_AN,EE_Outdoor_AN,EE_Indoor_AX,EE_Outdoor_AX,EE_Indoor_AU,EE_Outdoor_AU,EE_Indoor_AT,EE_Outdoor_AT,IT_Outdoor_AQ,IT_Indoor_AQ,IT_Outdoor_AE,IT_Indoor_AE,IT_Outdoor_AR,IT_Indoor_AR,IT_Outdoor_AB,IT_Indoor_AB,IT_Outdoor_AA,IT_Indoor_AA,IT_Outdoor_AJ,IT_Indoor_AJ,IT_Outdoor_AX,IT_Indoor_AX,IT_Outdoor_AF,IT_Indoor_AF,IT_Outdoor_AN,IT_Indoor_AN,IT_Outdoor_AH,IT_Indoor_AH,IT_Outdoor_AL,IT_Indoor_AL,IT_Outdoor_AC,IT_Indoor_AC,IT_Outdoor_AG,IT_Indoor_AG,IT_Outdoor_AD,IT_Indoor_AD,IT_Outdoor_AT,IT_Indoor_AT,IT_Outdoor_AK,IT_Indoor_AK,IT_Outdoor_AY,IT_Indoor_AY,IT_Outdoor_AO,IT_Indoor_AO,IT_Outdoor_AS,IT_Indoor_AS,IT_Outdoor_AV,IT_Indoor_AV,IT_Outdoor_AP,IT_Indoor_AP,IT_Outdoor_AI,IT_Indoor_AI,IT_Outdoor_AW,IT_Indoor_AW,IT_Outdoor_AU,IT_Indoor_AU,IT_Outdoor_AM,IT_Indoor_AM,SE_Indoor_AB,SE_Outdoor_AB,SE_Indoor_AA,SE_Outdoor_AA,SE_Indoor_AY,SE_Outdoor_AY,SE_Indoor_AD,SE_Outdoor_AD,SE_Indoor_AJ,SE_Outdoor_AJ,SE_Indoor_AS,SE_Outdoor_AS,SE_Indoor_AT,SE_Outdoor_AT,SE_Indoor_AR,SE_Outdoor_AR,SE_Indoor_AE,SE_Outdoor_AE,SE_Indoor_AI,SE_Outdoor_AI,SE_Indoor_AG,SE_Outdoor_AG,SE_Indoor_AQ,SE_Outdoor_AQ,SE_Indoor_AN,SE_Outdoor_AN,SE_Outdoor_AW,SE_Indoor_AW,SE_Indoor_AH,SE_Outdoor_AH,SE_Indoor_AO,SE_Outdoor_AO,SE_Indoor_AP,SE_Outdoor_AP,SE_Indoor_AL,SE_Outdoor_AL,SE_Indoor_AF,SE_Outdoor_AF,SE_Indoor_AV,SE_Outdoor_AV,SE_Indoor_AM,SE_Outdoor_AM,SE_Indoor_AX,SE_Outdoor_AX,SE_Indoor_AC,SE_Outdoor_AC,SE_Indoor_AU,SE_Outdoor_AU,SE_Indoor_AK,SE_Outdoor_AK
67328_POS_SU,pos,Level 1,(+)-Nootkatone,Natural,"Natural product – plant/fungal metabolites, terpenes, flavonoids, alkaloids, etc.",81.0,6.3,1.6,7.7,0.3,8.1,5.8,59.3,0.7,40.4,2.9,32.5,0.0,19.1,1.6,9.3,0.3,22.8,0.5,41.9,0.1,0.0,2.0,13.7,0.0,20.1,0.0,11.8,1.3,29.6,0.0,18.8,0.0,13.6,0.0,6.3,0.4,28.6,0.0,54.3,0.0,3.1,1.2,2.6,0.0,20.6,0.0,8.5,0.6,15.1,5.5,25.5,4.6,23.5,1.5,25.7,0.5,35.8,1.7,19.9,4.1,25.0,1.3,49.1,3.2,5.8,1.1,77.6,1.5,23.0,6.3,26.6,0.6,29.4,7.4,10.4,0.0,21.2,9.2,77.7,1.5,60.1,1.9,12.5,2.1,67.5,1.1,38.7,2.6,17.1,0.9,19.2,2.9,51.1,5.5,41.7,2.4,22.7,0.2,88.1,4.2,75.7,0.6,51.2,1.7,38.2,0.0,1.3,0.0,82.7,2.0,120.2,0.4,111.9,1.2,53.7,0.0,9.2,0.8,20.1,2.7,39.7,0.1,8.0,0.0,47.4,0.0,23.9,0.0,30.6,0.0,21.0,0.0,88.1,4.2,99.4,0.0,52.2,0.0,49.0,0.8,190.4,0.0,74.7,0.0,28.0,1.3,37.3,3.9,10.3,0.3,25.6,0.1,47.6,1.2,2.0,13.4,137.5,2.3,7.3,1.6,23.7,1.1,60.5,0.0,21.1,0.0,80.9,0.0,56.3,0.0,223.0,0.0,5.7,0.0,24.0,0.6,41.5,0.6,83.8,1.7,20.0,0.0,50.4,7.4,14.9,0.7,46.1,2.8,19.3,5.3,139.4,5.5,23.0,6.5,135.0,5.8,58.4,3.6,9.8,0.5,17.9,466.8,7.7,52.9,32.7,0.0,0.0,0.0,0.0,0.0,38.0,0.0,193.6,0.0,118.4,0.0,25.4,0.0,12.1,0.0,60.8,0.0,15.8,1.5,83.9,0.0,13.6,0.0,20.8,0.0,83.8,2.0,0.0,0.0,0.0,17.5,18.8,0.8,13.6,0.0,33.1,0.4,17.4,0.0,28.4,0.6,34.6,0.5,19.8,0.0,21.9,0.0,18.5,1.7,4.8,0.0,24.3,0.9,47.3,0.0,16.1,0.3,53.4,4.0,31.0,0.0,26.4,3.4,9.1,0.3,2.8,0.0,59.5,0.0,13.0,6.0,2.6,0.0,33.3,0.0,78.0,0.0,15.7,0.0,8.6,0.0,93.3,3.0,19.0,0.0,89.5,0.0,13.5,0.7,20.6,0.0,159.8,0.0,73.7,0.0,27.6,0.0,6.4,0.0,27.5,0.0,12.0,0.0,34.9,0.0,37.7,0.0,26.8,0.0,66.2,0.0,39.1,0.0,6.6,0.0,7.0,16.3,1.6,13.2,0.0,22.4,5.9,15.1,5.8,44.6,1.8,24.5,2.8,27.0,7.3,45.3,13.1,160.2,6.1,17.9,1.5,33.6,3.3,6.2,13.2,35.0,5.9,18.0,12.6,16.0,3.4,19.1,7.3,26.4,5.0,25.6,3.1,0.5,3.7,8.8,7.4,17.2,3.1,28.4,3.1,26.9,3.5,13.2,6.2,4.8,13.1,5.8,7.8,2.1,8.3,5.2,37.3,2.4,0.8,1.5,20.2,0.0,5.6,0.9,17.1,1.9,20.0,0.9,3.2,3.5,79.9,2.1,17.6,0.6,9.6,3.6,3.0,12.2,9.9,0.0,8.1,4.2,23.2,7.1,13.6,2.9,13.3,4.5,12.8,1.0,13.3,0.4,12.5,1.7,12.2,1.1,7.6,0.8,66.0,2.0
108383_POS_SU,pos,Level 1,Tris(chloropropyl) phosphate,Anthropogenic,Flame retardant,58.6,66.6,0.0,60.0,0.0,124.6,0.0,76.2,0.0,78.0,0.0,0.0,0.0,47.8,0.0,32.1,0.0,64.5,0.0,152.5,0.0,0.0,0.0,253.2,0.0,45.3,0.0,259.4,0.0,52.4,0.0,45.9,0.0,178.1,0.0,8.4,0.0,16.4,0.0,26.0,0.0,2.9,4.7,23.0,0.0,2.1,0.0,64.9,0.0,21.1,0.0,123.2,0.0,167.3,0.0,200.0,0.0,138.8,1.4,112.4,0.0,242.8,0.0,25.7,0.0,307.6,0.0,278.2,0.0,41.4,0.0,142.0,0.0,251.4,9.4,107.9,0.0,6.6,0.0,213.3,0.0,174.9,0.0,106.6,0.0,162.9,0.0,36.5,0.0,107.7,0.0,140.8,16.7,119.1,20.4,129.6,0.0,279.8,14.1,253.1,0.0,3355.1,0.0,584.6,15.5,4349.2,0.0,594.9,22.5,4725.4,3.1,4462.5,10.3,5502.2,0.3,4459.1,3.8,1501.4,25.0,2125.8,74.6,3205.2,29.1,4635.6,0.0,2904.2,22.6,1987.0,0.0,3158.6,0.5,2720.3,39.4,1237.1,26.3,16633.6,8.7,2387.9,21.7,2234.7,74.2,2454.2,0.0,2902.4,10.8,6322.1,22.0,4905.8,42.6,1178.9,68.3,10.1,0.0,138.9,15.5,457.2,0.0,131.7,0.0,0.0,0.0,309.7,0.0,37.8,0.0,150.9,0.0,44.2,0.0,97.3,48.6,697.0,0.0,41.9,0.0,7.6,0.0,197.9,0.0,112.5,0.0,121.5,6.3,53.1,0.0,86.3,0.0,109.8,0.0,156.3,6.4,153.6,0.0,221.8,98.1,201.6,4.9,156.7,37.8,30.3,0.0,0.0,41.0,483.4,73.4,0.0,0.0,0.0,0.0,0.0,0.0,38.0,0.0,47.8,0.0,43.6,0.0,37.2,0.0,0.0,0.0,106.7,0.0,5.0,0.0,85.3,0.0,37.3,0.0,20.5,0.0,193.8,0.0,0.0,0.0,0.0,586.4,391.4,16.3,16.2,0.0,18.9,0.0,36.6,0.0,43.7,0.0,0.0,0.0,67.8,0.0,6.3,0.0,41.8,0.0,1.0,0.0,118.4,0.0,0.0,0.0,118.4,0.0,21.5,0.0,477.8,0.0,27.0,0.0,34.4,0.0,162.6,0.0,150.0,11.9,23.2,0.0,111.0,0.0,110.9,0.0,1254.0,0.0,131.1,0.0,138.1,0.0,810.6,0.3,149.6,0.0,102.7,0.0,19.3,5.7,147.5,0.0,51.8,0.0,259.2,0.0,34.2,0.0,33.4,0.0,1249.1,0.0,4.9,0.0,612.5,0.0,31.8,0.0,234.0,0.0,24.0,0.0,17.1,0.0,3.5,0.0,0.0,129.8,7.6,42.4,0.0,189.6,0.7,79.5,0.0,154.6,0.0,319.1,0.0,315.1,0.0,77.2,13.3,225.9,0.0,689.0,0.0,93.8,0.0,19.0,41.5,465.7,60.1,22.0,11.4,105.2,0.0,154.6,0.0,0.0,15.2,194.8,0.0,0.0,0.0,23.0,38.1,273.5,0.0,68.6,0.0,0.0,5.2,90.4,96.1,211.7,20.3,0.0,8.5,0.0,382.7,0.0,342.7,0.0,44.3,0.0,439.9,0.0,7.5,0.0,19.0,0.0,247.6,0.0,125.0,0.0,53.5,0.0,180.6,0.0,70.1,0.0,0.0,147.4,326.5,0.0,299.1,0.0,35.5,0.0,577.7,0.0,123.0,0.0,161.1,0.0,1132.2,0.0,132.9,11.3,66.9,0.0,30.8,0.0,559.3,0.0
135024_POS_SU,pos,Level 1,"Tris(1,3-dichloro-2-propyl) phosphate",Anthropogenic,Flame retardant,13.6,0.0,0.0,0.0,0.0,0.0,0.0,0.0,0.0,0.0,0.0,0.0,0.0,0.0,0.0,0.0,0.0,0.0,0.0,0.0,0.0,0.0,0.0,0.0,0.0,0.0,0.0,0.0,0.0,0.0,0.0,0.0,0.0,0.0,0.0,0.0,0.0,0.0,0.0,0.0,0.0,0.0,0.0,0.0,0.0,0.0,0.0,0.1,0.0,0.0,0.0,0.1,0.0,0.4,0.0,0.1,0.1,0.0,0.0,0.0,0.0,0.2,0.0,0.0,0.0,0.2,0.0,0.0,0.0,0.0,0.0,0.0,0.0,0.0,0.0,0.0,0.0,0.0,0.0,0.9,0.0,0.0,0.0,0.1,0.0,0.0,0.0,0.0,0.0,0.4,0.0,0.0,0.0,0.0,0.0,0.0,0.0,0.0,0.0,0.1,0.0,0.2,0.0,0.0,0.0,0.1,0.0,0.1,0.0,0.3,0.0,0.0,0.0,0.1,0.0,0.0,0.0,0.0,0.0,0.0,0.0,0.3,0.0,0.1,0.0,0.0,0.0,0.0,0.0,0.0,0.0,0.1,0.0,0.1,0.0,2.5,0.0,0.3,0.0,0.0,0.0,0.0,0.0,0.0,0.0,0.1,0.0,0.2,0.0,0.0,0.0,0.1,0.0,0.0,0.0,0.0,0.0,0.1,0.0,0.0,0.0,0.0,0.0,0.0,0.0,0.1,0.0,0.0,0.0,0.0,0.0,0.0,0.0,0.0,0.0,0.0,0.0,0.0,0.0,0.0,0.0,0.0,0.0,0.0,0.0,0.0,0.0,0.0,0.0,0.0,0.0,1.5,0.0,0.1,0.0,0.0,0.0,0.0,0.0,0.0,0.0,0.0,0.0,0.0,0.0,0.0,0.0,0.0,0.0,0.0,0.0,0.1,0.1,0.0,0.0,0.3,0.3,0.0,0.0,0.0,0.0,0.0,0.0,0.2,0.0,0.0,0.0,0.0,0.0,0.1,0.0,0.3,0.0,0.0,0.0,0.2,0.2,0.1,0.1,3.6,0.0,0.8,0.2,1.1,0.0,0.0,0.0,0.2,0.0,0.0,0.0,0.0,0.0,0.1,0.0,0.0,0.0,0.1,0.0,0.0,0.0,0.0,0.0,0.0,0.0,0.0,0.0,0.0,0.0,0.0,0.0,0.0,0.0,0.0,0.0,0.0,0.0,0.0,0.0,0.0,0.0,0.0,0.0,0.0,0.0,0.0,0.0,0.0,0.0,0.0,0.0,0.0,0.0,0.1,0.0,0.0,0.0,0.0,0.0,0.1,0.0,0.0,0.0,0.0,0.0,0.0,0.0,0.0,0.0,0.0,0.0,0.0,0.0,0.1,0.0,0.0,0.0,0.0,0.0,0.1,0.0,0.0,0.0,0.0,0.0,0.0,0.0,0.0,0.0,0.0,0.0,0.0,0.0,0.0,0.0,0.0,0.0,0.0,0.0,0.0,0.9,0.0,0.0,0.0,0.0,0.0,0.0,0.0,0.0,0.0,0.0,0.0,0.0,0.0,0.0,0.0,0.0,0.0,0.0,0.0,0.1,0.0,0.0,0.0,0.0,0.0,0.0,0.0,0.4,0.0,0.0,0.4,0.0,0.0,0.0,0.0,0.0,0.0,0.0,0.0,0.0,0.0,0.0,0.0,0.0,0.0,0.0,0.0,0.0,0.0,0.0,0.2,0.0,0.1,0.0,0.0,0.0,0.0,0.0,0.0,0.0,0.0,0.0,0.0,0.0,0.0,0.0,0.0,0.0,0.0,0.0,0.0,0.0,0.0,0.0,0.0,0.0,0.0,0.0,0.0,0.0
23369_POS_SU,pos,Level 1,5-Methyl-1H-benzotriazole,Anthropogenic,Industrial chemical,1.9,0.0,0.0,0.0,0.0,0.0,0.0,0.0,0.0,0.0,0.0,0.0,0.0,0.0,0.0,0.0,0.0,0.0,0.0,0.0,0.0,0.0,0.0,0.0,0.0,0.0,0.0,0.0,0.0,0.0,0.0,0.0,0.0,0.0,0.0,0.0,0.0,0.0,0.0,0.0,0.0,0.0,0.0,0.0,0.0,0.0,0.0,0.0,0.0,0.0,0.0,0.0,0.0,0.0,0.0,0.0,0.0,0.0,0.0,0.0,0.0,0.0,0.0,0.0,0.0,0.0,0.0,0.0,0.0,0.0,0.0,0.0,0.0,0.0,0.0,0.0,0.0,0.0,0.0,0.0,0.0,0.0,0.0,0.0,0.0,0.0,0.0,0.0,0.0,0.0,0.0,0.0,0.0,0.0,0.0,0.0,0.0,0.0,0.0,0.0,0.0,0.0,0.0,0.0,0.0,0.0,0.0,0.0,0.0,0.0,0.0,0.0,0.0,0.0,0.0,0.0,0.0,0.0,0.0,0.0,0.0,0.0,0.0,0.0,0.0,0.0,0.0,0.0,0.0,0.0,0.0,0.0,0.0,0.0,0.0,0.0,0.0,0.0,0.0,0.0,0.0,0.0,0.0,0.3,0.0,0.0,0.0,88.4,0.0,0.0,0.0,0.0,0.0,0.0,0.0,0.0,0.0,0.0,0.0,0.0,0.0,11.0,0.0,0.0,0.0,0.0,0.0,0.0,0.0,0.0,0.0,0.0,0.0,0.0,0.0,0.0,0.0,0.0,0.0,0.0,0.0,0.0,0.0,0.0,0.0,0.0,0.0,0.0,0.0,0.0,0.0,0.0,0.0,0.0,0.0,0.0,0.0,0.0,0.0,0.0,0.0,0.0,0.0,0.0,0.0,0.0,0.0,0.0,0.0,0.0,0.0,0.0,0.0,0.0,0.0,0.0,0.0,79.6,0.0,0.0,0.0,0.0,0.0,0.0,0.0,0.0,0.0,0.0,0.0,0.0,0.0,0.0,0.0,0.0,0.0,0.0,0.0,0.0,0.0,0.0,0.0,0.0,0.0,0.0,0.0,0.0,0.0,0.0,0.0,0.0,0.0,0.0,0.0,0.0,0.0,4.4,0.0,0.0,0.0,0.0,0.0,0.0,0.0,0.0,0.0,0.0,0.0,0.0,0.0,0.0,0.0,0.0,0.0,0.0,0.0,0.0,0.0,0.0,0.0,0.0,0.0,0.0,0.0,0.0,0.0,0.0,0.0,0.0,0.0,0.0,0.0,0.0,0.0,0.0,14.4,0.0,0.0,0.0,0.0,0.0,0.0,0.0,0.0,0.0,0.0,0.0,0.0,0.0,0.0,0.0,0.0,0.0,0.0,0.0,0.0,0.0,0.0,0.0,0.0,0.0,0.0,0.0,0.0,0.0,0.0,0.0,0.0,0.0,0.0,0.0,0.0,0.0,0.0,0.0,0.0,0.0,0.0,0.0,1.6,0.0,0.0,0.0,0.0,0.0,0.0,0.0,0.0,0.0,0.0,0.0,0.0,0.0,0.0,0.0,0.0,0.0,0.0,0.0,0.0,0.0,0.0,0.0,0.0,0.0,0.0,0.0,0.0,0.0,0.0,0.0,0.0,0.0,0.0,0.0,0.0,0.0,0.0,0.0,0.0,0.0,0.0,0.0,0.0,0.0,0.0,0.0,0.0,0.0,0.0,0.0,0.0,0.0,0.0,0.0,0.0,0.0,0.0,0.0,0.0,0.0,0.0,0.0,0.0,0.0,0.0,0.0,0.0,0.0,0.0,0.0,0.0,0.0,0.0,0.0,0.0,0.0,0.0,25.5,0.0,0.0,0.0
87146_POS_SU,pos,Level 1,Atenolol,Anthropogenic,Pharmaceutical,19.3,0.0,0.0,0.0,0.0,0.0,0.0,0.0,0.0,0.0,0.0,0.0,0.0,0.0,0.0,0.0,0.0,0.0,0.0,0.0,0.0,0.0,0.0,0.0,0.0,0.0,0.0,0.0,0.0,0.0,0.0,0.0,0.0,0.0,0.0,0.0,0.0,0.0,0.0,0.0,0.0,0.0,0.0,0.0,0.0,0.0,0.0,0.0,0.0,0.0,0.0,0.0,0.0,0.0,0.0,0.0,0.0,0.0,0.0,0.0,0.0,0.0,0.0,0.0,0.0,0.0,0.0,0.0,0.0,0.0,2.3,0.0,0.0,0.0,0.0,0.0,0.0,0.0,0.0,0.0,0.0,0.0,0.0,0.0,0.0,0.0,0.0,0.0,0.0,0.0,0.0,0.0,0.0,0.0,0.0,0.0,0.0,0.0,0.0,0.0,0.0,0.0,0.0,0.0,0.0,0.0,0.0,0.0,0.0,0.0,0.0,0.0,0.0,0.0,0.0,0.0,0.0,0.0,0.0,0.0,0.0,0.0,0.0,0.0,0.0,0.9,0.0,0.2,0.0,0.0,0.0,0.0,0.0,0.0,0.0,0.0,0.0,0.0,0.0,0.0,0.0,0.0,0.0,0.0,0.0,0.0,0.0,0.0,0.0,0.0,0.0,0.0,0.0,0.4,0.2,0.4,0.0,0.0,0.0,0.6,0.0,0.5,0.0,0.0,0.0,1.6,1.0,0.0,0.0,0.0,0.0,0.0,2.5,0.0,1.4,0.3,0.0,0.0,0.0,0.1,0.0,1.0,1.2,2.1,0.2,0.0,0.2,0.0,0.4,0.2,0.0,1.1,2.3,0.0,0.0,4.8,0.0,0.4,3.2,0.0,0.0,0.0,0.4,0.0,0.0,0.0,0.0,0.0,0.0,0.0,0.0,0.3,0.0,0.0,0.0,0.0,0.0,0.0,0.0,0.4,0.0,0.0,0.0,0.0,0.0,0.1,0.0,1.0,0.0,0.0,0.0,0.0,0.0,0.0,0.0,0.0,0.0,0.0,0.0,0.0,0.0,0.0,0.0,0.0,0.0,1.1,0.0,0.0,0.0,0.0,0.0,0.0,0.0,0.0,0.0,0.0,0.0,0.0,0.0,0.0,0.0,0.0,1.0,0.0,0.0,0.0,0.0,0.0,0.0,0.0,0.0,0.0,0.0,0.0,0.2,0.0,0.0,0.0,0.0,0.0,0.0,0.0,0.0,0.9,0.0,0.0,0.0,0.4,0.0,0.0,0.0,0.0,0.0,0.0,83.0,0.0,0.0,0.0,0.0,0.0,0.0,0.0,0.0,0.0,0.0,0.0,0.0,0.0,0.0,0.0,0.0,0.0,0.0,0.0,0.0,0.0,0.0,0.0,0.0,0.0,0.0,0.0,3.6,0.0,0.0,0.0,0.1,0.7,0.0,0.0,0.0,0.0,0.0,0.0,0.0,0.9,0.0,0.1,2.2,0.3,0.0,0.0,0.0,0.2,0.0,0.1,0.1,10.4,0.0,0.0,0.0,0.0,0.0,0.0,0.2,0.0,0.0,0.1,0.0,0.0,0.0,0.0,0.7,0.0,0.0,0.0,0.0,0.0,0.0,0.0,0.0,1.3,0.7,0.0,0.0,4.3,1.9,5.5,0.6,0.0,0.0,0.0,0.0,0.0,0.0,0.0,0.0,0.0,0.0,0.0,0.0,0.0,0.0,0.0,0.0,0.0,0.0,0.2,1.5,3.8,0.7,1.2,0.9,1.2,0.2,1.1,0.5,0.7,0.4,1.3,0.4,1.9,0.2,2.4,0.9,1.1,0.3,1.4,2.9,2.3,0.3
55593_POS_SU,pos,Level 1,Atrazine-2-hydroxy,Anthropogenic,Pesticide / biocide,7.4,0.0,0.0,0.0,0.0,0.0,0.0,0.0,0.0,0.0,0.0,0.0,0.0,0.0,0.0,0.0,0.0,0.0,0.0,0.0,0.0,0.0,0.0,0.0,0.0,0.0,0.0,0.0,0.0,0.0,0.0,0.0,0.0,0.0,0.0,0.0,0.0,0.0,0.0,0.0,0.0,0.0,0.0,0.0,0.0,0.0,0.0,0.0,0.0,0.0,0.0,0.0,0.0,0.0,0.0,0.0,0.0,0.0,0.0,0.0,0.0,0.0,0.0,0.0,0.0,0.0,0.0,0.0,0.0,0.0,0.0,0.0,0.0,0.0,0.0,0.0,0.0,0.0,0.0,0.0,0.0,0.0,0.0,0.0,0.0,0.0,0.0,0.0,0.0,0.0,0.0,0.0,0.0,0.0,0.0,0.0,0.0,0.0,0.0,0.0,0.0,0.0,0.0,0.0,0.0,0.0,0.0,0.0,0.0,0.0,0.0,0.0,0.0,0.0,0.0,0.0,0.0,0.0,0.0,0.0,0.0,0.0,0.0,0.0,0.0,0.0,0.0,0.0,0.0,0.0,0.0,0.0,0.0,0.0,0.0,0.0,0.0,0.0,0.0,0.0,0.0,0.0,0.0,0.0,0.0,0.0,0.0,0.0,0.0,0.0,0.0,0.0,0.0,0.0,0.0,0.0,0.0,0.0,0.0,0.0,0.0,0.0,0.0,0.0,0.0,0.0,0.0,0.0,0.0,0.0,0.0,0.0,0.0,0.0,0.0,0.0,0.0,0.0,0.0,0.0,0.0,0.0,0.0,0.0,0.0,0.0,0.0,0.0,0.0,0.0,0.0,0.0,0.0,0.0,0.0,0.0,0.0,0.0,0.0,0.0,0.0,0.0,0.0,0.0,0.0,0.0,0.0,0.0,0.0,0.0,0.0,0.0,0.0,0.0,0.0,0.0,0.0,0.0,0.0,0.0,0.0,0.0,0.0,0.0,0.0,0.0,0.0,0.0,0.0,0.0,0.0,0.0,0.0,0.0,0.0,0.0,0.0,0.0,0.0,0.0,0.0,0.0,0.0,0.0,0.0,0.0,0.0,0.0,0.0,0.0,0.0,0.0,0.0,0.0,0.0,0.0,0.0,0.0,0.0,0.0,0.0,0.0,0.0,0.0,0.0,0.0,0.0,0.0,0.0,0.0,0.0,0.0,0.0,0.0,0.0,0.0,0.0,0.0,0.0,0.0,0.0,0.0,0.0,0.0,0.0,0.0,0.0,0.0,0.0,0.0,0.0,0.0,0.0,0.0,0.0,0.0,0.0,0.0,0.0,0.0,0.0,0.0,0.0,0.0,0.0,0.0,0.0,0.0,0.0,0.0,0.0,0.0,0.0,0.0,0.0,0.0,0.0,0.0,0.0,0.0,0.0,0.0,0.0,0.0,0.0,0.0,0.0,0.0,0.0,0.0,0.0,0.0,0.0,0.0,0.0,0.0,0.0,0.0,0.0,0.0,0.0,0.0,0.0,0.0,0.0,0.0,0.0,0.6,0.0,0.0,0.0,0.0,0.0,0.0,0.0,0.0,0.0,0.0,0.0,0.0,0.0,0.0,0.0,0.0,0.0,0.0,0.0,0.0,0.0,0.0,0.0,12.1,18.9,0.0,0.0,11.8,22.1,17.3,60.0,0.0,0.0,0.0,0.0,0.0,0.0,0.0,0.0,0.0,0.0,0.0,0.0,0.0,0.0,0.0,0.0,0.0,0.0,12.0,11.9,12.1,16.1,14.2,16.9,15.1,13.9,14.3,13.6,9.6,16.3,13.9,14.7,19.8,11.8,12.3,22.6,17.4,20.3,16.5,39.6,14.7,13.5
50656_POS_SU,pos,Level 1,Atrazine-desethyl,Anthropogenic,Pesticide / biocide,24.0,0.0,0.0,0.0,0.0,0.0,0.0,0.0,0.0,0.0,0.0,0.0,0.0,0.0,0.0,0.0,0.0,0.0,0.0,0.0,0.0,0.0,0.0,0.0,0.0,0.0,0.0,0.0,0.0,0.0,0.0,0.0,0.0,0.0,0.0,0.0,0.0,0.0,0.0,0.0,0.0,0.0,0.0,0.0,0.0,0.0,0.0,0.0,0.0,0.0,0.0,0.0,0.0,0.0,0.0,0.0,0.0,0.0,0.0,0.0,0.0,0.0,0.0,0.0,0.0,0.0,0.0,0.0,0.0,0.0,0.0,0.0,0.0,0.0,0.0,0.0,0.0,0.0,0.0,0.0,0.0,0.0,0.0,0.0,0.0,0.0,0.0,0.0,0.0,0.0,0.0,0.0,0.0,0.0,0.0,0.0,0.0,0.0,0.0,0.0,0.0,0.0,0.0,0.0,0.0,0.4,0.0,0.0,0.1,0.2,0.3,0.2,0.0,0.0,0.3,0.0,0.0,0.0,0.3,0.0,0.9,0.0,0.3,0.0,0.0,0.7,0.3,0.1,0.2,0.0,0.0,0.0,0.0,0.5,0.6,1.1,0.0,0.0,0.0,0.4,0.0,0.6,0.0,0.0,0.2,0.0,0.0,0.6,0.4,0.3,0.3,0.0,0.0,0.0,0.0,0.0,1.9,0.0,0.0,0.0,0.0,0.0,0.0,0.0,0.0,0.0,0.0,0.0,0.0,0.0,0.0,0.0,0.0,0.0,0.0,0.0,0.0,0.0,0.0,0.0,0.0,0.0,0.0,0.0,0.0,0.0,0.0,0.0,0.0,0.0,0.0,0.0,0.0,0.0,0.0,8.5,0.0,0.0,0.0,0.0,0.0,0.0,0.0,0.0,0.0,0.0,0.0,0.0,0.0,0.0,0.0,0.1,0.0,0.2,0.3,0.0,1.0,0.0,0.0,0.7,0.1,0.5,0.2,0.0,0.2,0.1,0.1,0.2,0.0,0.0,1.0,0.0,0.0,0.0,0.5,0.5,0.0,0.0,0.5,0.0,0.0,0.2,0.0,0.0,0.4,0.8,0.5,0.0,0.0,0.0,0.3,0.0,1.2,0.0,0.0,0.9,0.5,0.0,0.0,0.0,0.1,0.0,0.0,0.0,0.8,0.1,0.0,0.0,0.1,0.2,0.5,0.0,0.0,0.0,0.0,0.0,0.0,0.0,0.0,0.0,0.0,0.0,0.0,0.0,0.0,0.0,0.0,0.0,0.0,0.0,0.0,0.0,0.0,0.0,3.9,0.0,0.2,0.0,0.0,0.0,0.2,0.0,0.0,0.0,0.0,0.0,0.0,0.0,0.5,0.0,0.0,0.0,0.0,0.0,0.0,0.2,0.1,0.0,0.0,0.0,0.2,0.0,0.2,7.5,0.2,0.0,2.2,0.0,0.0,0.0,0.0,0.0,0.0,0.0,0.0,0.0,0.0,0.0,9.0,0.0,0.0,0.0,0.0,0.0,0.0,0.2,0.0,0.0,0.0,0.0,1.0,0.0,0.0,0.0,0.0,0.0,0.0,0.0,0.0,0.0,0.0,0.0,0.0,0.0,1.1,0.0,0.0,0.0,0.0,0.0,0.0,0.0,0.0,0.0,0.0,0.3,0.7,0.9,8.6,0.2,0.0,0.3,0.0,1.1,0.0,1.7,0.0,0.1,0.1,2.2,0.0,2.2,0.7,0.8,0.0,0.9,0.0,0.0,1.0,1.3,0.0,0.2,0.1,0.3,0.0,0.3,0.0,0.5,0.0,1.4,0.2,0.4,0.0,2.9,0.7,1.2,0.0,0.7,1.1,1.2,0.0
43754_POS_SU,pos,Level 1,Atrazine-desisopropyl,Anthropogenic,Pesticide / biocide,1.4,0.0,0.0,0.0,0.0,0.0,0.0,0.0,0.0,0.0,0.0,0.0,0.0,0.0,0.0,0.0,0.0,0.0,0.0,0.0,0.0,0.0,0.0,0.0,0.0,0.0,0.0,0.0,0.0,0.0,0.0,0.0,0.0,0.0,0.0,0.0,0.0,0.0,0.0,0.0,0.0,0.0,0.0,0.0,0.0,0.0,0.0,0.0,0.0,0.0,0.0,0.0,0.0,0.0,0.0,0.0,0.0,0.0,0.0,0.0,0.0,0.0,0.0,0.0,0.0,0.0,0.0,0.0,0.0,0.0,0.1,0.0,0.0,0.0,0.0,0.0,0.0,0.0,0.0,0.0,0.0,0.0,0.0,0.0,0.0,0.0,0.0,0.0,0.0,0.0,0.0,0.0,0.0,0.0,0.0,0.0,0.0,0.0,0.0,0.0,0.0,0.0,1.0,0.0,0.0,0.0,0.0,0.0,0.0,23.9,0.0,0.0,0.0,0.0,0.0,0.7,0.0,0.0,0.0,0.0,0.0,0.0,0.0,0.0,0.0,0.0,0.0,0.0,0.0,0.0,0.0,0.0,0.0,0.0,0.0,0.0,0.0,0.0,0.0,0.0,0.0,0.0,0.0,0.0,0.0,0.0,0.0,0.0,0.0,0.0,0.0,0.0,0.0,0.0,0.0,0.0,0.0,0.0,0.0,0.0,0.0,0.0,0.0,0.0,0.0,0.0,0.0,0.0,0.0,0.0,0.0,0.0,0.0,0.0,0.0,0.0,0.0,0.0,0.0,0.0,0.0,0.0,0.0,0.0,0.0,0.0,0.0,0.0,0.0,0.0,0.0,0.0,0.0,0.0,0.0,0.9,0.0,0.0,0.0,0.0,0.0,0.0,0.0,0.0,0.0,0.0,0.0,0.0,0.0,0.0,0.0,0.0,0.0,0.0,0.0,0.0,0.0,0.0,0.0,0.0,0.0,0.0,0.0,0.0,0.0,0.0,0.0,0.0,0.0,0.0,0.0,0.0,0.0,0.0,0.0,0.0,0.0,0.0,0.0,0.0,0.0,0.0,0.0,0.0,0.0,0.0,0.0,0.0,0.0,0.0,0.0,0.0,0.0,0.0,0.0,0.0,0.0,0.0,0.0,0.0,0.0,0.0,0.0,0.0,0.0,0.0,0.0,0.0,0.0,0.0,0.0,0.0,0.0,0.0,0.0,0.0,0.0,0.0,0.0,0.0,0.0,0.0,0.0,0.0,0.0,0.0,0.0,0.0,0.0,0.0,0.0,0.0,0.0,0.0,0.0,0.0,0.0,0.0,0.0,0.0,0.0,0.0,0.0,0.0,0.0,0.0,0.0,0.0,0.0,0.0,0.0,0.0,0.0,0.0,0.0,0.0,0.0,0.0,0.0,0.0,0.0,0.0,0.0,0.0,0.0,0.0,0.0,0.0,0.0,0.0,0.0,0.0,0.0,0.0,0.0,0.0,0.0,0.0,0.0,0.0,0.0,0.0,0.0,0.0,0.0,0.0,0.0,0.0,0.0,0.0,0.0,0.0,0.0,0.0,0.0,0.9,0.0,0.0,0.0,0.0,0.0,0.0,0.0,0.0,0.0,0.0,0.0,0.0,0.0,0.0,0.0,0.0,0.0,0.0,0.0,0.0,0.0,0.0,0.0,0.0,0.0,0.0,0.0,0.0,0.0,0.0,0.0,0.0,0.0,0.0,0.0,0.0,0.0,0.0,0.0,0.0,0.0,0.0,0.0,0.0,0.0,0.0,0.0,0.0,0.0,0.0,0.0,0.0,0.0,0.0,0.0,0.0,0.0,0.0,0.0,0.0,0.0,0.0,0.0,0.0,0.0
103723_POS_SU,pos,Level 1,Benzyl butyl phthalate,Anthropogenic,Plasticizer / polymer additive,65.5,0.4,0.3,8.8,4.9,1.1,0.9,3.5,1.8,3.6,0.3,0.6,0.3,11.7,0.2,0.0,0.6,3.2,0.2,15.3,0.0,0.0,0.7,0.9,0.6,1.3,0.5,0.0,0.5,0.3,0.0,4.1,0.0,0.0,0.0,0.5,0.2,0.9,0.0,1.2,0.0,1.6,1.9,0.0,0.0,11.0,10.0,18.9,0.0,16.2,0.0,2.0,0.8,2.2,0.2,1.3,0.0,110.3,0.9,4.1,0.1,4.3,0.1,0.9,0.0,0.1,0.0,1.1,0.0,0.0,0.0,13.5,0.0,2.0,0.0,0.2,0.0,2.6,0.0,12.3,0.0,0.0,0.2,1.9,0.2,4.4,0.0,0.1,0.4,0.1,0.0,1.7,1.5,39.4,2.9,2.5,0.0,0.2,0.3,4.3,0.1,1.7,0.0,0.0,0.0,0.0,0.0,3.0,0.0,0.7,0.0,9.7,0.0,1.8,0.0,3.7,0.2,0.3,0.0,0.0,0.0,0.2,0.0,0.4,0.0,0.3,0.0,0.0,0.0,0.0,0.0,0.0,0.0,2.4,10.8,0.8,0.0,6.9,0.0,0.3,0.0,0.8,0.0,0.0,0.0,2.4,0.0,5.4,0.0,0.4,0.0,0.0,0.0,0.0,0.0,1.0,0.0,0.8,0.0,0.7,0.2,0.0,0.0,0.1,0.3,1.0,0.0,0.0,0.0,3.9,0.3,0.2,0.0,0.5,0.0,0.5,0.0,0.0,0.7,0.0,0.0,11.9,0.0,0.4,0.0,3.7,0.2,1.4,0.4,0.0,0.0,3.2,0.0,0.5,0.0,0.0,0.0,0.1,0.0,1.1,0.2,1.4,0.0,1.7,0.1,0.0,0.0,0.0,0.0,0.0,0.0,0.3,0.0,0.6,0.1,2.8,0.0,75.2,0.0,0.5,0.0,4.8,0.0,0.7,0.0,1.5,0.0,1.5,0.0,0.0,0.0,1.6,0.0,0.0,0.0,0.7,10.6,1.2,1.6,0.0,0.0,5.8,0.6,1.3,3.5,15.3,1.4,4.4,1.3,1.2,0.9,9.5,1.6,8.6,0.1,0.0,0.2,0.6,0.3,0.3,12.3,0.0,0.1,0.7,0.6,0.4,0.0,0.4,0.1,0.2,0.0,1.4,0.0,0.0,0.0,0.1,0.3,0.0,0.0,0.0,0.0,42.5,0.0,0.1,0.0,0.5,0.0,1.1,0.0,0.2,0.0,5.6,0.0,0.0,0.0,0.1,0.0,0.0,0.0,1.9,0.0,2.0,0.0,23.5,0.0,0.6,0.0,186.1,0.3,0.0,0.0,1.1,0.0,3.1,0.0,6.5,0.0,3.1,0.0,0.0,0.0,1.9,3.4,0.9,2.0,1.2,4.8,3.3,0.4,0.3,1.3,0.7,2.1,0.2,0.7,1.3,1.6,4.7,4.6,0.5,1.1,2.9,26.5,0.8,7.3,4.6,2.7,0.8,10.0,5.5,17.4,5.9,6.0,0.7,0.9,1.3,0.8,1.2,2.2,2.2,1.2,1.7,0.1,0.5,2.5,0.9,1.5,1.4,4.8,5.0,4.0,21.6,0.1,20.7,0.6,32.2,1.0,10.7,0.2,26.7,0.1,39.0,0.3,7.5,0.4,38.9,2.7,147.4,11.4,5.2,0.0,11.3,3.6,273.9,2.6,8.7,0.0,0.1,15.9,12.7,0.2,13.6,0.3,17.3,0.0,3.5,0.4,11.1,0.0,301.0,1.6,17.2,0.4,7.1,0.8,16.5,0.1,7.4,20.8,12.2,0.7
100307_POS_SU,pos,Level 1,Bioallethrin,Anthropogenic,Pesticide / biocide,9.3,0.0,0.0,0.0,0.0,0.0,0.0,0.0,0.1,0.0,0.0,0.0,0.0,0.0,0.0,0.0,0.0,0.0,0.0,0.0,0.0,0.0,0.0,0.0,0.0,0.0,0.0,0.0,0.0,0.0,0.0,0.0,0.0,0.0,0.0,0.0,0.0,0.0,0.0,0.0,0.0,0.0,0.0,0.0,0.0,0.0,0.0,0.0,0.0,0.0,0.0,10.1,0.0,0.0,0.0,0.0,0.0,0.0,0.0,0.0,0.0,0.0,0.0,0.0,0.0,0.0,0.0,0.0,0.0,0.2,0.0,0.0,0.0,0.0,0.0,0.0,0.0,0.0,0.0,0.1,0.0,0.0,0.0,0.0,0.0,0.0,0.0,0.0,0.0,0.0,0.0,0.0,0.0,0.0,0.0,0.0,0.0,0.0,0.0,0.7,0.0,0.0,0.0,0.1,0.0,0.0,0.0,0.0,0.0,0.0,0.0,0.1,0.0,0.4,0.0,5.8,0.0,0.0,0.0,0.0,0.0,0.0,0.0,1.1,0.0,0.1,0.0,0.0,0.0,0.0,0.0,0.0,0.0,0.0,0.0,0.6,0.0,0.0,0.0,0.0,0.0,0.1,0.0,0.1,0.0,0.1,0.0,0.5,0.0,0.0,0.0,0.0,0.0,0.2,0.0,0.0,0.0,0.1,0.0,0.0,0.0,2.5,0.1,0.0,0.0,0.0,0.0,0.0,0.0,0.0,0.0,0.7,0.0,0.0,0.0,0.0,0.0,0.0,0.0,0.1,0.0,0.0,0.0,0.0,0.0,0.0,0.0,0.0,0.0,0.0,0.0,0.8,0.0,0.6,0.8,0.0,0.0,0.1,0.4,0.0,0.0,0.0,0.2,0.0,0.0,0.0,0.0,0.0,0.0,0.0,0.0,0.0,0.0,0.0,0.0,0.0,0.0,0.0,0.0,0.0,0.0,0.2,0.0,0.0,0.0,0.0,0.0,0.0,0.0,0.0,0.0,0.0,0.0,0.0,0.0,0.0,0.6,0.0,0.0,0.0,0.0,0.0,0.0,0.0,0.0,0.0,0.0,0.0,0.0,0.0,0.0,0.0,0.0,0.0,0.0,0.0,0.0,0.0,0.0,0.0,0.0,0.0,0.0,0.0,0.0,0.0,0.0,0.0,0.0,0.0,0.0,0.0,0.0,0.1,0.0,0.0,0.0,0.0,0.0,0.0,0.0,0.0,0.0,0.0,0.0,0.0,0.0,0.0,0.0,0.0,0.0,0.0,0.0,0.0,0.0,0.0,0.0,0.0,0.0,0.0,0.0,0.0,0.0,0.0,0.0,0.0,0.0,0.0,0.0,0.0,0.0,0.0,0.0,0.0,0.0,0.0,0.0,0.0,0.0,0.0,0.0,0.0,0.0,0.0,0.0,0.0,0.0,0.0,0.0,0.0,0.0,0.0,0.0,0.0,0.0,0.1,0.0,0.1,1.6,0.0,0.0,0.0,0.0,0.0,0.0,0.7,0.0,0.1,0.0,0.0,0.0,0.0,0.0,0.0,0.0,0.0,0.0,0.0,0.0,0.0,0.0,0.0,0.0,0.0,0.0,0.0,0.0,0.0,0.0,0.1,0.0,0.0,0.0,0.0,0.0,0.0,0.0,0.0,0.0,0.0,0.0,0.0,0.0,0.0,0.0,0.0,0.0,0.0,0.0,0.0,0.0,0.0,0.0,2.6,0.0,0.0,0.0,0.0,11.9,0.0,0.0,0.0,0.0,0.0,0.0,0.0,0.0,0.0,0.0,0.0,0.0,0.0,0.0,0.0,0.0,0.0,0.0,0.0,0.0,0.0,0.0
121205_POS_SU,pos,Level 1,Bis(2-butoxyethyl) phthalate,Anthropogenic,Plasticizer / polymer additive,3.8,0.0,0.0,0.0,0.0,0.0,0.0,0.0,0.0,0.0,0.0,0.0,0.0,0.0,0.0,0.0,0.0,0.0,0.0,0.0,0.0,0.0,0.0,0.0,0.0,0.0,0.0,0.0,0.0,0.2,0.0,0.0,0.0,0.0,0.0,0.0,0.0,0.0,0.0,0.0,0.0,0.0,0.0,0.0,0.0,0.0,0.0,0.1,0.0,0.0,0.0,0.0,0.0,0.0,0.0,0.0,0.0,0.0,0.0,0.0,0.0,0.0,0.0,0.0,0.0,0.0,0.0,0.0,0.0,0.0,0.0,0.0,0.0,0.0,0.0,0.0,0.0,0.0,0.0,0.1,0.0,0.0,0.0,0.0,0.0,0.2,0.0,0.0,0.0,0.0,0.0,0.0,0.0,0.0,0.0,0.1,0.0,0.6,0.0,0.0,0.0,9.1,0.0,0.0,0.0,0.0,0.0,0.0,0.0,0.0,0.0,0.0,0.0,0.0,0.0,0.2,0.0,0.0,0.0,0.0,0.0,0.0,0.0,0.0,0.0,0.0,0.0,0.0,0.0,0.3,0.0,0.0,0.0,0.4,0.0,0.0,0.0,0.0,0.0,0.0,0.0,0.0,0.0,0.0,0.0,1.0,0.0,0.2,0.0,0.0,0.0,0.0,0.0,0.0,0.0,0.0,0.0,0.0,0.0,0.0,0.0,0.0,0.0,0.0,0.0,0.0,0.0,0.0,0.0,0.0,0.0,0.0,0.0,0.0,0.0,0.0,0.0,0.0,0.0,0.0,0.0,0.0,0.0,0.0,0.0,0.0,0.0,0.0,0.0,0.0,0.0,0.0,0.0,0.0,0.0,0.0,0.0,0.0,0.0,0.0,0.0,0.0,0.0,0.0,0.0,0.0,0.0,0.0,0.0,0.0,0.0,0.0,0.0,0.0,0.0,0.0,0.0,0.0,0.0,0.0,0.0,0.0,0.0,0.0,0.0,0.0,0.0,0.0,0.0,0.0,0.0,0.0,0.0,0.0,0.0,0.0,0.0,0.0,0.0,0.0,0.0,0.0,0.0,0.0,0.0,0.0,0.0,0.0,0.0,0.0,0.0,0.0,0.0,0.0,0.0,0.0,0.0,0.0,0.0,0.0,0.0,0.0,0.0,0.0,0.0,0.0,0.0,0.0,0.0,0.0,0.0,0.0,0.0,0.0,0.0,0.0,0.0,0.0,0.0,0.6,0.0,0.0,0.0,0.0,0.0,0.3,0.0,0.0,0.0,0.0,0.0,0.0,0.0,0.0,0.7,0.0,0.0,0.0,0.0,0.0,0.0,0.0,0.0,0.0,0.0,0.0,0.0,0.0,0.0,0.0,0.0,0.0,0.0,0.0,0.0,0.0,0.0,0.0,0.0,0.0,0.0,0.0,0.0,0.0,0.0,0.0,0.0,0.0,0.0,0.0,0.0,0.0,0.0,0.0,0.0,0.0,0.0,0.0,0.0,0.0,0.0,0.0,0.0,0.0,0.0,0.0,0.0,0.0,0.0,0.0,0.0,0.0,0.0,0.0,0.0,0.0,0.6,0.0,0.0,0.0,0.0,0.0,0.0,0.0,0.0,0.0,0.0,0.0,0.0,0.0,0.0,0.0,0.0,0.0,0.0,0.0,0.0,0.0,0.0,0.0,0.0,0.0,0.0,0.0,0.0,0.0,0.0,0.0,0.0,0.0,0.0,0.0,0.0,0.0,0.0,0.0,0.0,0.0,0.0,0.0,0.0,0.0,0.0,0.0,0.0,0.0,0.0,0.0,0.0,0.0,0.0,0.0,0.0,0.0,0.0,0.0,0.0,0.0,0.0,0.0,0.0
52633_POS_SU,pos,Level 1,Carbendazim,Anthropogenic,Pesticide / biocide,20.5,0.0,0.0,0.0,0.0,0.0,0.0,0.0,0.0,0.0,0.0,0.0,0.0,0.0,0.0,0.0,0.0,0.0,0.0,0.0,0.0,0.0,0.0,0.0,0.0,0.0,0.0,0.0,0.0,0.0,0.0,0.0,0.0,0.0,0.0,0.0,0.0,0.0,0.0,0.0,0.0,0.0,0.0,0.0,0.0,0.0,0.0,0.0,0.0,0.0,0.0,0.0,0.0,0.0,0.0,0.3,0.0,0.0,0.0,0.0,0.0,3.6,0.0,0.0,0.0,0.0,0.0,6.3,0.0,7.7,0.0,0.0,0.0,2.6,0.0,0.0,0.0,0.0,0.0,0.0,0.0,0.0,0.0,0.0,0.0,1.8,0.0,0.0,0.0,0.0,0.0,0.0,0.0,1.4,0.7,0.0,0.0,0.0,4.7,0.0,0.0,0.0,0.7,0.0,0.0,0.0,0.0,0.0,0.0,0.0,0.0,0.0,0.0,0.0,3.4,0.0,0.0,0.0,0.0,0.0,0.0,0.1,0.0,0.0,0.0,0.0,0.0,0.0,0.0,0.0,0.0,0.0,0.0,0.0,0.0,0.0,0.0,0.0,0.0,0.0,0.0,0.0,0.0,0.0,0.0,0.0,0.0,0.0,1.9,0.0,0.0,0.0,0.0,0.0,6.3,0.0,0.0,0.0,0.0,0.1,0.0,0.0,0.0,0.0,0.0,0.0,0.4,0.0,0.0,0.0,0.0,0.0,1.3,0.0,3.0,0.0,0.0,0.0,0.0,1.8,0.0,0.0,0.1,6.1,5.9,0.0,0.1,0.0,0.3,0.0,0.0,8.8,2.5,0.0,0.0,0.0,0.0,0.0,2.2,0.0,1.9,0.0,0.0,0.0,0.0,0.0,0.0,0.0,0.0,0.0,0.0,0.0,0.0,1.2,0.0,0.0,0.0,0.0,0.0,3.6,0.0,0.0,0.0,1.3,0.0,1.6,0.0,1.7,0.0,0.0,0.0,0.0,0.0,0.0,0.0,0.0,2.4,0.0,0.0,0.0,0.0,2.8,0.0,0.0,0.0,0.0,0.0,0.0,0.0,0.0,0.0,0.0,0.0,2.1,0.0,0.0,0.0,0.0,0.0,0.0,0.0,0.0,0.0,0.0,0.0,0.0,0.0,0.0,0.0,0.0,0.0,0.0,0.0,0.0,0.0,0.0,0.0,0.0,0.0,0.0,0.4,0.0,0.0,0.0,0.0,0.0,0.0,0.0,0.0,0.0,0.0,0.0,0.0,0.0,1.7,0.0,0.0,0.0,0.0,0.0,0.0,0.0,0.0,0.0,0.0,0.0,0.0,0.0,0.0,0.0,0.0,0.0,0.0,0.0,0.0,0.0,0.0,0.0,0.0,0.0,0.0,0.7,0.0,0.0,2.9,3.4,0.0,0.0,0.4,0.6,0.0,1.6,5.3,2.0,0.0,0.0,0.0,2.2,8.1,0.1,0.0,0.0,0.0,2.9,0.4,2.2,2.1,35.9,0.0,4.2,0.0,0.0,1.5,0.7,0.0,0.0,0.0,4.4,2.2,0.0,0.0,9.4,1.5,2.3,0.0,0.0,1.9,0.0,0.2,0.0,11.3,0.2,0.4,0.0,0.0,0.0,1.1,0.6,33.1,0.0,0.0,0.0,0.0,0.0,0.0,0.0,0.0,0.0,0.0,0.0,0.0,0.0,0.0,0.0,0.0,0.0,0.0,0.0,0.0,0.0,0.0,0.2,0.3,0.2,0.0,0.2,0.0,0.0,0.5,0.1,0.1,0.2,0.0,0.4,0.7,0.5,0.7,1.1,2.9,0.3,0.2
45295_POS_SU,pos,Level 1,Cotinine,Anthropogenic,Metabolite / biomolecule,76.2,0.0,0.0,6.0,2.9,0.0,1.8,0.3,0.5,0.3,0.1,0.1,0.4,0.1,0.0,0.0,0.3,0.2,0.1,0.4,0.2,0.0,0.0,0.7,0.0,3.9,0.5,0.7,8.1,16.4,32.4,0.1,0.0,0.0,0.1,0.8,3.3,0.3,0.0,3.3,8.8,0.3,6.6,0.2,0.0,3.9,3.9,1.1,0.1,9.6,0.6,0.2,0.0,3.0,4.2,0.5,0.2,0.2,0.4,0.0,0.5,0.3,0.0,0.0,2.1,0.0,0.5,4.1,0.1,0.0,0.0,0.4,0.0,2.0,0.1,0.1,0.0,0.0,0.5,14.1,0.7,0.4,0.4,4.2,1.1,0.1,0.0,0.6,1.2,0.6,0.1,1.3,2.2,0.1,0.2,0.0,0.0,0.8,1.8,0.5,0.4,2.7,3.5,41.1,14.6,1.8,0.0,0.3,1.4,3.6,0.1,0.7,0.5,99.7,0.8,13.4,0.8,30.6,1.9,0.1,1.2,4.0,1.3,0.1,0.2,442.7,2.3,0.7,0.5,23.9,0.2,0.1,0.9,44.8,0.4,0.7,0.6,2.5,4.3,1.1,4.4,15.0,0.5,0.6,0.9,0.4,0.6,2.4,1.8,0.8,0.6,0.0,0.3,32.1,1.9,0.3,8.2,0.8,3.2,0.1,5.1,0.5,0.3,0.3,0.9,0.9,1.8,0.0,1.0,0.0,0.0,6.1,0.5,0.0,0.2,37.8,21.2,0.1,0.0,0.5,1.7,2.9,1.0,0.5,0.4,10.9,42.8,0.3,7.8,0.3,0.2,1.4,0.9,1.3,2.6,0.5,1.9,1.6,3.0,2.0,1.6,0.2,59.4,0.8,0.0,0.0,0.0,0.0,0.0,0.0,0.0,0.2,0.3,0.0,0.0,5.2,18.3,0.6,0.0,0.8,0.2,22.5,7.8,0.0,0.0,6.5,0.0,5.1,0.1,0.1,1.7,1.7,13.8,0.0,1.2,11.0,3.7,3.1,4.9,0.0,0.1,1.1,0.1,0.6,0.6,39.5,10.3,2.6,0.6,0.0,0.5,2.8,3.3,3.4,7.7,1.4,0.0,1.3,4.0,4.5,0.3,2.0,0.3,3.3,0.4,13.1,31.4,2.1,1.9,1.6,3.1,0.0,0.0,0.0,0.0,0.0,0.1,0.5,0.6,0.0,0.0,0.0,1.4,0.4,0.0,34.4,0.1,7.4,4.2,3.8,1.4,0.4,2.6,0.0,1.4,0.0,0.0,6.0,0.1,17.9,0.1,0.0,0.0,2.6,0.3,2.4,0.0,0.0,0.2,0.0,0.0,8.5,0.2,0.0,0.1,0.0,0.0,0.3,0.2,4.6,0.0,4.8,3.2,10.9,2.9,4.3,6.5,5.6,4.9,8.0,20.1,0.6,0.1,7.1,5.1,15.6,4.4,0.7,0.8,1.6,2.4,2.3,2.7,5.7,3.4,5.6,2.4,1.6,1.2,6.4,3.7,1.0,1.8,7.7,2.7,4.9,2.0,2.8,12.6,4.6,4.7,3.3,2.1,1.2,39.5,3.7,4.0,0.5,3.5,3.6,1.1,12.8,0.2,0.4,0.0,1.4,0.0,4.5,0.0,0.0,0.0,1.0,0.0,0.3,0.0,2.6,0.0,87.2,2.8,0.3,0.0,2.4,0.4,13.7,0.1,0.0,0.0,0.0,0.0,0.3,0.0,0.0,0.0,0.3,0.0,0.0,0.0,0.0,0.0,0.0,0.0,0.0,0.0,0.3,0.0,0.3,0.0,0.2,0.4,0.0,0.0
77439_POS_SU,pos,Level 1,Cyanazine,Anthropogenic,Pesticide / biocide,5.5,0.0,0.0,0.0,0.0,0.0,0.0,0.0,0.0,0.0,0.0,0.0,0.0,0.0,0.0,0.0,0.0,0.0,0.0,0.0,0.0,0.0,0.0,0.0,0.0,0.0,0.0,0.0,0.0,0.0,0.0,0.0,0.0,0.0,0.0,0.0,0.0,0.0,0.0,0.0,0.0,0.0,0.0,0.0,0.0,0.0,0.0,0.0,0.0,0.0,0.0,0.0,0.0,0.0,0.0,0.0,0.0,0.0,0.0,0.0,0.0,0.0,0.0,0.0,0.0,0.0,0.0,0.0,0.0,0.0,0.0,0.0,0.0,0.0,0.0,0.0,0.0,0.0,0.0,0.0,0.0,0.0,0.0,0.0,0.0,0.0,0.0,0.0,0.0,0.0,0.0,0.0,0.0,0.0,0.0,0.0,0.0,0.0,0.0,0.0,0.0,0.0,0.0,0.0,0.0,0.0,0.0,0.0,0.0,0.0,0.0,0.0,0.0,0.0,0.0,0.0,0.0,0.0,0.0,0.0,0.0,0.0,0.0,0.0,0.0,0.2,0.0,0.0,0.0,0.0,0.0,0.0,0.0,0.0,0.0,0.0,0.0,0.0,0.0,0.0,0.0,0.0,0.0,0.0,0.0,0.0,0.0,0.0,0.0,0.0,0.0,0.1,0.0,0.0,0.0,0.0,0.7,0.0,0.0,0.0,0.1,0.1,2.0,0.0,0.0,0.0,0.1,0.3,0.1,0.0,0.4,5.3,0.0,0.0,0.1,0.0,0.0,0.0,0.0,0.0,0.0,0.0,0.3,0.0,0.0,0.1,0.0,0.1,0.0,0.1,0.1,0.0,0.0,0.4,0.0,0.0,0.0,0.0,0.1,0.0,0.0,0.0,0.0,0.1,0.1,0.0,0.0,0.0,0.0,0.0,0.0,0.0,0.0,0.0,0.0,0.0,0.0,0.0,0.0,0.0,0.0,0.0,0.0,0.0,0.0,0.0,0.0,0.0,0.0,0.0,0.0,0.0,0.0,0.0,0.0,0.0,0.0,0.0,0.0,0.0,0.0,0.0,0.0,0.0,0.0,0.0,0.0,0.0,0.0,0.0,0.0,0.0,0.0,0.0,0.0,0.0,0.0,0.0,0.0,0.0,0.0,0.0,0.0,0.0,0.0,0.0,0.0,0.0,0.0,0.0,0.0,0.0,0.0,0.0,0.0,0.0,0.0,0.0,0.0,0.0,0.0,0.0,0.0,0.0,0.0,0.0,0.0,0.0,0.0,0.0,0.0,0.0,0.0,0.0,0.0,0.0,0.0,0.0,0.0,0.0,0.0,0.0,0.0,0.0,0.0,0.0,0.0,0.0,0.0,0.0,0.0,0.0,0.0,0.0,0.0,0.0,0.0,0.0,0.0,0.0,0.0,0.0,0.0,0.0,0.0,0.0,0.0,0.0,0.0,0.0,0.0,0.0,0.0,0.0,0.0,0.0,0.0,0.0,0.0,0.0,0.0,0.0,0.0,0.0,0.0,0.0,0.0,0.6,0.0,0.0,0.0,0.0,0.0,0.0,0.0,0.0,0.0,0.0,0.0,0.0,0.0,0.0,0.0,0.0,0.0,0.0,0.0,0.0,0.0,0.0,0.0,0.0,0.0,0.0,0.0,0.0,0.0,0.0,0.0,0.0,0.0,0.0,0.0,0.0,0.0,0.0,0.0,0.0,0.0,0.0,0.0,0.0,0.0,0.0,0.0,0.0,0.0,0.0,0.0,0.0,0.0,0.0,0.0,0.0,0.0,0.0,0.0,0.0,0.0,0.0,0.0,0.0,0.0,0.0,0.0,0.0,0.0,0.0,0.1,0.0,0.0
52746_POS_SU,pos,Level 1,DEET,Anthropogenic,Pesticide / biocide,66.7,3.8,0.0,51.9,0.5,1.5,0.0,24.5,0.0,0.7,0.0,25.2,0.2,5.6,0.0,35.1,0.0,7.9,0.0,6.8,0.0,0.0,0.0,1.5,0.0,7.1,0.0,1.2,0.0,5.9,0.0,9.7,0.0,2.0,0.0,5.7,0.3,9.8,0.0,0.0,0.2,4.9,0.0,3.9,0.0,14.0,2.4,1.3,0.0,11.1,0.0,52.0,0.2,7.6,0.4,6.3,0.0,7.8,2.0,1.7,0.2,7.6,0.2,6.7,0.1,0.6,0.0,1.3,0.0,1.8,0.0,4.0,0.0,0.8,0.0,0.3,0.0,4.1,0.0,85.9,0.0,2.2,0.0,0.0,0.0,2.4,0.0,53.1,0.7,1.7,0.0,3.2,0.2,0.0,0.0,2.6,0.0,13.4,1.3,2.0,0.1,0.0,0.0,1.2,0.0,1.4,0.0,0.0,0.0,1.2,0.0,3.2,0.0,1.2,0.0,0.2,0.0,0.5,0.0,0.0,0.0,0.6,0.0,0.0,0.0,3.3,0.0,2.4,0.0,0.1,0.0,0.3,0.0,11.6,1.2,0.1,0.0,0.0,0.0,0.0,0.0,0.2,0.0,2.0,0.0,1.9,0.0,3.4,0.0,1.4,0.0,22.3,0.0,11.4,1.8,1.0,0.2,6.4,0.0,0.0,0.2,15.9,0.0,8.7,0.1,5.9,0.0,1.3,0.7,4.8,0.0,6.0,0.2,83.8,1.7,8.2,0.9,1.1,0.0,8.2,0.3,9.4,0.9,8.4,0.2,26.1,1.1,63.7,20.8,23.6,0.9,18.5,1.6,18.8,0.4,11.3,1.5,3.1,3.4,28.7,6.8,31.1,14.8,1.3,3.7,6.3,0.0,0.0,0.0,0.0,0.0,5.8,0.0,1.8,0.0,1.1,0.0,0.4,0.0,13.1,0.4,22.7,0.0,0.7,0.0,0.2,0.0,16.3,0.0,2.5,0.0,49.8,2.6,0.0,0.0,0.0,2.9,1.8,0.0,10.2,0.0,5.0,0.0,0.9,0.0,5.7,0.0,0.6,0.0,0.1,0.0,0.2,0.0,2.3,0.0,0.0,0.0,18.6,0.0,0.9,0.0,1.3,0.0,1.0,0.0,0.1,0.0,1.7,0.0,0.5,0.0,0.6,0.0,2.9,0.0,15.8,7.8,1.2,0.0,7.6,0.0,2.7,0.0,1.9,0.0,9.4,0.0,20.0,1.0,11.8,0.1,4.4,0.0,21.2,1.9,141.9,0.9,13.0,0.0,10.4,0.8,34.0,0.0,12.6,0.0,17.2,0.0,16.4,0.0,4.2,0.0,8.2,0.0,24.9,0.0,42.4,0.0,1.3,0.0,0.8,0.0,15.4,41.9,1.3,3.1,0.8,19.6,1.4,3.4,0.7,1.2,0.2,7.6,0.4,1.3,0.9,4.2,0.6,8.3,1.5,18.2,1.7,7.6,1.0,7.0,3.0,26.2,1.3,2.3,1.9,25.7,2.5,25.6,7.3,71.9,4.4,22.8,2.9,5.5,5.6,4.8,3.4,32.7,1.0,16.4,0.7,0.8,1.1,7.1,10.1,9.6,197.4,0.6,22.4,1.7,226.5,6.8,249.1,1.2,25.3,0.5,112.5,0.8,16.0,0.7,255.1,5.5,1.0,0.2,9.0,0.6,150.2,38.1,3.8,0.0,17.7,0.0,0.1,4.3,5.7,0.0,1.5,0.0,23.2,0.0,24.2,0.1,29.5,0.0,86.7,0.3,4.3,0.0,5.7,0.0,13.8,0.0,1.6,0.3,24.0,0.0
73034_POS_SU,pos,Level 1,Dehydrocostus lactone,Natural,"Natural product – plant/fungal metabolites, terpenes, flavonoids, alkaloids, etc.",43.1,0.0,0.0,0.0,0.0,0.0,0.2,0.1,0.4,425.9,0.0,0.0,0.0,0.2,0.0,0.0,0.1,0.0,0.0,0.1,0.0,0.0,0.5,0.0,0.0,0.0,0.0,0.0,2.2,0.0,0.5,0.0,0.0,0.5,0.1,0.0,0.0,0.0,0.0,0.0,0.0,0.0,0.1,0.0,0.0,0.0,0.0,0.0,0.0,0.0,0.0,0.1,0.2,0.8,0.3,2.3,0.2,0.3,0.0,0.6,1.8,0.5,1.4,0.0,0.4,0.0,0.0,2.5,0.5,0.2,0.3,0.6,0.5,0.1,1.3,0.0,0.0,0.8,4.6,4.7,0.2,1.0,0.6,0.0,1.1,0.4,0.3,0.4,1.5,0.0,0.3,0.0,1.9,0.7,1.8,0.7,0.6,0.2,0.0,1.0,0.5,0.8,0.4,0.2,1.1,0.2,0.0,0.0,0.0,0.6,0.0,1.0,0.0,1.5,0.0,0.3,0.4,0.0,0.5,0.3,1.8,0.1,1.2,0.0,0.0,1.4,0.2,0.0,0.3,0.1,0.0,0.2,0.4,1.0,0.0,2.2,0.5,0.0,1.0,0.0,1.8,0.3,0.0,0.4,0.2,0.0,0.7,2.2,1.4,0.0,0.5,0.0,0.1,1.4,1.8,0.0,0.2,1.6,0.3,0.0,0.4,6.5,3.0,0.2,0.4,0.0,0.0,1.6,0.0,0.0,0.0,8.3,0.0,0.0,0.0,0.0,0.2,1.3,0.0,1.6,0.0,0.7,0.0,2.3,0.1,0.0,0.0,0.0,0.1,0.0,1.1,3.3,0.9,2.2,11.8,1.5,0.0,3.2,2.6,0.6,0.7,0.0,1.1,0.0,0.0,0.0,0.0,0.0,0.0,0.0,0.0,0.0,0.2,0.0,0.3,0.6,0.0,0.0,0.0,0.0,0.0,0.7,0.0,0.0,0.5,0.0,0.0,0.1,0.0,0.0,0.2,0.6,0.1,0.0,0.0,0.8,0.0,0.0,1.4,0.0,0.1,0.0,0.7,0.0,0.8,0.0,0.1,0.0,0.2,0.0,0.1,0.0,0.0,0.1,0.6,0.0,0.1,0.0,0.0,0.0,0.0,0.0,0.0,0.3,0.5,0.0,0.0,0.0,0.0,0.0,0.0,0.0,0.0,2.1,0.0,0.0,0.0,0.0,0.0,0.0,0.0,0.0,1.1,0.0,0.0,0.0,0.0,0.1,0.0,0.0,1.0,0.0,0.0,0.0,1.0,0.0,0.3,0.0,0.0,0.5,0.0,0.0,0.0,0.0,0.0,0.7,0.0,0.0,0.0,0.0,0.0,0.0,0.0,0.2,0.2,0.4,0.0,0.0,0.1,0.0,0.0,0.6,0.0,0.2,0.0,1.0,0.6,0.7,0.0,0.7,0.1,0.0,0.0,0.5,0.2,1.0,0.0,2.1,3.2,0.3,1.9,0.7,0.3,0.1,0.0,3.7,0.2,1.9,0.0,0.0,0.0,0.0,0.1,1.8,0.0,0.6,0.0,1.1,0.0,0.4,0.0,0.6,0.6,0.0,0.0,0.4,0.0,0.5,0.0,0.8,0.0,0.0,0.0,0.0,0.0,0.0,0.0,0.0,0.0,0.0,0.0,0.0,0.0,0.0,0.0,0.0,0.0,0.0,0.0,0.0,0.0,0.0,0.0,0.0,0.0,0.0,0.0,0.0,0.0,0.0,0.0,0.0,0.0,0.0,0.0,0.0,0.0,0.0,0.0,0.0,0.0,0.0,0.0,0.0,0.0,0.0,0.0,0.0,0.0,0.0,0.0
127919_POS_SU,pos,Level 1,Di-2-ethylhexyl phthalate,Anthropogenic,Plasticizer / polymer additive,26.9,0.0,32.1,228.8,0.0,408.4,1406.4,0.0,403.7,0.0,0.0,0.0,0.0,2051.2,90.9,0.0,11.0,0.0,449.6,0.0,0.0,0.0,0.0,68.5,0.0,0.0,0.0,0.0,0.0,1135.5,218.4,0.8,0.0,253.0,0.0,0.0,0.0,0.0,0.0,0.0,0.0,0.0,543.3,0.0,0.0,256.7,678.5,221.1,13.2,0.0,0.0,1146.1,824.3,7220.2,258.2,2353.6,1877.7,848.4,4909.3,0.0,1689.8,2961.5,0.0,33.9,0.0,1115.2,0.0,0.0,0.0,0.0,0.0,7630.9,126.0,0.0,0.0,0.0,0.0,0.0,0.0,1637.4,4.4,0.0,921.3,50523.6,980.3,0.0,0.0,0.0,1899.5,117.6,0.0,7340.5,2082.0,177.9,4257.9,3012.5,502.6,248.6,1508.4,0.0,1500.3,7318.7,0.0,0.0,0.0,0.0,0.0,9335.8,0.0,61.1,0.0,186.4,0.0,0.0,0.0,0.0,0.0,0.0,0.0,0.0,0.0,39.5,366.1,0.0,0.0,0.0,0.0,0.0,0.0,0.0,0.0,995.8,185.0,0.0,0.0,35.7,8.7,45.5,0.0,0.0,1348.8,81.4,0.0,0.0,0.0,185.1,0.0,995.4,1844.2,0.0,0.0,110.1,0.0,0.0,0.0,0.0,0.0,0.0,0.0,0.0,0.0,0.0,0.0,0.0,0.0,0.0,0.0,0.0,0.0,0.0,0.0,0.0,0.0,0.0,0.0,135.0,0.0,0.0,0.0,0.0,0.0,210.8,0.0,2858.5,43.8,0.0,0.0,40.5,0.0,0.0,381.7,49.0,0.0,0.0,0.0,0.0,72.2,0.0,0.0,853.7,0.0,0.0,0.0,0.0,0.0,59.7,0.0,0.0,0.0,0.0,0.0,0.0,0.0,0.0,0.0,0.0,0.0,401.5,0.0,0.0,0.0,636.1,0.0,0.0,0.0,0.0,0.0,0.0,0.0,0.0,0.0,0.0,0.0,0.0,0.0,0.0,0.0,0.0,110.2,0.0,0.0,0.0,0.0,0.0,0.0,16.5,0.0,0.0,0.0,0.0,0.0,12.5,0.0,22.0,0.0,0.0,0.0,0.0,0.0,0.0,0.0,0.0,0.0,0.0,164.8,75.3,0.0,0.0,0.0,0.0,0.0,0.0,0.0,0.0,0.0,0.0,0.0,0.0,0.0,0.0,0.0,0.0,0.0,0.0,0.0,2875.0,116.4,82.1,0.0,0.0,0.0,0.0,0.0,0.0,0.0,0.0,0.0,0.0,0.0,3768.5,0.0,0.0,0.0,0.0,0.0,0.0,0.0,46.0,0.0,0.0,0.0,0.0,0.0,716.5,0.0,0.0,0.0,0.0,0.0,0.0,0.0,395.2,384.2,0.0,0.0,0.0,0.0,0.0,125.2,0.0,57.7,0.0,0.0,0.0,159.4,0.0,485.1,0.0,0.0,0.0,0.0,0.0,974.5,0.0,0.0,0.0,0.0,0.0,0.0,1956.2,40.6,0.0,116.0,298.8,20.6,645.2,0.0,0.0,0.0,0.0,310.0,459.1,0.0,0.0,0.0,0.0,0.0,0.0,0.0,0.0,69.9,0.0,0.0,0.0,0.0,0.0,0.0,0.0,0.0,0.0,0.0,19.6,0.0,0.0,0.0,28.9,0.0,0.0,0.0,0.0,0.0,0.0,0.0,755.1,0.0,0.0,0.0,0.0,0.0,0.0,0.0,50.4,0.0,53.1,0.0,178.1,0.0,0.0,0.0,0.0,0.0,0.0,775.1,0.0,0.0,0.0,0.0,0.0,0.0,0.0,0.0
77054_POS_SU,pos,Level 1,Di-o-tolylguanidine,Anthropogenic,Industrial chemical,11.7,0.0,0.0,0.0,0.0,0.0,0.0,0.0,0.0,0.0,0.0,0.0,0.0,0.0,0.0,0.0,0.0,0.0,0.0,0.0,0.0,0.0,0.0,0.0,0.0,0.0,0.0,0.0,0.0,0.0,0.0,0.0,0.0,0.0,0.0,0.0,0.0,0.0,0.0,0.0,0.0,0.0,0.0,0.0,0.0,0.0,0.0,0.0,0.0,0.0,0.0,0.0,0.0,0.0,0.0,0.0,0.0,0.0,0.0,0.0,0.0,0.0,0.0,0.0,0.0,0.0,0.0,0.0,0.0,0.0,0.0,0.0,0.0,7.6,0.0,0.0,0.0,0.0,0.0,63.4,0.0,0.0,0.0,0.0,0.0,0.0,0.0,0.0,3.3,0.0,0.0,0.0,0.0,6.7,1.0,14.5,0.0,0.0,0.0,0.0,0.0,0.0,0.0,4.5,0.0,0.0,0.0,0.0,0.0,0.0,0.0,24.7,0.0,0.0,0.0,6.7,0.7,0.0,0.0,0.0,0.0,0.0,0.0,5.0,0.0,0.0,0.0,0.0,0.0,0.1,0.0,0.0,0.0,6.7,0.0,0.0,0.0,0.0,0.0,0.0,0.0,0.0,0.0,0.0,0.0,0.0,0.0,0.0,0.0,1.7,96.6,0.0,0.0,0.0,35.0,0.0,0.0,57.1,0.0,18.9,0.0,0.0,0.0,0.0,0.0,13.9,7.3,0.0,0.0,0.0,0.0,0.0,18.3,0.0,6.6,0.0,0.0,0.0,0.0,0.0,0.0,0.0,3.5,0.0,72.0,0.0,7.1,0.0,41.3,0.0,0.0,0.0,0.0,0.0,0.0,0.0,0.0,0.0,0.0,0.0,0.0,0.0,1.9,0.0,0.0,0.0,0.0,0.0,0.0,0.0,0.0,0.0,0.0,0.0,0.0,0.0,0.0,0.0,0.0,0.0,0.0,0.0,0.0,0.0,0.0,0.0,0.0,0.0,0.0,0.0,0.0,0.0,0.0,0.0,0.0,0.0,0.0,0.0,0.0,0.0,0.0,0.0,0.0,0.0,0.0,0.0,0.0,0.0,0.0,0.0,0.0,0.0,0.0,0.0,0.0,0.0,0.0,0.0,0.0,0.0,0.0,0.0,0.0,0.0,0.0,0.0,0.0,0.0,1.9,0.0,0.0,0.0,0.0,0.0,0.1,0.0,0.0,0.0,0.0,0.0,0.0,0.0,0.0,0.0,0.0,0.0,0.0,0.0,0.0,0.0,0.0,0.0,0.0,0.0,23.4,0.0,0.0,0.0,0.0,0.0,0.0,0.0,0.0,0.0,0.0,0.0,0.0,0.0,0.0,0.0,0.0,0.0,0.0,0.0,0.0,0.0,0.0,0.0,0.0,0.0,0.0,0.0,5.6,0.0,0.0,5.2,0.0,0.0,0.0,0.0,0.0,1.9,3.0,1.4,0.0,0.0,0.0,12.3,65.9,0.0,0.0,0.0,0.0,5.5,0.0,0.0,0.0,767.0,0.0,6.2,0.0,0.0,15.3,0.0,10.0,0.0,0.0,23.6,2.7,0.0,0.0,0.0,0.1,0.0,0.0,0.0,1.3,0.0,0.0,0.0,0.5,0.0,0.0,0.0,0.0,0.0,0.0,0.0,12.3,0.0,0.0,0.0,0.0,0.0,0.0,0.0,0.0,0.0,0.0,0.0,0.0,0.0,0.0,0.0,0.0,0.0,7.8,0.0,0.0,0.0,0.0,0.0,0.0,0.0,0.0,0.0,0.0,0.0,0.0,0.0,0.0,0.0,0.0,0.0,0.0,0.0,0.0,0.0,0.0,0.0,0.0
81733_POS_SU,pos,Level 1,Di-tert-butyl-4-nitrophenol,Anthropogenic,Redox / antioxidant,50.5,0.7,0.0,0.9,0.0,1.5,0.0,8.4,0.0,2.8,0.0,1.4,0.0,1.9,0.0,1.2,0.0,2.9,0.0,5.1,0.0,0.0,0.0,2.0,0.0,4.0,0.0,0.4,0.0,10.6,0.0,4.0,0.0,1.2,0.0,1.6,0.0,3.2,0.0,2.7,0.0,1.3,0.0,0.8,0.0,0.5,0.0,0.3,0.0,0.7,0.0,1.0,0.0,1.9,0.0,2.3,0.0,1.5,0.0,0.4,0.0,2.0,0.0,1.2,0.0,0.2,0.0,1.1,0.0,1.8,0.0,2.7,0.0,1.6,0.0,0.9,0.0,0.4,0.0,3.5,0.0,2.4,0.0,0.7,0.0,1.8,0.0,1.8,0.0,0.6,0.0,0.6,0.0,2.8,0.0,2.0,0.0,1.4,0.0,12.7,0.0,2.4,0.0,1.3,0.0,7.3,0.0,0.1,0.0,4.3,0.0,5.1,0.0,4.9,0.0,4.3,0.0,1.3,0.0,0.7,0.0,2.9,0.0,1.9,0.0,8.1,0.0,1.9,0.0,4.7,0.0,0.5,0.0,10.7,2.2,8.8,0.0,1.9,0.0,0.8,0.0,1.3,0.0,1.8,0.0,1.8,0.0,7.4,0.0,2.6,0.0,0.2,0.0,2.5,0.0,0.3,0.0,1.1,0.0,0.5,0.0,2.2,0.0,2.5,0.0,1.7,0.0,0.4,0.0,0.8,0.0,6.5,0.0,1.4,0.0,1.4,0.0,0.5,0.0,2.1,0.0,3.4,0.0,4.4,0.0,1.1,0.0,1.8,0.0,1.1,0.0,3.2,0.0,1.1,0.1,3.6,0.0,11.0,0.1,1.4,0.0,0.6,1.7,0.7,0.5,0.9,0.0,0.0,0.0,0.0,0.0,1.6,0.0,1.2,0.0,1.4,0.0,2.7,0.0,0.7,0.0,2.7,0.0,1.7,0.0,0.5,0.0,0.7,0.0,0.7,0.0,1.9,0.0,0.0,0.0,0.0,1.6,1.2,0.0,1.0,0.0,1.8,0.0,0.7,0.0,1.0,0.0,1.8,0.0,0.6,0.0,1.4,0.0,1.5,0.0,0.2,0.0,1.0,0.0,0.4,0.0,0.4,0.0,1.6,0.0,1.0,0.0,1.7,0.0,0.1,0.0,0.5,0.0,2.5,0.0,1.2,0.7,0.2,0.0,6.2,0.0,6.7,0.0,1.4,0.0,0.4,0.0,6.6,0.2,1.5,0.0,2.8,0.0,1.1,0.0,2.4,0.0,1.2,0.0,3.4,0.0,1.3,0.0,0.8,0.0,1.1,0.0,1.5,0.0,2.7,0.0,1.5,0.0,3.2,0.0,1.2,0.0,0.6,0.0,0.7,0.0,0.0,1.5,0.0,1.6,0.0,0.5,0.0,1.3,0.0,4.2,0.0,2.6,0.0,1.6,0.0,3.7,0.0,6.4,0.0,0.2,0.0,1.4,0.0,0.4,0.0,1.3,0.0,1.0,0.0,2.4,0.0,2.1,0.0,1.9,0.0,3.2,0.0,0.6,0.0,1.1,0.0,0.4,0.0,1.4,0.0,1.6,0.0,4.3,0.0,0.1,0.9,0.0,0.4,0.0,0.8,0.0,1.4,0.0,0.0,0.0,3.5,0.0,0.2,0.0,1.3,0.0,1.7,0.0,0.3,0.0,1.4,0.0,2.4,0.0,0.7,0.0,0.0,2.1,1.1,0.0,0.7,0.0,1.6,0.0,0.7,0.0,0.8,0.0,1.3,0.0,0.7,0.0,0.8,0.0,0.7,0.0,0.7,0.0,3.9,0.0
92782_POS_SU,pos,Level 1,Di(2-methoxyethyl) phthalate,Anthropogenic,Plasticizer / polymer additive,13.8,0.0,0.0,0.0,0.0,0.0,0.0,0.0,0.0,0.0,0.0,0.0,0.0,0.4,0.0,0.0,0.0,0.1,0.0,0.0,0.0,0.0,0.0,0.0,0.0,0.0,0.0,0.0,0.0,0.0,0.0,0.1,0.0,0.0,0.0,0.0,0.0,0.0,0.0,0.0,0.0,0.1,0.0,0.0,0.0,0.1,0.0,2.4,0.0,0.0,0.0,0.1,0.0,0.0,0.0,0.0,0.0,0.0,0.0,0.0,0.0,0.0,0.0,0.0,0.0,0.0,0.0,0.0,0.0,0.0,0.0,0.0,0.0,0.0,0.0,0.0,0.0,0.0,0.0,0.1,0.0,0.0,0.0,0.0,0.0,0.0,0.0,0.0,0.0,0.0,0.0,0.0,0.0,0.0,0.0,0.4,0.0,0.0,0.0,0.3,0.0,0.2,0.0,0.0,0.0,0.0,0.0,0.0,0.0,0.0,0.0,0.1,0.0,0.0,0.0,0.0,0.0,0.0,0.0,0.0,0.0,0.0,0.0,0.0,0.0,0.0,0.0,0.0,0.0,0.1,0.0,0.0,0.0,0.0,0.0,0.0,0.0,0.0,0.0,0.0,0.0,0.0,0.0,0.0,0.0,0.0,0.0,0.0,0.0,0.0,0.0,0.0,0.0,0.0,0.0,0.0,0.0,0.0,0.1,0.0,0.0,0.0,0.0,0.0,0.0,0.0,0.0,0.0,0.0,0.0,0.0,0.1,0.0,0.0,0.0,0.0,0.0,0.0,0.0,0.0,0.0,0.0,0.0,0.0,0.0,0.0,0.0,0.0,0.0,0.0,0.0,0.1,0.0,0.1,0.0,0.0,0.0,0.0,0.0,0.1,0.0,0.0,0.0,0.0,0.0,0.0,0.0,0.0,0.0,0.0,0.0,0.0,0.0,0.1,0.0,0.0,0.0,0.0,0.0,0.1,0.0,0.1,0.0,0.0,0.0,0.0,0.0,0.0,0.0,0.0,0.0,0.0,0.0,0.0,0.0,0.0,0.0,0.0,0.0,0.0,0.0,0.0,0.0,0.0,0.1,0.0,0.0,0.0,0.0,0.0,0.0,0.0,0.0,0.0,0.0,0.1,0.0,0.0,0.0,0.0,0.0,0.0,0.0,0.0,0.0,0.2,0.1,0.0,0.0,0.0,0.0,0.0,0.0,0.0,0.0,0.1,0.0,0.0,0.0,0.0,0.0,0.0,0.0,0.0,0.0,0.0,0.0,0.0,0.0,0.0,0.0,0.0,0.0,0.0,0.4,0.0,0.0,0.0,0.0,0.0,0.0,0.0,0.0,0.0,0.0,0.0,0.0,0.0,0.0,0.0,0.0,0.0,0.0,0.0,0.0,0.0,0.0,0.0,0.0,0.0,0.0,0.0,0.2,0.0,0.0,0.0,0.1,0.0,0.0,0.0,0.0,0.0,0.1,0.0,0.0,0.0,0.0,0.0,0.1,0.0,0.1,0.0,0.1,0.0,0.1,0.0,0.0,0.0,0.0,0.0,0.0,0.0,0.0,0.0,0.0,0.0,0.0,0.0,0.0,0.0,0.0,0.0,0.0,0.0,0.0,0.0,0.0,0.0,0.0,0.0,0.0,0.0,0.0,0.1,0.1,0.8,0.2,0.0,0.2,0.1,0.2,0.0,0.0,0.0,0.1,0.0,0.2,0.0,0.2,0.0,0.3,0.9,0.1,0.2,0.0,0.0,0.1,0.0,0.0,0.0,0.0,0.0,0.1,0.1,0.1,0.0,0.0,0.0,0.1,0.0,0.1,0.0,0.0,0.0,0.1,6.5,0.0,0.1,0.0,0.5,0.0
84344_POS_SU,pos,Level 1,Dibutyl adipate,Anthropogenic,Plasticizer / polymer additive,73.1,190.4,0.0,325.0,0.0,18.3,0.0,818.3,0.0,57.3,0.0,56.8,0.0,854.6,0.0,80.0,0.0,580.6,0.0,193.1,0.0,0.0,0.0,70.2,0.0,38.6,0.0,79.6,0.0,235.1,0.0,67.7,0.0,625.1,0.0,40.5,0.0,570.3,0.0,442.7,0.0,141.1,1.9,214.4,0.0,134.5,3.3,159.5,0.0,289.9,20.5,388.4,3.6,191.7,25.1,281.0,27.3,1082.6,190.0,379.1,43.5,316.2,6.0,1847.7,127.4,956.9,36.8,1739.7,7.4,151.1,0.0,107.8,7.7,533.2,4.9,747.5,1.8,60.4,2.4,801.2,11.1,636.4,14.7,340.7,8.0,83.4,0.0,1058.7,42.6,459.7,1.5,1174.9,65.7,11.6,1.7,786.6,0.2,1232.8,143.4,631.2,14.2,273.9,0.0,42.2,0.0,738.9,0.0,17.1,0.0,73.0,0.0,797.2,0.0,168.5,0.0,116.4,2.4,100.1,0.0,15.1,0.0,62.6,0.0,2.0,0.0,37.0,0.0,4.8,0.0,182.8,0.0,3.0,0.0,361.5,13.4,148.2,0.0,152.8,0.0,146.6,0.0,169.2,0.0,63.0,0.0,71.1,0.0,1074.7,1.6,19.2,0.0,33.7,0.0,18.6,0.2,28.3,0.0,26.5,0.0,155.7,2.0,94.5,0.0,3.3,0.0,129.6,0.0,6.9,0.0,10.5,0.0,749.5,0.4,124.0,14.7,266.0,0.5,49.1,0.0,178.7,5.2,53.8,6.9,5.4,1.5,70.1,0.0,10.9,2.3,21.3,3.8,8.3,3.2,36.6,12.3,44.7,1.0,17.0,0.6,381.3,46.3,53.3,10.1,35.2,19.5,157.5,0.0,0.0,0.0,0.0,0.0,33.2,0.0,39.5,0.0,76.1,2.0,30.5,0.0,45.2,0.0,223.3,3.3,26.8,0.0,22.6,0.0,201.6,0.0,3.9,0.0,141.0,4.4,0.0,10.8,0.0,225.1,145.8,1.8,83.1,0.0,114.5,0.0,189.8,0.0,103.3,1.9,179.1,0.1,176.3,8.0,211.3,1.6,20.5,2.9,7.5,0.0,75.4,0.0,289.5,6.4,14.5,0.0,1073.9,2.3,5.2,10.8,39.3,10.4,53.0,0.0,985.7,19.1,75.2,0.0,0.9,0.0,47.8,0.0,11.5,0.0,17.7,0.0,14.1,0.0,31.8,0.0,124.7,0.5,43.0,0.0,48.1,0.0,311.9,2.2,448.8,0.0,32.4,0.0,103.3,0.0,13.5,0.0,4.3,0.0,14.7,0.0,28.8,0.0,181.2,0.0,154.2,0.0,124.7,0.0,44.9,0.0,94.4,0.0,0.6,0.0,9.9,73.3,103.4,209.2,28.3,185.4,28.4,22.3,27.6,85.8,7.1,67.4,36.7,288.5,23.3,111.5,13.7,185.4,23.0,53.5,13.1,228.2,46.7,29.3,100.2,773.9,19.8,63.3,30.2,349.4,9.2,122.7,29.1,183.6,32.3,147.3,157.0,4631.9,357.8,9372.3,67.3,1823.3,49.7,317.0,4.3,81.9,9.2,2385.9,51.7,39.3,636.4,1.3,333.7,2.3,773.0,25.0,641.3,0.0,195.8,0.0,378.9,3.1,106.6,0.0,488.6,12.4,34.9,4.9,196.1,0.1,372.7,69.3,162.5,0.0,171.2,0.0,0.0,20.9,214.2,0.0,2582.1,5.4,123.5,0.0,355.1,1.8,2329.5,4.5,209.5,0.0,167.6,0.0,86.0,0.0,138.7,0.0,326.6,26.1,1534.1,0.1
97457_POS_SU,pos,Level 1,Diclofenac,Anthropogenic,Pharmaceutical,21.9,1.7,0.5,0.8,1.0,0.0,0.4,0.9,0.6,0.4,0.2,0.0,0.0,0.0,0.7,0.0,0.0,0.0,0.0,0.6,1.4,0.0,1.4,0.2,0.0,0.0,0.0,0.6,0.0,0.5,0.8,0.3,0.3,2.0,1.3,0.0,0.0,0.3,0.6,0.0,0.1,1.0,0.5,0.1,0.5,0.6,0.1,0.3,0.6,0.5,0.3,4.7,1.3,5.9,3.0,7.1,2.5,51.0,1.1,6.9,5.7,1.8,1.9,3.9,2.4,3.9,3.0,0.5,1.0,0.9,1.3,4.6,1.3,5.2,1.4,8.7,2.3,1.2,1.4,29.2,1.7,2.1,1.4,4.9,0.6,6.0,0.3,5.8,6.6,1.4,0.2,3.6,1.4,2.7,4.4,3.2,0.9,4.6,1.1,3.1,1.2,0.0,0.0,0.0,0.0,0.0,0.0,0.0,0.0,0.0,0.0,0.0,0.0,0.0,0.0,0.0,0.0,0.0,0.0,0.0,0.0,0.0,0.0,0.0,0.0,0.0,0.0,0.0,0.0,0.0,0.0,0.0,0.0,0.0,0.0,0.0,0.0,0.0,0.0,0.0,0.0,0.0,0.0,0.0,0.0,0.0,0.0,0.0,0.0,0.0,0.0,0.0,0.0,0.0,0.0,0.0,0.0,0.0,0.0,0.0,0.0,0.5,0.0,0.0,0.0,0.0,0.0,0.0,0.0,0.0,0.0,0.0,0.0,0.0,0.0,0.0,0.0,0.0,0.0,0.0,0.0,0.0,0.0,0.0,0.0,0.0,0.0,0.0,0.0,0.0,0.0,0.0,0.0,0.0,0.0,0.0,0.0,0.0,0.0,0.0,0.0,0.0,0.0,0.0,0.0,0.0,0.0,0.0,0.0,0.0,0.0,0.0,0.0,0.0,0.0,0.0,0.0,0.0,0.0,0.0,0.0,0.0,0.0,0.0,0.0,0.0,0.0,0.0,0.0,0.0,0.0,0.0,0.0,0.0,0.0,0.0,0.0,0.0,0.0,0.0,0.0,0.0,0.0,0.0,0.0,0.0,0.0,0.0,0.0,0.0,0.0,0.1,0.0,0.0,0.0,0.0,0.0,0.0,0.0,0.0,0.0,0.0,0.0,0.0,0.0,0.0,0.0,0.0,0.0,0.0,0.0,0.0,0.0,0.0,0.0,0.0,0.0,0.0,0.0,0.0,0.0,0.0,0.0,0.0,0.0,0.0,0.0,0.0,0.0,0.0,0.0,0.0,0.0,0.4,0.0,0.0,0.0,0.0,0.0,0.0,0.0,0.0,0.0,0.0,0.0,0.0,0.0,0.0,0.0,0.0,0.0,0.0,0.0,0.0,0.0,0.0,0.0,0.0,0.0,0.0,0.0,0.0,0.0,0.0,0.0,0.0,0.0,0.0,0.0,0.0,0.3,0.0,0.0,0.0,1.3,0.0,0.0,0.0,0.0,0.0,0.0,0.0,0.0,0.0,0.0,0.0,0.0,0.0,0.0,0.0,0.0,0.0,0.0,0.0,0.0,0.0,0.0,0.0,0.9,0.0,0.0,0.0,0.0,0.0,0.0,0.0,0.0,0.0,0.0,0.0,0.0,0.0,0.0,0.0,0.0,0.0,0.0,0.0,0.0,0.0,0.0,0.0,0.0,0.0,0.0,0.0,0.0,0.0,0.0,0.0,0.0,0.0,0.0,0.0,0.0,0.0,0.0,0.0,0.0,0.0,0.0,0.0,0.0,0.0,0.0,0.0,0.0,0.0,0.0,1.8,0.0,0.0,0.0,0.0,0.0,0.0,0.0,0.9,0.0,0.0,0.0
103054_POS_SU,pos,Level 1,Diethoxyethyl phthalate,Anthropogenic,Plasticizer / polymer additive,21.4,0.0,0.0,0.0,0.0,0.0,0.0,0.0,0.0,0.0,0.0,0.0,0.0,0.2,0.0,0.0,0.0,0.0,0.8,0.1,0.0,0.0,0.0,0.0,0.0,0.1,0.0,0.2,0.0,0.0,0.0,0.0,0.0,0.0,0.0,0.0,0.0,0.0,0.0,0.0,0.0,0.0,0.0,0.0,0.0,0.3,0.0,0.3,0.0,0.0,0.0,0.2,0.0,0.0,0.0,0.0,0.0,0.0,0.0,0.0,0.0,0.0,0.0,0.1,0.0,0.0,0.0,0.0,0.0,0.0,0.0,0.0,0.0,0.0,0.0,0.0,0.0,0.0,0.0,1.4,0.0,0.0,0.0,0.0,0.0,0.0,0.0,0.1,0.0,0.0,0.0,0.0,0.0,0.1,0.0,0.6,0.0,0.3,0.0,0.6,0.0,0.6,0.0,0.3,0.0,0.1,0.0,0.3,0.0,0.0,0.0,0.2,0.0,0.1,0.0,0.2,0.1,0.0,0.1,0.1,0.1,0.4,0.0,0.0,0.0,1.8,0.0,0.4,0.0,0.2,0.1,0.5,0.0,0.1,0.0,1.0,0.0,0.1,0.0,0.0,0.1,0.0,0.0,0.1,0.0,0.2,0.0,0.6,0.0,7.5,0.2,0.0,0.1,0.0,0.1,0.0,0.0,0.3,0.0,0.0,0.0,0.0,0.0,0.1,0.0,0.0,0.0,0.0,0.0,0.0,0.0,0.1,0.0,0.0,0.0,0.0,0.0,0.0,0.0,0.0,0.0,0.0,0.0,0.1,0.0,0.0,0.0,0.1,0.0,0.0,0.0,0.9,0.1,0.1,0.0,0.0,0.0,0.0,0.0,0.0,0.0,0.0,0.2,0.0,0.0,0.0,0.0,0.0,0.0,0.0,0.0,0.0,0.0,0.0,0.0,0.1,0.0,0.0,0.0,0.0,0.0,0.0,0.0,0.0,0.0,0.0,0.0,0.0,0.0,0.0,0.0,0.0,0.0,0.0,0.0,0.0,0.1,0.0,0.0,0.1,0.0,0.0,0.0,0.0,0.0,0.0,0.0,0.0,0.0,0.0,0.0,0.0,0.0,0.0,0.0,0.2,0.1,0.0,0.0,0.0,0.0,0.0,0.0,0.1,0.0,0.2,0.1,0.1,0.2,0.0,0.0,0.0,0.0,0.1,0.0,0.0,0.0,0.0,0.0,0.0,0.0,0.0,0.0,0.7,0.0,0.0,0.0,0.1,0.0,0.0,0.1,0.0,0.0,0.0,0.2,0.2,0.1,0.0,0.0,0.2,0.0,0.0,0.1,0.2,0.0,0.2,0.0,0.0,0.0,0.0,0.0,0.2,0.0,0.0,0.0,0.0,0.0,0.0,0.0,0.1,0.0,0.0,0.0,0.0,0.0,0.0,0.0,0.1,0.0,0.0,0.9,0.0,0.0,0.0,0.0,0.2,0.2,0.0,5.0,0.0,0.0,0.0,0.1,0.5,0.0,0.1,0.0,0.0,0.1,0.4,0.0,0.0,0.1,0.0,0.0,0.0,0.0,0.0,0.0,0.0,0.0,0.0,0.0,0.0,0.0,0.0,0.0,0.0,0.0,0.0,0.0,0.0,0.0,0.0,0.0,0.0,0.0,0.0,0.0,1.9,0.0,0.0,0.0,0.0,0.0,0.1,0.0,0.0,0.0,0.0,0.0,0.0,0.0,0.1,0.0,0.0,0.0,0.0,0.0,0.0,0.0,0.3,0.0,0.0,0.0,0.0,0.0,0.0,0.0,0.0,0.0,0.0,0.0,0.0,0.0,0.0,0.0,0.0,0.0,0.0,0.0
69072_POS_SU,pos,Level 1,Diethyl phthalate,Anthropogenic,Plasticizer / polymer additive,92.6,412.8,0.0,3289.0,159.3,751.6,45.7,3335.5,82.3,1310.6,70.0,783.2,46.1,2478.1,21.9,231.0,115.4,1230.2,38.7,963.7,25.0,0.0,46.3,446.0,25.6,1020.7,36.7,1579.5,147.9,1920.5,153.6,3159.4,16.6,923.7,46.6,1726.9,156.5,2660.0,19.2,2552.5,302.8,2310.0,237.6,708.0,41.0,2679.0,192.7,1408.8,120.6,9890.7,132.2,1837.6,14.4,2416.1,259.9,18494.7,224.7,400124.9,4880.7,10215.8,234.9,2906.7,73.7,3212.1,647.8,1325.1,62.1,3199.1,109.4,5045.2,41.6,11794.6,94.6,8675.4,180.9,2566.7,16.5,5441.5,98.5,680162.4,163.8,7945.6,174.7,4244.7,209.6,8446.1,7.4,18278.8,348.7,10108.1,49.8,2595.5,363.4,16483.2,121.4,7428.9,16.3,2235.9,276.9,5070.6,26.9,5700.6,100.1,38168.1,696.6,5315.8,61.5,1166.7,422.9,2277.0,35.0,8930.6,111.5,15262.8,54.0,2553.2,60.6,1980.5,111.0,3824.7,78.0,12707.1,154.0,4869.6,31.6,8804.3,114.3,4393.0,67.9,7752.3,66.0,9484.3,181.7,8883.6,958.1,9052.8,66.8,4332.0,220.3,15051.5,1474.7,20000.0,87.5,2581.3,128.1,2048.5,74.2,11313.8,170.5,4980.8,183.0,1736.1,42.7,2449.5,69.5,882.8,136.8,11257.8,138.2,950.5,104.8,351.4,4.2,1516.7,93.5,11787.2,231.3,1445.4,52.5,1015.0,0.0,2739.9,29.3,777.0,50.3,1446.0,149.9,1453.7,0.0,580.5,80.7,1890.9,45.8,2223.8,48.6,1433.2,41.3,634.5,155.4,14656.2,316.8,4953.2,126.8,1035.9,47.1,611.0,332.1,1938.5,280.0,1194.7,186.4,2729.1,4529.8,1569.6,3889.1,851.0,0.0,0.0,0.0,0.0,0.0,2254.0,2.1,3240.7,13.6,1356.6,35.5,1189.0,12.6,838.9,31.3,8281.6,317.2,5542.4,6.4,1184.6,0.0,825.9,0.0,3000.3,12.7,6124.7,236.8,0.0,82.9,57.2,4154.3,4955.6,229.9,2076.1,0.0,4109.5,25.5,2298.2,181.2,16956.8,521.1,1766.3,36.4,3659.0,168.1,2033.9,1435.1,3326.8,26.7,434.7,0.2,2101.6,70.4,6484.4,44.4,2227.2,7.7,5861.4,42.2,2559.0,64.0,4037.5,571.3,1628.5,18.3,2542.3,33.1,2113.0,55.6,1284.8,898.1,1235.8,4.4,4254.2,427.6,2634.3,54.0,2516.6,23.7,2804.9,2.8,8668.8,1946.7,831.1,38.2,5148.2,85.1,1655.7,161.6,3146.4,17.1,4394.9,39.6,23169.1,106.3,1568.3,0.0,2443.3,7.6,2156.5,0.0,15745.6,61.1,1074.7,0.0,1913.2,26.8,2078.5,0.0,3331.2,0.0,1840.6,8.1,3318.6,81.4,350.2,3444.4,566.2,3417.1,673.0,3468.8,1007.4,3455.9,766.8,24002.6,351.0,1918450.2,338.0,4387.6,560.0,6889.6,490.7,919617.3,781.7,1811.9,759.6,10434.0,630.0,2492.6,1315.0,7238.6,735.8,17770.0,658.5,13051.1,690.6,18503.2,1217.9,6623.6,364.9,3298.1,451.5,1921.6,942.6,4410.7,610.8,3842.4,714.0,18211.8,238.6,2879.1,231.3,4139.4,2165.0,3673.7,1976.1,0.0,406.7,0.0,3095.0,47.4,1968.4,0.0,415.0,0.0,7065.9,10.2,1645.4,4.9,22376.6,124.3,1866.8,44.3,1004.8,0.0,2267.6,432.8,1956.1,12.3,795.3,0.0,0.0,1569.1,1541.9,0.0,2348.0,6.3,2288.4,12.3,1710.8,0.6,1055.8,0.0,1807.9,0.0,5144.1,8.9,1268.7,0.0,2609.3,0.0,1962.3,144.4,4093.2,0.0
60213_POS_SU,pos,Level 1,Diethyl-4-methoxybenzamide,Anthropogenic,Pharmaceutical,29.5,0.0,0.0,4.0,0.0,0.0,0.0,3.2,0.0,0.0,0.0,0.0,0.0,0.0,0.0,0.0,0.0,0.0,0.0,4.5,0.0,0.0,0.0,0.0,0.0,1.1,0.0,0.4,1.0,1.7,0.9,0.0,0.0,1.1,0.0,0.0,0.0,5.6,0.0,0.0,0.7,0.0,2.8,0.0,0.0,2.7,1.2,0.0,0.0,0.8,0.0,0.9,0.0,0.0,0.0,0.0,0.0,0.0,0.0,0.0,0.0,0.0,0.0,0.7,0.0,0.0,0.0,0.0,0.0,0.0,0.0,0.2,0.0,0.0,0.0,0.0,0.0,0.0,0.0,13.1,0.0,0.0,0.0,0.0,0.0,0.6,0.0,0.8,0.0,0.0,0.0,0.0,0.0,0.0,0.0,0.0,0.0,0.0,0.0,1.4,0.0,1.7,0.0,7.2,0.0,0.0,0.0,17.8,0.0,0.0,0.0,7.1,0.0,7.8,0.0,1.2,0.0,0.0,0.0,0.0,0.0,7.9,0.0,0.5,0.0,2.4,0.0,1.7,0.0,0.0,0.0,5.7,0.5,0.9,0.0,9.1,0.0,2.1,0.0,0.0,2.0,0.0,0.0,4.6,0.0,1.1,0.0,3.0,0.8,0.0,0.0,0.0,0.0,1.7,0.0,0.0,0.0,1.2,0.0,0.0,0.0,0.0,0.0,0.8,0.0,0.0,0.0,0.0,0.0,0.0,0.0,1.4,0.0,1.7,0.0,1.1,0.0,0.0,0.0,0.4,0.0,1.6,0.0,1.4,0.0,0.0,0.0,0.3,0.0,4.2,0.0,47.5,0.0,4.5,0.0,2.8,0.0,4.2,0.0,0.0,0.0,3.2,0.8,0.7,0.0,0.0,0.0,0.0,0.0,0.0,0.0,0.0,0.0,0.0,0.0,0.2,0.0,9.9,0.0,1.6,0.0,0.0,0.0,0.0,0.0,0.0,0.0,0.0,0.0,0.0,0.0,0.0,0.0,0.0,0.0,0.0,0.0,0.0,0.0,0.0,0.0,0.0,0.0,0.0,0.0,1.9,0.0,0.0,0.0,0.0,0.0,0.0,0.0,1.1,0.0,50.3,0.0,0.0,0.0,0.0,0.0,0.0,0.0,4.0,0.0,1.7,6.0,0.0,0.0,0.0,0.0,0.0,0.0,3.5,0.0,0.0,0.0,0.0,0.0,0.0,0.0,0.0,0.0,0.0,0.0,5.3,0.0,0.0,0.0,0.0,0.0,0.0,0.0,0.0,5.4,9.2,0.0,0.0,0.0,0.9,0.0,0.0,0.0,0.0,0.0,0.0,0.0,0.0,0.0,0.0,0.0,0.0,0.0,1.7,0.0,1.0,0.0,0.0,0.0,0.0,0.0,0.0,6.0,0.0,0.0,0.0,1.5,0.0,0.0,0.0,0.9,0.0,0.0,0.0,4.1,0.5,0.0,0.0,31.7,0.0,0.0,0.0,0.0,0.0,6.7,0.7,0.0,0.0,0.0,0.0,0.2,0.0,3.5,0.0,9.7,0.0,1.4,0.0,0.0,0.0,0.0,0.0,0.0,0.0,1.5,0.0,0.0,0.0,6.1,2.1,0.0,18.2,14.1,0.0,0.0,15.2,15.0,15.0,14.7,0.0,0.0,9.7,0.0,0.0,0.0,0.7,0.0,0.0,0.0,0.0,0.0,4.4,0.0,0.0,0.0,0.0,0.0,9.5,12.0,9.0,10.9,9.5,9.4,13.1,8.7,10.4,9.7,6.5,10.3,9.8,5.6,14.2,6.0,5.1,9.8,5.6,13.6,17.0,21.1,12.6,10.5
91428_POS_SU,pos,Level 1,Diisobutyl phthalate,Anthropogenic,Plasticizer / polymer additive,72.4,252.7,0.0,390.8,0.0,511.7,0.0,1893.2,6.3,1455.1,0.0,234.9,0.0,530.4,0.0,86.9,0.0,386.8,0.0,761.0,0.0,0.0,0.0,417.3,0.0,667.2,0.0,803.1,0.0,199.3,0.0,668.4,0.0,207.2,0.0,154.5,0.0,965.5,0.0,794.5,0.0,1250.9,9.6,115.5,0.0,1134.0,14.6,609.0,0.0,604.5,0.0,557.3,342.7,1498.3,61.1,1467.2,28.1,739.7,118.4,583.3,88.9,1810.0,14.1,393.9,66.0,92.3,38.0,1141.6,23.1,797.0,0.0,2022.2,0.0,1275.9,37.6,3939.9,0.0,594.9,2.2,3336.4,0.0,1355.0,94.4,1099.9,25.2,1226.0,0.0,1355.2,194.3,326.4,0.0,712.6,71.3,900.9,131.2,1186.7,0.0,818.1,75.3,3207.2,69.6,502.0,0.0,593.2,12.5,2015.2,0.0,400.5,23.4,1810.1,0.0,6409.3,0.0,8274.4,0.0,2066.2,83.2,421.3,0.0,1384.9,0.0,2596.3,8.9,501.7,0.0,1292.0,0.0,1172.4,0.0,1202.5,0.0,2980.4,63.2,2273.3,113.4,3054.2,0.0,1424.7,0.0,724.1,22.5,1885.7,0.0,2078.1,0.0,1235.0,0.0,1873.6,25.7,654.2,0.0,252.6,0.0,3375.9,197.0,315.7,7.0,952.8,29.2,357.1,18.6,55.8,0.0,938.1,23.9,541.4,0.0,225.5,0.0,713.3,0.0,9689.9,430.2,551.0,0.0,1045.0,23.5,281.3,0.0,220.3,2.9,1182.3,25.5,1270.3,3.1,455.5,0.0,935.4,22.4,1348.0,65.8,2383.9,46.9,1759.5,58.7,1510.5,60.0,925.3,57.7,669.7,179.8,570.0,2119.6,352.1,696.5,342.4,0.0,0.0,0.0,0.0,0.0,187.3,0.0,418.8,0.0,7266.1,276.2,1350.0,0.0,5762.0,46.9,1066.3,42.0,485.1,0.0,419.4,0.0,697.3,0.0,208.6,0.0,798.3,8.5,0.0,0.0,0.0,401.8,448.3,86.0,1779.0,0.0,900.3,0.0,467.8,1.4,534.3,15.9,1012.7,0.0,341.6,0.0,1085.2,75.2,1495.6,39.7,49.1,0.0,2543.1,0.0,4725.9,0.0,129.2,0.0,579.4,17.9,465.7,0.0,362.4,128.0,661.8,0.0,661.0,0.0,2896.2,0.0,948.8,1106.7,332.1,0.0,3468.6,68.5,1690.2,0.0,546.6,0.0,214.9,0.0,6832.1,3169.6,1431.4,6.0,1131.3,0.0,3560.0,147.2,1986.6,0.0,1971.0,0.0,1394.1,0.0,1216.5,0.0,804.4,0.0,1561.8,0.0,1972.3,0.0,734.6,0.0,489.1,0.0,1683.7,0.0,990.3,0.0,349.6,0.0,305.4,0.0,122.2,796.9,124.1,1684.3,129.5,1084.0,219.7,1640.7,115.8,495.6,29.0,701.7,11.3,425.4,80.4,599.6,72.7,3358.1,91.2,506.4,530.5,4286.3,91.9,1305.0,661.4,1950.2,73.3,797.8,1005.5,812.1,94.1,736.9,163.2,742.9,102.1,1530.9,131.9,607.7,170.0,352.6,146.4,269.3,51.0,1058.3,29.8,348.8,38.5,1116.7,620.6,1250.0,1335.5,0.0,343.0,0.0,2049.6,122.0,1218.0,0.0,2401.3,0.0,1698.7,0.0,772.8,0.0,2218.2,35.1,2124.4,111.3,1362.6,0.0,933.5,353.5,2212.7,0.0,630.7,0.0,0.0,1011.2,619.0,31.3,1273.7,59.4,737.7,0.0,1209.4,12.7,470.4,0.0,1257.3,0.0,505.1,0.0,620.4,0.0,2487.0,0.0,1055.0,303.6,910.1,2.6
54112_POS_SU,pos,Level 1,Dimethyl phthalate,Anthropogenic,Plasticizer / polymer additive,93.8,7.3,0.7,84.3,3.5,34.2,3.3,106.1,1.5,19.3,1.0,112.0,2.0,57.6,0.7,6.1,2.0,29.3,1.0,46.8,1.1,0.0,1.0,21.7,0.9,29.6,0.6,14.1,2.0,24.7,2.8,34.6,1.7,10.0,1.7,22.5,2.4,29.1,0.8,156.6,2.7,15.5,3.9,6.0,1.1,1208.8,12.9,26.3,2.3,47.5,6.5,9.3,1.0,37.7,1.7,12.3,0.3,23.5,6.2,93.2,3.1,8.4,0.9,6.4,1.7,14.4,1.5,32.0,1.3,259.0,36.7,8.8,0.7,10.1,1.2,11.1,0.0,14.8,0.7,150.4,0.9,17.1,1.2,4.8,0.7,17.9,2.2,26.3,1.8,13.1,0.0,80.2,4.9,214.9,2.1,16.0,0.2,23.1,3.5,337.8,0.1,89.1,1.1,38.0,4.8,25.0,0.3,6.7,1.6,115.0,1.4,326.2,1.0,120.4,0.6,16.1,1.1,28.0,1.2,35.2,2.8,30.9,1.7,4.6,0.7,394.5,1.3,89.0,0.7,24.3,0.5,5.5,1.5,474.8,49.0,27.3,0.8,28.9,1.2,9.2,1.6,6.4,0.0,14.9,1.1,11.0,0.9,29.5,1.7,5.6,1.1,15.0,0.7,11.3,0.8,14.6,1.4,57.3,2.0,4.8,0.6,6.1,1.0,18.7,1.6,13.9,1.3,13.7,0.5,2.1,1.1,37.6,1.0,122.1,1.6,222.4,2.8,3.5,0.1,16.3,2.4,40.7,1.8,15.8,1.8,19.0,1.2,34.7,3.3,4.4,1.4,43.3,3.2,14.8,2.0,16.3,3.6,35.8,2.1,25.1,4.5,9.1,11.3,23.1,27.6,7.7,0.0,0.0,0.0,0.0,0.0,8.5,0.3,20.9,0.2,13.9,6.9,29.1,0.1,7.6,0.0,70.9,1.1,8.2,0.0,4.0,0.0,487.3,0.6,15.5,0.3,46.9,1.2,0.0,1.4,0.3,26.7,5.4,1.1,12.5,0.0,11.2,0.2,185.2,1.8,93.3,3.5,195.1,1.4,24.0,0.9,73.6,1.2,20.9,0.7,7.4,0.0,13.1,0.3,23.0,0.1,1.3,0.0,13.8,0.1,17.7,0.6,15.2,1.6,40.7,0.3,89.5,3.2,14.4,0.0,222.3,82.3,22.5,0.6,64.3,2.4,29.0,3.3,9.7,0.7,84.7,0.8,84.7,237.9,66.1,0.8,13.3,0.7,27.1,5.6,266.1,1.6,3.1,0.0,40.2,0.2,10.3,0.0,31.5,0.2,82.6,0.0,26.2,0.1,14.5,0.1,14.3,0.2,51.7,0.2,19.9,0.0,20.9,0.4,7.7,0.0,3.3,13.6,1.6,12.1,1.7,12.9,3.4,11.2,2.4,424.6,0.7,145.6,1.8,24.3,0.9,16.6,1.1,82.8,1.9,38.9,1.0,28.5,1.9,31.9,2.6,60.4,3.7,8.1,6.3,1135.3,1.6,38.2,1.9,16.9,1.6,58.2,1.9,28.3,6.2,216.3,1.4,71.5,1.0,17.7,1.6,60.0,0.6,20.8,8.9,4.5,191.6,1.3,18.0,0.0,26.5,2.3,33.4,0.9,7.0,0.4,22.1,0.2,17.4,0.4,17.9,1.2,89.7,2.5,7.5,2.2,24.8,4.5,35.3,1.6,33.7,1.0,0.0,16.3,27.1,0.1,26.1,1.1,24.7,1.1,12.7,0.5,10.1,0.0,17.3,1.0,20.8,0.7,10.0,0.3,18.3,0.1,10.5,1.3,10.3,0.0
30168_POS_SU,pos,Level 1,Dimethylbenzimidazole,Anthropogenic,Pharmaceutical,3.3,0.0,0.0,0.0,0.0,0.0,0.0,0.0,0.0,0.0,0.0,0.0,0.0,0.0,0.0,0.0,0.0,0.0,0.0,0.0,0.0,0.0,0.0,0.0,0.0,0.0,0.0,0.0,0.0,0.0,0.0,0.0,0.0,0.0,0.0,0.0,0.0,0.0,0.0,0.0,0.0,0.0,0.0,0.0,0.0,0.0,0.0,0.0,0.0,0.0,0.0,0.0,0.0,0.0,0.0,0.0,0.0,0.0,0.0,0.0,0.0,0.0,0.0,0.0,0.0,0.0,0.0,0.0,0.0,0.0,0.0,0.0,0.0,0.0,0.0,0.0,0.0,0.0,0.0,0.0,0.0,0.0,0.0,0.0,0.0,0.0,0.0,0.0,0.0,0.0,0.0,0.0,0.0,0.0,0.0,0.0,0.0,0.0,0.0,0.0,0.0,0.0,0.0,0.0,0.0,0.0,0.0,0.0,0.0,0.0,0.0,0.0,0.0,2.2,0.0,0.0,0.0,0.0,0.0,0.0,0.0,0.0,0.0,0.0,0.0,11.4,0.0,0.1,0.0,0.0,0.0,0.0,0.0,0.0,0.0,0.0,0.0,0.0,0.0,0.0,0.0,0.0,0.0,0.0,0.0,0.0,0.0,0.0,0.0,0.0,0.0,0.0,0.0,0.0,0.0,0.0,0.0,0.0,0.0,0.0,0.0,0.0,0.0,0.0,0.0,0.0,0.0,0.0,0.0,0.0,0.0,0.0,0.0,0.0,0.0,1.0,0.0,0.0,0.0,0.0,0.0,0.7,0.0,0.0,0.0,0.0,0.0,0.0,0.0,0.0,0.0,0.0,0.0,0.0,0.0,0.0,0.0,0.0,0.0,0.0,0.0,0.0,0.0,0.0,0.0,0.0,0.0,0.0,0.0,0.0,0.0,0.0,0.0,0.0,0.0,0.0,0.0,0.0,0.0,0.0,0.0,0.3,0.0,0.0,0.0,0.0,0.0,0.0,0.0,0.0,0.0,0.0,0.0,0.0,0.0,0.0,0.0,0.0,0.0,0.0,0.0,0.4,0.0,0.0,0.0,0.0,0.0,0.0,0.0,0.0,0.0,0.0,0.0,0.0,0.0,1.2,0.0,0.0,0.0,0.0,0.0,0.0,0.0,0.0,0.0,0.0,0.0,0.0,0.0,0.0,0.0,0.0,0.0,0.0,0.0,0.0,0.0,0.0,0.0,0.0,0.0,0.0,0.0,0.0,0.0,0.0,0.0,0.0,0.0,0.0,0.0,0.0,0.0,0.0,1.5,0.0,0.0,0.0,0.0,0.0,0.0,0.0,0.0,0.0,0.0,0.0,0.0,0.0,0.0,0.0,0.0,0.0,0.0,0.0,0.0,0.0,0.0,0.0,0.0,0.0,0.0,0.0,0.0,0.0,0.0,0.0,0.0,0.0,0.0,0.0,0.0,0.0,0.0,0.0,0.0,0.0,0.0,0.0,7.7,0.0,0.0,0.0,0.0,0.0,0.0,0.0,0.0,0.7,0.0,0.0,0.0,0.0,0.0,0.0,0.0,0.0,0.0,0.0,0.0,0.0,0.0,0.0,0.0,0.0,0.0,0.0,0.0,0.0,0.0,0.0,0.0,0.0,0.0,0.0,0.0,0.0,0.1,0.0,0.0,0.0,0.0,0.0,0.0,0.0,0.0,0.0,0.0,0.0,0.0,0.0,0.0,0.0,0.0,0.0,0.0,0.0,0.0,0.6,0.0,0.0,0.0,0.0,0.0,0.0,0.0,0.0,0.0,0.0,0.0,0.0,0.0,0.0,0.0,0.0,0.0,0.0,0.0,0.0,0.3,0.0,0.0
62154_POS_SU,pos,Level 1,Diphenylguanidine,Anthropogenic,Industrial chemical,14.5,0.0,0.0,0.0,9.5,0.0,0.0,0.0,0.0,0.0,0.0,0.0,0.0,0.0,0.0,0.0,0.0,0.0,0.0,0.0,0.0,0.0,0.0,0.0,0.0,0.0,0.0,0.0,0.0,0.0,0.0,0.0,0.0,0.0,0.0,0.0,0.0,0.0,0.0,0.0,66.0,0.0,73.7,0.0,0.0,0.0,23.8,0.0,8.3,0.0,0.0,0.0,0.0,0.0,22.2,0.0,0.0,0.0,48.6,0.0,0.0,0.0,0.0,0.0,134.8,0.0,0.0,0.0,0.0,0.0,0.0,0.0,0.0,0.0,0.0,0.0,0.0,0.0,70.8,40.9,0.0,0.0,0.0,0.0,21.1,0.0,0.0,0.0,14.2,0.0,0.0,0.0,0.0,0.0,0.0,0.0,0.0,0.0,0.0,0.0,0.0,0.0,0.0,0.0,12.6,0.0,0.0,0.0,0.0,0.0,0.0,0.0,0.0,0.0,0.0,0.0,0.0,0.0,0.0,0.0,0.0,0.0,0.0,0.0,0.0,0.0,0.0,0.0,0.0,0.0,0.0,0.0,0.0,0.0,0.0,1.7,0.0,0.0,0.0,0.0,0.0,0.0,0.0,0.0,0.0,0.0,0.0,0.0,1.5,0.0,191.5,0.0,0.0,0.0,35.4,0.0,10.9,387.0,26.9,9.0,0.0,0.0,0.0,0.0,0.0,0.0,23.5,0.0,0.0,0.0,0.0,0.0,0.0,0.0,7.4,0.0,0.0,0.0,0.0,0.0,40.4,0.0,5.5,0.0,0.0,0.0,42.6,0.0,0.0,0.0,0.0,0.0,10.4,0.0,0.0,0.0,0.0,0.0,0.0,0.0,0.0,0.0,0.0,0.0,2.9,0.0,0.0,0.0,0.0,0.0,0.0,0.0,0.0,0.0,0.0,0.0,0.0,0.0,0.0,0.0,0.0,0.0,0.0,0.0,0.0,0.0,0.0,0.0,0.0,0.0,28.6,0.0,0.0,0.0,0.0,0.0,0.0,0.0,0.0,0.0,0.0,0.0,0.0,18.1,72.0,0.0,0.0,0.0,0.0,0.0,38.3,0.0,0.0,0.0,0.0,0.0,0.0,0.0,14.6,0.0,0.0,0.0,0.0,0.0,10.8,16.6,0.0,0.0,114.8,0.0,0.0,0.0,0.0,0.0,0.0,130.1,13.7,0.0,0.0,0.0,0.0,0.0,0.0,0.0,0.0,0.0,0.0,0.0,0.0,0.0,0.0,0.0,0.0,0.0,512.6,0.0,0.0,0.0,0.0,2.8,14.3,0.0,0.0,0.0,0.0,0.0,0.0,0.0,0.0,0.0,0.0,0.0,0.0,0.0,0.0,0.0,0.0,0.0,0.0,0.0,0.0,0.0,0.0,4.9,0.0,0.0,0.0,0.0,0.0,0.0,0.0,0.0,0.0,0.0,0.0,13.0,0.0,0.0,61.8,0.0,0.0,0.0,0.0,38.6,0.0,65.2,0.0,1722.0,0.0,78.6,0.0,0.0,0.0,0.0,0.0,0.0,0.0,33.1,11.5,0.0,0.0,9.4,51.6,15.7,0.0,0.0,0.0,11.0,0.0,0.0,13.8,0.0,0.0,0.0,0.0,0.0,28.8,4.5,898.0,0.0,0.0,3.4,0.0,18.1,0.0,0.0,0.0,0.0,0.0,0.0,0.0,0.0,0.0,0.0,0.0,0.0,0.0,0.0,0.0,0.0,0.0,0.0,26.5,0.0,0.0,0.0,0.0,0.0,0.0,0.0,0.0,0.0,0.0,0.0,0.0,0.0,0.0,0.0,0.0,0.0,0.0
39569_POS_SU,pos,Level 1,Fenuron,Anthropogenic,Pesticide / biocide,10.5,0.0,0.0,0.0,1.0,0.0,0.8,0.0,4.8,0.0,0.0,0.0,0.0,0.0,3.4,0.0,0.0,0.0,0.0,0.0,0.0,0.0,0.0,0.0,0.0,0.0,0.0,0.0,0.0,0.0,0.0,0.0,0.0,0.0,0.0,0.0,0.0,0.0,0.0,0.0,0.0,0.0,0.0,0.0,0.0,12.4,0.0,0.0,0.0,0.0,0.0,0.0,0.0,0.0,0.0,7.1,0.0,0.0,0.0,0.0,0.0,0.0,0.0,0.0,5.7,0.0,0.0,0.0,0.0,0.0,0.0,0.0,0.0,0.0,0.0,0.0,2.0,0.0,0.0,0.0,0.0,0.0,0.0,0.0,0.0,0.0,0.0,0.0,0.0,0.0,0.0,0.0,0.0,0.0,6.4,0.0,0.0,0.0,0.0,0.0,0.0,0.0,0.0,0.0,0.0,0.0,0.0,0.0,0.0,0.0,0.0,0.0,0.0,0.0,0.0,0.0,0.0,0.0,0.0,0.0,0.0,0.0,0.0,0.0,0.0,0.0,0.0,0.0,0.0,0.0,0.0,0.0,0.0,0.0,0.0,0.0,0.0,0.0,0.0,0.0,0.0,0.0,0.0,0.0,0.0,0.0,0.0,0.0,0.0,0.0,368.7,0.0,0.0,0.0,39.8,0.0,0.0,0.0,0.0,1.3,0.0,0.0,0.0,0.0,0.0,0.0,0.0,0.0,0.0,0.0,0.0,0.0,0.0,0.0,0.0,0.0,0.0,0.0,0.0,0.0,0.0,0.0,7.7,0.0,0.0,0.0,14.3,0.0,0.0,0.0,0.0,0.0,2.4,0.0,0.0,0.0,0.0,0.0,0.0,0.0,0.0,0.0,0.0,0.0,0.0,0.0,0.0,0.0,0.0,0.0,0.0,0.0,0.0,0.0,0.0,0.0,0.0,0.0,0.0,0.0,0.0,0.0,0.0,0.0,0.0,0.0,0.0,0.0,0.0,0.0,0.0,0.0,0.0,0.0,0.0,0.0,0.0,0.0,0.0,0.0,0.0,0.0,0.0,0.0,0.0,0.0,0.0,0.0,0.0,0.0,0.0,0.0,0.0,0.0,0.0,0.0,0.0,0.0,0.0,0.0,0.0,0.0,0.0,0.0,0.0,0.0,0.0,0.0,31.0,0.0,0.0,0.0,0.0,0.0,3.7,39.7,0.0,0.0,0.0,0.0,0.0,0.0,0.0,0.0,0.0,0.0,0.0,0.0,0.0,0.0,0.0,0.0,0.0,0.0,268.0,0.0,0.0,0.0,0.0,0.0,0.0,0.0,0.0,0.0,11.0,0.0,0.0,0.0,0.0,0.0,10.0,0.0,0.0,0.0,0.0,0.0,0.4,0.0,0.0,0.0,0.0,0.0,0.0,0.0,10.6,7.6,0.0,0.0,3.9,0.0,0.0,26.4,0.0,14.9,0.0,0.0,0.0,20.5,94.9,0.0,0.0,0.0,0.0,29.6,0.0,0.0,10.8,1908.4,0.0,28.0,0.0,0.0,13.6,0.0,0.0,0.0,0.0,38.0,8.0,0.0,0.0,8.1,11.8,0.0,0.0,0.0,0.0,0.0,0.9,0.0,4.4,0.0,0.0,0.0,0.0,0.0,0.0,0.0,624.9,3.7,0.0,0.0,0.0,0.0,0.0,0.0,0.0,0.0,0.0,0.0,0.0,0.0,0.0,0.0,0.0,0.0,37.3,0.0,0.0,0.0,0.0,0.0,21.4,0.0,0.0,0.0,0.0,0.0,0.0,0.0,0.0,0.0,0.0,0.0,0.0,0.0,0.0,0.0,0.0,0.0,0.0
53159_POS_SU,pos,Level 1,Hydroxycotinine,Anthropogenic,Metabolite / biomolecule,78.8,0.0,0.0,1.5,4.9,0.0,1.9,0.0,0.4,0.0,0.4,0.0,1.9,0.5,0.0,0.0,0.3,0.0,0.2,0.1,0.1,0.0,0.4,0.0,0.2,4.2,0.7,0.9,8.0,19.3,38.7,0.0,0.0,0.4,0.3,0.6,3.6,0.0,0.0,0.3,9.5,0.3,11.7,0.0,0.1,0.9,4.1,0.7,0.8,1.3,1.0,0.0,0.0,5.0,7.0,0.4,0.2,1.2,0.6,0.1,1.5,0.2,0.7,0.4,3.7,0.0,0.5,2.7,0.7,0.0,0.3,0.0,0.1,1.8,0.3,0.1,0.0,0.0,1.3,9.9,2.5,0.0,0.8,4.2,1.5,0.0,0.0,0.2,2.0,0.7,0.2,1.2,3.2,0.0,1.2,0.0,0.0,0.8,2.7,0.3,0.4,2.1,6.6,54.2,38.1,1.3,0.3,0.2,4.6,0.8,0.2,0.0,0.8,56.6,0.8,16.3,1.6,17.9,3.1,0.2,1.9,0.8,2.1,0.0,0.7,730.3,4.0,1.4,0.8,18.2,0.4,0.0,1.8,76.7,0.5,1.2,1.3,0.0,10.8,1.0,16.2,13.0,0.9,2.0,3.3,0.0,1.6,0.0,2.9,0.5,1.5,0.2,0.7,19.3,0.9,0.1,12.7,0.9,4.5,0.0,5.1,1.5,1.4,0.4,1.7,0.2,5.0,0.2,1.7,0.0,0.0,1.3,1.7,0.0,0.4,24.9,21.4,0.5,0.0,1.3,3.4,3.0,1.6,0.7,0.6,4.8,116.7,0.7,10.9,0.0,0.2,3.6,3.6,1.1,4.1,0.0,3.3,2.1,5.9,1.6,2.3,0.0,23.2,0.0,0.0,0.0,0.0,0.0,0.0,0.0,0.0,5.9,0.7,0.2,1.1,10.9,91.9,0.7,0.7,3.4,2.1,50.1,40.9,0.4,0.4,7.3,0.5,12.0,0.4,1.0,5.9,1.4,41.6,0.0,3.4,41.5,2.9,2.0,9.4,1.3,0.5,0.8,1.7,2.1,2.2,11.6,23.2,0.8,2.0,0.7,3.2,10.2,22.0,18.1,15.6,2.8,2.9,2.2,13.9,8.8,2.1,1.6,2.3,8.3,2.4,18.4,120.9,1.3,6.9,20.5,13.3,0.8,0.0,0.0,0.6,0.6,1.6,3.8,5.2,0.9,0.0,0.2,2.9,2.0,0.2,286.4,0.1,7.3,18.3,7.2,8.3,1.3,12.3,0.9,2.7,0.1,1.7,10.8,1.5,29.4,2.9,1.3,1.6,3.6,1.0,2.7,0.0,0.0,0.9,0.0,0.3,14.5,0.4,0.5,0.0,0.1,0.1,0.6,0.8,6.9,0.0,7.7,8.7,35.0,3.5,6.2,4.2,11.9,7.5,10.1,16.5,0.9,0.0,14.9,5.6,50.3,1.4,1.6,3.1,5.5,1.8,3.5,0.0,11.1,5.7,11.1,1.9,7.7,0.8,15.1,2.3,1.7,1.2,9.1,3.8,7.8,1.7,4.7,1.9,9.0,3.9,5.6,3.5,2.7,43.3,6.2,3.6,1.4,3.0,4.4,3.0,31.6,0.0,0.2,0.0,4.4,0.3,18.0,0.0,0.2,0.0,3.5,0.0,1.2,0.0,7.8,0.0,156.2,6.7,2.8,0.0,7.6,0.8,27.5,0.0,0.0,0.0,0.0,0.0,1.8,0.0,0.0,0.5,0.9,0.0,0.0,0.0,0.0,0.0,0.0,0.0,0.0,0.0,0.8,0.0,0.2,0.0,0.4,0.2,0.3,0.0
72585_POS_SU,pos,Level 1,Icaridin,Anthropogenic,Pesticide / biocide,84.0,0.0,0.0,23.4,1.4,283.1,0.9,95.6,0.6,0.6,0.0,225.6,0.0,19.9,0.0,3.1,0.7,13.0,0.0,23.6,0.0,0.0,0.0,2.1,0.0,219.1,0.0,6.9,0.0,14.4,3.2,28.5,0.0,20.9,0.0,44.5,1.0,18.2,0.0,32.6,0.0,154.1,2.6,189.9,0.4,47.9,2.0,8.6,1.0,472.2,6.3,15.1,0.0,21.2,5.0,96.2,0.0,175.6,2.5,274.6,14.2,157.6,16.3,11.5,4.5,3.7,0.0,6.7,0.0,8.0,0.0,35.8,0.2,8973.9,128.6,3554.1,2.6,11.9,4.9,172856.6,22.0,246.7,6.3,14.5,1.5,19.1,0.0,10642.0,59.6,2.7,0.0,39.8,8.3,31.4,5.3,43.8,0.0,971.6,90.4,185.9,15.2,7.0,0.0,16.3,0.0,68.1,0.0,0.0,0.0,9.9,0.0,7.6,0.0,12.1,0.0,3.1,0.0,13.6,0.0,2.0,0.0,12.5,0.0,6.7,0.0,2140.4,3.0,8.1,0.0,24.0,0.0,13.5,0.0,29.8,1.1,26.5,0.0,5.7,0.0,10.9,0.0,3.5,0.0,2.0,0.0,17.9,0.0,12.1,0.0,17.3,313.6,24.1,1.5,134.9,65.2,272.6,5.3,171.7,13.0,37.5,7.0,23.9,2.9,56.3,3.2,1376.9,18.7,24.7,0.0,423.8,3.1,99.8,5.9,56.2,5.3,33.3,11.2,30.4,0.0,41.3,6.6,108.6,22.9,386.0,5.9,33.7,75.1,105.5,16.6,1859.5,35.0,397.6,19.5,24.6,5.3,32.1,43.8,346.2,22.5,1750.2,138.8,49.0,149.0,400.5,77.7,35.2,0.0,0.0,0.0,0.0,0.0,1592.0,1.9,1264.4,5.2,183.5,3.6,142.2,14.6,853.8,23.8,1014.7,16.2,2825.5,1.5,1387.3,0.7,59.3,0.8,184.6,1.9,2843.4,220.1,0.0,11.2,7.8,318.4,665.5,29.6,1140.0,3.3,872.4,1.5,400.8,16.0,419.0,26.8,2210.6,26.3,52.4,10.3,108.6,10.6,167.0,4.9,13.0,6.0,149.8,12.4,184.9,4.3,744.1,10.3,131.6,3.6,327.7,7.1,384.4,59.5,85.0,2.8,57.3,0.0,74.4,0.0,39.9,26.9,481.9,0.0,77.5,1.4,88.2,0.0,29.4,0.0,202.1,0.0,961.9,31.3,249.8,16.4,310.3,0.0,373.8,27.6,3432.8,26.7,88.8,0.3,541.2,7.9,109.0,5.7,557.3,12.9,58.7,0.0,75.9,1.1,69.0,0.0,211.5,2.9,242.3,0.0,83.0,1.7,128.6,0.0,28.5,1.2,247.1,4348.2,53.1,361.1,60.5,169.8,85.5,3532.8,62.2,2036.6,11.2,60565.3,212.2,7336.2,83.3,328.7,49.9,69045.5,85.9,319.5,75.7,784.7,134.6,2546.4,329.0,4067.0,77.0,6920.7,334.9,7808.3,178.4,6935.7,252.4,2197.4,207.9,3008.6,246.0,913.8,189.1,158.9,311.8,7489.5,81.3,958.2,31.1,75.9,451.9,15169.2,470.1,1091.5,14.1,4.0,6.8,5.7,48.0,11.4,25.4,7.2,6.3,12.3,607.3,5.7,119.2,6.6,5575.8,60.7,23.3,7.2,25.5,12.8,10.8,2.6,11.7,0.0,76.5,3.5,4.8,23.5,7.8,4.6,20.8,4.3,53.5,4.5,193.8,2.6,92.0,3.0,638.0,5.6,260.9,1.9,46.3,4.7,53.5,1.2,13.6,7.3,5401.4,12.0
83070_POS_SU,pos,Level 1,Imidacloprid,Anthropogenic,Pesticide / biocide,9.3,0.0,0.0,0.0,0.0,0.0,0.0,0.0,0.0,0.0,0.0,0.0,0.0,0.0,0.0,0.0,0.0,0.0,0.0,0.0,0.0,0.0,0.0,0.0,0.0,0.0,0.0,0.0,0.0,0.0,0.0,0.0,0.0,0.0,0.0,0.0,0.0,0.0,0.0,0.0,0.445078,0.0,0.0,0.0,0.0,0.0,0.0,0.0,0.0,0.0,0.0,0.0,0.0,0.0,0.654406,0.0,0.0,0.0,0.0,0.0,0.0,0.0,0.0,0.139999,0.16844,0.0,0.0,0.0,0.0,0.0,0.424727,0.0,0.0,25.139092,0.98923,0.0,0.0,0.0,0.0,0.0,0.0,0.0,0.619001,0.0,0.0,0.0,0.0,0.0,0.0,0.0,0.0,0.0,0.0,0.007792,0.0,0.0,0.0,0.0,0.0,0.0,0.0,0.0,0.0,0.0,0.0,0.0,0.0,0.0,0.0,0.0,0.0,0.0,0.0,0.0,0.0,0.0,0.0,0.0,0.0,0.0,0.0,0.0,0.0,0.0,0.0,0.0,0.0,0.0,0.0,0.0,0.0,0.0,0.0,0.0,0.0,0.0,0.0,0.0,0.0,0.0,0.0,0.0,0.0,0.0,0.0,0.0,0.0,0.0,0.0,0.0,0.0,0.0,0.066143,0.0,0.0,0.578528,0.437095,0.0,0.564671,0.0,0.0,0.0,0.0,0.0,0.258775,0.0,1.874416,0.0,0.0,0.0,0.0,0.0,0.0,0.651374,0.026037,0.0,0.0,0.0,0.0,0.0,0.0,0.0,0.0,0.0,0.0,0.0,0.140597,0.0,0.0,0.0,0.0,0.0,0.0,0.0,0.0,0.0,0.0,0.0,0.0,3.666593,0.0,0.0,0.0,1.914828,0.0,0.0,0.0,0.0,0.0,0.0,0.0,0.0,0.0,0.0,0.0,0.0,0.0,0.0,0.0,0.0,0.0,0.0,0.0,0.0,0.0,0.0,0.0,0.0,0.0,0.0,0.0,0.0,0.0,0.0,0.0,0.0,0.031316,0.0,0.0,0.0,0.0,0.0,0.0,0.0,0.0,0.0,0.0,0.0,0.0,0.0,0.0,0.0,0.0,0.0,0.0,0.0,0.0,0.0,0.0,0.0,0.0,0.0,0.0,0.0,0.0,0.0,0.0,0.0,0.0,0.0,0.0,0.0,0.0,0.0,0.0,0.0,0.0,0.0,0.0,0.0,0.0,0.0,0.0,0.0,0.0,0.0,0.0,0.0,0.0,0.0,0.0,0.0,0.0,0.0,0.0,0.0,0.0,0.0,0.0,0.0,0.0,0.0,0.0,0.0,0.0,0.0,0.0,0.0,0.0,0.0,0.0,0.0,0.0,0.0,0.0,0.402178,0.0,0.0,0.0,0.0,0.0,0.0,0.0,0.0,1.081144,0.0,0.068086,0.0,0.0,0.0,0.121394,0.0,0.0,0.063081,0.0,4.892607,1.01737,0.0,0.024547,0.11867,1.449941,0.0,0.0,0.0,0.0,0.0,9.403825,0.0,0.0,0.0,0.0,0.0,0.0,2.046923,0.237558,24.607511,6.825007,0.0,0.0,0.0,0.327089,0.0,0.0,0.079296,0.0,0.0,0.0,0.0,0.705142,0.0,0.0,0.0,0.0,0.0,0.0,0.0,0.0,0.0,0.0,0.0,0.0,0.0,0.0,0.0,0.0,0.0,0.0,0.0,0.0,0.0,0.0,0.0,0.0,0.0,0.0,0.0,0.0,0.0,0.0,0.0,0.0,0.0,0.0,0.0,0.0,0.0,0.0,0.0,0.0,0.0,0.0,0.0,0.0,0.0,0.0,0.0,0.0,0.0,0.0,0.0,0.0
19472_POS_SU,pos,Level 1,Melamine,Anthropogenic,Industrial chemical,50.7,0.6,1.7,0.1,1.6,0.0,0.6,0.8,0.0,0.0,0.0,0.0,0.0,0.0,1.2,0.0,0.0,0.7,0.0,1.0,0.2,0.2,6.0,0.0,0.0,0.0,0.0,0.0,0.0,2.5,3.3,0.0,0.0,0.0,0.0,0.0,0.0,0.0,0.0,0.2,0.0,0.0,0.0,0.0,0.0,0.1,0.0,0.7,0.0,0.0,0.0,0.7,0.0,0.0,0.2,0.1,0.0,0.0,0.9,0.0,0.8,0.0,0.0,0.0,0.0,0.0,0.0,0.0,1.0,1.4,0.0,0.1,0.4,0.0,0.1,0.0,0.1,0.0,0.4,0.4,0.0,0.0,0.0,0.0,0.1,1.5,0.0,0.0,0.1,0.0,0.0,0.0,0.9,0.0,1.5,0.0,0.0,0.0,7.7,3.4,0.0,2.8,2.3,0.0,1.0,0.8,0.9,6.1,1.3,0.8,0.7,0.6,1.4,15.0,2.1,1.3,1.8,0.2,3.1,0.7,6.7,0.8,0.6,2.0,2.0,0.2,2.0,0.6,1.4,0.9,0.8,0.0,2.7,2.7,3.3,8.6,1.8,1.9,3.2,3.9,1.5,0.0,0.2,1.4,2.3,0.9,0.6,7.8,1.4,0.9,0.8,2.1,1.9,4.3,1.6,0.2,0.7,2.1,2.7,0.1,21.3,12.8,0.1,1.9,1.4,1.0,1.9,0.7,0.0,0.2,0.0,0.0,0.0,0.0,7.4,0.1,33.9,0.0,0.0,0.0,2.2,0.0,0.3,0.1,1.3,0.0,1.5,0.0,0.0,0.0,17.6,0.0,0.2,9.6,1.0,2.0,0.7,0.0,3.1,1.0,1.1,0.1,1.5,1.0,0.0,0.0,0.0,0.0,0.0,0.0,0.0,1.8,1.5,0.5,0.6,2.7,0.0,0.0,0.0,3.2,0.0,0.0,0.4,0.2,0.0,1.1,0.2,0.0,0.0,0.0,10.7,2.1,0.4,0.2,3.4,0.4,2.0,0.0,0.5,1.6,0.7,0.0,0.0,0.1,5.4,0.8,1.2,0.0,0.0,0.0,0.5,0.0,0.0,0.0,0.0,7.7,0.0,0.0,0.0,0.0,0.0,0.0,0.0,0.8,0.0,5.7,4.2,0.0,1.2,0.0,0.0,0.0,0.2,0.0,0.0,0.0,0.0,0.0,0.0,0.0,0.0,0.0,8.2,2.4,0.1,1.5,1.4,0.4,0.7,0.0,1.3,0.0,0.9,0.0,503.5,0.7,0.4,0.0,0.0,0.0,1.9,1.9,0.0,0.2,0.0,0.0,0.0,0.1,0.0,0.2,0.1,0.0,1.0,0.0,0.0,0.1,0.1,0.0,0.0,5.8,2.8,0.0,0.1,13.9,0.0,1.0,0.0,0.0,0.0,1.4,1.2,0.1,0.4,12.9,0.0,0.0,2.2,0.3,34.8,0.0,7.8,0.1,0.0,0.4,0.0,2.4,0.0,1.2,0.3,0.8,8.1,0.0,0.0,5.6,0.0,0.0,0.0,3.3,0.0,0.3,0.0,0.0,0.3,0.4,0.0,2.2,0.0,0.0,0.0,6.1,0.0,0.1,1.4,0.0,0.0,0.0,0.0,0.0,0.0,0.7,0.0,0.0,0.0,0.0,0.0,0.0,0.0,0.1,0.2,0.0,0.0,0.1,2.2,0.0,0.0,0.0,0.0,0.0,0.0,0.0,0.0,0.0,0.0,0.0,0.0,0.1,0.0,0.0,0.0,0.0,0.1,0.0,0.0,0.0,0.0,0.1,0.1,0.0,0.0,0.0,0.0
106051_POS_SU,pos,Level 1,Metconazole,Anthropogenic,Pesticide / biocide,1.2,0.0,0.0,0.0,0.0,0.0,0.0,0.0,0.0,0.0,0.0,0.0,0.0,0.0,0.0,0.0,0.0,0.0,0.0,0.0,0.0,0.0,0.0,0.0,0.0,0.0,0.0,0.0,0.0,0.0,0.0,0.0,0.0,0.0,0.0,0.0,0.0,0.0,0.0,0.0,0.0,0.0,0.0,0.0,0.0,0.0,0.0,0.0,0.0,0.0,0.0,0.0,0.0,0.0,0.0,0.0,0.0,0.0,0.0,0.0,0.0,0.0,0.0,0.0,0.0,0.0,0.0,0.0,0.0,0.0,0.0,0.0,0.0,0.0,0.0,0.0,0.0,0.0,0.0,0.0,0.0,0.0,0.0,0.0,0.0,0.0,0.0,0.0,0.0,0.0,0.0,0.0,0.0,0.0,0.0,0.0,0.0,0.0,0.0,0.0,0.0,0.0,0.0,0.0,0.0,0.0,0.0,0.0,0.0,0.0,0.0,0.0,0.0,0.0,0.0,0.0,0.0,0.0,0.0,0.0,0.0,0.0,0.0,0.0,0.0,0.0,0.0,0.0,0.0,0.0,0.0,0.0,0.0,0.0,0.0,0.0,0.0,0.0,0.0,0.0,0.0,0.0,0.0,0.0,0.0,0.0,0.0,0.0,0.0,0.0,0.0,0.0,0.0,0.0,0.0,0.0,0.0,0.0,0.0,0.0,76.3,0.0,0.0,0.0,0.0,0.0,0.0,0.0,0.0,0.0,0.0,0.0,0.0,0.0,0.0,0.0,1.2,0.0,0.0,0.0,0.0,0.0,0.0,0.0,0.0,0.0,0.0,0.0,0.0,22.7,0.0,0.0,0.0,0.0,0.0,1.4,0.0,0.0,0.0,0.0,0.0,0.0,0.0,0.0,0.0,0.0,0.0,0.0,0.0,0.0,0.0,0.0,0.0,0.0,0.0,0.0,0.0,0.0,0.0,0.0,0.0,0.0,0.0,0.0,0.0,0.0,0.0,0.0,0.0,0.0,0.0,0.0,0.0,0.0,0.0,0.0,0.0,0.0,0.0,0.0,0.0,0.0,0.0,0.0,0.0,0.0,0.0,0.0,0.0,0.0,0.0,0.0,0.0,0.0,0.0,0.0,0.0,0.0,0.0,0.0,0.0,0.0,0.0,0.0,0.0,0.0,0.0,0.0,0.0,0.0,0.0,0.0,0.0,0.0,0.0,0.0,0.0,0.0,0.0,0.0,0.0,0.0,0.0,0.0,0.0,0.0,0.0,0.0,0.0,0.0,0.0,0.0,0.0,0.0,0.0,0.0,0.0,0.0,0.0,0.0,0.0,0.0,0.0,0.0,0.0,0.0,0.0,0.0,0.0,0.0,0.0,0.0,0.0,0.0,0.0,0.0,0.0,0.0,0.0,0.0,0.0,0.0,0.0,0.0,0.0,0.0,0.0,0.0,0.0,0.0,0.0,0.0,0.0,0.0,0.0,0.0,0.0,0.0,0.0,0.0,0.0,0.0,0.0,0.0,0.0,0.0,0.0,0.0,0.0,3.9,0.0,0.0,0.0,0.0,0.0,0.0,0.0,0.0,0.0,0.0,0.0,0.0,0.0,0.0,0.0,0.0,0.0,0.0,0.0,0.0,0.0,0.0,0.0,0.0,0.0,0.0,0.0,0.0,0.0,0.0,0.0,0.0,0.0,0.0,0.0,0.0,0.0,0.0,0.0,0.0,0.0,0.0,0.0,0.0,0.0,0.0,0.0,0.0,0.0,0.0,0.0,0.0,0.0,0.0,0.0,0.0,0.0,0.0,0.0,0.0,0.0,0.0,0.0,0.0,0.0,0.0,0.0,0.0,0.0,0.0,0.0
21105_POS_SU,pos,Level 1,Metformin,Anthropogenic,Pharmaceutical,8.1,0.0,0.0,0.0,0.0,0.0,0.0,0.0,0.0,0.0,0.0,0.0,0.0,0.0,0.0,0.0,0.0,0.0,0.0,0.0,0.0,0.0,0.0,0.0,0.0,0.0,0.0,0.0,0.0,0.0,0.0,0.0,0.0,0.0,0.0,0.0,0.0,0.0,0.0,0.0,0.0,0.0,0.0,0.0,0.0,0.0,0.0,0.0,0.0,0.0,0.0,0.0,0.0,0.0,0.0,0.0,0.0,0.0,0.0,0.0,0.0,0.0,0.0,0.0,0.0,0.0,0.0,0.0,0.0,0.0,0.0,0.0,0.0,0.0,0.0,0.0,0.0,0.0,0.0,0.0,0.0,0.0,0.0,0.0,0.0,0.0,0.0,0.0,0.0,0.0,0.0,0.0,0.0,0.0,0.0,0.0,0.0,0.0,0.0,0.0,0.0,0.0,0.0,0.0,0.0,0.0,0.0,0.0,0.0,0.0,0.0,0.0,0.0,0.0,0.0,0.0,0.0,0.0,0.0,0.0,0.0,1.4,0.0,0.0,0.0,0.0,0.0,0.0,0.0,0.0,0.0,0.0,0.0,0.0,0.0,0.0,0.0,0.0,0.0,0.0,0.0,0.0,0.0,0.0,0.0,0.0,0.0,0.0,0.0,0.0,0.0,0.0,0.0,0.0,0.0,0.0,0.0,0.0,0.0,0.0,0.0,0.0,0.0,0.0,0.0,0.0,0.0,0.0,0.0,0.0,0.0,0.0,0.0,0.0,0.0,0.0,0.0,0.0,0.0,0.0,0.0,0.0,0.0,0.0,0.0,0.0,0.0,0.0,0.0,0.0,0.0,0.0,0.0,0.0,0.0,0.0,0.0,0.0,0.0,0.0,0.0,0.0,0.0,0.0,0.0,0.0,0.0,0.0,0.0,0.0,0.0,0.0,0.0,0.0,0.0,0.0,0.0,0.0,0.0,0.0,0.0,0.0,0.0,0.0,0.0,0.0,0.0,0.0,0.0,0.0,0.0,0.0,0.0,0.0,0.0,0.0,0.0,0.0,0.0,0.0,0.0,0.0,0.0,0.0,0.0,0.0,0.0,0.0,0.0,0.0,0.0,0.0,0.0,0.0,0.0,0.0,0.0,0.0,0.0,0.0,0.0,0.0,0.0,0.0,0.1,0.0,0.0,0.0,0.0,0.0,0.0,0.0,0.0,0.0,0.0,0.0,0.0,0.0,0.0,0.0,0.0,0.0,0.0,0.0,0.0,0.0,0.0,0.0,0.0,0.0,0.0,0.0,0.0,0.0,0.0,0.0,0.0,0.0,0.0,0.0,0.0,0.0,0.0,0.0,0.0,0.0,0.0,0.0,0.0,0.0,0.0,0.0,0.0,0.0,0.0,0.0,0.0,0.0,0.0,0.0,0.0,0.0,0.0,0.0,0.0,1.3,0.0,0.0,0.0,0.0,0.0,0.0,0.0,0.0,0.0,0.0,0.0,0.0,0.0,0.0,0.0,0.0,0.0,0.0,0.0,0.0,0.0,0.0,0.0,0.0,0.0,0.0,0.0,0.0,0.0,0.0,0.0,0.0,0.0,0.0,0.0,0.0,0.0,0.0,0.6,0.0,0.0,0.0,0.0,0.0,0.0,1.9,1.8,0.0,0.0,1.9,2.3,2.3,1.8,0.0,0.0,0.0,0.0,0.0,0.0,0.0,0.0,0.0,0.0,0.0,0.0,0.0,0.0,0.0,0.0,0.0,0.0,1.5,1.4,2.0,1.9,2.1,2.0,2.1,1.4,1.9,1.5,1.3,1.7,1.7,1.6,2.0,1.4,1.7,2.0,2.2,2.3,2.2,4.5,2.1,1.7
69074_POS_SU,pos,Level 1,Monoisobutyl phthalate,Anthropogenic,Plasticizer / polymer additive,9.3,0.0,0.0,0.0,0.0,0.0,0.0,0.0,0.0,0.0,0.0,0.0,0.0,0.0,0.0,0.0,0.0,0.0,0.0,2.3,0.0,0.0,0.0,0.0,0.0,0.0,0.0,0.0,0.0,0.0,0.0,0.0,0.0,0.0,0.0,0.0,0.0,0.0,0.0,0.0,0.0,0.0,0.0,0.0,0.0,0.0,0.0,0.0,0.0,0.0,0.0,0.0,0.0,0.0,0.0,0.0,4.2,0.0,0.0,0.0,26.8,0.0,0.0,0.0,0.0,0.0,0.0,0.0,0.0,0.0,0.0,0.0,0.0,0.0,0.0,0.0,0.0,0.0,0.0,27.1,0.0,0.0,0.6,5.8,0.0,0.0,0.0,43.9,100.9,0.0,0.0,0.0,0.0,0.0,0.0,0.5,0.0,0.0,0.0,0.0,9.2,0.0,0.0,0.0,0.0,0.0,0.0,0.0,0.0,0.0,0.0,0.0,0.0,0.0,0.0,0.0,91.2,0.0,0.0,0.0,0.0,0.0,0.0,0.0,0.0,0.0,0.0,0.0,0.0,0.0,0.0,0.0,0.0,55.5,0.0,0.0,0.0,0.0,0.0,0.0,0.0,0.0,0.0,68.9,0.0,14.9,0.0,347.3,0.0,0.0,0.0,0.0,0.0,85.0,158.5,0.0,0.0,60.3,0.0,0.0,0.0,347.8,0.0,8.2,0.0,0.0,0.0,0.0,0.0,0.0,0.0,0.0,0.0,0.0,0.0,0.0,0.0,0.0,0.0,0.0,0.0,14.9,0.0,0.0,0.0,0.0,0.0,0.0,0.0,18.9,0.0,41.0,0.0,122.6,249.3,211.6,0.0,46.1,224.9,20.1,0.0,7.3,112.1,7.6,0.0,0.0,0.0,0.0,0.0,0.0,0.0,0.0,0.0,0.0,0.0,0.0,0.0,2150.9,0.0,0.0,0.0,0.0,0.0,0.0,0.0,0.0,0.0,0.0,0.0,0.0,0.0,0.0,0.0,0.0,0.0,0.0,0.0,0.0,4.3,0.0,0.0,0.0,0.0,0.0,0.0,0.0,0.0,0.0,0.0,0.0,0.0,0.0,0.0,9.1,0.0,0.0,0.0,0.0,0.0,0.0,0.0,0.0,0.0,0.0,0.0,0.0,0.0,0.0,0.0,0.0,0.0,0.0,0.0,0.0,0.0,0.0,0.0,0.0,0.0,0.0,0.0,0.0,0.0,0.0,0.0,0.0,0.0,0.0,0.0,0.0,0.0,0.0,0.0,0.0,22.9,0.0,0.0,0.0,0.0,0.0,0.0,0.0,0.0,0.0,0.0,0.0,0.0,0.0,0.0,0.0,0.0,0.0,0.0,0.0,0.0,0.0,0.0,0.0,0.0,0.0,0.0,0.0,0.0,0.0,0.0,0.0,0.0,0.0,0.0,0.0,0.0,0.0,0.0,0.0,0.0,7.9,0.0,0.0,29.1,0.0,0.0,0.0,0.0,0.0,0.0,0.0,0.0,0.0,0.0,0.0,0.0,0.0,0.0,0.0,0.0,0.0,0.0,0.0,0.0,0.0,0.0,0.0,0.0,0.0,0.0,0.0,0.0,0.0,0.0,0.0,0.0,0.0,0.0,0.0,0.0,0.0,0.0,0.0,0.0,0.0,0.0,0.0,0.0,0.0,0.0,0.0,0.0,0.0,0.0,3.0,0.0,0.0,0.0,0.0,0.0,0.0,0.0,0.0,0.0,0.0,0.0,0.0,0.0,0.0,0.0,0.0,0.0,0.0,0.0,0.0,0.0,0.0,0.0,0.0,0.0,0.0,0.0,0.0,0.0,0.0,0.0
56396_POS_SU,pos,Level 1,N-Ethyl toluenesulfonamide,Anthropogenic,Industrial chemical,71.2,0.1,0.0,1.2,0.1,0.6,0.0,8.4,1.4,1.2,0.0,0.4,0.1,1.4,0.4,0.3,4.6,1.2,2.2,1.8,0.3,0.0,0.1,0.3,0.0,1.7,0.3,0.3,1.5,5.3,0.7,4.9,0.0,0.4,0.0,0.4,0.2,1.5,0.0,0.7,0.7,0.3,0.2,0.4,0.0,1.4,0.1,3.5,0.2,1.2,0.0,1.1,0.0,1.3,0.0,1.2,0.6,1.2,0.4,6.3,0.6,1.3,0.0,0.7,0.2,0.6,0.1,1.5,0.0,1.5,0.3,3.2,0.0,0.5,0.0,0.2,0.0,1.3,0.0,3.6,0.0,0.3,0.6,1.0,0.2,1.6,0.0,1.0,1.8,0.6,0.0,0.4,0.5,6.5,0.2,1.2,0.2,1.0,0.3,2.5,0.1,0.5,0.0,1.0,0.0,1.5,0.0,0.3,0.0,2.4,0.0,2.7,0.0,4.1,0.1,0.5,0.1,0.2,0.1,1.0,0.0,3.2,0.1,0.1,0.0,2.2,0.0,1.2,0.0,0.9,0.1,1.0,0.2,1.9,0.4,0.2,0.2,1.2,0.0,0.6,0.1,1.2,0.0,0.5,0.1,1.3,0.0,4.1,0.7,1.6,0.0,3.6,4.0,7.2,19.2,5.9,2.7,11.2,1.0,0.6,2.1,93.6,1.0,1.5,1.4,1.3,0.0,1.0,0.0,19.0,0.0,0.6,0.0,4.6,0.0,1.0,0.0,0.0,0.0,2.4,0.1,1.9,0.1,2.1,0.7,0.7,0.1,0.9,0.0,1.2,0.1,5.8,0.0,2.1,3.3,10.3,0.0,5.1,2.9,5.6,2.1,4.1,3.6,0.7,1.3,0.5,0.0,0.0,0.0,0.0,0.0,0.3,1.0,0.2,0.0,1.3,0.0,1.7,0.0,0.3,0.0,0.7,0.0,0.1,0.0,0.9,0.0,1.5,0.3,0.0,0.0,0.5,0.0,0.0,0.0,0.0,0.1,0.3,0.3,0.0,0.0,0.5,0.5,0.7,0.0,1.8,0.0,0.3,0.8,0.0,0.4,0.2,0.0,0.1,0.0,0.0,0.1,0.1,0.0,0.2,0.1,0.0,0.1,0.0,0.0,0.0,0.0,0.6,0.0,0.0,0.0,0.5,0.8,1.9,0.9,2.2,1.4,1.4,0.0,1.0,0.8,0.5,0.1,1.1,0.1,2.3,0.0,2.9,0.7,3.6,0.4,1.6,0.1,2.1,1.2,0.4,0.0,0.8,0.0,3.0,0.3,1.9,0.1,1.2,0.1,0.3,0.0,1.2,0.2,1.5,0.0,0.8,0.3,1.3,0.1,0.2,0.0,0.8,0.0,0.0,0.0,0.0,0.9,0.1,3.5,0.0,1.7,0.8,0.1,0.0,3.3,0.0,0.3,0.0,0.6,0.1,0.7,0.3,1.6,0.0,0.8,0.3,0.5,0.1,1.6,0.1,0.2,2.9,0.3,0.3,0.7,0.1,0.4,0.1,10.2,0.2,1.0,0.4,0.1,0.3,0.2,0.2,0.3,0.1,0.6,0.0,0.2,0.0,1.1,0.1,0.4,4.5,0.0,0.4,0.0,1.5,0.0,1.7,0.9,1.3,0.0,1.9,0.0,1.3,0.0,6.6,0.3,4.4,0.0,0.2,0.0,0.6,0.0,0.9,0.0,1.3,0.0,0.0,4.4,1.6,0.0,1.3,0.0,4.9,0.0,3.1,0.0,0.1,0.0,1.5,0.0,0.2,0.0,1.2,0.0,0.8,0.0,1.0,0.2,0.8,0.0
86090_POS_SU,pos,Level 1,O-Desmethylvenlafaxine,Anthropogenic,Pharmaceutical,8.6,0.0,0.0,0.0,0.0,0.0,0.0,0.0,0.0,0.0,0.0,0.0,0.0,0.0,0.0,0.0,0.0,0.0,0.0,0.0,0.0,0.0,0.0,0.0,0.0,0.5,0.0,0.0,0.0,0.0,0.0,0.0,0.0,0.0,0.0,0.0,0.0,0.0,0.0,0.0,0.0,0.0,0.0,0.0,0.0,0.0,0.0,0.0,0.0,0.0,0.0,0.0,0.0,0.0,0.0,0.0,0.0,0.0,0.0,0.0,0.0,0.0,0.0,0.0,0.0,0.0,0.0,0.0,0.0,0.0,0.0,0.0,0.0,0.0,0.0,0.0,0.0,0.0,0.0,0.0,0.0,0.0,0.0,0.0,0.0,0.0,0.0,0.0,0.0,0.0,0.0,0.0,0.0,0.0,0.0,0.0,0.0,0.0,0.0,0.0,0.0,0.0,0.0,0.0,0.0,0.0,0.0,0.0,0.0,0.0,0.0,0.0,0.0,0.0,0.0,0.0,0.0,0.0,0.0,0.0,0.0,0.0,0.0,0.0,0.0,1.2,0.0,0.0,0.0,0.0,0.0,0.0,0.0,0.0,0.0,0.0,0.0,0.0,0.0,0.0,0.0,0.0,0.0,0.0,0.0,0.0,0.0,0.0,0.0,0.0,0.0,0.0,0.0,0.0,0.0,0.0,0.0,0.0,0.0,0.0,0.0,0.0,0.0,0.0,0.0,0.0,0.0,0.0,0.0,0.0,0.0,0.0,0.0,0.0,0.0,0.0,0.0,0.0,0.0,0.0,0.0,0.0,0.0,0.0,0.0,0.0,0.0,0.0,0.0,0.0,0.0,1.8,0.0,0.0,0.0,0.0,0.0,0.0,0.0,0.0,0.0,0.0,0.0,0.0,0.0,0.0,0.0,0.0,0.0,0.0,0.0,0.0,0.0,0.0,0.0,0.0,0.0,0.0,0.0,0.0,0.0,0.0,0.0,0.0,0.0,0.0,0.0,0.0,0.0,0.0,0.0,0.0,0.0,0.0,0.0,0.0,0.0,0.0,0.0,0.0,0.0,0.0,0.0,0.0,0.0,0.0,0.0,0.0,0.0,0.0,0.0,0.0,0.0,0.0,0.0,0.0,0.0,0.0,0.0,0.0,0.0,0.0,0.0,0.0,0.0,0.0,0.0,0.0,0.0,0.0,0.0,0.0,0.0,0.0,0.0,0.0,0.0,0.0,0.0,0.0,0.0,1.8,0.0,0.0,0.0,0.0,0.0,0.0,0.0,0.0,0.0,0.0,0.0,0.0,0.0,0.0,0.0,0.0,0.0,0.0,0.0,0.0,0.0,0.0,0.0,0.0,0.0,0.0,0.0,0.0,0.0,0.0,0.0,4.2,0.0,0.0,0.0,0.0,0.0,0.0,0.0,0.0,0.0,0.0,0.0,0.0,0.2,0.0,0.0,0.0,0.0,0.0,0.0,0.0,0.0,0.0,0.0,0.0,0.0,0.0,0.0,0.0,0.0,0.0,0.0,0.0,0.0,0.0,0.0,0.0,0.0,0.0,0.0,0.0,0.0,0.0,0.0,0.0,0.0,0.0,0.0,0.0,0.0,0.0,0.0,0.0,0.0,0.0,0.0,0.0,0.0,3.8,3.6,0.0,0.0,4.0,5.1,6.6,101.5,0.0,0.0,0.0,0.0,0.0,0.0,0.0,0.0,0.0,0.0,0.0,0.0,0.0,0.0,0.0,0.0,0.0,0.0,1.9,2.7,3.2,2.6,4.7,3.5,3.3,2.2,3.8,2.9,2.6,3.1,3.2,2.7,3.7,2.1,4.2,3.6,4.8,3.9,4.8,8.5,3.3,2.6
70613_POS_SU,pos,Level 1,Prometon,Anthropogenic,Pesticide / biocide,15.5,0.0,0.0,0.0,0.0,0.0,0.0,0.0,0.0,0.0,0.0,0.0,0.0,0.0,0.0,0.0,0.0,0.0,0.0,0.0,0.0,0.0,0.0,0.0,0.0,0.0,0.0,0.0,0.0,0.0,0.0,0.0,0.0,125.0,0.0,0.0,0.0,0.0,0.0,0.0,0.0,0.0,0.0,0.0,0.0,0.0,0.0,59.4,0.0,0.0,0.0,711.4,0.0,0.0,0.0,395.9,0.0,0.0,3.6,0.0,0.0,0.0,0.0,3.1,31.0,194.9,536.2,25.5,0.0,1.0,34.6,2509.2,50.2,40.4,40.9,0.0,0.0,0.0,0.2,96.0,0.0,0.0,0.0,25.3,1.4,0.4,0.0,598.6,0.0,43.0,1.5,654.0,80.8,14.9,45.8,884.1,0.0,34.5,0.0,1398.2,888.2,0.0,0.0,0.0,0.0,0.0,0.0,0.0,0.0,0.0,0.0,0.0,0.0,0.0,0.0,0.0,0.0,0.0,0.0,0.0,0.0,0.0,0.0,0.0,0.0,0.0,0.0,0.0,0.0,0.0,0.0,0.0,0.0,0.0,0.0,0.0,0.0,0.0,0.0,0.0,0.0,0.0,0.0,0.0,0.0,0.0,0.0,0.0,0.0,0.0,0.0,0.0,0.0,0.0,0.0,0.0,0.0,0.0,0.0,0.0,0.0,0.0,0.0,0.0,0.0,0.0,0.0,0.0,0.0,0.0,0.0,0.0,0.0,0.0,0.0,0.0,0.0,0.0,0.0,0.0,0.0,0.0,0.0,0.0,0.0,0.0,50.4,0.0,0.0,0.0,0.0,1.4,4.6,0.0,0.0,0.0,0.0,0.0,0.0,5.5,36.4,0.0,0.0,0.0,0.0,0.0,0.0,0.0,0.0,0.0,0.0,0.0,0.0,0.0,0.0,0.0,26.9,0.0,0.0,0.0,0.0,0.0,0.0,0.0,0.0,0.0,0.0,0.0,0.0,0.0,0.0,0.0,0.0,0.0,33.5,0.0,0.0,0.0,0.0,0.0,0.0,0.0,0.0,0.0,0.0,0.0,0.0,0.0,0.0,0.0,0.0,0.0,0.0,0.0,0.0,0.0,0.0,0.0,2.8,0.0,0.0,0.0,0.0,209.9,60.7,0.0,133.5,0.0,0.0,0.0,12.9,0.0,0.0,0.0,0.0,0.0,0.0,0.0,0.0,0.0,0.0,0.0,0.0,0.0,0.0,0.0,0.0,0.0,0.0,0.0,0.0,0.0,0.0,0.0,2.6,0.0,0.0,0.0,0.0,0.0,0.0,0.0,0.0,0.0,0.0,0.0,0.0,0.0,0.0,0.0,0.0,0.0,0.0,0.0,0.0,0.0,0.0,0.0,0.0,0.0,0.0,0.0,0.0,0.0,0.0,0.0,0.0,0.0,0.0,0.0,0.0,0.0,5.8,0.0,0.0,0.0,0.0,0.0,100.8,0.0,0.0,0.0,0.0,0.8,0.0,0.0,0.0,0.0,0.0,0.0,0.0,0.0,0.0,0.0,0.0,0.0,0.0,14.7,0.0,0.0,0.0,0.0,0.0,0.0,0.1,0.0,0.0,0.0,0.0,0.0,0.0,0.0,0.0,0.0,0.0,0.0,0.6,0.0,0.0,0.0,0.0,0.0,0.0,0.0,0.0,0.0,0.0,0.0,0.0,0.0,0.0,5.0,0.0,0.0,0.0,0.0,0.0,0.0,137.3,0.0,0.0,0.2,0.2,0.6,0.5,0.4,0.0,0.0,0.0,0.4,0.0,0.8,0.0,0.0,0.4,0.3,0.0,0.4,3.9,1.2,0.0
80557_POS_SU,pos,Level 1,Rupestonic acid,Natural,"Natural product – plant/fungal metabolites, terpenes, flavonoids, alkaloids, etc.",91.7,0.2,0.1,0.2,0.1,0.1,0.4,0.2,0.3,1.5,0.2,0.0,0.0,0.8,0.2,0.6,0.2,0.9,0.3,1.2,0.2,0.0,0.2,0.0,0.1,0.1,0.1,0.4,0.4,0.5,0.6,0.3,0.2,0.8,0.3,0.1,0.1,0.3,0.4,0.1,0.3,0.1,0.7,0.1,0.6,0.3,0.2,0.0,0.6,0.3,1.0,0.4,1.6,0.3,0.7,0.9,0.4,1.3,1.1,0.8,1.2,0.6,1.0,0.6,1.6,0.1,0.5,2.1,0.7,0.3,1.1,0.6,0.4,0.5,1.5,0.3,0.3,0.2,1.2,1.1,0.3,1.4,0.4,0.5,0.6,0.4,0.2,1.0,0.7,0.4,0.4,0.4,0.6,0.4,1.2,0.6,0.3,0.2,0.3,0.6,0.3,1.9,0.4,0.5,0.3,0.4,0.2,0.7,0.2,0.3,0.2,0.6,0.2,0.2,0.2,0.0,1.1,0.4,0.5,0.7,1.4,0.5,0.6,0.6,0.2,1.4,0.3,0.4,0.4,0.5,0.3,0.5,0.5,0.8,0.2,0.4,0.5,0.2,0.5,0.0,1.2,0.4,0.1,1.0,0.3,0.2,0.5,2.1,0.8,0.5,0.3,0.3,0.8,1.3,0.2,0.4,1.6,1.4,1.0,0.0,1.0,2.1,0.9,1.4,0.8,0.1,0.6,1.0,0.4,0.6,0.0,1.1,0.3,0.2,0.2,0.3,1.5,1.3,0.2,1.2,0.7,1.6,0.2,1.4,0.7,0.0,0.4,0.6,0.7,0.9,1.4,16.4,1.0,1.2,1.0,0.9,0.7,0.9,1.1,0.7,0.5,0.3,2.4,0.5,0.0,0.2,0.0,0.0,0.0,0.0,0.0,0.1,0.5,0.3,0.4,0.6,0.3,0.7,0.1,0.2,0.1,1.0,0.1,0.4,0.5,0.3,0.2,0.6,0.3,0.3,0.5,0.7,0.3,0.0,0.4,0.4,0.3,0.2,0.9,0.3,0.2,0.2,0.5,0.4,0.5,0.3,0.8,0.2,0.9,0.2,0.6,0.2,0.3,0.6,0.9,0.5,0.6,0.2,1.3,0.2,0.3,0.0,0.3,1.0,0.5,1.2,0.6,0.5,0.5,1.0,0.3,0.3,0.0,2.0,0.1,0.1,0.5,0.4,0.0,0.3,0.0,0.4,0.2,0.3,0.1,0.2,0.0,0.1,0.0,0.1,0.5,0.5,0.0,0.3,0.8,0.1,0.1,0.2,0.0,0.9,0.0,0.4,0.1,0.0,0.1,0.0,0.0,0.1,0.2,0.1,0.0,0.2,0.0,0.5,0.1,0.1,0.0,0.2,0.0,0.3,0.0,0.8,1.1,0.5,0.1,0.6,0.4,0.8,0.1,0.6,0.3,0.2,0.1,0.5,0.4,0.9,0.2,1.3,1.7,0.5,0.7,1.0,0.1,0.7,0.1,0.7,0.2,1.0,0.2,0.3,0.4,0.5,0.3,0.9,0.7,1.1,0.2,0.9,0.0,0.5,0.2,0.9,0.7,0.3,1.0,0.3,0.1,0.6,0.5,0.7,0.2,0.4,1.0,0.3,0.7,0.5,2.3,0.4,1.2,0.2,0.7,0.4,0.4,0.5,0.5,0.5,0.5,0.2,1.0,0.3,1.1,0.3,0.7,0.1,0.4,0.3,1.0,0.5,0.2,0.2,0.4,0.5,1.1,0.1,0.6,0.3,0.7,0.1,0.5,0.3,0.6,0.2,0.2,0.1,0.5,0.1,0.2,0.1,0.7,0.1,0.3
54217_POS_SU,pos,Level 1,Tetraethylene glycol,Anthropogenic,Alcohol / glycol / ether,80.2,686.4,0.0,973.9,0.0,2185.8,0.0,2903.2,0.0,2489.6,14.6,1093.8,71.6,5434.3,0.0,210.4,4.8,846.4,0.0,816.4,0.0,1985.4,1528.8,604.3,0.0,1580.4,0.0,1130.9,0.0,619.3,12.6,2002.6,61.6,1101.9,0.0,848.8,0.0,2539.7,0.0,2177.0,45.3,917.3,241.5,1248.2,0.0,3192.9,0.0,1071.7,0.0,2317.2,166.4,1098.7,7.7,2724.7,45.4,1657.2,0.0,3466.4,233.0,1780.6,342.2,1466.7,76.1,868.3,201.6,582.4,0.0,4786.1,0.0,1439.8,0.0,4438.0,0.0,2980.3,192.3,2785.9,0.0,2502.7,38.9,5469.7,0.0,2434.8,0.0,4136.5,0.0,3209.8,0.0,2192.7,68.6,969.0,0.0,3770.2,19.9,391.0,0.5,4245.3,0.0,3416.9,377.3,2981.6,252.0,1797.1,0.0,1322.7,0.0,2058.7,0.0,582.7,0.0,1776.7,0.0,2.9,0.0,8809.3,0.0,2003.3,142.7,948.0,0.0,918.9,155.3,2476.7,137.5,3570.0,0.0,6240.5,0.0,3128.0,26.6,5105.7,0.0,1556.1,450.0,7151.3,261.3,3500.6,7.6,5574.9,186.8,1117.1,1104.0,7280.7,0.0,1660.4,0.0,4449.2,133.9,345.7,474.2,915.7,646.3,321.8,96.9,1604.0,313.1,426.6,383.4,2178.6,68.4,302.0,17.9,1403.8,423.2,594.1,244.5,804.7,275.9,2097.1,37.5,110.5,0.0,2228.1,72.1,758.3,58.9,1880.1,77.4,609.3,0.0,3927.4,469.1,1481.9,191.4,2374.8,221.3,1895.7,457.7,2502.6,154.7,1481.0,259.6,1952.4,889.0,720.8,1034.3,344.6,395.1,3966.2,1198.0,719.3,328.5,420.7,2525.0,504.1,826.8,662.2,0.0,0.0,0.0,0.0,0.0,8585.1,0.0,2684.9,35.0,2603.7,62.5,3501.7,126.1,4510.9,28.3,10893.9,457.9,1422.5,0.0,2235.1,0.0,9218.5,0.0,2512.1,0.0,2593.4,156.8,0.0,0.0,363.0,1766.1,3710.7,576.5,4184.8,0.0,3733.2,72.9,3349.9,118.1,3727.3,167.9,2093.3,82.3,1145.2,941.4,2540.9,402.7,3202.7,14.5,369.7,490.8,4617.9,0.0,2107.1,136.1,252.8,32.5,4701.8,126.8,2713.5,252.7,5115.9,1263.1,3341.3,139.9,13111.0,0.0,1954.8,191.2,1377.0,1509.8,5403.8,98.0,4489.0,0.0,6664.4,0.0,5104.5,0.0,1445.6,0.0,4037.4,417.0,2237.7,798.5,3474.3,154.3,3902.5,1076.9,7272.7,248.3,1946.0,0.0,6893.1,273.8,2421.9,173.0,281.4,66.1,1489.8,0.0,1008.1,0.0,345.8,0.0,2002.6,0.0,1989.2,0.0,1078.2,0.0,874.9,0.0,1516.7,0.0,377.0,3632.4,608.8,1637.5,261.4,8176.1,312.5,1910.6,120.2,2290.9,121.2,1540.6,1048.3,1667.9,1401.3,1136.7,1034.1,3668.4,560.8,1184.2,717.4,1165.2,411.2,2207.8,893.0,4568.3,4974.3,1718.4,1719.6,3555.6,261.6,4120.7,601.9,3382.7,938.6,2292.5,2384.0,1906.7,927.8,6819.8,863.2,12904.6,548.1,2101.1,189.2,478.4,113.4,3672.4,990.4,988.3,3356.8,49.1,1363.5,0.0,12050.0,341.5,15608.7,5859.0,2700.5,0.0,7331.5,205.7,11218.8,0.0,7317.2,5.4,2093.3,194.0,14492.3,0.0,7099.1,731.0,2487.9,125.8,3969.5,86.8,0.0,6242.1,6029.4,0.0,5003.3,157.1,2864.6,0.0,4114.2,101.2,2162.9,0.0,4384.4,0.0,2886.1,0.0,3985.0,139.8,1586.6,0.0,1486.4,516.3,8737.5,0.0
87152_POS_SU,pos,Level 1,Tri-n-butyl phosphate,Anthropogenic,Flame retardant,76.0,41.9,0.0,51.8,7.2,756.8,2.8,6228.8,16.0,712.4,0.0,38.0,1.8,69.4,0.5,32.4,2.7,112.6,0.0,67.1,0.0,0.0,1.5,67.4,0.0,59.5,0.2,117.5,0.7,198.8,2.5,70.8,0.0,163.8,0.0,57.9,6.9,91.7,17.1,154.2,0.5,31.0,3.0,21.6,1.7,44.7,6.3,10.7,1.9,45.1,0.2,50.5,0.0,147.4,3.9,116.4,0.2,184.8,17.5,13.1,0.2,88.5,0.0,166.1,5.2,35.3,0.5,42.6,0.0,100.9,0.0,112.3,0.4,15.2,2.0,58.3,0.0,30.1,2.1,260.7,1.5,98.7,4.1,47.5,9.8,88.5,0.0,105.9,12.2,136.8,12.6,97.4,14.1,123.0,8.4,69.6,1.3,33.3,5.3,177.7,4.3,33.6,0.0,31.8,1.9,197.7,0.0,0.3,0.0,209.3,1.4,148.3,0.0,197.5,0.0,90.9,0.0,71.9,0.3,156.8,0.9,89.5,0.9,33.8,0.7,42.5,0.0,93.3,0.0,41.8,0.0,108.6,0.1,2043.5,92.4,96.9,0.0,116.0,0.0,54.3,0.9,241.1,0.0,43.8,0.0,30.1,0.4,215.1,4.0,20.3,0.0,31.6,0.0,60.9,5.5,11.6,0.0,100.9,0.0,12.7,0.0,14.9,0.0,73.2,0.0,77.2,0.0,30.9,1.2,20.3,0.0,408.4,0.0,41.0,0.0,119.1,0.0,10.5,0.0,44.6,0.3,92.1,0.0,98.0,3.6,29.2,0.0,31.2,0.1,37.8,1.1,149.8,1.2,396.7,7.0,75.9,2.7,60.5,1.8,36.9,2.8,36.9,84.2,16.3,43.1,22.3,0.0,0.0,0.0,0.0,0.0,43.2,0.0,71.0,0.0,28.6,0.0,145.1,0.0,34.3,0.0,353.5,0.5,64.2,0.0,49.2,0.0,36.6,0.0,48.8,0.0,200.2,4.7,0.0,0.0,2.6,81.0,124.1,11.9,48.3,0.0,77.6,1.7,59.5,0.0,545.0,23.1,50.2,2.5,20.3,0.5,83.2,1.8,84.9,6.0,6.2,0.0,75.6,0.4,73.2,0.0,41.6,0.0,45.9,6.1,65.6,0.0,60.8,6.8,17.1,0.0,37.5,0.0,364.4,0.1,208.5,108.9,90.7,0.0,262.5,2.3,93.4,0.0,53.5,0.0,43.3,0.0,256.7,7.9,151.1,6.5,117.3,0.0,16.3,5.0,136.0,0.0,280.0,0.6,106.0,0.0,225.6,0.0,47.2,0.0,54.9,0.0,57.4,0.0,732.3,1.6,56.6,0.0,181.8,0.0,83.2,0.0,538.2,0.0,14.9,0.0,1.9,99.4,2.9,74.5,10.5,155.3,5.6,46.7,8.1,144.2,2.8,272.2,1.8,89.0,5.9,132.6,6.1,293.3,4.3,137.7,17.1,234.5,14.8,77.6,22.9,232.0,12.4,78.1,3.8,101.8,4.1,337.5,8.1,92.1,7.4,56.4,8.4,124.3,8.4,212.2,12.1,129.7,15.2,177.6,10.0,92.4,1.2,96.5,22.7,52.8,108.2,0.0,1401.8,7.0,78.1,0.0,247.0,0.0,114.1,0.0,567.5,2.2,53.5,0.0,143.7,0.0,159.5,5.7,695.4,0.0,225.5,19.4,145.8,0.0,159.6,0.0,0.0,415.4,236.6,0.0,55.4,0.0,129.1,0.0,1099.0,11.8,81.9,0.0,252.7,0.0,73.5,0.0,210.8,0.0,301.1,0.0,59.4,17.9,197.9,0.0
121755_POS_SU,pos,Level 1,Tri-o-cresyl phosphate,Anthropogenic,Flame retardant,6.0,0.0,0.0,0.0,0.0,0.0,0.0,0.0,0.0,0.0,0.0,0.0,0.0,0.0,0.0,0.0,0.0,0.0,0.0,0.0,0.0,0.0,0.0,0.0,0.0,0.0,0.0,0.0,0.0,0.0,0.0,0.0,0.0,0.0,0.0,0.0,0.0,0.0,0.0,0.2,0.0,0.0,1.9,0.0,0.0,0.0,0.7,2.1,0.0,0.0,0.0,0.0,0.0,0.0,0.1,0.0,0.0,0.0,0.0,0.0,0.0,0.0,0.0,0.0,0.0,0.0,0.0,0.1,0.0,0.0,0.0,0.0,0.0,0.0,0.0,0.0,0.0,0.0,2.1,0.0,0.0,0.2,0.0,0.0,0.0,0.0,0.0,0.0,0.0,0.0,0.0,0.0,0.0,0.0,0.0,0.0,0.0,0.0,0.0,0.4,0.0,0.0,0.0,0.0,0.0,0.0,0.0,2.6,0.0,0.0,0.0,1.0,0.0,0.0,0.0,0.0,0.0,0.0,0.0,0.0,0.0,3.2,0.0,0.0,0.0,0.0,0.0,0.0,0.0,0.0,0.0,0.0,0.0,1.2,0.0,0.0,0.0,0.0,0.0,0.0,0.0,0.0,0.0,0.0,0.0,0.0,0.0,3.7,0.0,0.0,0.0,0.0,0.0,0.0,0.0,0.0,0.0,0.0,0.0,0.0,0.0,0.0,0.0,0.0,0.0,0.0,0.0,0.0,0.0,0.0,0.0,0.0,0.0,0.0,0.0,0.0,0.0,0.0,0.0,0.0,0.0,0.0,0.0,0.0,0.0,0.0,0.0,0.0,0.0,0.0,0.0,0.0,0.0,0.0,0.0,0.0,0.0,0.0,0.0,9.0,0.0,0.0,0.0,0.0,0.0,0.0,0.0,0.0,0.0,0.0,0.0,0.0,0.0,0.0,0.0,0.0,0.0,0.0,0.0,0.0,0.0,0.0,0.0,0.0,0.0,0.0,0.0,0.0,0.0,0.0,0.0,0.0,0.0,0.0,0.0,0.0,0.0,0.0,0.0,0.0,0.0,0.0,0.0,0.0,0.0,0.0,0.0,0.0,0.0,0.0,0.0,0.0,0.0,0.0,0.0,0.0,0.0,0.0,0.0,0.0,0.0,0.0,0.0,0.0,0.0,0.0,0.0,0.0,0.0,0.0,0.0,0.0,0.0,0.0,0.0,0.0,0.0,0.0,0.0,0.0,0.0,0.0,0.0,0.0,0.0,0.0,0.0,0.0,0.0,0.0,0.0,0.0,0.0,0.0,0.0,0.0,0.0,0.0,0.0,0.0,0.0,0.0,0.0,0.0,0.0,0.0,0.0,0.0,0.0,0.0,0.0,0.0,0.0,0.0,0.0,0.0,0.0,0.0,0.0,0.0,0.0,0.0,0.2,0.0,0.0,0.4,0.0,0.0,0.0,0.0,0.0,0.0,0.0,0.0,0.0,0.0,0.0,2.0,0.0,0.0,0.0,0.0,0.0,0.0,0.6,2.3,0.0,0.0,2.6,0.0,0.0,0.0,1.7,0.0,0.0,0.0,0.0,0.0,0.0,0.0,0.0,0.0,0.0,0.0,0.0,0.0,0.0,0.0,0.9,0.0,0.0,2.6,0.0,0.0,0.0,0.0,0.0,0.0,0.0,0.0,0.0,0.0,0.0,0.0,0.0,0.0,0.0,0.0,0.0,0.0,0.0,0.0,0.0,0.0,0.0,0.0,0.0,0.0,0.0,0.0,0.0,0.0,0.0,0.7,0.0,0.0,0.0,0.0,0.0,0.0,0.0,0.0,0.0,0.0,0.0,0.0,0.0,0.0,0.0,0.0,0.0
32360_POS_SU,pos,Level 1,Triethylene glycol,Anthropogenic,Alcohol / glycol / ether,87.9,65.8,2.0,105.9,6.9,74.6,5.7,209.7,1.8,71.6,0.0,61.5,0.0,47.8,9.6,43.9,0.0,67.8,0.0,86.9,0.5,137.2,25.3,41.5,0.0,26.1,0.0,20.1,0.0,120.2,8.0,46.7,0.2,45.5,4.9,19.3,0.6,84.2,0.0,52.4,12.8,18.2,15.6,52.7,0.0,127.7,0.1,11.6,0.0,77.3,8.2,47.8,9.9,64.5,9.6,53.2,26.2,103.8,20.3,64.1,22.5,55.8,8.5,36.0,14.2,48.9,12.0,83.9,5.0,140.1,3.5,122.0,5.9,80.7,5.4,77.0,0.0,78.4,4.4,239.9,3.2,64.1,6.8,74.9,1.5,74.4,3.1,90.7,8.1,48.9,0.0,67.8,7.8,19.4,4.7,118.4,0.0,101.4,21.3,92.5,16.8,34.1,0.0,22.5,0.0,44.0,0.0,29.9,0.0,62.1,0.0,286.2,0.4,108.2,0.4,50.2,6.2,20.0,0.0,19.9,8.4,47.5,11.8,51.4,0.0,48.4,0.0,91.6,0.0,61.4,0.0,36.9,11.3,156.3,9.7,106.8,0.0,93.1,0.0,37.6,12.8,120.8,0.0,34.6,0.0,87.4,0.7,112.1,10.1,55.3,2.6,21.2,12.6,36.0,7.0,19.2,9.3,48.5,9.1,27.5,815.7,34.6,7.9,24.1,13.3,28.0,1.8,32.0,8.4,28.0,1.0,51.6,0.0,112.3,5.1,32.2,1129.5,9.3,18.3,97.2,19.3,149.2,10.5,33.4,9.1,43.2,10.1,28.6,6.1,160.8,333.6,0.0,23.9,46.6,28.4,95.8,21.3,271.8,28.1,34.2,16.8,75.2,34.5,67.1,22.3,25.7,0.0,0.0,0.0,0.0,0.0,64.5,65.5,39.0,9.0,33.0,4.2,220.2,21.9,93.2,24.0,93.6,8.7,41.7,7.9,77.4,0.0,76.0,25.7,47.1,55.8,43.4,5.0,0.0,32.8,0.3,32.1,48.0,15.6,21.6,6.7,36.3,2.9,49.7,8.4,51.9,4.7,44.9,6.7,16.1,18.4,41.3,9.7,30.4,19.6,58.1,13.2,76.3,16.5,34.4,11.4,6.9,7.4,51.2,3.0,78.1,35.7,38.8,29.0,42.6,0.2,78.0,1.6,70.6,0.8,15.3,13.6,82.0,0.0,42.7,1.2,79.8,0.7,77.6,0.0,11.6,0.0,47.4,2.0,34.8,0.9,39.7,2.7,34.8,3518.4,54.4,0.0,17.2,0.0,59.7,0.7,27.7,0.0,4.2,0.0,40.6,0.0,46.9,1.2,49.5,0.0,25.7,0.9,30.8,0.0,22.3,0.0,35.7,0.0,135.4,0.0,15.6,53.6,29.9,31.9,9.6,74.2,20.7,36.3,14.7,95.5,3.7,96.5,39.7,103.5,125.1,35.6,11.3,312.3,11.9,31.6,13.1,72.9,16.8,36.0,49.2,46.5,33.4,45.8,43.4,70.1,8.1,208.4,46.8,371.4,32.3,144.9,36.1,172.8,26.3,158.9,30.0,184.8,28.4,171.6,9.9,29.0,10.0,75.5,35.1,29.7,80.3,6.7,53.2,8.4,150.1,6.6,119.2,133.4,92.0,8.0,148.5,20.4,129.0,31.4,105.1,10.2,95.8,16.8,158.7,14.4,226.9,48.9,62.2,11.4,77.3,3.1,0.0,72.0,81.9,18.2,93.9,25.2,66.4,3.1,80.8,18.7,65.7,4.1,68.9,14.4,56.2,11.2,98.1,10.5,145.7,0.0,75.9,56.3,113.0,15.9
95861_POS_SU,pos,Level 1,Trimethoprim,Anthropogenic,Pharmaceutical,5.5,0.0,0.0,0.0,0.0,0.1,0.0,0.0,0.0,0.0,0.0,0.0,0.0,0.0,0.0,0.0,0.0,0.0,0.0,0.0,0.0,0.0,0.0,0.0,0.0,0.0,0.0,0.0,0.0,0.0,0.0,0.0,0.0,0.0,0.0,0.0,0.0,0.0,0.0,0.0,0.0,0.0,0.0,0.0,0.0,0.0,0.0,0.0,0.0,0.0,0.0,0.0,0.0,0.0,0.0,0.0,0.0,0.0,0.0,0.0,0.0,0.0,0.0,0.0,0.0,0.0,0.0,0.0,0.0,0.0,0.0,0.0,0.0,0.0,0.0,0.0,0.0,0.0,0.0,0.0,0.0,0.0,0.0,0.0,0.0,0.0,0.0,0.0,0.0,0.0,0.0,0.0,0.0,0.0,0.0,0.0,0.0,0.0,0.0,0.0,0.0,0.0,0.0,0.0,0.0,0.0,0.0,0.0,0.0,0.0,0.0,0.0,0.0,0.0,0.0,0.0,0.0,0.0,0.0,0.0,0.0,0.0,0.0,0.0,0.0,0.0,0.0,0.0,0.0,0.0,0.0,0.0,0.0,0.0,0.0,0.0,0.0,0.0,0.0,0.0,0.0,0.0,0.0,0.0,0.0,0.0,0.0,0.0,0.0,0.0,0.0,0.0,0.0,0.0,0.0,0.0,0.0,0.0,0.0,0.0,0.0,0.0,0.0,0.0,0.0,0.0,0.0,0.0,0.0,0.0,0.0,0.0,0.0,0.0,0.0,0.0,0.0,0.0,0.0,0.0,0.0,0.0,0.0,0.0,0.0,0.0,0.0,0.0,0.0,0.0,0.0,0.0,0.0,0.0,0.0,0.0,0.0,0.0,0.0,0.0,0.1,0.0,0.0,0.0,0.0,0.0,0.0,0.0,0.0,0.0,0.0,0.0,0.0,0.0,0.0,0.0,0.0,0.0,0.0,0.0,0.0,0.0,0.0,0.0,0.0,0.0,0.0,0.0,0.0,0.0,0.0,0.0,0.0,0.0,0.0,0.0,0.0,0.0,0.0,0.0,0.0,0.0,0.0,0.0,0.0,0.0,0.0,0.0,0.0,0.0,0.0,0.0,0.0,0.0,0.0,0.0,0.0,0.0,0.0,0.0,0.0,0.0,0.0,0.0,0.0,0.0,0.0,0.0,0.0,0.0,0.0,0.0,0.0,0.0,0.0,0.0,0.0,0.0,0.0,0.0,0.0,0.0,0.0,0.0,0.0,0.0,0.0,0.0,0.0,0.0,0.0,0.0,0.0,0.0,0.7,0.0,0.0,0.0,0.0,0.0,0.0,0.0,0.0,0.0,0.0,0.0,0.0,0.0,0.0,0.0,0.0,0.0,0.0,0.0,0.0,0.0,0.0,0.0,0.0,0.0,0.0,0.3,0.0,0.0,1.6,1.7,0.0,0.0,0.8,0.0,0.0,0.3,4.5,8.1,0.0,0.0,0.0,2.3,0.0,0.0,0.0,0.0,0.0,0.9,0.0,0.0,2.0,87.5,0.0,2.9,0.0,0.0,2.8,0.0,0.0,0.0,0.0,3.0,1.9,0.0,0.0,0.3,0.9,0.2,0.0,0.0,1.4,0.0,0.0,0.0,1.7,0.0,0.0,0.0,0.0,0.0,0.0,0.0,0.0,0.0,0.0,0.0,0.0,0.0,0.0,0.0,0.0,0.0,0.0,0.0,0.0,0.0,0.0,0.0,0.0,0.0,0.0,0.0,0.0,0.0,0.0,0.0,0.0,0.0,0.0,0.0,0.0,0.0,0.0,0.0,0.0,0.0,0.0,0.0,0.0,0.0,0.0,0.0,0.0,0.0,0.0
108417_POS_SU,pos,Level 1,Triphenyl phosphate,Anthropogenic,Flame retardant,49.0,0.0,0.0,0.5,0.0,0.6,0.0,4.9,0.0,6.2,0.0,0.2,0.0,2.4,0.0,0.0,0.0,5.5,0.0,21.1,5.6,0.0,0.0,0.0,0.0,0.2,0.0,0.0,0.0,0.0,0.0,0.0,0.0,2.8,0.0,0.0,0.0,0.0,0.0,5.0,0.0,0.0,4.0,0.0,0.0,4.4,3.5,11.5,0.0,0.0,0.0,778.4,325.5,5.5,1.7,11.2,0.0,23.0,1.1,4.8,2.4,45.7,0.0,1.7,0.3,1.7,0.4,9.4,0.0,5.6,0.6,7.1,0.0,4.9,3.4,8.8,0.0,0.1,0.0,61.5,0.0,2.5,0.0,1.0,0.0,15.8,0.0,27.3,0.9,12.8,0.0,0.8,0.0,11.2,1.0,4.3,0.0,0.8,0.0,7.7,0.0,4.2,0.0,0.0,0.0,11.2,0.0,34.4,0.0,79.1,0.0,57.1,0.0,14.0,0.0,5.2,4.1,0.0,0.9,9.2,0.0,12.6,0.0,6.6,0.0,29.4,0.0,1.8,0.0,2.7,0.0,41.1,0.7,41.4,0.0,2871.6,3.7,10.2,0.0,9.2,0.7,0.1,0.0,116.6,0.0,6.6,0.0,24.6,5.9,0.9,0.2,0.0,0.0,0.0,0.0,0.0,0.0,0.2,0.0,0.0,0.0,5.4,0.0,0.0,0.0,0.0,0.0,0.0,0.7,0.0,0.0,2.7,0.0,0.0,0.0,1.6,0.0,1.6,0.0,0.0,0.0,2.1,0.0,2.4,1.1,0.0,0.0,2.7,0.0,0.5,1.5,1.7,0.0,0.4,0.0,6.1,0.4,0.8,0.0,2.2,0.0,0.0,0.0,0.5,0.0,0.0,0.0,0.0,0.0,0.0,0.0,0.0,0.0,0.3,0.0,0.0,0.0,0.0,0.0,3.7,0.0,2.6,0.0,3.2,0.0,0.5,0.0,1.4,0.0,9.8,0.0,10.9,0.0,0.0,0.0,0.0,5.0,2.2,0.0,11.5,0.0,1.3,0.3,0.0,0.0,0.9,0.0,0.0,0.0,0.0,0.0,3.5,0.0,7.0,0.0,0.0,0.0,0.1,0.0,0.0,0.0,0.2,0.0,0.0,0.0,0.0,0.0,0.0,0.0,0.0,0.0,0.0,0.0,7.1,0.0,6.7,0.0,0.6,0.0,1.9,0.0,14.1,0.0,0.0,0.0,0.3,0.0,8.1,0.0,0.0,0.0,1.6,0.0,2.4,0.0,0.5,0.0,0.0,0.0,3.1,0.0,0.0,0.0,0.3,0.0,8.7,0.0,2.7,0.0,8.2,0.0,1.9,0.0,4.3,0.0,29.1,0.0,2.4,0.0,0.0,0.0,2.0,4.6,0.7,1.8,2.5,11.9,2.1,0.0,0.7,9.4,0.0,4.0,0.9,5.1,4.3,7.2,6.0,5.0,4.2,4.0,1.0,21.3,2.0,0.0,11.8,5.8,0.8,12.5,6.1,3.1,0.4,11.6,0.6,8.5,3.9,0.7,2.9,1.4,1.5,10.7,2.2,0.4,2.6,2.9,0.0,4.4,1.6,14.0,3.5,5.1,2.3,0.0,0.1,0.0,1.1,1.0,1.7,0.0,4.3,0.0,1.7,0.0,1.4,0.0,3.4,0.0,0.9,0.0,1.8,0.0,12.8,0.0,7.3,0.0,1.0,0.0,0.0,2.0,0.6,0.0,1.4,0.0,1.2,0.0,1.6,0.0,0.0,0.0,0.2,0.0,0.0,0.0,0.0,0.0,2.7,0.0,2.8,0.0,3.7,0.0
93354_POS_SU,pos,Level 1,Tris(2-chloroethyl) phosphate,Anthropogenic,Flame retardant,19.5,0.0,0.0,0.0,0.0,0.0,0.0,20.4,0.0,0.0,0.0,0.0,0.0,0.0,0.0,0.0,0.0,0.0,0.0,0.0,0.0,0.0,0.0,0.0,0.0,0.0,0.0,0.0,0.0,0.0,0.0,26.2,0.0,0.0,0.0,0.0,0.0,0.0,0.0,0.0,0.0,0.0,0.0,0.0,0.0,0.0,0.0,0.0,0.0,0.0,0.0,0.0,0.0,0.0,0.0,0.0,0.0,0.0,0.0,0.0,0.0,57.9,0.0,0.0,0.0,0.0,0.0,0.0,0.0,3.6,0.0,0.0,0.0,0.0,0.0,0.0,0.0,0.0,0.0,0.0,0.0,0.0,0.0,0.0,0.0,0.0,0.0,0.0,0.0,0.0,0.0,0.0,0.0,0.0,0.0,0.0,0.0,0.0,0.0,0.0,0.0,0.0,0.0,0.0,0.0,0.0,0.0,6.4,0.0,0.0,0.0,0.0,0.0,5.6,0.0,0.0,0.0,0.0,2.7,0.0,0.0,17.8,0.0,708.3,0.0,0.0,0.0,0.0,0.0,0.0,0.0,1.7,25.6,65.9,0.0,0.0,0.0,17.6,0.0,13.6,0.0,27.4,0.0,0.0,7.3,24.0,0.0,0.0,720.3,0.0,8.7,0.0,0.0,0.0,0.0,0.0,0.0,5.7,0.0,0.0,0.0,0.0,0.0,0.0,0.0,0.0,0.0,0.0,0.0,0.0,0.0,0.0,0.0,0.0,0.0,0.0,0.0,0.0,0.0,0.0,0.0,0.0,0.0,0.0,0.0,0.0,0.0,0.0,0.0,0.0,0.0,11.5,0.0,0.0,0.0,0.0,0.0,0.0,0.0,43.2,0.0,0.0,0.0,0.0,0.0,0.0,0.0,0.0,0.0,0.0,0.0,126.2,65.9,0.0,0.0,0.0,0.0,81.1,53.5,163.2,0.0,66.7,30.2,10.3,0.0,0.0,0.0,16.5,75.2,32.8,0.0,46.5,810.9,0.0,0.0,406.9,27.6,0.0,84.5,45.5,17.6,16.9,1.2,0.0,0.0,0.0,0.0,0.0,0.0,0.0,0.0,0.0,0.0,211.8,42.9,382.2,172.9,0.0,126.8,0.0,0.0,0.0,0.0,0.0,0.0,0.0,0.0,0.0,0.0,0.0,0.0,0.0,0.0,0.0,1187.4,18.0,17.3,0.0,0.0,34.1,0.0,16.3,10.1,29.8,23.6,0.0,0.0,7.4,0.0,8.2,0.0,55.5,0.0,0.0,50.9,0.0,0.0,0.0,0.0,102.8,0.0,0.0,0.0,67.8,205.8,0.0,0.0,0.0,0.0,0.0,0.0,0.0,0.0,0.0,0.0,0.0,0.0,0.0,0.0,0.0,0.0,0.0,0.0,0.0,0.0,0.0,34.7,0.0,0.0,0.0,0.0,0.0,0.0,0.0,0.0,0.0,0.0,0.0,988.6,0.0,0.0,0.0,42.7,0.0,0.0,0.0,0.0,57.2,0.0,0.0,0.0,0.0,2.5,0.0,0.0,0.0,138.3,0.0,0.0,0.0,0.0,0.0,0.0,0.0,0.0,0.0,0.0,0.0,0.0,0.0,0.0,0.0,0.0,0.0,14.4,0.0,0.0,0.0,0.0,24.4,0.0,89.1,0.0,49.8,36.1,0.0,0.0,0.0,0.0,0.0,0.0,0.0,0.0,74.7,0.0,247.4,0.0,0.0,0.0,18.8,0.0,0.0,0.0,0.0,0.0,23.6,0.0,2.9,0.0,126.9,3.0,0.0,0.0,6.2,0.0,0.0,0.0,4.1,0.0,0.0,0.0
136232_POS_SU,pos,Level 1,Tris(2-ethylhexyl) phosphate,Anthropogenic,Flame retardant,8.6,0.0,0.0,0.0,0.0,0.1,0.0,0.0,0.0,0.0,0.0,0.0,0.6,0.0,0.0,0.0,0.0,0.0,0.0,0.0,0.0,0.0,0.0,0.0,0.0,0.0,0.0,9.8,0.0,0.4,0.0,0.0,0.0,0.0,0.0,0.0,0.0,0.0,0.0,0.0,0.0,0.0,0.0,0.0,0.0,0.0,0.0,0.0,0.0,0.0,0.0,0.0,0.0,0.1,0.0,0.0,0.0,0.0,0.7,0.0,0.0,0.0,0.0,0.0,0.0,0.0,0.0,0.0,0.0,0.0,0.0,0.5,0.0,0.0,0.0,0.0,0.0,0.0,0.7,0.1,0.0,0.0,0.0,1.5,0.0,0.0,0.0,0.0,1.7,0.0,0.0,0.0,0.1,0.0,0.0,0.0,0.0,0.0,0.0,0.0,0.0,4.8,0.7,0.0,0.0,0.0,0.0,2.2,0.0,0.0,0.0,0.5,0.0,0.0,0.0,0.0,0.0,0.0,0.0,0.0,0.0,0.0,0.0,0.0,0.0,0.0,0.0,0.5,0.0,0.0,0.0,0.0,0.0,1.0,0.0,3.0,0.0,0.0,0.0,0.0,0.9,0.0,0.0,0.0,0.0,0.0,0.0,0.0,0.0,0.0,0.0,1.2,0.0,0.0,0.0,0.0,0.0,0.0,0.0,0.0,0.0,0.0,0.0,0.0,0.0,0.0,0.0,0.0,0.0,0.0,0.0,0.0,0.0,0.0,0.0,0.0,0.0,0.0,0.0,0.0,0.0,2.1,0.0,19.8,0.1,0.0,0.0,0.0,0.0,0.0,0.0,0.2,0.0,0.0,0.0,0.0,0.0,0.0,0.0,0.0,0.0,0.0,0.0,0.0,0.0,0.0,0.0,0.0,0.0,0.0,0.0,0.0,0.0,0.0,0.0,0.0,0.0,0.0,0.0,0.0,0.0,0.0,0.0,0.0,0.0,0.0,0.0,0.0,0.0,0.0,0.0,0.0,0.0,0.0,0.0,0.0,0.0,0.0,0.0,0.0,0.0,0.0,1.3,0.0,0.0,0.0,0.0,0.0,0.0,0.0,0.0,0.0,0.0,0.0,0.0,0.0,0.0,0.0,0.0,0.0,0.0,0.0,0.0,0.0,0.0,0.0,0.0,0.0,0.0,0.0,0.0,0.0,0.0,0.0,0.0,0.0,0.0,0.0,0.0,0.0,0.0,0.0,0.0,0.0,0.0,0.0,0.0,0.0,0.0,0.0,0.0,0.0,0.0,0.0,0.0,0.0,0.0,0.2,0.0,0.0,0.0,0.0,0.0,0.0,0.0,0.0,0.0,0.0,0.0,0.0,0.0,0.0,0.0,0.0,0.0,0.0,0.0,0.0,0.0,0.0,0.0,1.0,1.3,0.0,0.0,0.0,0.0,0.0,0.0,0.0,0.0,0.0,0.0,0.0,0.2,0.0,0.0,0.0,0.0,0.0,0.0,0.0,0.0,0.0,0.0,1.7,0.0,0.0,0.0,0.0,0.0,0.0,0.0,2.1,0.0,1.6,0.0,0.1,0.0,0.0,0.0,0.0,0.0,0.0,0.0,0.0,0.0,0.0,0.0,0.0,0.0,0.0,0.3,0.0,0.0,0.0,0.0,0.0,0.0,0.0,0.0,0.0,0.0,0.0,0.0,0.0,0.0,0.0,0.0,0.0,0.0,0.0,0.0,0.0,0.0,0.0,0.0,0.5,0.0,0.0,0.0,0.0,0.0,0.0,0.0,0.0,0.0,0.0,0.0,0.0,0.0,0.0,0.0,0.0,0.0,0.0,0.0,0.0,0.0,0.0,0.0
3035_POS_SU,pos,Level 2,2-Hydroxypyridine,Anthropogenic,Pharmaceutical,97.6,2.2,0.6,1.5,2.6,1.1,2.7,5.4,1.9,1.4,0.6,1.1,0.7,3.0,3.1,0.3,0.9,2.7,1.8,1.4,2.1,2.0,3.1,0.5,1.4,0.8,0.4,2.2,1.2,8.4,6.0,1.4,1.1,1.2,1.5,1.7,0.8,1.0,0.3,0.4,2.4,0.0,1.8,0.2,0.4,1.3,3.1,1.5,0.2,0.9,0.3,6.1,2.5,0.9,1.9,2.7,0.7,2.5,0.9,0.8,4.1,0.6,1.3,1.1,1.9,0.1,1.2,1.0,1.5,1.2,2.2,2.4,0.7,3.2,2.0,0.9,0.9,1.2,6.3,5.0,1.8,0.8,1.1,1.3,1.9,1.3,2.8,1.2,1.1,0.6,0.6,1.3,1.8,0.7,8.0,5.1,3.8,1.0,1.1,3.1,1.7,0.8,5.6,2.6,5.9,1.5,1.9,0.6,4.5,2.6,2.2,2.5,2.2,22.4,3.5,1.9,2.7,3.8,3.3,1.1,5.9,1.3,3.7,0.9,2.9,29.3,4.2,1.1,1.7,1.8,1.3,1.9,2.4,3.9,2.7,1.8,2.6,0.5,3.9,1.1,3.9,1.7,0.9,1.6,4.7,0.8,2.4,2.8,3.0,0.4,1.9,3.3,6.5,4.1,1.8,5.5,4.3,1.8,6.4,1.8,212.3,1.6,4.3,2.2,2.4,1.0,4.7,1.1,3.0,4.4,1.8,3.7,2.5,5.6,1.8,12.6,184.0,0.8,9.0,4.1,4.0,7.5,2.2,1.5,3.0,1.8,5.8,2.5,3.1,3.9,42.8,0.9,3.8,11.2,4.7,12.0,2.4,11.9,3.2,3.2,1.6,10.2,7.6,12.7,0.8,2.0,0.0,0.0,0.0,0.0,0.0,2.5,8.7,1.1,11.0,7.3,9.3,20.0,2.2,6.8,5.2,4.6,5.4,2.8,8.0,2.8,4.3,7.4,2.7,2.5,18.6,1.4,6.2,0.0,8.0,6.1,1.3,2.6,4.0,2.1,4.5,2.7,8.5,6.4,9.9,3.5,3.7,1.8,7.9,2.2,4.2,1.8,4.8,3.4,14.7,5.7,3.8,2.6,3.4,3.0,5.9,1.5,3.9,4.0,7.7,7.9,18.8,2.2,2.0,2.6,4.6,0.7,2.7,1.5,4.5,1.8,1.0,1.2,3.5,1.1,2.2,1.5,3.2,2.4,2.0,0.9,4.4,1.8,2.5,1.7,3.2,1.6,4.8,2.5,464.2,1.6,2.7,2.1,2.6,1.8,3.4,1.7,3.6,0.7,1.1,0.9,7.2,0.3,5.3,1.0,1.4,0.9,2.5,0.5,2.2,0.8,4.3,0.8,4.4,7.1,1.8,3.6,1.7,5.8,0.7,1.6,3.1,3.6,1.0,2.5,3.9,0.6,0.2,1.7,1.2,16.0,0.7,2.3,9.7,1.5,0.7,2.6,1.8,1.7,0.2,4.0,0.5,1.2,0.6,1.5,1.8,1.2,4.5,3.2,11.2,1.3,0.6,1.7,2.1,2.0,4.1,1.2,2.3,1.5,10.4,2.5,3.9,1.0,2.4,1.5,0.9,3.1,0.0,1.1,0.0,2.2,0.2,4.0,0.2,3.2,0.2,1.7,0.6,2.1,0.5,2.4,1.0,2.5,0.9,4.3,0.5,2.1,0.0,1.7,0.1,0.8,1.1,0.2,3.6,3.9,0.3,0.5,1.0,0.9,0.1,0.6,0.7,1.8,0.1,0.6,0.3,2.0,0.5,2.3,0.8,1.3,0.4,2.0,0.2,6.0,0.2
5233_POS_SU,pos,Level 2,2-Piperidone,Anthropogenic,Industrial chemical,94.5,21.7,2.6,35.8,5.1,18.6,9.8,214.2,8.6,854.0,3.4,18.8,2.4,448.0,4.4,6.2,0.5,77.5,0.2,15.6,2.9,43.6,3.3,15.1,0.2,10.9,0.0,31.4,1.2,45.9,10.3,30.9,0.3,13.6,4.5,13.1,6.5,17.2,0.0,44.3,7.2,11.8,3.6,13.7,1.0,66.6,3.7,6.7,3.1,57.7,9.8,80.5,11.5,29.8,8.3,13.5,9.6,51.4,9.1,14.3,7.7,41.3,3.8,44.5,9.3,40.9,7.7,24.2,6.6,33.9,12.1,133.5,16.0,42.0,3.8,10.7,2.3,22.3,6.6,126.7,3.3,60.5,7.4,38.6,9.3,46.2,3.7,29.6,4.2,18.6,3.0,20.4,7.8,18.8,10.1,19.4,1.9,22.6,2.5,24.9,1.4,28.5,2.1,8.0,12.3,20.3,1.8,13.1,15.4,23.8,2.5,40.5,2.2,106.0,2.4,13.4,1.1,13.6,6.3,23.9,7.4,54.2,4.4,14.9,3.0,14.0,2.6,64.5,1.8,8.8,1.4,33.2,4.2,33.9,7.8,51.3,1.7,23.8,2.9,8.9,7.4,24.4,0.0,7.1,3.7,14.4,0.8,42.2,3.6,25.3,6.8,14.9,5.5,27.9,5.8,33.4,6.2,34.2,6.0,8.6,226.6,36.5,8.8,28.0,2.6,9.2,2.2,3.8,3.7,27.6,1.0,40.4,1.3,37.6,1.1,100.5,398.8,8.9,12.9,55.0,3.1,87.0,0.8,35.0,2.7,16.8,3.9,10.3,4.3,74.8,87.1,18.7,5.4,29.0,18.4,60.2,1.9,272.8,10.6,15.2,5.0,52.0,31.6,94.5,9.5,10.7,0.0,0.0,0.0,0.0,0.0,13.8,3.1,13.6,1.9,27.2,4.0,161.1,0.2,19.2,0.6,119.9,3.8,7.4,2.3,19.4,0.0,27.3,2.5,16.6,14.3,13.2,3.7,0.0,11.1,1.3,29.4,18.5,3.6,6.6,3.0,47.1,3.4,5.4,2.8,12.4,2.8,206.4,16.4,14.8,11.3,42.2,5.4,13.1,11.0,23.3,8.0,12.8,8.2,10.4,9.4,18.2,14.2,227.0,8.2,16.1,21.8,37.0,15.3,8.9,3.9,7.4,0.0,40.2,0.5,28.9,7.5,8.7,0.0,15.6,1.9,27.3,0.8,18.8,0.1,10.4,0.0,147.2,12.6,6.8,1.2,10.1,1.1,11.4,1246.1,12.7,0.0,22.3,2.2,66.7,1.0,17.9,0.0,16.3,0.0,16.9,0.0,13.0,2.0,20.1,0.4,8.9,2.7,19.4,0.0,56.3,0.2,2.7,1.2,34.5,0.0,11.4,15.3,12.3,17.4,5.3,26.1,12.2,22.7,10.9,156.0,1.9,16.9,7.9,23.0,51.6,17.4,6.8,124.9,7.1,26.6,6.0,47.6,7.7,16.9,20.8,23.0,9.7,17.6,7.8,32.6,5.1,60.1,9.2,147.0,12.5,225.7,9.9,28.3,9.3,13.1,6.6,18.4,20.8,346.1,2.8,29.2,4.6,18.9,10.4,20.1,34.2,1.1,19.1,0.0,58.1,5.1,95.5,3.0,8.2,0.0,50.1,0.2,111.3,0.0,120.6,1.4,42.9,2.8,50.7,0.7,46.8,7.3,47.7,1.1,39.6,1.7,0.6,55.2,474.4,3.7,31.0,3.0,296.1,2.3,23.9,2.5,54.9,0.9,24.5,1.0,34.9,0.6,52.5,0.0,73.4,0.4,29.3,14.3,78.7,0.7
5300_POS_SU,pos,Level 2,Cyclohexylamine,Anthropogenic,Industrial chemical,45.0,0.3,0.0,0.0,0.0,0.0,0.0,0.4,0.0,0.0,0.0,0.4,0.0,0.0,0.0,0.0,0.0,1.2,0.0,1.3,0.0,5.0,0.0,1.6,0.0,0.0,0.0,0.0,0.0,0.5,0.0,0.0,0.0,0.4,0.0,0.0,0.0,0.0,0.0,0.6,0.0,0.1,0.0,0.3,0.0,0.5,0.0,0.0,0.0,0.1,0.0,0.2,0.0,0.0,0.0,0.4,0.0,0.0,0.0,0.0,0.0,0.3,0.0,0.0,0.0,0.7,0.0,0.0,0.0,0.0,0.4,0.7,0.0,0.0,0.0,0.0,0.0,0.0,0.0,0.3,0.0,0.0,0.1,0.0,0.0,0.1,0.0,0.0,0.0,0.0,0.0,0.0,0.0,0.0,0.0,0.0,0.0,0.0,0.1,0.6,0.0,1.9,0.0,0.6,0.0,3.7,0.0,2.0,0.0,3.1,0.0,0.7,0.0,6.5,0.1,0.5,0.0,2.3,0.2,1.1,0.1,4.7,1.4,1.1,0.2,0.9,0.0,0.4,0.0,3.0,0.0,0.4,0.7,0.5,0.0,1.7,0.1,0.1,0.0,0.0,0.0,0.3,0.2,0.4,0.0,0.2,0.0,0.4,2.3,0.1,11.4,6.4,1.1,15.7,2.8,2.1,0.5,6.8,0.6,7.5,22.4,9.7,0.5,3.8,1.0,1.5,0.0,0.0,0.2,0.0,0.0,0.4,0.0,0.8,0.0,0.0,11.7,0.0,0.2,8.4,0.0,1.0,0.0,0.2,0.0,0.0,0.0,0.0,0.0,0.5,6.6,0.0,0.0,9.9,6.6,18.8,0.0,21.7,3.7,4.9,1.0,7.9,18.9,2.7,2.4,8.9,0.0,0.0,0.0,0.0,0.0,0.1,0.0,0.0,0.0,0.0,0.0,3.1,0.0,0.4,0.0,0.1,0.0,0.0,0.0,0.8,0.0,0.0,0.0,0.1,0.9,7.8,0.1,0.0,0.0,0.0,1.8,0.2,0.4,0.0,0.0,0.7,2.1,0.0,0.8,2.0,0.0,0.3,1.9,0.6,2.3,0.0,1.2,0.2,0.2,1.0,0.2,0.3,0.6,0.2,0.9,1.2,2.1,0.6,0.4,3.2,2.0,0.5,0.3,0.0,0.0,0.0,0.0,1.8,0.2,0.4,2.1,0.2,0.0,0.0,0.0,0.7,0.0,1.1,0.0,0.1,0.0,0.2,1.0,0.3,0.0,0.1,0.0,0.4,39.8,0.2,0.0,1.5,0.0,2.2,0.2,1.5,0.0,0.5,0.1,0.6,0.0,0.0,0.0,0.6,0.0,0.0,0.0,1.1,0.0,1.1,0.0,0.7,0.0,0.7,0.0,0.0,0.2,0.4,0.0,0.0,0.0,0.0,0.0,0.0,0.0,0.0,0.0,0.0,0.0,3.4,0.0,0.0,8.6,0.0,0.0,0.2,0.2,0.0,0.0,0.6,0.0,2.4,0.1,0.1,0.0,0.0,0.3,0.0,1.4,0.5,0.0,0.0,0.9,0.0,0.0,0.0,0.0,0.0,0.0,0.0,0.0,0.0,0.0,0.0,0.0,0.0,0.2,0.0,0.0,0.0,0.0,0.2,0.9,0.0,0.0,0.6,0.2,0.0,0.2,0.0,0.0,0.0,0.3,0.0,0.1,0.0,0.0,0.0,0.0,0.0,0.2,0.0,0.0,0.0,0.0,0.0,0.2,0.0,0.0,0.0,0.2,0.3,0.0,0.9,0.0,0.3,0.2,0.0,0.0,0.0,0.0,0.0,0.0,0.0,0.0
7407_POS_SU,pos,Level 2,Choline chloride,Both,Food additive / flavor / vitamin,78.1,8.7,20.2,32.6,23.1,3.8,33.6,18.4,27.8,0.0,53.1,0.1,0.1,3.6,20.8,0.0,3.0,54.9,7.5,24.5,21.8,16.4,14.0,0.0,7.3,32.0,5.3,0.3,22.8,1.9,75.1,5.5,41.9,23.7,118.7,6.4,126.9,4.3,58.7,1.0,161.2,4.6,161.0,5.9,119.2,16.7,176.7,0.0,306.5,8.6,259.4,11.6,132.2,36.1,47.0,1.7,42.9,2.8,43.3,0.0,88.0,0.0,49.6,2.4,56.9,0.0,38.5,0.0,17.7,7.0,336.8,4.2,28.3,0.0,13.8,2.1,45.8,0.0,37.6,40.8,37.9,0.0,11.1,0.6,11.8,67.8,18.3,0.0,21.3,0.9,43.2,0.0,13.4,8.0,14.4,0.0,14.6,6.5,5.0,26.0,8.2,17.8,12.1,3.2,8.5,0.0,4.1,31.6,2.7,0.0,20.9,22.2,29.5,20.4,97.8,0.9,10.5,0.1,8.4,11.5,39.8,3.2,42.9,2.1,11.6,0.0,6.6,1.3,3.5,0.3,33.9,0.0,5.1,0.9,3.8,7.3,18.5,0.0,3.6,0.0,10.5,0.0,1.1,0.0,3.3,1.3,15.6,23.7,10.5,3.8,3.0,10.4,195.2,22.1,28.9,16.0,214.6,40.1,202.1,3.3,7202.4,8.5,80.1,13.5,111.4,19.0,71.4,23.7,76.0,66.8,39.1,7.6,80.6,35.9,97.1,6.1,5710.9,10.9,400.1,31.2,79.6,227.1,22.5,43.4,115.8,1.1,33.0,22.9,140.4,61.3,2323.9,0.0,158.2,12.8,76.3,41.3,67.1,51.4,44.6,39.8,79.5,66.4,47.6,48.0,8.2,0.0,0.0,0.0,0.0,0.0,0.0,9.1,40.8,0.0,37.8,4.5,11.3,0.0,30.2,9.1,43.8,4.5,0.0,0.0,78.6,0.9,19.4,0.0,49.6,0.0,125.2,0.0,41.9,0.7,16.6,30.2,0.2,0.0,44.6,0.1,58.8,0.0,75.1,1.2,33.1,0.0,38.2,0.0,394.7,0.6,83.6,13.4,145.1,8.4,282.7,8.4,204.9,3.4,262.5,0.7,122.3,0.8,303.6,29.6,139.6,30.0,293.9,1.4,20.4,0.7,165.8,0.0,0.0,0.0,0.0,0.0,0.0,0.0,0.0,3.4,0.0,0.0,0.0,0.0,0.0,5.9,0.0,0.0,0.0,0.1,0.0,0.0,3.1,0.0,451.3,0.0,0.0,0.0,0.0,0.0,0.0,1.7,0.0,0.0,0.0,0.0,0.0,0.0,0.0,0.0,0.0,0.0,0.0,1.1,4.8,0.1,0.0,0.0,0.0,5.1,0.0,231.0,36.4,238.1,0.1,97.4,1.8,199.6,5.5,156.3,16.3,82.2,6.0,107.4,11.6,2040.3,4.9,255.9,44.7,268.5,2.2,317.5,2.7,201.2,0.0,262.0,2.0,217.5,15.6,72.2,15.8,104.1,22.8,147.1,122.0,282.8,11.2,170.4,39.8,111.4,2.2,124.5,9.6,46.7,11.9,69.0,2.8,132.1,26.9,80.2,3.5,0.0,43.1,0.0,38.7,2.6,91.6,0.0,150.6,1.4,36.7,8.5,9.9,5.5,10.9,5.1,32.6,0.0,18.4,5.2,33.3,4.9,2.3,0.0,3.7,0.0,57.3,19.1,0.0,8.0,89.4,0.2,94.3,22.8,24.9,0.0,71.4,1.1,42.8,0.0,29.9,0.0,16.3,7.4,23.0,2.7,8.2,0.0,31.0,9.3,4.7
8473_POS_SU,pos,Level 2,Diethanolamine,Anthropogenic,Surfactant / detergent,53.6,93.8,0.0,5.7,0.0,0.1,0.0,9.4,0.0,0.0,0.0,0.0,0.0,0.0,0.0,9.4,0.0,1.2,0.0,37.3,0.0,0.0,0.0,0.0,0.0,1.7,0.0,0.0,0.0,6.6,0.7,0.0,0.0,6.4,0.0,0.0,0.0,0.0,0.0,3.6,0.0,2.1,0.0,8.8,0.0,3.2,0.0,2.1,0.0,0.0,0.0,3.2,0.0,5.6,0.0,3.8,0.0,2.1,0.0,0.0,0.0,0.0,0.0,7.7,0.0,0.0,0.0,7.7,0.0,13.8,0.0,18.7,0.0,9.7,0.0,2.4,0.0,33.6,0.0,13.8,0.0,0.3,0.0,1.0,0.0,0.0,0.0,0.0,0.0,1.5,0.0,1.1,0.6,0.0,0.0,6.3,0.0,16.8,0.0,3.3,0.0,10.8,13.7,3.8,15.0,0.0,9.2,3.5,7.1,1.4,6.3,7.4,8.0,20.1,8.6,30.0,20.2,0.2,8.8,0.9,8.2,14.1,7.5,21.7,7.8,5.0,8.7,1.8,2.2,4.9,20.9,9.1,29.0,3.9,4.4,4.9,3.3,13.5,2.6,6.0,9.1,3.6,2.5,2.8,12.3,13.2,22.5,2.5,11.9,6.8,20.1,0.0,0.0,0.9,0.0,0.0,0.0,0.0,0.0,0.0,38.3,0.0,0.0,0.2,0.0,0.0,0.0,0.0,0.0,0.0,0.0,23.5,0.0,0.0,0.0,10.6,43.6,0.4,0.0,8.1,0.0,5.7,0.0,0.1,0.0,25.2,3.3,1.5,0.0,8.1,1.3,0.0,0.0,0.0,0.0,0.0,0.0,5.4,0.0,0.0,0.0,0.4,0.0,0.0,0.0,0.0,0.0,0.0,0.0,0.0,0.0,4.6,4.4,0.0,1.8,10.6,6.2,0.0,0.0,2.1,0.4,11.5,4.9,0.0,1.6,17.8,4.3,1.8,1.1,4.6,38.7,10.3,2.6,5.2,5.6,1.9,5.1,1.4,8.1,3.3,4.0,0.0,15.2,2.7,2.1,4.2,6.6,4.6,0.0,1.5,6.8,10.1,1.1,1.6,0.0,28.3,0.0,3.5,0.0,3.1,2.5,1.5,3.1,2.4,3.3,13.8,21.5,15.6,7.8,11.4,3.5,0.0,4.6,7.3,6.2,0.3,1.5,3.3,0.8,1.6,0.8,0.0,1.0,3.5,2.3,0.0,0.2,0.0,0.0,0.0,3.9,1.2,0.2,2.2,549.4,2.4,3.4,1.1,4.3,3.1,4.1,0.0,0.2,0.0,19.2,8.4,5.9,0.0,7.5,2.7,6.8,0.1,7.8,3.5,7.5,0.0,10.4,8.8,5.1,5.7,4.5,0.0,4.1,0.0,3.5,0.0,0.0,0.0,0.0,0.0,0.0,0.0,0.0,0.0,2.3,0.0,0.0,0.0,14.5,0.0,0.0,0.0,0.0,0.0,0.0,0.0,3.0,0.0,0.3,0.0,4.2,0.0,23.6,0.0,14.8,0.0,0.0,0.0,0.0,0.0,3.0,0.0,0.0,0.0,2.5,0.0,0.0,0.0,5.8,0.0,2.4,2.3,0.0,0.1,0.0,5.3,0.0,0.4,0.0,0.0,0.0,9.6,0.0,6.4,0.0,0.3,0.0,0.6,0.0,1.5,0.0,7.1,0.7,0.6,0.0,0.0,0.0,0.0,3.0,0.0,0.0,0.6,0.0,2.7,0.0,9.0,0.0,0.0,0.0,2.8,0.0,0.0,0.0,0.0,0.0,0.0,0.0,0.3,0.0,2.6,0.0
8931_POS_SU,pos,Level 2,3-hydroxybenzyl alcohol,Natural,"Natural product – plant/fungal metabolites, terpenes, flavonoids, alkaloids, etc.",1.2,0.0,0.0,0.0,0.0,0.0,0.0,0.0,0.0,0.0,0.0,0.0,0.0,0.0,0.0,0.0,0.0,0.0,0.0,0.0,0.0,0.0,0.0,0.0,0.0,0.0,0.0,0.0,0.0,0.0,0.0,0.0,0.0,0.0,0.0,0.0,0.0,0.0,0.0,0.0,0.0,0.0,0.0,0.0,0.0,0.0,0.0,0.0,0.0,0.0,0.0,0.0,0.0,0.0,0.0,0.0,0.0,0.0,0.0,0.0,0.0,0.0,0.0,0.0,0.0,0.0,0.0,0.0,0.0,0.0,0.0,0.0,0.0,0.0,0.0,0.0,0.0,0.0,0.0,0.0,0.0,0.0,0.0,0.0,0.0,0.0,0.0,0.0,0.2,0.0,0.0,0.0,0.0,0.0,0.0,0.0,0.0,0.0,0.0,0.0,0.0,0.0,0.0,0.0,0.0,0.0,0.0,0.0,0.0,0.0,0.0,0.0,0.0,0.0,0.0,0.0,0.0,0.0,0.0,0.0,0.0,0.0,0.0,0.0,0.0,0.0,0.0,0.0,0.0,0.0,0.0,0.0,0.0,0.0,0.0,0.0,0.0,0.0,0.0,0.0,0.0,0.0,0.0,0.0,0.0,0.0,0.0,0.0,0.0,0.0,0.0,0.0,0.0,0.0,0.0,0.0,0.0,0.0,0.0,0.0,0.0,0.0,0.0,0.0,0.0,0.0,0.0,0.0,0.0,0.0,0.0,0.0,0.0,0.0,0.0,0.0,0.0,0.0,0.0,0.0,0.0,0.0,0.0,0.0,0.0,0.0,0.0,0.0,0.0,0.0,0.0,26.6,0.0,0.0,0.0,0.0,0.0,0.0,0.0,0.0,0.0,0.0,0.0,0.0,0.0,0.0,0.0,0.0,0.0,0.0,0.0,0.0,0.0,0.0,0.0,0.0,0.0,0.0,0.0,0.0,0.0,0.0,0.0,0.0,0.0,0.0,0.0,0.0,0.0,0.0,0.0,0.0,0.0,0.0,0.0,0.0,0.0,0.0,0.0,0.0,0.0,0.0,0.0,0.0,0.0,0.0,0.0,0.0,0.0,0.0,0.0,0.0,0.0,0.0,0.0,0.7,0.0,0.0,0.0,0.0,0.0,0.0,0.0,0.0,0.0,0.0,0.0,0.0,0.0,0.0,0.0,0.0,0.0,0.0,0.0,0.0,0.0,0.0,0.0,0.0,0.0,0.0,0.0,0.0,0.0,0.0,0.0,0.0,0.0,0.0,0.0,0.0,0.0,0.0,0.0,0.0,0.0,0.0,0.0,0.0,0.0,0.0,0.0,0.0,0.0,0.0,0.0,0.0,0.0,0.0,0.0,0.0,0.0,0.0,0.0,0.0,0.0,0.0,0.0,0.0,0.0,0.0,0.0,0.0,0.0,0.0,0.0,0.0,0.0,0.0,0.0,0.0,0.0,0.0,0.0,0.0,0.0,0.0,1.3,0.0,0.0,0.0,0.0,0.0,23.1,0.0,0.0,0.0,0.0,0.0,0.0,0.0,0.0,0.0,0.0,0.0,0.0,0.0,0.0,0.0,0.0,0.0,0.0,0.0,0.0,0.0,0.0,0.0,0.0,0.0,0.0,0.0,0.0,0.0,0.0,0.0,0.0,0.0,0.0,0.0,0.0,0.0,0.0,0.0,0.0,0.0,0.0,0.0,0.0,0.0,0.0,0.0,0.0,0.0,0.0,0.0,0.0,0.0,0.0,0.0,0.0,0.0,0.0,0.0,0.0,0.0,0.0,0.0,0.0,0.0,0.0,0.0,0.0,0.0,0.0,0.0,0.0,0.0,0.0,0.0,0.0
9543_POS_SU,pos,Level 2,Benzylamine,Natural,"Natural product – plant/fungal metabolites, terpenes, flavonoids, alkaloids, etc.",44.5,0.0,2.9,2.6,3.2,3.5,4.5,0.9,1.7,2.7,5.5,0.8,0.1,15.1,1.6,0.9,1.0,2.2,2.2,0.8,1.2,2.4,3.1,2.9,1.8,4.2,1.7,6.9,3.1,0.0,6.3,20.0,0.0,2.0,2.0,1.6,2.9,3.3,1.3,0.0,2.6,3.1,4.8,1.6,1.9,11.1,5.2,3.9,2.1,3.7,1.0,0.0,0.0,0.8,0.0,0.0,0.0,0.1,0.0,0.0,0.0,0.0,0.0,0.2,0.2,0.0,0.0,0.0,0.0,0.0,0.0,0.4,0.0,0.0,0.0,0.0,0.0,0.0,0.0,2.6,0.0,0.0,0.0,0.2,1.0,20.7,1.3,1.5,0.0,0.0,0.0,3.7,0.0,0.0,2.3,2.9,0.9,0.0,0.0,0.8,0.0,1.6,2.0,8.1,6.0,4.2,0.3,0.3,2.5,5.1,0.7,0.0,0.6,9.3,1.1,0.0,1.0,6.2,1.7,3.7,1.8,1.1,1.1,0.0,0.5,19.5,1.8,3.5,0.4,2.3,1.1,0.6,1.5,2.5,0.9,1.1,0.5,0.0,0.0,3.0,4.1,0.0,0.0,0.0,2.6,0.0,0.0,0.0,2.1,1.5,1.1,0.0,1.0,2.8,0.6,0.7,1.2,0.8,0.0,1.8,0.0,0.3,1.4,0.0,0.0,0.0,0.0,0.0,0.0,0.0,0.4,0.0,0.0,0.0,0.0,73.3,0.0,5.2,0.0,0.0,0.2,0.0,0.0,0.0,0.0,2.1,3.5,2.3,0.0,0.0,0.0,0.8,0.0,0.0,0.0,0.0,0.0,0.2,0.0,0.0,0.0,0.0,0.1,0.0,0.0,2.3,0.0,0.0,0.0,0.0,0.0,2.2,0.0,0.1,0.0,1.0,0.0,0.0,0.0,0.7,0.0,19.0,0.0,0.0,0.0,0.0,0.0,0.5,0.0,0.0,1.5,0.0,0.0,0.0,0.0,0.7,0.0,0.0,0.0,2.1,0.0,0.1,0.0,0.3,0.0,0.0,0.0,0.0,0.0,0.0,0.4,0.4,0.7,0.0,0.0,0.8,0.2,0.8,0.4,0.0,0.0,0.7,0.1,1.3,0.0,1.2,0.6,0.0,0.0,5.6,0.9,2.2,0.0,0.0,0.0,0.0,0.9,0.0,0.0,0.5,0.0,0.1,0.0,0.5,0.0,0.3,0.0,0.0,0.0,0.0,0.1,1.8,0.0,1.2,1.2,1.8,2.1,0.0,0.4,2.1,1.6,0.6,0.4,0.0,0.0,0.0,0.0,0.0,0.0,0.0,0.0,0.0,0.0,0.2,0.0,0.0,0.0,0.0,0.0,0.1,0.0,0.0,0.3,0.0,0.0,0.0,0.0,0.0,0.3,0.0,0.0,0.0,1.7,0.0,0.0,1.0,1.7,0.0,23.3,0.0,0.1,0.0,0.0,0.0,0.0,0.7,0.0,0.5,0.0,0.4,2.8,0.0,0.0,0.0,0.0,0.0,0.0,0.0,0.0,0.0,0.0,0.0,0.0,0.0,0.0,0.0,7.1,0.0,15.5,0.0,0.0,0.0,0.0,0.0,0.0,0.2,0.0,0.0,0.0,0.0,0.0,0.6,0.0,0.0,0.0,6.0,0.0,0.0,0.0,0.5,0.0,0.1,0.0,6.0,0.0,4.0,0.0,0.0,4.8,0.3,0.0,0.0,0.0,0.0,0.0,0.0,0.0,0.0,0.0,0.0,0.0,0.0,0.0,0.0,0.0,0.0,0.0,0.0,0.0,0.0,0.0
10552_POS_SU,pos,Level 2,3-Pyridinemethanol,Natural,"Natural product – plant/fungal metabolites, terpenes, flavonoids, alkaloids, etc.",91.2,1.1,0.4,1.6,0.9,0.2,1.7,0.9,0.4,0.1,0.2,0.1,0.4,0.6,0.5,0.1,0.1,0.4,0.3,1.2,0.4,1.3,0.8,0.7,0.2,0.4,0.1,0.2,0.6,0.9,6.1,0.5,0.1,0.6,0.6,0.2,0.4,1.0,0.7,1.9,2.0,0.2,3.7,0.4,0.4,3.7,6.1,0.3,2.6,0.5,2.0,1.4,0.8,0.8,0.9,0.4,0.6,0.5,0.9,0.3,1.1,0.8,0.7,0.3,0.7,1.0,0.3,0.7,0.4,2.7,0.8,0.7,0.3,0.6,0.3,0.5,0.3,0.4,0.8,2.2,0.9,0.9,1.2,1.4,0.5,0.9,1.3,1.5,0.9,2.1,0.3,1.2,0.9,0.3,1.2,0.6,0.4,0.3,0.3,0.2,0.3,0.6,0.6,0.7,1.3,0.3,0.4,0.5,0.7,1.4,0.4,0.4,0.2,2.4,0.7,0.6,0.3,1.6,0.5,0.3,0.8,1.5,0.3,0.4,0.2,2.0,0.4,0.2,0.2,0.9,0.6,0.3,0.3,0.1,0.2,1.0,0.3,0.6,0.4,0.2,0.5,0.5,0.2,0.3,0.4,0.2,0.4,0.5,0.5,0.2,0.3,1.0,0.9,2.0,0.6,0.4,1.5,1.1,1.9,0.0,77.6,1.0,1.6,0.7,2.3,0.2,0.8,0.7,0.7,1.1,1.0,1.9,1.0,2.0,0.7,2.7,46.9,0.8,4.5,1.8,1.2,4.0,0.9,1.0,14.7,1.1,1.4,0.8,2.3,2.3,11.4,1.0,1.9,2.2,2.1,1.6,0.4,1.3,2.2,1.0,0.8,1.5,2.3,2.4,0.6,0.5,0.0,0.0,0.0,0.0,0.0,0.0,0.7,0.3,0.8,0.3,1.4,3.9,0.3,0.1,0.3,0.8,1.0,0.2,0.7,0.7,0.3,0.5,0.8,0.3,1.8,0.7,0.7,0.0,1.5,0.7,0.4,0.1,1.3,0.1,0.9,0.5,1.2,0.1,1.3,0.7,0.7,0.1,1.7,0.1,0.7,0.3,0.8,0.1,2.0,1.0,1.9,0.4,2.3,0.1,0.8,0.1,1.5,0.6,0.7,1.4,5.0,0.3,0.1,0.1,0.5,0.0,0.2,0.3,0.3,0.0,0.1,0.1,0.2,0.1,0.0,0.0,0.5,0.1,0.3,0.1,0.1,0.6,0.2,0.1,0.1,0.3,0.2,0.1,45.0,0.0,0.5,0.2,0.1,0.1,0.1,0.2,0.1,0.2,0.2,0.1,0.1,0.0,0.5,0.0,0.0,0.3,0.3,0.3,0.3,0.0,0.1,0.0,0.2,0.9,0.2,2.0,0.8,1.9,0.8,0.8,0.4,1.6,0.3,2.2,1.8,0.5,0.8,0.7,0.9,7.3,0.5,0.9,3.2,1.4,0.8,1.2,2.2,1.2,1.1,1.0,0.6,1.1,1.0,0.5,0.7,0.5,0.5,1.2,5.6,1.3,0.6,0.7,0.8,1.0,0.0,0.6,0.5,0.5,3.1,0.7,1.0,0.3,1.1,1.0,0.1,0.4,0.7,0.5,0.0,1.3,0.3,0.4,0.5,0.1,0.0,0.5,0.0,0.4,0.0,0.6,0.1,0.7,0.0,0.4,0.0,0.7,0.2,0.8,0.0,0.4,0.0,0.0,0.2,0.4,0.0,0.3,0.0,0.1,0.0,0.2,0.0,0.3,0.0,0.4,0.0,0.4,0.1,0.6,0.0,0.6,0.0,0.2,0.1,0.6,0.0
10560_POS_SU,pos,Level 2,2-Aminophenol,Anthropogenic,Industrial chemical,78.1,0.0,0.0,0.0,3.2,12.0,2.8,2.5,0.0,0.0,0.1,0.0,12.5,21.9,0.0,0.0,0.0,0.0,7.5,0.0,0.0,0.0,4.6,0.0,1.6,23.4,0.0,34.9,5.6,15.9,10.2,58.4,2.5,6.1,0.0,0.2,2.2,36.9,0.0,1.1,2.5,0.0,15.3,0.0,0.0,4.9,11.0,0.0,0.0,4.8,0.4,2.8,1.4,8.0,4.6,5.3,0.0,4.6,0.0,0.0,15.9,0.0,2.3,7.9,3.8,0.0,0.0,1.6,0.6,0.0,7.9,8.4,0.0,6.7,0.3,2.7,0.0,2.3,38.5,27.5,0.0,9.4,0.0,4.3,1.6,21.0,8.8,0.5,0.8,0.0,0.0,5.3,0.2,2.9,80.3,4.6,6.0,0.0,0.0,26.7,0.0,19.0,20.1,117.2,26.7,58.1,0.0,0.0,12.1,53.7,2.0,0.0,5.1,636.8,13.5,40.5,13.7,24.9,15.4,29.9,25.8,65.2,15.9,8.3,6.9,983.5,23.1,214.9,11.1,89.8,0.0,66.5,7.8,75.7,11.1,50.8,12.0,30.8,40.3,3.5,60.2,70.9,0.0,6.8,15.6,78.3,11.8,0.0,21.2,0.1,7.8,8.1,16.6,32.9,11.0,3.9,16.9,47.0,12.6,0.0,8.3,10.0,19.4,10.0,3.7,5.3,24.0,2.9,4.5,3.3,0.0,45.8,6.2,8.6,5.3,55.2,6.7,5.0,0.2,32.6,27.1,8.0,0.9,30.0,4.3,0.0,40.7,5.4,7.2,0.5,1.9,141.5,20.1,56.0,40.9,6.8,1.1,35.2,56.0,19.6,2.4,3.6,164.2,5.2,4.9,14.5,0.0,0.0,0.0,0.0,0.0,159.5,75.5,15.5,90.9,178.7,104.8,0.0,11.7,41.3,32.8,116.2,31.1,19.3,41.7,5.4,23.1,90.5,5.5,11.2,32.0,8.6,28.6,0.0,17.9,53.7,18.1,7.4,22.7,49.6,37.5,44.3,56.4,42.3,91.1,16.3,27.4,7.8,60.6,26.5,34.2,100.2,61.4,20.6,161.4,13.5,66.1,21.8,14.7,3.7,42.0,0.0,15.8,57.0,60.4,49.6,10.3,130.1,7.1,81.1,50.4,54.8,0.6,20.4,21.7,16.8,8.9,29.8,17.7,40.2,0.0,61.1,4.3,2.1,11.3,33.5,0.9,30.9,11.1,21.3,58.5,26.8,22.9,47.0,36.1,66.8,64.2,38.2,5.4,83.9,55.6,9.5,67.7,12.8,0.0,65.3,6.3,3.7,27.1,0.0,11.7,17.7,5.4,22.9,1.5,28.5,10.5,8.9,11.8,18.9,1.9,12.7,23.1,53.7,1.4,0.8,9.1,17.1,1.6,8.9,90.0,0.0,10.7,6.7,38.5,40.2,39.5,7.4,186.7,16.4,3.8,9.0,0.0,9.6,0.0,32.6,93.6,12.6,0.0,8.9,61.9,3.1,38.3,11.0,8.7,8.0,3.0,18.8,0.0,25.5,1.3,6.1,4.4,0.0,47.5,6.3,0.8,0.0,37.6,8.8,0.0,0.0,0.0,0.0,0.0,56.4,0.6,196.3,0.0,4.9,0.0,80.9,0.0,49.5,0.0,90.8,0.0,4.9,0.0,54.3,0.0,144.6,0.0,105.8,0.0,23.2,0.0,0.0,108.1,50.3,0.0,4.8,0.0,6.8,0.0,4.2,0.0,9.2,0.0,15.4,0.0,14.7,0.0,14.1,0.0,0.0,0.0,8.2,1.0,150.9,0.0
11562_POS_SU,pos,Level 2,Histamine,Natural,Amino acid / peptide / nucleoside,35.2,0.0,0.0,0.0,0.0,0.0,0.0,0.0,0.0,0.0,0.0,0.0,0.0,0.0,0.0,0.0,0.0,0.0,0.0,0.0,0.0,0.0,0.0,0.0,0.0,0.0,0.0,0.0,0.0,0.0,0.1,0.0,0.1,0.0,0.2,0.0,0.2,0.0,0.1,0.0,0.4,0.0,0.3,0.0,0.3,0.0,0.8,0.0,0.9,0.0,1.5,0.0,0.3,0.0,0.1,0.0,0.1,0.0,0.0,0.0,0.2,0.0,0.0,0.0,0.1,0.0,0.1,0.0,0.0,0.0,0.5,0.0,0.0,0.0,0.0,0.0,0.0,0.0,0.0,0.1,0.1,0.0,0.0,0.0,0.0,0.8,0.0,0.0,0.1,0.0,0.2,0.0,0.0,0.0,0.1,0.0,0.0,0.0,0.0,0.0,0.0,0.0,0.0,0.0,0.0,0.0,0.0,0.5,0.0,0.0,0.0,0.0,0.0,0.2,0.2,0.0,0.0,0.0,0.0,0.0,0.0,0.1,0.0,0.0,0.0,0.1,0.0,0.0,0.0,0.0,0.0,0.0,0.0,0.0,0.0,0.1,0.0,0.0,0.0,0.0,0.0,0.0,0.0,0.0,0.0,0.0,0.0,0.3,0.0,0.0,0.0,0.0,3.1,0.2,0.1,0.0,4.6,0.2,3.7,0.0,34.8,0.8,0.3,0.1,1.1,0.0,0.2,0.0,0.1,0.2,0.1,0.0,0.5,0.1,0.9,0.0,36.9,0.0,2.2,0.3,0.5,0.4,0.1,0.0,0.8,0.0,0.1,0.0,1.3,0.2,39.7,0.0,1.9,0.0,0.9,0.3,0.4,0.3,0.1,0.0,0.2,0.2,0.1,0.1,0.0,0.0,0.0,0.0,0.0,0.0,0.0,0.1,0.0,0.0,0.0,0.0,0.0,0.0,0.1,0.1,0.0,0.0,0.0,0.0,0.2,0.0,0.0,0.0,0.0,0.0,0.5,0.0,0.3,0.0,0.1,0.1,0.0,0.0,0.2,0.0,0.1,0.0,1.3,0.0,0.2,0.0,0.1,0.0,9.5,0.0,2.5,0.1,3.8,0.0,7.8,0.4,5.9,0.0,10.7,0.0,5.0,0.0,15.9,0.4,1.7,0.5,17.9,0.0,0.1,0.0,2.0,0.0,0.0,0.1,0.0,0.0,0.0,0.0,0.0,0.0,0.0,0.0,0.0,0.2,0.0,0.1,0.0,0.0,0.0,0.0,0.0,0.0,0.0,0.0,8.7,0.0,0.0,0.0,0.0,0.0,0.0,0.0,0.0,0.0,0.0,0.0,0.0,0.0,0.0,0.0,0.0,0.0,0.0,0.0,0.0,0.1,0.0,0.0,0.0,0.2,0.0,0.5,0.0,1.4,0.0,0.1,0.0,0.4,0.0,0.5,0.0,0.1,0.0,0.1,0.0,15.6,0.0,0.3,0.3,0.6,0.0,0.5,0.0,0.8,0.0,0.4,0.0,1.3,0.0,0.0,0.0,0.1,0.0,0.3,0.2,0.7,0.0,0.2,0.0,0.0,0.0,0.6,0.0,0.0,0.0,0.0,0.0,0.2,0.0,0.0,0.0,0.0,0.1,0.0,0.0,0.4,0.9,0.1,0.1,0.1,0.0,0.0,0.0,0.1,0.0,0.0,0.0,0.0,0.0,0.2,0.1,0.1,0.0,0.0,0.0,0.2,0.1,0.0,0.0,0.5,0.1,0.0,0.4,0.0,0.0,0.0,0.1,0.0,0.1,0.0,0.0,0.1,0.0,1.0,0.0,0.1,0.0,0.0,0.3,0.0,0.0
12066_POS_SU,pos,Level 2,Sorbic acid,Both,UV filter / cosmetic preservative,89.3,8.0,0.3,1.0,0.8,0.3,1.8,11.3,0.5,0.4,0.6,0.0,0.7,0.0,1.1,0.3,0.4,251.5,0.7,2.4,0.8,9.7,0.0,0.0,0.8,1.5,0.8,1.3,0.7,2.0,0.9,4.3,0.0,1.4,0.3,1.0,0.7,2.5,0.2,14.5,0.7,1.0,0.7,0.7,0.3,2.8,1.3,5.9,0.6,2.2,1.1,4.7,4.7,20.4,2.0,4.7,1.7,3.7,1.2,2.2,4.7,0.8,3.8,2.8,1.6,0.0,2.6,7.3,2.0,2.5,6.3,3.3,1.3,6.0,3.0,0.3,1.1,2.9,3.7,1.0,1.3,9.5,1.4,2.0,1.5,0.2,1.0,6.2,1.9,3.1,4.7,2.3,1.6,0.0,2.5,5.5,1.5,0.6,0.0,0.1,1.6,4.2,2.0,2.4,2.7,0.1,0.6,0.0,2.2,0.3,1.3,1.4,1.2,0.1,0.9,2.0,1.3,0.0,0.6,7.7,1.4,2.0,0.8,3.2,0.3,1.8,0.5,5.2,0.8,1.5,0.9,1.0,2.1,2.7,0.1,0.5,0.4,1.1,2.3,0.0,4.3,0.7,0.5,6.7,1.4,0.9,2.2,1.4,2.2,1.5,1.1,0.3,2.5,5.9,0.6,0.8,6.1,2.1,4.1,0.8,1.8,0.3,0.8,2.7,0.7,0.5,1.0,3.5,1.8,1.3,0.5,4.0,1.7,0.3,0.8,3.4,2.7,6.3,2.3,8.7,0.9,2.2,1.3,4.2,2.9,0.0,0.5,1.9,1.8,2.5,1.4,13.4,1.6,6.2,0.7,6.8,1.3,1.4,1.0,2.0,1.2,7.5,3.1,5.7,27.9,0.6,0.0,0.0,0.0,0.0,0.0,1.9,0.8,0.0,0.8,0.8,4.6,3.0,0.0,0.4,0.7,5.4,1.8,7.5,1.7,2.4,0.1,0.0,0.5,4.6,0.2,9.3,2.5,11.6,0.0,3.6,5.7,3.3,1.7,2.8,0.3,0.2,0.6,6.7,1.3,2.2,1.8,1.2,1.7,2.1,0.1,6.5,1.2,13.7,0.6,6.9,1.0,3.6,1.2,4.9,0.0,2.4,0.5,19.7,1.0,2.5,0.1,0.8,3.9,18.2,1.0,3.9,0.1,18.9,0.1,2.2,5.1,3.5,0.0,12.2,0.5,6.0,0.6,3.2,0.0,2.6,0.0,0.0,0.0,2.0,0.1,0.0,0.1,5.2,6.1,2.3,0.0,3.6,0.0,1.2,0.8,9.4,0.1,0.2,0.0,0.0,0.0,1.9,0.0,4.4,0.0,1.5,0.0,4.9,0.1,0.5,0.0,21.2,0.5,5.0,0.0,2.8,0.9,3.4,2.6,1.4,8.2,1.5,2.9,1.6,3.7,1.9,0.0,1.6,0.4,3.1,1.9,2.7,9.0,1.9,1.6,1.4,3.7,0.9,2.1,3.6,18.6,1.7,3.8,2.1,0.3,1.2,5.3,1.8,3.4,3.0,1.1,0.3,0.1,1.0,0.9,0.8,2.1,1.0,4.0,1.4,2.4,1.8,13.2,2.3,1.1,1.8,2.6,1.1,1.0,4.2,3.6,0.6,1.5,0.7,0.8,2.1,0.3,6.7,0.8,2.2,1.0,0.1,0.0,6.0,2.3,0.2,0.8,1.6,0.5,1.1,0.9,0.3,1.8,1.2,0.0,2.2,1.1,1.6,2.5,2.1,0.9,5.0,1.4,0.0,1.1,0.0,1.4,0.3,1.5,1.0,0.8,0.1,0.0,0.0,0.6
12598_POS_SU,pos,Level 2,Cyclohexanone oxime,Anthropogenic,Industrial chemical,88.1,7939.9,1523.5,5230.7,1418.0,8837.7,4145.7,17324.2,3469.3,15139.2,7022.5,5379.9,3138.7,38188.8,722.4,5702.6,6857.4,7386.9,3290.0,16195.9,8905.5,18967.1,8542.5,8823.8,4873.6,5229.8,243.6,5406.9,1158.8,9697.1,256.0,8473.2,505.0,7403.8,2482.5,3479.2,853.4,11931.6,167.7,8546.1,15.3,5491.0,1544.3,4731.0,2039.4,4423.0,67.9,5774.7,316.6,4876.1,2578.9,8215.0,200.7,20317.9,398.8,6927.9,250.7,5841.1,715.8,3630.1,2469.3,6837.4,226.8,7400.6,618.1,3956.2,0.0,9233.9,421.9,5846.0,2512.7,16769.0,466.5,5770.4,399.9,4425.5,391.0,6679.5,972.4,27701.8,664.0,10465.5,441.3,11280.6,587.3,10943.1,713.9,13775.9,2339.3,4529.5,0.0,8226.5,243.4,8718.2,1290.9,9310.8,0.0,5216.7,177.6,17637.6,628.3,8481.1,3331.4,8059.6,3402.9,8879.0,1725.8,1121.8,1043.6,12676.7,0.0,420.6,7687.5,12294.2,2799.6,3308.6,3183.7,3962.1,1706.0,5564.6,6897.3,16978.7,3218.3,3829.6,4465.9,7310.4,2682.6,12141.0,1158.1,7182.2,482.5,3775.4,6837.8,23056.0,4479.1,13902.2,5158.6,4883.8,3975.6,2428.1,7706.6,4085.8,1451.6,3234.1,3102.2,7192.5,2179.9,0.0,7051.4,3863.1,17514.1,2189.4,0.0,17609.0,1713.4,1909.0,284.0,8089.2,448.7,709.1,176.7,8633.8,184.7,6882.3,997.8,2940.6,1593.3,7137.1,835.6,1725.1,0.0,9163.8,152.4,12231.0,323.5,10303.1,277.7,7479.3,0.0,9958.4,1677.1,9694.1,1935.7,11813.4,1572.3,6729.2,1352.0,14777.7,1154.3,6306.8,2830.6,7493.4,3031.3,8278.1,9583.4,3691.8,3017.9,17242.0,7660.1,12921.8,1084.4,4425.6,15364.7,3762.6,2658.8,1401.3,0.0,0.0,0.0,0.0,0.0,47109.3,5428.5,8951.8,2658.6,15377.4,3613.1,3321.0,3693.9,13336.6,6240.0,36526.2,4806.0,7896.9,6829.7,3825.3,387.8,12606.4,648.9,8428.6,15871.5,7740.2,3655.4,0.0,873.9,2559.4,6416.1,6368.9,5811.2,17838.4,630.6,12306.3,2273.0,13721.5,1924.9,9152.7,2665.7,4438.7,1594.9,7434.7,2422.0,12999.7,5394.8,9932.7,3543.1,3133.1,2470.6,8231.4,1355.6,11879.9,1378.4,3127.7,563.4,15077.0,1318.5,11838.8,67.1,11592.2,1963.1,20868.1,1763.7,11063.8,0.0,4321.5,46.6,7439.5,2952.8,2528.9,0.0,16591.3,1768.3,14287.9,0.0,5492.6,0.0,4454.4,0.0,16916.7,3332.1,6616.8,1024.7,7737.4,664.7,7486.9,0.0,19606.6,706.9,6310.6,0.0,10373.8,38.5,5809.9,156.2,1754.5,1827.0,3451.2,0.0,4786.9,0.0,234.4,0.0,4759.4,0.0,6099.8,193.2,6027.1,0.0,898.5,0.0,1093.0,0.0,843.6,14023.1,17612.8,6986.1,1848.5,8176.5,12622.2,7249.1,5852.8,7047.3,3219.7,5238.1,976.1,5064.4,2001.5,6838.8,1662.8,34078.8,701.9,3969.7,7715.9,3818.2,2017.1,2740.9,8415.4,14833.6,4583.1,4852.2,1946.1,15155.8,457.1,12424.6,6134.3,10832.2,1837.9,7483.4,1762.5,1384.3,1328.8,12566.9,980.6,9724.4,1176.8,10589.3,1365.8,5410.0,109.8,13170.6,2865.8,4756.0,5327.1,0.0,8993.6,0.0,17412.5,0.0,18952.4,0.0,2785.1,0.0,16934.4,0.0,7884.6,0.0,17081.5,0.0,4583.2,0.0,14800.7,0.0,14299.5,1090.8,11289.5,0.0,12581.7,0.0,0.0,9451.9,19982.8,0.0,4726.8,0.0,5840.2,31.2,7715.3,0.0,4229.0,0.0,8182.8,0.0,5537.5,0.0,10105.6,0.0,7091.5,0.0,3854.2,353.7,10617.7,0.0
13622_POS_SU,pos,Level 2,2-Methyl-4-isothiazolin-3-one,Anthropogenic,UV filter / cosmetic preservative,49.5,1.5,0.1,0.4,0.1,0.5,0.2,4.0,0.2,0.8,0.0,4.6,0.1,0.7,0.1,0.8,0.1,2.9,0.0,0.6,0.0,3.0,0.2,0.9,0.2,0.5,0.1,1.4,0.0,0.3,0.1,0.7,0.1,0.4,0.1,0.1,0.0,0.1,0.1,4.5,0.1,0.2,0.1,0.2,0.1,0.8,0.1,0.8,0.1,0.2,0.1,1.2,0.0,0.7,0.0,0.2,0.0,0.2,0.0,0.3,0.0,0.1,0.0,3.8,0.0,0.1,0.0,0.4,0.0,0.2,0.0,0.8,0.0,0.1,0.0,0.3,0.0,0.0,0.0,1.7,0.0,2.8,0.0,0.3,0.0,1.0,0.0,0.1,0.0,0.1,0.0,0.2,0.0,0.1,0.1,1.5,0.0,0.4,0.0,0.1,0.0,0.8,0.0,3.3,0.0,0.3,0.0,0.0,0.0,2.4,0.0,0.4,0.0,2.5,0.0,4.2,0.0,0.7,0.0,0.5,0.0,0.4,0.0,0.6,0.0,1.8,0.0,2.4,0.0,5.8,0.0,2.3,0.0,0.3,0.6,21.9,0.0,1.5,0.0,0.7,0.0,4.3,0.0,1.4,0.0,2.7,0.0,0.6,0.0,0.1,0.0,0.0,0.0,0.4,0.0,0.0,0.0,0.5,0.0,2.3,0.1,1.9,0.0,0.0,0.0,0.6,0.0,0.3,0.0,0.0,0.0,4.0,0.0,0.0,0.0,1.4,0.3,0.1,0.0,2.2,0.0,0.2,0.0,0.1,0.0,0.6,0.0,0.0,0.0,0.1,0.0,0.7,0.0,1.0,0.0,0.1,0.0,0.4,0.0,0.0,0.0,0.1,0.2,0.0,0.2,1.8,0.0,0.0,0.0,0.0,0.0,3.4,0.0,0.4,0.0,2.2,0.0,1.5,0.0,1.8,0.1,2.1,0.0,0.6,0.0,0.1,0.0,0.6,0.0,1.4,0.1,6.5,0.1,0.0,0.0,0.0,10.1,0.8,0.0,0.2,0.0,10.6,0.0,0.3,0.0,1.3,0.1,0.5,0.0,3.6,0.1,1.3,0.0,0.8,0.0,7.6,0.0,7.1,0.1,1.6,0.0,1.2,0.0,13.0,0.0,0.9,0.1,0.5,0.2,1.2,0.0,6.4,0.0,7.2,0.0,0.1,0.1,0.2,0.0,0.3,0.0,1.0,0.0,0.4,0.0,0.3,0.0,0.1,0.0,0.0,0.0,0.1,0.0,0.1,1.1,0.5,0.0,0.0,0.0,0.0,0.0,0.1,0.0,0.0,0.0,0.0,0.0,0.1,0.0,2.3,0.0,0.0,0.0,0.1,0.0,2.8,0.0,2.4,0.0,0.0,0.0,0.0,0.0,0.0,0.1,0.0,0.3,0.0,0.1,0.0,0.0,0.0,0.0,0.0,0.0,0.0,0.0,0.0,0.7,0.0,0.0,0.0,0.1,0.0,0.0,0.0,0.1,0.1,0.0,0.0,0.2,0.0,1.1,0.0,0.3,0.0,0.0,0.0,3.4,0.0,0.1,0.0,0.0,0.0,0.1,0.0,0.0,0.0,0.5,0.0,0.0,1.2,0.0,0.1,0.0,0.6,0.0,0.1,0.0,0.1,0.0,1.7,0.0,0.6,0.0,0.2,0.0,0.1,0.0,0.0,0.0,0.0,0.0,0.1,0.0,0.0,0.0,0.0,0.3,0.2,0.0,0.8,0.0,0.0,0.0,0.1,0.0,1.3,0.0,0.0,0.0,0.0,0.0,0.3,0.0,0.1,0.0,0.0,0.0,0.2,0.0
13689_POS_SU,pos,Level 2,L-Proline,Natural,Amino acid / peptide / nucleoside,84.3,2.6,1.7,3.1,0.3,0.2,2.6,7.7,1.7,9.1,1.0,0.0,0.0,5.4,0.1,0.6,0.1,1.5,0.7,1.9,1.8,1.4,1.7,0.3,0.5,0.9,0.3,2.3,0.8,2.9,2.2,0.0,13.2,0.6,0.5,0.5,0.6,1.1,0.0,0.0,0.5,0.5,1.5,1.4,0.0,2.3,0.9,0.6,11.5,2.0,9.8,3.7,0.9,3.4,1.7,1.9,0.0,5.5,1.0,0.7,3.9,1.6,0.0,2.4,1.6,1.5,0.7,5.6,0.1,6.5,0.0,11.6,0.0,5.9,0.4,2.9,0.6,1.2,0.0,9.6,0.2,2.7,1.3,2.4,0.3,0.9,1.1,3.6,1.0,1.8,2.8,1.5,0.2,5.5,2.5,2.1,0.0,1.5,1.9,3.2,0.0,1.6,3.1,3.7,0.0,1.8,0.0,2.3,0.8,2.5,0.1,7.8,0.0,23.6,1.4,2.9,2.7,1.2,1.4,1.3,2.8,2.9,2.5,1.8,0.9,7.2,0.1,2.6,0.0,0.8,0.5,2.8,0.6,3.7,0.0,2.1,0.0,1.8,0.0,1.1,0.0,2.2,1.0,3.2,0.0,1.8,0.2,4.1,0.4,1.0,1.2,2.2,3.6,4.5,2.4,3.0,3.0,0.8,2.5,0.8,70.5,2.9,1.6,1.6,2.9,1.2,3.0,2.8,1.5,4.5,0.3,1.7,1.1,4.1,2.2,6.5,87.8,1.0,6.5,4.6,3.8,7.5,0.7,1.4,0.3,0.8,1.5,1.5,4.0,6.6,16.1,0.0,4.4,6.2,0.9,9.0,0.8,2.4,3.0,1.5,0.1,9.3,4.5,5.7,0.2,0.2,0.0,0.0,0.0,0.0,0.0,1.7,1.9,1.1,0.0,0.0,2.3,12.9,1.1,3.8,1.2,3.6,1.0,2.3,0.8,4.9,0.2,2.2,0.0,1.9,13.6,1.6,0.4,0.0,0.6,1.5,1.4,1.5,0.8,1.4,0.0,0.0,4.7,2.4,3.0,4.3,1.5,4.8,64.4,0.5,17.0,2.0,12.9,0.0,4.6,5.6,24.4,2.0,32.6,1.1,30.2,0.5,68.3,5.4,8.1,4.5,7.2,1.8,1.2,1.4,13.6,1.5,0.1,5.1,0.3,2.7,2.4,2.9,0.0,2.9,3.9,0.8,0.2,10.5,0.0,0.0,0.8,3.2,2.4,2.5,0.0,0.4,0.0,6.4,390.1,1.9,0.1,1.4,0.0,2.9,0.0,1.9,0.0,0.9,0.8,0.0,0.0,0.5,0.5,1.2,0.0,1.8,0.0,2.1,0.3,0.0,0.0,2.2,1.1,7.4,0.3,3.6,24.2,2.1,2.8,0.8,4.7,3.7,3.7,1.3,3.9,0.1,0.8,0.3,4.1,56.4,0.6,2.0,62.7,16.2,1.3,5.8,2.0,4.0,0.2,6.2,0.8,3.2,3.9,2.5,1.2,0.9,7.9,2.0,33.6,5.1,1.6,1.5,2.5,0.6,0.8,0.6,3.8,0.2,3.0,0.9,1.5,2.1,1.4,2.4,1.5,2.1,0.0,0.0,0.5,7.5,0.2,1.8,0.1,3.5,0.0,3.0,1.4,0.0,1.7,4.5,2.3,3.8,0.0,5.5,2.1,0.0,3.6,0.6,0.0,0.7,2.0,0.0,2.4,13.2,0.0,2.8,1.1,5.5,1.1,1.1,0.0,0.0,0.3,0.4,0.0,0.0,0.0,2.0,2.1,1.9,0.0,1.2,1.5,0.0,0.0
14819_POS_SU,pos,Level 2,"Carboxy-N,N,N-trimethylmethanaminium",Natural,Surfactant / detergent,90.2,9.3,38.6,6.9,38.1,1.6,60.5,3.7,62.3,7.5,20.1,2.9,12.0,0.0,43.0,0.1,7.5,15.9,11.4,4.0,28.9,4.7,16.9,0.0,16.0,1.2,10.8,0.5,11.7,3.5,32.0,0.7,6.5,9.9,21.6,0.3,23.3,2.1,8.6,7.6,39.8,0.0,30.6,6.2,13.0,8.7,18.6,0.8,32.5,3.9,23.6,33.4,95.7,4.7,40.3,12.5,27.7,6.8,35.8,2.1,53.7,0.0,36.3,4.6,43.6,18.6,39.7,2.2,22.5,195.9,112.0,3.6,27.3,7.9,32.8,7.0,55.2,14.5,57.9,34.4,48.9,7.0,28.9,5.8,32.6,23.7,21.3,3.9,27.3,9.6,47.1,13.7,59.0,85.6,38.6,3.4,26.6,3.6,14.0,21.5,18.8,1.1,30.8,1.3,33.0,0.1,32.6,13.3,29.2,3.2,35.9,7.2,47.1,210.4,95.1,1.7,27.2,2.6,26.2,16.3,69.4,6.1,40.9,11.4,20.6,7.5,32.0,0.7,12.3,0.0,43.6,2.4,15.4,1.3,6.7,9.0,15.3,2.2,9.6,1.1,13.2,2.6,6.8,0.1,13.4,5.7,17.3,10.9,17.4,2.0,12.3,0.8,46.3,1.4,10.2,0.0,27.2,2.1,37.3,0.0,1319.6,0.6,20.6,9.0,22.9,0.0,25.2,3.0,17.4,14.4,17.3,0.6,30.0,14.6,29.0,2.4,1475.9,0.4,309.4,20.6,20.1,14.2,11.1,0.2,31.1,0.4,20.6,0.0,49.1,12.5,468.1,0.0,47.9,0.5,20.0,10.3,18.1,15.9,11.6,1.7,24.0,22.9,1.5,1.3,0.0,0.0,0.0,0.0,0.0,0.0,0.0,6.6,20.6,0.0,7.6,1.7,7.0,0.0,13.3,3.6,3.8,6.2,1.3,0.0,11.1,1.5,7.6,0.5,28.6,0.1,58.9,3.7,12.5,1.2,4.9,14.6,5.0,0.0,11.0,1.6,11.4,2.8,43.1,1.2,10.6,0.6,4.9,0.0,32.6,0.0,22.0,1.1,15.5,0.0,27.9,10.6,10.2,0.7,17.6,0.0,14.5,0.0,50.4,12.7,32.1,10.6,46.6,0.0,3.0,0.0,10.4,0.0,5.6,3.6,6.5,0.0,0.2,0.0,0.9,3.0,0.7,3.3,8.7,0.0,3.3,7.0,7.4,0.0,1.3,0.2,2.0,3.2,29.9,0.2,790.7,0.1,5.1,0.0,2.4,1.7,9.1,2.5,0.0,0.0,4.9,0.0,1.5,0.4,6.1,3.7,0.3,0.0,7.1,1.6,3.9,1.1,3.1,1.2,1.9,8.9,3.2,44.8,7.6,39.1,2.5,19.1,1.2,45.1,1.3,21.4,5.7,33.8,7.1,48.7,1.2,397.0,0.7,116.2,113.0,61.3,0.9,78.9,2.5,35.6,0.0,109.1,0.7,56.8,5.2,38.1,12.0,33.9,18.7,44.6,47.9,128.1,4.2,43.3,4.8,40.3,14.7,43.2,2.6,31.8,9.6,33.9,5.0,80.9,6.2,31.4,8.4,3.4,48.8,6.4,44.1,7.9,85.3,0.6,85.6,6.1,33.8,21.5,42.5,1.4,24.8,4.1,38.3,1.9,38.9,5.3,56.4,6.0,7.9,1.8,19.7,2.5,72.6,40.1,0.1,1.8,76.5,17.3,119.6,11.9,39.0,2.9,29.2,0.0,59.6,0.0,47.3,1.8,52.1,2.8,54.7,22.6,31.8,2.9,29.5,9.0,30.5
16357_POS_SU,pos,Level 2,1-Amino-2-ethoxybenzene,Anthropogenic,Industrial chemical,56.9,0.0,0.3,0.0,0.0,0.0,0.0,0.3,0.2,0.0,0.0,0.0,0.0,0.0,0.1,0.0,0.0,0.2,0.0,0.6,0.2,0.2,0.2,0.0,0.0,0.1,0.0,0.0,0.0,0.0,0.1,0.2,0.0,0.3,0.0,0.1,0.1,0.1,0.0,0.1,0.1,0.0,0.1,0.2,0.0,0.2,0.0,0.0,0.0,0.3,0.0,0.0,0.6,0.3,0.3,0.0,0.2,0.0,0.0,0.0,0.4,0.1,0.5,0.4,0.3,0.4,0.3,0.2,0.3,0.2,0.6,0.0,0.3,0.0,0.2,0.0,0.2,0.2,0.5,0.6,0.2,0.2,0.3,0.0,0.0,0.9,0.0,0.2,1.5,0.0,0.3,0.2,0.0,0.5,0.4,0.3,0.2,0.3,0.0,0.1,0.1,0.0,0.1,0.2,0.0,0.2,0.0,0.7,0.0,0.2,0.0,0.5,0.1,0.5,0.3,0.0,0.0,0.2,0.0,0.3,0.1,0.0,0.0,0.1,0.0,0.0,0.0,0.1,0.0,0.0,0.0,0.1,0.2,0.2,0.0,0.4,0.0,0.0,0.0,0.0,0.0,0.0,0.4,0.2,0.0,0.1,0.0,0.7,0.0,0.2,0.0,0.0,0.0,0.1,0.0,0.0,0.1,0.0,0.2,0.0,3.7,0.1,0.2,0.2,0.4,0.1,0.0,0.1,0.2,0.0,0.1,0.1,0.2,0.1,0.2,0.1,6.1,0.0,1.1,0.0,0.0,0.4,0.0,0.2,0.0,0.1,0.2,0.0,0.0,0.4,1.8,0.0,0.5,0.1,0.1,0.3,0.2,0.1,0.0,0.1,0.0,0.0,0.0,0.1,0.0,0.1,0.0,0.0,0.0,0.0,0.0,0.0,0.0,0.2,0.0,0.3,0.0,0.1,0.0,0.2,0.0,0.3,0.0,0.0,0.2,0.1,0.1,0.0,0.2,0.0,0.1,0.0,0.0,0.0,0.2,0.3,0.1,0.0,0.3,0.0,0.2,0.2,0.2,0.1,0.1,0.4,0.0,0.2,0.8,0.3,0.4,0.4,0.0,0.0,1.0,0.8,0.6,0.0,0.9,0.0,0.0,0.0,0.9,0.3,0.4,0.2,0.4,0.2,0.0,0.1,0.2,0.2,0.1,0.0,0.1,0.0,0.1,0.0,0.0,0.0,0.1,0.0,0.0,0.0,0.0,0.1,0.1,0.2,0.0,0.2,0.1,0.2,0.1,0.0,43.3,0.2,0.1,0.1,0.2,0.3,0.0,0.2,0.0,0.1,0.0,0.1,0.0,0.0,0.2,0.0,0.2,0.1,0.0,0.2,0.0,0.1,0.2,0.1,0.0,0.6,0.0,0.7,0.0,0.5,0.0,0.3,0.0,0.3,0.1,0.3,0.3,0.2,0.0,0.4,0.1,1.7,0.0,0.5,1.2,0.6,0.0,0.4,0.1,0.2,0.0,0.2,0.0,0.7,0.0,0.0,0.2,0.4,0.2,0.5,0.7,0.9,0.1,0.3,0.0,0.1,0.0,0.4,0.0,0.2,0.0,0.0,0.0,0.0,0.1,0.0,0.1,0.0,0.0,0.0,0.0,0.0,1.1,0.1,0.3,0.0,0.0,0.0,0.2,0.0,0.0,0.3,0.0,0.1,0.0,0.4,0.3,0.3,0.1,0.1,0.1,0.0,0.2,0.1,0.0,0.4,0.2,0.0,0.0,0.6,0.0,0.3,0.1,0.0,0.3,0.0,0.0,0.3,0.2,0.0,0.2,0.1,0.1,0.0,0.0,0.1,0.0
17359_POS_SU,pos,Level 2,Nicotinamide,Natural,Food additive / flavor / vitamin,91.7,4.0,0.3,4.5,0.8,3.7,1.4,2.1,0.6,0.9,0.0,0.0,0.0,0.2,0.0,9.1,0.0,6.1,0.0,1.1,0.1,1.2,0.0,3.7,0.0,3.6,0.0,13.0,1.1,9.2,8.0,7.7,1.8,1.3,2.7,0.4,1.6,1.0,0.2,0.9,5.4,0.1,3.5,1.3,1.6,3.4,6.6,0.4,7.5,1.7,9.0,11.4,3.2,10.3,2.9,2.6,1.6,7.9,3.3,1.8,6.4,6.9,2.8,6.4,3.3,4.9,2.5,5.8,5.5,8.8,12.0,4.5,2.3,8.7,7.8,1.9,4.1,8.4,8.6,14.6,4.7,15.6,7.7,20.8,7.7,20.2,7.7,9.6,15.6,14.2,7.8,12.8,6.3,4.6,17.0,10.4,8.0,8.4,8.3,6.4,7.9,4.6,1.6,5.5,1.9,19.5,0.2,18.1,0.7,8.4,0.9,8.8,0.8,13.1,0.6,10.6,0.7,2.5,0.5,1.5,0.8,8.9,1.8,3.9,0.3,17.5,0.2,8.1,0.0,3.3,1.0,2.7,0.7,9.5,0.1,11.1,0.0,6.9,0.5,0.0,1.0,5.1,0.0,1.2,0.0,14.2,0.5,30.3,1.0,8.7,0.3,2.4,2.8,8.5,3.3,1.0,6.6,24.9,3.7,0.0,112.0,35.7,2.2,9.8,4.9,2.7,1.3,0.5,1.2,4.1,0.6,42.6,4.2,12.9,2.7,5.8,131.1,6.4,11.6,25.1,2.6,22.6,1.2,6.3,19.8,2.8,8.9,0.1,7.4,18.1,55.6,1.7,6.3,24.9,3.1,12.7,4.2,4.1,0.8,4.2,2.4,5.4,19.3,8.6,11.4,3.5,0.0,0.0,0.0,0.0,0.0,6.4,2.8,2.4,0.8,37.3,3.4,97.6,0.5,2.5,0.4,30.4,0.7,14.1,0.5,4.5,0.0,19.1,2.4,16.3,3.7,13.2,3.3,0.0,1.6,2.3,10.8,5.2,3.0,6.4,1.8,34.0,2.6,6.8,0.8,43.2,4.1,3.4,20.8,4.6,5.1,6.1,8.9,5.1,19.4,2.6,13.6,6.6,31.4,24.1,11.0,9.2,22.6,116.6,8.3,9.6,30.9,32.8,0.9,5.6,7.2,0.8,0.3,14.7,0.4,26.0,6.9,4.6,0.0,4.0,1.0,2.4,0.9,3.9,0.2,5.3,0.0,7.2,1.1,6.3,0.9,9.5,1.4,10.4,113.6,2.9,0.0,7.8,0.7,6.6,0.3,9.9,0.0,2.8,2.1,6.9,0.0,1.4,0.4,10.7,0.5,3.2,0.9,1.7,0.0,3.1,0.0,3.5,0.0,3.7,0.0,5.3,5.6,6.5,2.7,1.3,3.7,5.0,4.0,3.8,7.8,1.3,0.1,2.2,8.9,35.6,5.7,2.6,37.2,3.3,1.6,8.0,9.4,3.6,0.3,4.9,2.4,3.4,1.5,1.0,13.4,1.1,5.1,2.8,20.7,7.2,0.0,2.1,3.7,2.2,1.5,1.8,0.1,0.2,14.1,1.1,5.4,2.7,3.9,3.8,0.3,4.0,1.3,0.7,0.3,9.9,4.1,4.3,5.8,0.9,2.6,3.0,2.3,32.6,1.0,9.5,0.8,7.4,1.6,3.0,1.2,6.1,0.7,6.1,0.2,6.5,1.9,0.9,13.7,5.3,1.9,8.9,2.0,1.4,0.6,3.1,2.1,0.0,1.8,6.9,1.4,0.7,0.7,2.9,0.8,2.3,0.0,2.4,1.5,8.7,0.0
18941_POS_SU,pos,Level 2,6-(hydroxymethyl)pyridin-3-ol,Natural,Food additive / flavor / vitamin,56.9,0.3,0.1,0.2,0.1,0.0,0.2,0.9,0.1,0.0,0.0,0.0,0.0,0.0,0.2,0.0,0.0,0.2,0.0,0.2,0.1,0.3,0.1,0.0,0.0,0.4,0.1,0.7,0.0,0.5,0.2,0.0,0.0,0.3,0.1,0.0,0.0,0.1,0.0,0.0,0.1,0.0,0.3,0.1,0.0,0.5,0.0,0.0,0.1,0.0,0.1,0.4,0.0,0.1,0.0,0.1,0.0,0.1,0.0,0.0,0.1,0.0,0.0,0.1,0.0,0.0,0.0,0.1,0.0,1.4,0.3,0.0,0.0,0.0,0.0,0.0,0.0,0.0,0.1,0.3,0.0,0.0,0.2,0.0,0.0,0.0,0.0,0.0,0.2,0.2,0.0,0.2,0.0,0.0,0.3,0.0,0.1,0.0,0.0,0.4,0.5,0.3,0.4,0.6,0.0,0.8,0.0,0.9,0.3,0.6,0.5,0.6,0.0,0.8,0.1,0.2,0.4,0.8,0.0,0.3,0.1,0.6,0.2,0.1,0.0,3.7,0.7,1.4,0.0,0.5,0.0,0.4,0.1,0.3,0.4,0.6,0.0,0.3,0.0,0.0,0.8,0.6,0.0,0.0,0.1,0.8,0.1,7.1,0.1,0.1,0.2,0.4,0.8,1.2,0.0,0.0,1.1,1.2,1.5,0.0,39.2,0.8,0.0,0.7,0.1,0.4,0.1,0.3,0.0,1.1,0.0,1.2,0.1,1.6,0.0,0.0,28.4,0.1,0.5,3.6,0.0,3.0,0.0,0.7,0.3,0.0,0.3,0.0,0.2,1.7,9.5,0.0,0.1,0.9,0.0,2.1,0.0,1.5,0.1,0.4,0.0,1.7,1.0,1.6,0.1,0.4,0.0,0.0,0.0,0.0,0.0,0.2,0.1,0.0,0.0,1.7,0.2,0.1,0.1,0.5,0.4,1.6,0.0,0.1,0.0,0.2,0.0,0.1,0.5,0.0,0.5,0.1,0.0,0.0,0.8,0.1,0.1,0.0,0.2,0.0,0.1,0.7,0.3,0.0,0.3,0.0,0.5,0.0,0.6,0.1,0.1,0.2,0.1,0.2,1.4,2.3,0.2,0.0,0.1,0.0,0.1,0.0,0.5,0.1,0.2,1.3,1.0,0.3,0.1,0.0,0.1,0.0,0.1,0.3,0.0,0.0,0.0,0.0,0.0,0.0,0.0,0.2,0.0,0.1,0.2,0.0,0.0,0.1,0.1,0.0,0.0,0.2,0.7,0.3,83.9,0.0,0.0,0.1,0.0,0.2,0.0,0.2,0.3,0.0,0.0,0.2,0.2,0.1,0.1,0.0,0.0,0.0,0.0,0.2,0.0,0.2,0.0,0.0,0.0,2.1,0.0,0.0,0.6,0.0,0.0,0.1,0.0,0.4,0.0,0.0,0.4,0.0,0.0,0.7,0.1,1.9,0.1,0.0,4.9,2.3,0.0,0.5,0.1,0.2,0.0,0.3,0.0,0.6,0.0,0.0,0.0,0.0,0.4,0.0,7.1,0.2,0.0,0.0,0.3,0.0,0.0,0.3,0.1,0.0,0.8,0.0,0.7,0.1,0.0,0.0,0.0,0.0,0.0,0.0,0.0,0.4,0.3,0.2,0.3,0.0,0.0,0.3,0.0,0.4,0.0,0.1,0.0,0.3,0.1,0.2,0.0,0.2,0.1,0.3,0.0,0.4,0.0,0.0,0.2,0.5,0.0,0.0,0.1,0.2,0.0,0.0,0.3,0.0,0.0,0.1,0.2,0.2,0.1,0.2,0.0,0.0,0.0,0.3,0.7,0.2,0.0
19441_POS_SU,pos,Level 2,Pyrogallol,Natural,"Natural product – plant/fungal metabolites, terpenes, flavonoids, alkaloids, etc.",92.9,20.6,0.6,9.1,2.6,12.9,2.4,6.9,1.5,1.0,1.3,0.9,1.5,3.3,2.2,3.8,1.1,7.3,1.9,1.1,1.5,1.5,3.5,1.4,3.7,11.6,0.7,29.6,1.4,12.1,4.2,2.9,0.5,5.2,1.2,0.7,0.7,8.5,0.5,0.3,0.9,3.4,0.7,1.5,0.5,3.1,1.5,4.4,0.0,1.6,0.4,12.9,2.3,2.2,1.0,14.2,0.5,1.8,0.8,1.2,4.0,0.1,0.5,2.4,0.5,1.2,0.3,0.8,0.8,2.9,1.0,1.8,0.3,2.6,1.3,0.6,0.2,3.0,3.3,2.1,0.7,12.2,0.6,0.6,0.4,1.6,0.6,2.5,1.1,5.2,0.4,2.3,1.2,0.2,3.0,5.3,5.0,1.0,1.0,1.8,1.1,5.4,2.2,22.4,3.2,12.9,0.5,2.4,2.0,14.9,0.8,5.0,1.0,3.7,0.7,9.4,0.5,2.1,1.3,4.2,3.8,9.8,1.2,2.4,0.9,4.0,2.2,20.5,1.4,25.2,1.1,14.4,4.4,1.7,2.9,3.4,2.1,5.3,3.0,1.7,9.3,9.7,0.8,5.8,2.2,33.1,1.8,10.7,3.2,1.1,2.9,2.2,2.8,3.2,0.4,2.1,1.4,15.1,1.8,1.3,36.3,4.0,1.7,2.9,0.7,11.4,3.4,1.4,1.0,17.2,3.6,31.8,0.7,10.3,0.5,1.2,32.1,6.6,1.9,116.6,1.8,8.4,0.5,11.8,1.1,0.9,1.5,1.1,0.9,16.9,12.8,148.0,1.8,8.7,1.4,2.2,1.3,3.8,0.6,2.7,0.7,7.8,27.3,6.1,4.3,8.9,0.0,0.0,0.0,0.0,0.0,2.2,8.8,4.4,10.1,45.3,10.0,158.1,0.8,3.2,4.8,20.6,2.1,1.9,8.4,2.7,2.7,3.5,2.4,4.3,6.3,5.5,3.2,0.0,6.6,6.4,5.3,2.2,2.1,1.9,1.9,8.6,4.5,7.6,14.4,1.5,2.4,5.9,1.1,10.0,1.7,2.1,0.9,26.6,3.1,4.0,4.4,2.5,1.1,3.8,0.4,3.7,2.5,2.5,3.0,39.2,3.1,7.4,1.1,2.5,1.0,5.2,1.4,14.5,2.4,8.1,1.3,2.5,1.1,2.5,1.1,8.3,2.0,2.2,1.2,2.8,1.7,4.5,0.3,2.0,1.4,3.3,1.5,13.9,130.4,4.1,2.0,4.6,1.0,3.8,2.0,6.1,2.4,1.8,0.7,5.5,3.3,0.6,6.4,3.1,1.2,2.4,0.9,8.7,2.1,7.5,2.0,3.8,4.2,5.8,0.6,0.8,1.5,3.0,1.0,0.5,4.0,1.0,2.0,1.1,6.4,0.0,1.2,0.5,4.2,3.8,4.5,0.8,35.6,0.7,2.1,0.6,3.1,0.5,5.4,1.3,1.0,0.0,1.0,0.3,3.4,0.2,2.5,0.8,4.0,0.8,0.1,0.4,0.4,1.2,0.9,0.2,0.1,0.2,4.3,0.3,0.4,0.2,1.2,0.4,0.4,0.9,0.0,1.4,0.0,10.9,0.6,2.3,0.0,0.3,0.0,4.9,0.0,11.6,0.0,2.5,0.0,1.4,0.0,5.5,0.0,6.3,0.0,5.0,0.0,5.6,0.0,0.0,4.3,5.3,0.0,2.8,0.0,7.9,0.0,1.2,0.0,4.6,0.0,3.0,0.0,2.1,0.0,2.2,0.1,4.7,0.1,4.7,0.2,4.2,0.0
20033_POS_SU,pos,Level 2,N-Cyclohexylformamide,Anthropogenic,Industrial chemical,95.5,17.3,0.7,9.0,3.1,6.5,2.8,93.3,3.6,10.1,0.6,15.6,7.0,22.8,1.9,31.0,4.0,8.2,2.5,19.8,2.2,36.1,1.2,12.8,1.7,8.1,1.7,4.0,4.6,7.8,6.3,32.9,1.8,75.7,4.1,16.7,3.8,18.3,3.4,18.3,5.0,4.3,9.0,17.8,2.2,11.2,6.1,11.0,3.0,11.0,3.8,45.3,2.0,37.4,5.6,43.4,4.5,14.6,6.0,8.5,4.6,18.8,0.9,41.1,7.6,30.2,4.3,19.7,6.2,28.5,1.4,18.9,3.2,8.9,4.5,6.4,2.1,17.7,9.8,38.3,3.8,52.7,8.2,24.2,9.9,46.5,4.4,20.3,5.5,26.6,1.5,14.1,7.9,15.3,6.6,12.3,2.7,11.9,4.3,17.1,5.6,5.9,3.6,13.1,6.1,31.7,1.8,1.3,3.4,10.5,2.9,12.7,4.3,20.6,2.4,8.5,3.2,8.1,5.6,23.9,6.7,51.6,8.9,6.8,1.9,20.7,2.6,6.0,1.1,5.6,3.7,22.1,2.6,56.9,13.3,13.7,2.3,6.7,2.0,9.7,3.6,25.2,0.0,6.7,2.8,3.3,3.4,22.2,10.9,16.4,5.9,7.8,5.4,11.2,2.6,4.8,8.7,15.3,16.9,5.7,12.2,15.8,2.2,18.4,5.1,12.7,2.7,12.4,1.2,2.3,0.2,6.2,0.0,41.1,0.5,14.2,9.6,16.7,0.0,4.2,2.6,15.7,4.3,16.7,4.0,3.7,5.8,7.7,2.5,21.1,6.7,10.6,7.1,9.1,14.1,42.8,2.1,5.6,21.8,16.4,8.3,30.5,9.5,14.3,6.1,10.4,0.0,0.0,0.0,0.0,0.0,4.5,2.7,8.3,1.7,9.3,1.6,5.1,0.3,8.6,1.9,11.4,4.7,15.0,0.3,8.7,2.0,15.3,0.9,12.9,5.5,19.5,6.3,0.0,2.5,2.7,7.4,7.2,5.8,17.2,0.9,19.3,10.2,3.7,7.3,13.2,6.5,10.1,4.9,5.5,6.5,7.2,3.6,6.6,3.5,5.6,0.8,2.5,3.0,27.7,5.7,5.8,4.0,6.1,4.8,14.1,3.2,8.1,11.5,9.8,2.9,7.5,0.8,13.6,1.6,21.1,6.8,11.1,0.6,8.2,1.2,23.1,1.5,11.6,1.0,11.1,0.3,16.7,11.0,6.0,1.9,1.9,1.0,9.6,7.6,13.6,0.9,7.4,0.0,29.7,1.9,8.8,0.1,3.4,1.3,2.1,0.5,1.5,2.1,32.7,1.5,3.8,2.9,4.2,4.0,2.4,3.0,1.6,1.7,1.5,2.8,2.3,11.8,5.6,14.1,2.9,23.8,6.3,17.1,5.4,6.9,1.6,9.2,3.9,8.9,5.3,27.7,3.1,37.2,2.0,5.9,3.2,10.7,4.8,1.7,15.8,6.9,11.6,13.2,8.9,10.7,5.1,8.4,5.1,38.4,3.2,14.4,8.5,23.5,6.1,14.1,6.7,16.2,5.9,18.0,2.6,12.2,5.2,8.8,7.7,8.9,12.6,0.1,29.8,0.1,19.0,3.0,36.4,67.9,1.3,0.0,21.6,0.0,13.8,0.0,19.7,1.0,15.7,1.3,20.1,0.4,9.9,4.1,13.5,0.0,15.6,0.0,0.0,31.1,13.1,0.1,58.1,2.3,11.8,0.6,27.3,0.8,9.5,0.0,12.4,0.3,11.4,0.0,10.2,2.9,15.2,0.7,15.1,5.4,17.7,0.0
20509_POS_SU,pos,Level 2,Monomethyl glutaric acid,Natural,Metabolite / biomolecule,53.3,113.7,4.0,7.8,0.0,8.7,0.0,363.1,0.0,58.5,0.0,5.5,0.0,19.1,0.0,48.2,0.0,57.4,0.0,17.8,0.0,0.0,0.0,4.8,0.0,5.4,0.0,0.0,0.0,12.3,0.0,37.1,0.0,8.6,0.0,7.0,0.0,1.6,0.0,80.3,0.0,5.0,0.0,121.2,0.0,5.0,0.0,1.1,0.0,18.4,0.0,1.4,0.0,12.3,2.5,5.7,0.0,157.0,15.3,11.6,0.0,0.0,0.0,52.0,0.4,15.1,1.1,22.1,0.0,28.0,0.0,38.6,1.8,0.7,0.0,476.8,0.0,33.6,0.0,19.2,1.3,7.1,1.7,0.5,0.0,45.7,0.0,3.0,1.7,205.1,0.0,13.6,1.6,0.0,0.0,28.3,0.0,10.7,0.0,5.6,7.6,0.1,0.0,0.0,0.0,245.9,0.0,0.0,0.0,54.3,0.0,347.7,0.0,48.8,0.0,66.8,0.0,6.4,0.0,8.1,0.0,16.1,0.0,0.0,0.0,7.1,0.0,1.3,0.0,50.2,0.0,0.0,0.0,4.9,0.0,14.3,0.0,25.5,0.0,0.0,0.0,0.4,0.0,0.0,0.0,13.9,0.0,7.4,0.0,0.0,0.0,17.1,0.0,31.6,0.0,0.0,0.0,0.8,0.0,129.6,0.0,0.0,0.0,0.0,0.0,1.3,0.0,2.3,0.0,0.0,0.0,974.4,2.7,77.2,14.7,294.1,0.0,0.0,0.0,0.0,0.0,1.4,0.7,0.3,0.0,43.0,0.0,2.0,0.0,0.6,0.5,0.9,0.7,9.6,2.0,0.0,0.0,0.0,0.1,134.7,25.9,17.0,0.0,0.0,0.0,134.5,0.0,0.0,0.0,0.0,0.0,0.9,0.0,4.1,0.0,17.1,0.0,0.0,1.1,0.0,0.0,8.8,0.0,0.0,0.0,0.0,0.0,21.5,0.0,0.0,0.0,2.7,0.0,0.0,0.0,0.0,6.0,11.3,0.4,2.7,0.0,44.1,0.0,58.9,0.2,2.8,0.0,0.0,0.0,1.7,0.0,1.7,0.0,0.0,0.0,3.2,0.0,0.0,0.0,45.6,0.0,4.8,0.0,0.0,0.0,1.1,2.9,0.0,0.0,0.8,0.7,17.4,0.0,2.0,0.0,0.0,0.0,9.6,0.0,2.9,0.0,5.9,0.0,12.5,0.0,0.3,0.0,8.3,0.0,14.3,0.0,4.9,0.0,3.6,1.5,14.8,0.0,0.0,0.0,0.0,0.0,0.0,0.0,0.0,0.0,0.0,0.0,0.0,0.0,27.1,0.0,0.0,0.0,72.6,0.0,10.4,0.0,4.6,0.0,0.0,0.0,5.6,32.7,22.2,6.9,4.0,42.3,17.4,29.3,21.8,5.0,4.8,22.3,14.0,44.5,8.2,10.0,8.0,39.6,8.9,46.3,4.8,122.1,10.2,10.7,36.5,278.9,10.3,11.6,10.1,121.4,4.2,55.2,14.1,40.2,8.4,41.0,14.1,219.5,130.9,2650.6,31.1,1345.4,15.9,164.7,1.5,26.0,2.2,952.4,10.2,4.3,160.3,0.0,48.0,0.0,158.9,1.1,258.9,0.0,114.1,0.0,63.2,0.0,6.5,0.0,71.4,0.0,25.3,0.0,102.5,0.0,78.8,7.1,20.6,0.0,109.2,0.0,0.0,7.4,34.2,0.0,1470.0,2.9,79.5,0.0,90.7,0.0,1312.9,3.5,29.7,0.0,11.9,0.0,29.1,1.6,30.2,0.0,163.2,2.7,17.3,0.0
20600_POS_SU,pos,Level 2,4-Piperidinecarboxamide,Anthropogenic,Pharmaceutical,54.0,0.0,2.6,0.5,0.0,17.1,0.0,2.9,0.0,8.3,0.0,0.0,0.0,2.3,1.9,51.4,0.0,0.0,0.0,126.9,0.0,0.0,0.0,4.9,0.0,0.6,0.0,20.8,0.0,7.0,0.0,43.1,0.0,0.0,0.0,3.0,0.0,0.0,0.0,982.9,0.0,6.6,1.9,0.0,0.0,44.3,0.0,0.4,0.0,0.4,0.0,2.0,0.0,4.3,0.0,21.8,0.0,12.8,0.0,0.0,0.0,28.0,0.0,57.8,0.0,0.2,0.0,5.2,0.0,1.0,0.0,1.9,0.0,45.3,0.0,0.0,0.0,0.0,0.0,31.0,0.0,5.9,0.1,0.1,0.0,8.0,0.0,1.4,4.0,1.8,0.0,0.0,0.0,11.4,0.0,999.6,0.0,0.0,0.0,3.1,0.0,11.2,0.0,15.1,0.0,2.2,0.0,0.0,0.0,8.5,0.0,0.0,0.0,18.3,0.0,5.5,0.0,98.4,0.0,2.1,0.0,7.3,0.0,102.7,0.0,14.8,0.0,14.2,0.0,6.6,0.0,0.0,5.8,19.5,0.0,15.4,0.0,8.6,0.0,56.7,2.3,0.0,0.0,3.2,0.0,3.0,0.0,0.0,36.9,6.6,9.8,0.0,0.0,3.3,36.9,0.3,0.0,1.7,0.0,0.0,0.0,1.4,0.0,0.6,0.0,0.1,0.0,1.3,0.0,0.0,0.0,0.0,0.0,0.4,0.0,23.0,0.0,91.9,0.0,0.0,0.7,1.0,0.0,83.3,0.0,7.9,0.0,17.2,0.0,0.0,0.0,3.4,3.2,2.0,0.0,0.0,0.0,6.3,0.0,0.0,0.0,0.0,3.8,0.0,0.0,0.0,0.0,0.0,0.0,0.0,0.0,108.9,0.4,31.1,0.2,24.1,0.6,0.2,1.0,30.2,0.0,78.5,5.6,14.5,0.0,3.4,0.0,26.9,0.0,5.8,5.4,16.1,22.7,0.0,0.0,30.5,18.1,6.3,7.7,210.6,0.0,19.5,7.0,11.2,0.0,8.3,0.5,14.3,1.0,33.2,4.5,106.2,5.3,8.9,3.7,6.8,32.8,15.4,0.0,77.9,1.4,12.1,0.0,3.8,2.4,7.8,0.1,15.2,4.6,30.1,0.6,8.3,0.0,9.1,92.4,1.0,3.9,3.5,0.5,20.4,45.0,447.5,0.0,18.0,0.0,497.7,0.0,62.4,1.6,19.2,3.9,5.9,0.4,7.2,11.9,1311.6,8.1,2.4,0.0,13.8,2.5,3.2,0.4,1.4,5.9,19.7,0.0,0.0,0.0,114.8,0.9,8.0,0.0,4.7,0.0,0.2,0.0,0.0,0.0,2.9,0.0,0.0,78.9,12.7,193.1,0.0,8.1,2.0,0.0,4.3,0.3,0.0,11.7,21.8,0.0,4.8,0.0,3.9,80.2,0.0,2.6,0.0,0.0,1.3,0.0,8.8,5.3,92.0,0.0,4.9,17.0,0.0,6.1,0.7,0.0,0.0,0.0,5.2,0.0,0.0,1.3,3.9,15.3,0.0,0.0,0.0,26.3,0.0,50.9,0.0,1.8,7.1,0.0,3.1,0.0,80.9,0.0,19.3,0.0,4.9,0.0,470.2,0.0,29.4,0.0,20.8,0.0,49.1,0.0,194.4,0.0,28.9,0.0,119.9,0.0,21.0,0.0,0.0,15.2,109.5,0.0,2.9,0.0,9.7,0.0,58.4,0.0,146.4,0.0,32.9,0.0,64.7,0.0,19.0,0.0,3.2,0.0,6.0,0.0,11.3,0.0
21062_POS_SU,pos,Level 2,1-(2-Hydroxyethyl)pyrrolidin-2-one,Anthropogenic,Alcohol / glycol / ether,80.5,0.7,0.4,1.4,0.7,0.5,0.6,0.8,0.3,0.0,0.1,0.0,0.0,0.3,0.9,0.0,0.0,0.7,0.2,0.5,0.9,2.2,0.6,0.0,0.2,0.3,0.0,0.4,0.1,0.4,1.4,1.0,0.0,0.6,2.2,0.0,0.8,0.0,0.0,0.6,0.8,0.0,0.5,0.6,0.2,0.5,0.4,0.0,0.8,0.0,1.0,2.0,0.5,1.3,0.7,0.1,0.0,0.3,0.4,0.0,0.0,0.0,0.4,0.3,1.5,0.0,0.7,0.0,0.5,2.4,1.0,1.1,0.3,1.2,0.5,1.9,0.3,1.3,0.9,3.3,0.7,0.1,0.3,1.2,0.5,1.2,0.4,9.1,0.7,1.4,0.8,0.0,0.4,0.7,0.8,0.0,0.5,0.0,0.0,2.7,0.4,1.7,0.5,1.3,0.7,1.1,0.7,1.3,0.3,0.5,0.1,0.0,0.6,0.7,0.6,0.3,0.9,0.3,1.1,1.3,0.8,0.9,0.8,0.5,1.2,0.1,0.8,1.8,0.5,0.0,0.3,3.7,0.9,0.0,0.8,1.0,0.8,2.3,0.8,0.2,0.8,0.0,1.4,0.0,0.8,2.2,0.3,0.3,1.0,0.1,2.0,0.4,1.9,2.4,2.1,0.6,2.2,1.3,1.0,0.1,41.8,40.2,1.1,0.5,1.3,0.6,0.6,1.0,0.6,3.3,0.1,1.2,0.9,0.7,0.0,0.0,43.4,1.0,4.0,0.8,0.6,2.0,0.2,0.3,0.9,2.0,0.6,0.0,0.8,8.4,10.8,0.6,0.5,4.9,3.4,6.8,0.0,2.0,2.9,6.7,1.7,2.0,3.2,4.7,0.0,0.0,0.0,0.0,0.0,0.0,0.0,0.0,0.4,0.3,0.2,0.3,0.4,1.2,0.0,2.1,0.0,0.1,0.4,0.7,0.4,0.5,0.3,0.7,0.2,0.0,2.4,0.0,0.5,0.0,2.5,0.5,9.8,4.3,1.7,0.0,0.2,0.2,1.7,0.6,1.5,1.1,0.6,0.6,1.3,0.4,0.4,1.2,0.1,0.2,5.6,7.6,1.2,0.0,2.1,0.4,0.6,0.7,1.2,0.9,1.3,1.2,4.5,0.2,0.4,1.7,1.4,0.0,0.0,0.5,0.4,0.1,0.3,0.0,0.3,3.3,0.0,0.5,0.0,0.0,0.7,0.2,0.1,0.0,0.0,0.1,0.6,0.0,1.4,0.3,78.8,0.4,1.0,0.0,0.1,0.0,1.3,0.0,0.5,0.0,0.8,0.2,0.2,0.0,0.9,0.0,0.0,0.0,0.1,0.1,1.3,0.1,0.3,0.0,0.3,1.5,0.5,0.3,0.9,0.7,1.6,0.1,1.4,1.4,0.7,0.0,1.0,0.3,0.0,0.5,0.0,11.1,2.5,0.1,11.7,0.7,0.2,0.5,0.8,0.3,0.0,0.9,0.2,0.0,1.6,0.2,2.5,0.5,0.1,0.0,5.5,0.0,0.4,0.1,1.2,0.3,0.3,0.2,0.0,0.1,1.8,0.3,0.1,0.3,1.0,2.4,0.4,0.0,1.1,0.0,0.2,1.5,1.5,0.9,0.0,0.0,0.0,2.1,0.0,0.4,0.2,1.3,0.6,0.0,0.2,0.5,0.7,4.1,1.5,1.6,0.3,2.1,0.7,0.7,1.4,0.6,0.4,2.3,1.2,0.3,0.4,0.1,0.6,0.5,0.7,0.1,0.9,1.1,0.8,0.5,0.8,0.2,0.4,0.0,0.9,0.1,0.1
21096_POS_SU,pos,Level 2,L-Pipecolic acid,Natural,Amino acid / peptide / nucleoside,73.8,1.2,4.3,2.6,4.2,0.3,8.8,2.5,17.5,0.0,14.5,0.2,0.9,0.0,4.9,0.0,0.2,1.1,0.4,1.9,3.6,1.3,1.5,0.0,1.3,0.1,2.8,0.0,19.8,2.9,58.0,0.1,13.6,2.6,112.1,0.4,28.4,0.8,32.1,0.0,69.2,0.1,54.8,2.1,64.7,3.9,42.6,0.2,53.7,1.7,72.0,3.1,21.8,2.6,6.8,1.2,7.0,0.4,5.4,0.2,28.0,0.0,4.5,0.3,7.8,0.8,8.8,0.3,5.0,4.6,12.5,1.3,7.3,0.8,3.8,0.5,1.2,0.6,2.7,4.5,2.3,0.4,4.0,1.9,5.4,3.0,11.5,2.6,11.1,1.7,11.9,0.4,4.9,0.9,6.2,0.7,4.3,0.7,2.3,1.1,2.6,0.8,0.0,0.0,0.0,0.0,0.0,7.6,0.0,0.0,0.0,0.0,0.0,0.6,0.9,0.0,0.4,0.0,0.2,0.0,0.4,0.0,1.2,0.0,0.0,0.2,0.5,0.0,0.0,0.0,8.3,0.0,0.8,0.0,0.0,1.6,0.2,0.2,0.3,0.0,0.0,0.0,0.0,0.0,0.2,0.0,0.7,1.6,1.1,0.0,0.0,0.8,29.8,1.8,11.2,0.4,69.0,3.2,36.8,0.0,1972.7,3.5,26.5,3.1,37.6,0.1,33.5,2.1,33.6,9.5,23.0,0.6,30.7,4.4,21.7,1.7,1644.1,1.2,101.1,9.1,16.6,20.6,4.4,1.9,59.9,0.1,13.8,0.6,63.4,8.6,1035.6,0.0,62.9,4.3,35.0,7.6,28.2,9.5,18.6,1.7,12.0,9.3,2.1,8.8,1.1,0.0,0.0,0.0,0.0,0.0,0.0,3.5,14.7,0.8,10.6,0.0,2.8,0.0,9.5,1.6,2.0,0.2,0.0,0.0,8.0,0.3,2.8,0.4,18.9,0.0,49.7,0.0,11.8,0.0,15.1,3.7,0.0,0.0,23.9,0.4,30.6,0.0,11.0,0.3,3.1,0.0,11.4,0.0,53.9,0.0,19.5,0.7,15.5,0.0,114.9,8.6,52.0,0.0,97.3,0.0,30.6,0.0,27.1,0.0,23.9,5.5,76.9,0.0,1.9,0.0,17.3,0.3,0.3,0.0,0.0,0.0,0.0,0.0,0.0,0.5,0.0,0.0,0.4,0.0,1.2,0.0,0.0,0.0,0.0,0.0,0.0,2.5,0.5,0.0,281.7,0.0,0.0,0.0,0.0,0.4,0.0,0.0,0.0,0.0,0.0,0.0,0.0,0.0,0.0,0.0,0.0,0.0,0.0,0.0,0.0,0.0,0.0,0.0,0.0,7.5,0.0,62.1,5.2,23.6,0.4,25.4,0.2,47.9,1.9,27.8,12.1,11.5,2.8,29.1,2.5,134.7,1.2,32.3,8.8,30.1,1.1,29.4,0.4,39.0,0.0,14.5,0.0,29.2,1.9,4.7,2.2,7.2,6.7,13.7,27.1,21.9,3.2,31.5,0.1,12.1,0.5,13.4,1.6,3.1,2.4,6.9,1.0,7.1,1.1,9.2,1.2,1.6,11.6,0.9,6.4,2.3,16.9,1.4,6.0,0.1,3.7,1.8,2.2,1.0,3.2,0.6,4.6,0.6,3.8,1.8,9.5,2.6,0.9,0.6,0.8,0.8,3.9,4.8,0.2,0.7,11.2,1.3,11.6,1.6,5.9,0.4,9.6,0.0,14.9,0.2,3.2,0.3,1.8,0.0,1.8,0.0,2.1,0.2,2.0,4.3,0.8
22260_POS_SU,pos,Level 2,3-methyl indole,Natural,"Natural product – plant/fungal metabolites, terpenes, flavonoids, alkaloids, etc.",51.0,0.0,0.0,0.7,0.3,0.0,0.0,0.7,0.0,0.0,0.0,0.0,0.0,0.0,0.0,0.0,0.0,0.0,0.0,0.0,0.0,0.0,0.0,0.0,0.0,2.4,0.0,0.3,0.3,14.7,0.9,0.0,0.0,0.1,0.0,0.2,0.0,0.2,0.0,1.0,0.2,0.2,0.4,0.0,0.0,1.8,0.3,0.0,0.0,0.4,0.1,0.0,0.0,0.4,0.1,0.1,0.0,0.0,0.0,0.0,0.3,0.0,0.2,0.0,0.4,0.1,0.0,0.5,0.0,0.2,0.0,0.0,0.0,0.0,0.0,0.0,0.0,0.0,0.0,0.1,0.2,0.0,0.0,0.0,0.2,0.0,0.0,0.0,0.3,0.0,0.0,0.0,0.0,0.3,0.2,0.0,0.1,0.1,0.1,0.1,0.0,4.5,0.4,30.7,0.8,0.0,0.0,0.3,0.0,5.2,0.0,2.0,0.2,118.7,0.6,6.9,0.2,30.8,0.0,0.0,0.2,1.2,0.1,0.1,0.1,121.1,1.0,0.4,0.1,12.2,0.0,0.3,0.2,48.6,0.0,0.1,0.1,0.6,0.2,0.5,0.1,0.0,0.1,0.0,0.0,0.0,0.1,6.0,0.2,0.3,0.1,0.3,0.0,1.5,0.0,0.0,1.0,0.3,0.4,0.0,14.5,0.0,0.0,0.1,0.2,1.0,0.0,0.0,0.0,0.0,0.0,2.1,0.0,0.1,0.1,4.0,13.0,0.1,0.2,0.2,0.5,0.6,0.2,0.2,0.0,1.3,2.4,0.1,0.7,0.1,0.7,0.0,0.2,0.0,0.2,0.1,0.3,0.1,0.2,0.1,0.0,0.0,0.1,0.0,0.2,0.0,0.0,0.0,0.0,0.0,0.0,0.2,0.1,0.1,0.0,9.5,1.0,2.4,0.0,0.1,0.0,7.4,0.5,0.1,0.0,0.3,0.0,0.3,0.0,0.0,0.4,1.2,1.0,0.0,0.1,1.0,2.1,0.0,0.5,0.1,0.0,2.4,0.2,0.0,0.0,4.3,1.2,0.0,0.0,0.0,0.2,0.8,0.4,0.5,0.7,1.0,0.0,0.0,1.0,0.7,0.0,0.0,0.0,0.7,0.2,2.6,2.8,0.7,0.2,0.3,0.4,0.0,0.0,0.0,0.0,0.0,0.0,0.0,0.1,0.1,0.0,0.0,0.1,0.0,0.0,10.5,0.0,5.0,0.4,0.1,0.2,0.1,0.0,0.0,28.8,0.0,0.0,0.8,0.0,6.7,0.1,0.0,0.0,0.6,0.0,2.6,0.0,0.2,0.0,0.0,0.0,3.0,0.0,0.0,0.0,0.2,0.0,0.2,0.0,0.8,0.0,0.5,0.2,0.7,0.3,0.0,0.0,0.0,0.7,0.5,1.3,0.0,0.0,0.2,0.0,4.8,0.1,0.0,2.2,0.2,0.2,0.0,0.2,0.8,0.6,0.3,0.0,0.2,0.0,0.2,0.1,0.2,0.1,0.8,0.6,1.2,0.0,0.0,0.4,0.3,0.1,0.3,0.1,0.0,0.4,0.3,0.2,0.0,0.2,0.0,0.2,2.1,0.0,0.0,0.0,0.0,0.1,0.0,0.0,0.0,0.0,0.0,0.0,0.0,0.0,0.4,0.0,26.4,0.3,0.2,0.0,0.0,0.0,1.2,0.0,0.0,0.0,0.0,0.0,0.0,0.0,0.0,0.0,0.0,0.0,0.0,0.0,0.0,0.0,0.0,0.0,0.0,0.0,0.0,0.0,0.0,0.0,0.0,0.0,0.0,0.0
22812_POS_SU,pos,Level 2,4-methoxy-3-methylbenzaldehyde,Natural,"Natural product – plant/fungal metabolites, terpenes, flavonoids, alkaloids, etc.",18.6,0.0,0.0,0.2,0.0,0.0,0.0,0.2,0.0,0.0,0.0,0.0,0.0,0.1,0.0,0.0,0.0,0.2,0.0,0.0,0.0,0.0,0.0,0.0,0.0,0.0,0.0,0.0,0.0,0.0,0.0,0.0,0.0,0.0,0.0,0.1,0.0,0.2,0.0,0.0,0.0,0.0,0.0,0.0,0.0,0.0,0.0,0.0,0.0,0.4,0.0,0.0,0.0,0.1,0.0,0.0,0.0,0.1,0.0,0.0,0.0,0.0,0.0,0.5,0.0,0.0,0.0,0.1,0.0,0.1,0.0,0.4,0.0,0.0,0.0,0.0,0.0,0.0,0.0,1.1,0.0,0.3,0.0,0.0,0.0,8.4,0.0,0.3,0.0,0.0,0.0,0.0,0.0,1.2,0.0,0.1,0.0,0.0,0.0,0.5,0.0,0.6,0.0,1.7,0.0,0.1,0.0,0.0,0.0,0.2,0.0,1.3,0.0,0.7,0.0,2.1,0.0,0.8,0.0,0.0,0.0,0.3,0.0,1.3,0.0,0.3,0.0,0.2,0.0,0.2,0.0,0.0,0.0,1.0,0.0,0.3,0.0,0.3,0.0,0.5,0.0,0.2,0.0,0.2,0.0,0.5,0.0,0.1,0.0,0.1,0.0,0.0,0.0,0.0,0.0,0.0,0.0,0.0,0.0,0.0,0.0,0.0,0.0,0.0,0.0,0.0,0.0,0.0,0.0,0.0,0.0,0.0,0.0,0.0,0.0,0.3,0.0,0.0,0.0,0.0,0.0,0.0,0.0,0.0,0.0,0.0,0.0,0.0,0.0,0.0,0.0,0.0,0.0,0.0,0.0,0.0,0.0,0.0,0.0,0.0,0.0,0.0,0.0,0.0,0.0,0.0,0.0,0.0,0.0,0.0,0.0,0.0,0.0,0.0,0.0,0.0,0.0,0.0,0.0,0.0,0.0,0.1,0.0,0.0,0.0,0.0,0.0,0.1,0.0,0.0,0.0,0.1,0.0,0.0,0.0,0.0,0.1,0.2,0.0,1.1,0.0,0.0,0.0,0.7,0.0,0.3,0.0,0.0,0.0,0.3,0.0,0.4,0.0,0.0,0.0,0.0,0.0,0.3,0.0,0.3,0.0,1.5,0.0,1.2,0.0,0.0,0.0,0.1,0.0,0.0,0.0,0.0,0.0,1.2,0.0,0.0,0.4,0.0,0.0,0.4,0.0,0.9,0.0,0.1,0.0,0.0,0.0,0.3,0.0,0.3,0.0,0.0,0.0,0.0,0.0,0.2,0.0,0.0,0.0,0.6,0.0,0.0,0.0,0.0,0.0,0.0,0.0,0.0,0.0,0.1,0.0,0.0,0.0,0.0,0.0,0.0,0.0,0.0,0.0,0.0,0.0,0.0,0.0,0.0,0.1,0.0,0.0,0.0,0.0,0.0,0.1,0.0,0.4,0.0,0.0,0.0,0.0,0.0,0.0,0.0,0.0,0.0,0.0,0.0,0.0,0.0,0.2,0.0,0.0,0.0,0.0,0.0,0.5,0.0,0.0,0.0,0.0,0.0,0.0,0.0,0.1,0.0,0.0,0.0,0.3,0.0,0.0,0.0,0.0,0.0,0.0,0.1,0.0,0.0,0.0,0.0,0.0,0.0,0.0,0.0,0.0,0.3,0.0,0.0,0.0,0.0,0.0,0.0,0.0,0.0,0.0,0.1,0.0,0.0,0.0,0.0,0.0,0.0,0.0,0.0,0.0,0.0,0.0,0.0,0.0,0.0,0.0,0.0,0.0,0.0,0.0,0.0,0.0,0.0,0.0,0.0,0.0,0.0,0.0,0.0,0.0
23351_POS_SU,pos,Level 2,2-Oxindole,Natural,"Natural product – plant/fungal metabolites, terpenes, flavonoids, alkaloids, etc.",9.3,0.0,0.0,0.0,0.0,0.0,0.0,0.0,0.0,0.0,0.0,0.1,0.0,0.0,0.0,0.0,0.0,0.0,0.0,0.1,0.0,0.0,0.0,0.0,0.0,0.0,0.0,0.0,0.0,0.0,0.1,0.0,0.0,0.0,0.0,0.0,0.0,0.0,0.0,0.0,0.0,0.0,0.0,0.0,0.0,0.0,0.0,0.0,0.0,0.0,0.0,0.0,0.0,0.0,0.0,0.0,0.0,0.0,0.0,0.0,0.0,0.0,0.0,0.0,0.0,0.0,0.0,0.0,0.0,0.0,0.0,0.0,0.0,0.0,0.0,0.0,0.0,0.0,0.0,0.0,0.0,0.0,0.0,0.0,0.0,0.0,0.0,0.0,0.0,0.0,0.0,0.0,0.0,0.0,0.0,0.0,0.0,0.0,0.0,0.0,0.0,0.0,0.0,0.0,0.0,0.0,0.0,0.0,0.0,0.0,0.0,0.0,0.0,0.0,0.0,0.0,0.0,0.0,0.0,0.0,0.0,0.0,0.0,0.0,0.0,13.8,0.0,0.0,0.0,0.0,0.0,0.0,0.0,0.1,0.0,0.0,0.0,0.0,0.0,0.0,0.0,0.0,0.0,0.0,0.0,0.0,0.0,0.0,0.0,0.0,0.0,0.0,0.1,0.0,0.0,0.0,0.1,0.0,0.2,0.0,0.0,0.0,0.5,0.0,0.0,0.0,0.0,0.0,0.1,0.0,0.2,0.1,0.0,0.0,0.0,0.2,0.0,0.0,0.0,0.0,0.0,0.0,0.1,0.0,0.1,0.0,0.1,0.0,0.0,0.0,0.0,0.0,0.0,0.0,0.1,0.0,0.0,0.0,0.0,0.0,0.0,0.0,0.0,0.0,0.0,0.0,0.0,0.0,0.0,0.0,0.0,0.0,0.0,0.0,0.0,0.0,0.1,0.0,0.0,0.0,0.0,0.0,0.0,0.0,0.1,0.0,0.0,0.0,0.0,0.0,0.0,0.0,0.0,0.0,0.0,0.0,0.0,0.0,0.0,0.0,0.0,0.0,0.0,0.0,0.0,0.0,0.0,0.0,0.0,0.0,0.0,0.0,0.0,0.0,0.0,0.0,0.0,0.0,0.0,0.1,0.0,0.0,0.0,0.0,0.0,0.0,0.3,0.0,0.0,0.0,0.0,0.0,0.0,0.0,0.0,0.0,0.0,0.0,0.0,0.0,0.0,0.0,0.0,0.0,0.0,1.4,0.0,0.0,0.0,0.0,0.0,0.0,0.0,0.0,1.0,0.0,0.0,0.0,0.0,0.0,0.0,0.0,0.0,0.0,0.0,0.0,0.0,0.0,0.0,0.0,0.0,0.0,0.0,0.0,0.0,0.0,0.0,0.0,0.0,0.1,0.0,0.0,0.0,0.0,0.0,1.7,0.0,0.0,0.0,0.4,0.0,0.5,0.0,0.1,0.0,0.0,0.0,0.1,0.1,0.3,0.0,0.4,0.0,0.3,0.0,0.0,0.0,0.2,0.0,0.0,0.0,0.0,0.0,0.0,0.0,2.3,0.0,0.6,0.0,1.3,0.0,0.0,0.0,0.0,0.0,0.0,0.0,0.0,0.0,0.1,0.0,0.0,0.0,0.0,0.0,0.0,0.0,0.0,0.0,0.0,0.0,0.0,0.0,0.0,0.0,0.0,0.0,0.1,0.0,0.0,0.0,0.0,0.0,0.0,0.0,0.0,0.0,0.0,0.0,0.0,0.0,0.0,0.0,0.0,0.0,0.0,0.0,0.0,0.0,0.0,0.0,0.0,0.0,0.0,0.0,0.0,0.0,0.0,0.0,0.0,0.0
23983_POS_SU,pos,Level 2,Diethylene glycol dimethyl ether,Anthropogenic,Alcohol / glycol / ether,77.6,773.1,1.0,185.4,10.2,415.1,16.7,810.1,0.0,1513.4,5.0,223.6,22.7,1560.1,0.0,309.4,0.0,495.9,0.0,301.7,0.0,371.4,0.0,312.0,0.0,862.5,0.0,494.8,0.0,704.8,0.0,1786.7,0.0,289.4,0.0,577.2,0.0,293.7,0.0,458.7,7.2,489.0,13.0,64.9,0.0,271.1,0.0,463.5,0.0,1347.7,18.1,974.9,0.0,600.4,20.2,384.8,0.0,920.1,134.1,263.5,2.6,451.9,0.0,2772.2,199.8,39.9,0.0,3058.7,7.7,396.0,0.0,2292.5,0.0,2015.8,1.2,681.8,0.0,414.4,0.0,5702.4,0.0,725.3,5.1,697.4,0.0,1303.5,0.0,629.0,18.5,313.2,0.0,847.4,11.1,1790.2,0.0,2845.5,0.0,723.1,14.3,2248.2,0.0,1875.4,2.4,3052.1,33.1,781.2,0.0,181.4,10.4,1838.6,0.0,83.7,0.0,2571.8,0.0,594.3,19.1,671.8,0.0,578.4,0.0,1539.6,5.4,2311.5,0.0,5759.0,21.2,1937.8,0.0,2800.9,0.0,1771.7,54.6,1871.7,432.7,3802.8,1.1,808.5,11.5,610.8,92.8,6203.6,4.0,1285.5,52.3,698.9,23.3,20.8,58.7,1074.1,106.9,79.7,0.0,442.8,13.7,32.1,0.0,689.4,9.1,153.2,0.8,410.5,0.0,388.8,21.1,309.5,13.6,92.7,0.0,337.0,0.0,1234.3,0.0,141.7,1.5,857.2,5.0,38.0,0.0,274.2,67.1,353.4,0.0,578.6,25.0,34.7,0.0,663.2,8.9,288.6,1.6,1004.8,101.1,353.8,28.1,324.0,64.7,1708.9,137.9,114.1,11.2,271.0,492.7,111.4,156.0,140.8,0.0,0.0,0.0,0.0,0.0,3738.4,0.0,412.4,17.1,1444.5,51.2,553.6,0.0,801.3,24.5,6101.5,313.8,931.4,0.0,165.3,0.0,2374.9,0.0,1306.5,35.4,688.4,143.9,0.0,7.7,23.5,3203.6,3366.6,128.7,2196.3,0.0,1534.7,0.0,2161.9,70.9,1999.7,116.8,740.2,20.9,1333.3,79.7,1599.5,280.7,641.9,8.3,224.5,0.0,2161.4,70.5,705.5,27.0,288.9,0.0,2745.6,35.3,1599.2,37.4,1049.3,235.5,736.6,0.0,1031.2,0.0,267.2,62.4,714.6,553.8,895.6,26.9,2022.2,58.0,1123.3,0.0,531.4,0.0,851.7,0.0,1262.5,308.9,992.6,144.7,871.7,16.4,1439.7,375.6,6417.7,209.4,342.6,11.8,1680.9,83.0,272.2,21.9,407.1,18.9,2515.1,0.0,899.8,10.6,22.7,3.1,234.3,0.0,570.7,0.0,561.1,0.0,409.5,0.0,2078.9,15.4,69.1,1358.6,184.5,390.9,110.6,391.6,133.3,652.3,6.8,815.0,34.3,930.3,77.2,849.4,166.4,398.5,69.0,2234.6,168.9,779.7,63.2,248.5,109.2,217.9,430.2,1884.8,789.8,642.6,186.4,1263.1,112.5,2114.3,121.3,1234.5,42.8,690.6,156.2,149.6,313.3,1363.3,127.6,652.4,81.2,909.6,28.4,601.2,129.9,1022.0,210.0,654.6,963.5,0.0,473.5,0.0,2385.9,13.0,2657.0,0.0,454.0,0.0,2837.5,0.0,1682.8,0.0,2331.7,0.0,498.7,1.0,1629.7,0.0,2324.3,236.0,742.3,0.0,1434.3,11.2,0.0,1078.1,1112.2,0.0,823.3,3.5,1439.6,0.0,702.9,0.0,609.0,0.0,967.8,0.0,898.1,0.0,1111.4,0.0,688.1,0.0,182.2,71.4,1417.0,0.0
24508_POS_SU,pos,Level 2,Adenine,Natural,Amino acid / peptide / nucleoside,53.1,0.3,0.4,0.1,0.8,0.0,1.3,0.5,1.3,0.1,0.2,0.0,0.0,0.0,0.7,0.0,0.0,0.2,0.0,0.4,0.1,0.1,2.9,0.0,0.0,0.0,0.0,0.8,0.0,0.6,0.7,0.0,1.4,0.9,1.6,0.0,20.7,0.0,1.2,0.0,4.2,0.0,4.4,0.0,1.8,0.6,6.4,0.0,31.4,0.0,25.4,0.4,4.6,0.0,2.5,0.0,2.5,0.0,3.1,0.0,10.1,0.0,2.1,0.0,1.8,0.0,2.2,0.0,0.7,0.4,17.5,0.0,1.1,0.0,0.2,0.0,2.0,0.0,2.5,1.7,3.1,0.0,0.3,0.0,0.3,0.7,0.7,0.0,2.1,0.2,3.1,0.0,0.0,0.3,2.1,0.0,0.0,0.0,0.0,0.0,0.0,0.0,0.0,0.0,0.0,0.2,0.0,3.9,0.0,0.0,0.0,0.1,0.0,1.1,1.1,0.0,0.1,1.0,0.0,0.1,1.5,0.2,0.3,0.0,0.0,3.0,0.0,0.9,0.0,0.0,1.0,0.0,0.0,0.2,0.0,1.3,1.2,0.2,0.0,0.0,0.4,0.0,0.0,0.3,0.0,0.0,0.0,1.6,0.0,0.0,0.3,0.3,6.5,1.2,0.9,0.0,7.7,1.6,9.6,0.3,94.0,1.2,2.3,0.1,11.2,0.1,3.6,0.2,1.8,0.0,1.5,0.7,4.0,0.8,5.3,0.0,107.4,0.0,18.2,0.9,4.6,2.8,0.7,1.8,7.9,0.0,1.4,0.0,9.0,1.8,65.5,0.0,10.0,0.3,2.4,0.7,5.0,0.6,0.2,0.2,1.7,0.1,0.9,0.0,0.0,0.4,0.0,0.0,0.0,0.0,0.0,2.0,0.5,0.0,0.0,1.4,0.1,2.6,0.2,1.5,0.0,0.8,0.0,0.0,1.0,0.0,0.0,0.0,0.0,0.0,2.8,0.0,0.0,0.0,0.0,3.8,0.0,0.0,1.2,0.0,1.0,0.0,2.0,0.0,0.2,0.0,0.0,0.0,68.6,0.0,3.2,0.0,6.2,0.0,30.3,5.2,11.5,0.0,36.0,0.0,5.4,0.0,29.0,1.6,5.6,0.3,12.5,0.0,0.0,0.0,4.1,0.0,0.0,0.0,0.0,0.0,0.0,0.0,0.0,0.0,0.0,0.0,0.0,0.0,0.0,0.0,0.0,0.0,0.0,0.0,0.0,0.1,0.0,0.0,198.7,0.0,0.0,0.0,0.0,0.0,0.0,0.0,0.0,0.0,0.0,0.0,0.0,0.4,0.0,0.0,0.0,0.0,0.0,0.0,0.0,0.0,0.0,0.0,0.0,3.0,0.0,32.0,1.5,13.4,0.0,7.8,0.0,23.2,0.0,10.9,0.7,3.7,0.0,5.5,0.2,350.2,0.0,19.3,9.0,45.3,0.0,38.4,0.0,24.6,0.0,18.6,0.0,17.7,0.1,1.7,1.3,3.3,0.7,33.3,4.4,49.4,0.0,20.5,0.0,6.9,0.0,7.2,0.0,2.2,0.0,2.2,0.0,31.9,0.0,4.1,0.0,0.0,0.6,0.0,1.2,0.4,4.1,0.0,5.5,0.0,0.4,0.7,0.3,1.0,0.0,0.0,0.5,0.3,0.3,0.7,0.4,0.0,0.2,0.0,0.0,0.2,1.3,0.0,0.2,0.7,1.6,0.0,2.1,0.3,0.0,0.0,0.6,0.0,0.6,0.0,0.3,0.1,0.1,0.5,0.1,0.0,0.0,0.1,1.6,0.1,0.0
24534_POS_SU,pos,Level 2,2'-Aminoacetophenone,Natural,"Natural product – plant/fungal metabolites, terpenes, flavonoids, alkaloids, etc.",95.7,15.2,0.4,17.7,2.3,20.2,2.0,45.3,1.5,9.5,0.8,73.5,2.0,15.8,2.0,10.6,1.2,6.7,2.1,9.3,1.7,18.6,1.2,3.8,2.0,7.3,1.0,9.1,2.5,40.5,6.7,26.4,2.7,9.1,1.5,5.4,5.1,33.8,3.7,20.1,5.0,12.0,9.2,11.0,3.6,38.5,5.7,11.2,2.3,10.1,3.9,24.9,1.2,32.1,3.6,23.6,1.0,13.9,2.5,9.9,2.1,25.0,1.7,75.0,2.6,7.6,1.3,18.0,0.8,47.9,1.6,8.9,1.0,6.3,2.2,15.5,1.5,15.5,6.1,17.1,1.7,71.7,2.0,25.2,3.7,50.4,2.7,18.6,1.6,12.1,0.9,6.9,3.0,25.0,5.4,67.8,3.2,19.4,1.9,36.9,1.0,22.2,1.5,38.2,4.0,63.9,0.9,1.7,2.0,12.2,2.0,155.7,1.6,17.2,1.0,35.5,0.9,11.7,1.7,7.4,4.4,19.8,1.9,3.5,0.7,52.7,1.5,14.7,0.6,14.8,0.8,4.6,0.8,53.4,12.4,40.1,1.2,10.7,1.9,9.9,2.0,10.3,0.0,17.1,1.1,15.8,1.2,8.3,2.0,9.2,1.8,15.4,2.1,8.7,9.9,16.4,3.2,32.7,3.3,6.7,2.6,15.0,2.5,12.7,0.7,14.0,1.2,4.4,0.3,1.7,0.1,12.4,0.4,26.9,0.2,18.0,4.2,7.6,0.1,14.9,1.1,14.8,4.1,12.2,1.2,20.1,7.3,12.5,1.1,27.0,1.3,7.5,2.7,7.9,1.0,28.7,2.0,9.4,3.9,1.9,1.5,7.3,6.1,30.7,18.2,13.2,0.0,0.0,0.0,0.0,0.0,42.8,3.0,19.2,4.9,7.2,6.1,2.8,11.2,29.1,1.7,23.9,3.9,11.5,3.5,13.7,2.0,6.0,0.7,10.6,2.2,16.4,5.0,0.0,2.7,5.4,19.0,11.7,2.2,8.6,1.6,16.3,3.6,10.4,3.2,22.2,3.5,6.2,1.4,10.5,3.3,13.7,2.1,9.7,6.7,6.5,1.0,11.7,1.2,18.5,1.8,34.0,1.4,26.6,2.9,20.5,3.7,28.0,18.4,7.3,2.4,7.8,0.4,12.4,0.6,56.7,4.3,19.9,0.3,41.4,7.1,6.7,1.2,9.4,0.2,9.5,0.3,23.3,35.4,17.3,0.8,16.0,1.0,23.2,6.5,9.5,0.5,11.1,0.0,12.5,1.5,16.5,0.4,6.9,0.0,3.2,1.0,6.3,1.3,25.7,0.5,8.4,1.0,10.2,0.2,7.6,1.6,4.2,1.0,6.0,0.3,1.3,12.5,3.4,18.8,1.1,4.5,2.1,11.1,1.9,10.6,0.5,17.6,1.2,17.3,1.9,23.5,1.3,69.7,0.6,11.5,1.0,17.4,2.0,5.2,2.7,7.3,2.4,6.7,2.8,11.5,1.9,11.0,1.2,19.8,1.7,16.2,1.6,5.6,4.2,5.0,2.2,7.1,3.4,23.0,1.9,19.9,1.6,11.6,30.3,16.0,26.6,0.0,22.5,0.1,19.6,0.7,45.4,30.7,4.9,0.0,50.5,0.1,12.7,0.0,31.9,0.4,15.6,0.5,36.9,0.1,20.0,3.2,22.5,0.2,58.7,0.1,0.0,32.5,19.7,0.0,27.1,0.3,25.4,0.0,38.0,0.6,12.4,0.0,26.2,0.1,11.4,0.0,31.5,0.5,24.6,0.3,32.5,4.0,47.3,0.0
24535_POS_SU,pos,Level 2,2-Phenylacetamide,Anthropogenic,Pharmaceutical,1.2,0.0,0.0,0.0,0.0,0.0,0.0,0.0,0.0,0.0,0.0,0.0,0.0,0.0,0.0,0.0,0.0,0.0,0.0,0.0,0.0,0.0,0.0,0.0,0.0,0.0,0.0,0.0,0.0,0.0,0.0,0.0,0.0,0.0,0.0,0.0,0.0,0.0,0.0,0.0,0.0,0.0,0.0,0.0,0.0,0.0,0.0,0.0,0.0,0.0,0.0,0.0,0.0,0.0,0.0,0.0,0.0,0.0,0.0,0.0,0.0,0.0,0.0,0.0,0.0,0.0,0.0,0.0,0.0,0.0,0.0,0.0,0.0,0.0,0.0,0.0,0.0,0.0,0.0,0.4,0.0,0.0,0.0,0.0,0.0,0.0,0.0,0.0,0.0,0.0,0.0,0.0,0.0,0.0,0.0,0.0,0.0,0.0,0.0,0.0,0.0,0.0,0.0,0.0,0.0,0.0,0.0,0.0,0.0,0.0,0.0,0.0,0.0,2.2,0.0,0.0,0.0,0.0,0.0,0.0,0.0,0.0,0.0,0.0,0.0,1.6,0.0,0.0,0.0,0.0,0.0,0.0,0.0,0.0,0.0,0.0,0.0,0.0,0.0,0.0,0.0,0.0,0.0,0.0,0.0,0.0,0.0,0.0,0.0,0.0,0.0,0.0,0.0,0.0,0.0,0.0,0.0,0.0,0.0,0.0,0.0,0.0,0.0,0.0,0.0,0.0,0.0,0.0,0.0,0.0,0.0,0.0,0.0,0.0,0.0,0.0,0.0,0.0,0.0,0.0,0.0,0.0,0.0,0.0,0.0,0.0,0.0,0.0,0.0,0.0,0.0,0.0,0.0,0.0,0.0,0.0,0.0,0.0,0.0,0.0,0.0,0.0,0.0,0.0,0.0,0.0,0.0,0.0,0.0,0.0,0.0,0.0,0.0,0.0,0.0,0.0,0.0,0.0,0.0,0.0,0.0,0.0,0.0,0.0,0.0,0.0,0.0,0.0,0.0,0.0,0.0,0.0,0.0,0.0,0.0,0.0,0.0,0.0,0.0,0.0,0.0,0.0,0.0,0.0,0.0,0.0,0.0,0.0,0.0,0.0,0.0,0.0,0.0,0.0,0.0,0.0,0.0,0.0,0.0,0.0,0.0,0.0,0.0,0.0,0.0,0.0,0.0,0.0,0.0,0.0,0.0,0.0,0.0,0.0,0.0,0.0,0.0,0.0,0.0,0.0,0.0,0.0,0.0,0.0,0.0,0.0,0.0,0.0,0.0,0.0,0.0,0.0,0.0,0.0,0.0,0.0,0.0,0.0,0.0,0.0,0.0,0.0,0.0,0.0,0.0,0.0,0.0,0.0,0.0,0.0,0.0,0.0,0.0,0.0,0.0,0.0,0.0,0.0,0.0,0.0,0.0,0.0,0.0,0.0,0.0,0.0,0.0,0.0,0.0,0.0,0.0,0.0,0.0,0.0,0.0,0.0,0.0,0.0,3.0,0.0,0.0,0.0,0.0,0.0,0.0,0.0,0.0,0.0,0.0,0.0,0.0,0.0,0.0,0.0,0.0,0.0,0.0,0.0,0.0,0.0,0.0,0.0,0.0,0.0,0.0,0.0,0.0,0.0,0.0,0.0,2.6,0.0,0.0,0.0,0.0,0.0,0.0,0.0,0.0,0.0,0.0,0.0,0.0,0.0,0.0,0.0,0.0,0.0,0.0,0.0,0.0,0.0,0.0,0.0,0.0,0.0,0.0,0.0,0.0,0.0,0.0,0.0,0.0,0.0,0.0,0.0,0.0,0.0,0.0,0.0,0.0,0.0,0.0,0.0,0.0,0.0,0.0,0.0,0.0,0.0,0.0
24999_POS_SU,pos,Level 2,Phenylacetic acid,Natural,Metabolite / biomolecule,9.5,0.0,0.0,0.0,0.0,0.0,0.0,0.0,0.0,0.0,0.0,0.0,0.0,0.0,0.0,57.7,0.0,0.0,0.0,597.8,0.0,0.0,0.0,0.0,0.0,0.0,0.0,0.0,0.0,1.0,0.0,0.0,0.0,0.0,0.0,0.0,0.0,0.0,21.7,0.0,0.0,0.0,0.0,13.9,0.0,45.0,0.0,11.4,0.0,0.0,0.0,0.0,0.0,0.0,0.0,0.0,0.0,0.0,0.0,0.0,0.0,0.0,0.0,0.0,0.0,0.0,0.0,0.0,0.0,0.0,0.0,0.0,0.0,615.1,22.4,0.0,0.0,162.1,0.0,0.0,0.0,0.0,0.0,0.0,0.0,0.0,9.2,115.5,0.0,0.0,0.0,0.0,0.0,0.0,0.0,0.0,0.0,0.0,0.0,71.6,0.0,0.0,0.0,0.0,0.0,0.0,0.0,0.0,0.0,0.0,0.0,6.0,0.0,0.0,0.0,0.0,0.0,0.0,0.0,0.0,0.0,0.0,0.0,0.0,0.0,0.0,0.0,0.0,0.0,0.0,0.0,0.0,0.0,0.0,0.0,0.0,0.0,0.0,0.0,0.0,0.0,0.0,0.0,0.0,0.0,0.0,0.0,0.0,0.0,0.0,1.9,0.0,0.0,0.0,257.4,389.7,4.2,0.8,0.0,0.0,0.0,18.8,107.3,0.0,0.0,0.0,0.0,28.7,0.0,0.0,216.8,0.0,0.0,0.0,0.0,0.0,0.0,0.0,0.0,39.1,0.0,0.0,0.0,0.0,0.0,0.0,0.0,0.0,0.0,0.0,0.0,0.0,0.0,78.5,64.7,0.0,0.0,0.0,0.0,0.0,0.0,0.0,0.0,0.0,0.0,53.0,0.0,0.0,0.0,0.0,0.0,0.0,0.0,0.0,0.0,0.0,0.0,0.0,0.0,0.0,0.0,0.0,0.0,0.0,0.0,0.0,0.0,0.0,0.0,0.0,0.0,0.0,0.0,0.0,0.0,0.0,0.0,0.0,0.0,0.0,0.0,0.0,0.0,0.0,0.0,0.0,0.0,0.0,0.0,0.0,0.0,0.0,0.0,0.0,0.0,0.0,0.0,0.0,0.0,0.0,0.0,0.0,0.0,0.0,17.6,0.0,0.0,0.0,0.0,0.0,0.0,0.0,0.0,0.0,0.0,0.0,0.0,0.0,0.0,0.0,0.0,0.0,0.0,0.0,0.0,0.0,0.0,0.0,0.0,0.0,0.0,0.0,0.0,77.5,0.2,0.0,0.0,0.0,0.0,0.0,0.0,0.0,0.0,0.0,0.0,12.0,0.0,0.0,0.0,0.0,0.0,0.0,0.0,0.0,0.0,0.0,0.0,0.0,0.0,0.0,0.0,0.0,0.0,0.0,0.0,0.0,4.3,0.0,10.0,0.0,0.0,0.0,0.0,0.0,0.0,0.0,46.8,0.0,34.7,0.0,0.0,0.0,0.0,0.0,0.0,0.0,26.8,151.6,0.0,0.0,0.0,0.0,0.0,7.4,0.0,0.0,0.0,0.0,0.0,0.0,0.0,0.0,9.3,0.0,0.0,0.0,0.0,0.0,0.0,0.0,0.0,0.0,0.0,0.0,0.0,0.0,0.0,0.7,0.0,0.0,0.0,0.0,0.0,0.0,0.0,0.0,0.0,0.0,0.0,0.0,0.0,0.0,0.0,0.0,0.0,0.0,0.0,0.0,0.0,0.0,0.0,0.0,0.0,0.0,0.0,0.0,0.0,0.0,0.0,0.0,0.0,0.0,0.0,0.0,0.0,0.0,0.0,0.0,0.0,0.0,0.0
25012_POS_SU,pos,Level 2,1-Phenylurea,Anthropogenic,Pesticide / biocide,13.8,0.0,0.0,0.0,0.0,0.0,0.0,0.0,0.0,39.6,0.0,0.0,0.0,3.1,3.3,0.0,0.0,0.0,0.0,0.0,0.0,0.0,0.0,0.0,0.0,0.0,0.0,0.0,0.0,0.0,0.0,0.0,0.0,0.0,0.0,0.0,0.0,0.0,0.0,0.0,0.0,48.5,0.0,0.0,0.0,0.0,0.0,0.0,0.0,0.0,0.0,0.0,0.0,0.0,0.0,0.0,0.0,0.0,0.0,0.0,0.0,0.0,0.0,0.0,0.0,0.0,0.0,0.0,0.0,0.0,0.0,0.0,0.0,0.0,0.0,0.0,0.0,0.0,0.0,207.9,0.0,0.0,0.0,0.0,0.0,0.0,0.0,0.0,0.0,0.0,0.0,0.0,0.0,0.0,0.0,0.0,0.0,0.0,0.0,21.4,0.0,0.0,0.0,0.0,0.0,0.0,0.0,0.0,0.0,0.0,0.0,0.0,0.0,0.0,0.0,0.0,0.0,0.0,0.0,0.0,0.0,0.0,0.0,0.0,0.0,19.4,0.0,17.2,0.0,0.0,0.0,0.0,0.0,0.0,0.0,113.5,0.0,0.0,0.0,0.0,0.0,0.0,0.0,0.0,0.0,0.0,0.0,0.0,0.0,0.0,601.9,0.0,0.0,17.9,80.2,0.0,0.0,248.6,0.0,0.0,0.0,0.0,0.0,0.0,0.0,0.0,44.1,0.0,0.0,0.0,0.0,0.0,0.0,0.0,42.3,0.0,0.0,0.0,0.0,0.0,3.2,0.0,34.9,0.0,0.0,0.0,23.7,0.0,0.0,0.0,0.0,2.6,16.5,0.0,0.0,0.0,0.0,0.0,0.0,0.0,0.0,0.0,169.3,0.0,46.3,0.0,0.0,0.0,0.0,0.0,0.0,12.7,0.0,0.0,0.0,0.0,0.0,0.0,0.0,0.0,0.0,23.7,0.0,0.0,0.0,0.0,0.0,0.0,0.0,0.0,0.0,0.0,0.0,0.0,0.0,47.0,0.0,0.0,0.0,0.0,0.0,0.0,0.0,2.0,0.0,0.0,0.0,0.0,0.0,0.0,0.0,0.0,0.0,0.0,0.0,10.1,0.0,0.0,0.0,0.0,0.0,0.0,0.0,0.0,0.0,38.6,0.0,0.0,26.3,0.0,0.0,0.0,0.0,0.0,12.2,0.0,0.0,0.0,0.0,0.0,0.0,0.0,0.0,0.0,0.0,0.0,0.0,0.0,0.0,0.0,0.0,0.0,0.0,0.0,587.6,0.0,0.0,0.0,0.0,0.0,0.0,0.0,0.0,0.0,3.2,2.6,0.0,0.0,0.0,0.0,0.0,0.0,0.0,0.0,0.0,0.0,0.0,0.0,0.0,0.0,0.0,0.0,59.0,3.2,9.1,67.6,0.0,0.0,16.3,0.0,0.0,36.5,0.0,50.7,0.0,1.9,0.0,119.7,327.0,0.0,0.0,0.0,0.0,77.0,0.0,155.7,68.9,5241.8,0.0,100.1,0.0,0.0,0.0,0.0,0.0,0.0,0.0,247.1,0.0,0.0,0.0,14.5,54.4,0.0,0.0,0.0,0.0,0.0,47.7,0.0,4.1,0.0,0.0,0.0,0.0,0.0,0.0,0.0,0.0,0.0,0.0,6.3,0.0,24.6,0.0,0.0,0.0,0.0,0.0,35.5,0.0,0.0,0.0,0.0,0.0,0.0,104.3,0.0,0.0,0.0,0.0,0.0,83.2,0.0,0.0,0.0,0.0,0.0,0.0,0.0,0.0,0.0,0.0,0.0,0.0,0.0,0.0,0.0,0.0,0.0,0.0
25015_POS_SU,pos,Level 2,N-Methylnicotinamide,Natural,Metabolite / biomolecule,94.3,0.2,2.8,131.0,32.4,1.0,31.2,1.8,11.5,2.2,6.1,2.2,25.8,6.2,2.7,1.2,3.8,4.0,2.5,3.0,2.8,0.9,5.4,5.9,1.9,23.3,6.2,11.0,133.5,116.1,600.2,15.4,2.0,4.9,4.1,8.9,38.1,5.5,3.0,40.5,73.8,2.9,68.4,2.2,2.7,67.0,52.6,15.1,5.3,104.2,11.8,1.8,1.1,36.4,38.0,8.7,7.3,5.3,13.9,2.9,20.2,3.7,12.4,5.3,25.4,1.0,6.6,39.6,5.3,3.0,2.3,7.6,2.6,43.1,4.1,3.4,0.9,1.6,18.0,411.8,9.5,4.6,12.1,51.8,19.1,9.2,1.8,9.0,27.9,6.3,2.5,32.1,35.7,1.1,10.1,1.1,4.9,10.3,13.0,4.3,5.7,7.7,27.4,47.2,104.3,3.1,1.0,3.5,23.9,39.1,1.2,0.0,4.1,391.6,3.2,23.9,7.5,39.6,12.3,1.4,8.1,37.2,9.5,2.2,1.6,1849.7,12.6,5.4,3.9,36.0,2.5,3.0,8.0,58.0,1.2,4.5,5.7,14.8,38.2,3.4,49.0,58.6,3.9,4.9,8.1,1.7,7.5,0.0,13.8,6.4,4.0,0.6,9.4,607.8,30.8,1.3,71.9,7.8,16.1,1.2,34.7,6.4,11.7,3.4,11.7,1.6,28.3,6.8,10.0,4.4,4.4,152.1,13.8,0.5,6.7,716.2,100.5,12.5,0.4,18.6,26.8,11.3,11.0,4.6,5.0,104.4,564.2,18.1,63.8,1.0,1.7,71.1,20.0,35.2,62.7,0.8,22.0,16.9,32.1,30.2,11.8,1.0,1394.6,3.0,4.3,0.5,0.0,0.0,0.0,0.0,0.0,16.9,2.8,3.5,5.6,28.8,480.3,9.4,1.8,1.5,6.7,236.4,103.4,1.2,3.8,44.4,1.8,286.3,0.3,3.1,17.5,46.0,164.4,0.0,10.4,196.1,6.0,91.4,60.8,8.7,2.4,26.3,5.1,9.7,8.1,796.1,202.5,80.3,11.3,3.4,23.8,84.3,165.2,80.5,87.7,3.8,9.2,44.3,111.6,39.0,26.0,4.1,11.0,69.6,12.5,15.6,361.8,51.7,39.6,31.6,153.4,5.2,0.0,0.3,3.4,2.7,8.3,9.1,28.8,5.8,0.1,2.3,17.3,5.8,1.9,484.0,4.2,20.0,26.1,154.5,40.1,10.9,50.2,3.1,3.4,5.0,6.7,20.0,6.9,140.7,6.5,6.4,3.4,3.1,4.8,5.6,0.0,2.3,3.7,0.0,1.4,39.3,2.5,5.2,0.7,1.0,0.6,3.9,2.6,4.3,0.5,55.2,130.6,177.3,64.5,46.6,106.7,80.1,30.9,138.7,126.5,4.5,3.2,162.2,18.5,621.6,6.6,13.5,25.2,36.5,35.4,34.2,9.7,71.5,66.2,80.8,119.0,77.0,6.0,94.3,75.1,13.9,44.8,149.2,17.6,80.2,22.2,74.3,47.5,70.6,57.5,97.2,53.3,17.4,94.2,19.1,62.9,8.7,61.3,39.9,10.5,51.3,2.5,12.5,0.0,47.2,2.2,20.6,0.0,14.1,0.0,19.0,0.1,22.5,0.0,22.8,0.5,205.6,49.8,10.0,0.5,20.2,1.8,57.4,1.6,3.6,0.0,0.0,7.3,46.8,1.1,5.8,1.1,5.9,0.0,0.6,0.0,0.8,0.0,2.8,0.0,2.7,0.0,9.2,0.8,4.0,0.0,3.6,11.0,6.2,0.0
25082_POS_SU,pos,Level 2,(-)-beta-Pinene,Natural,"Natural product – plant/fungal metabolites, terpenes, flavonoids, alkaloids, etc.",76.9,14.3,0.0,213.0,3.8,10.6,0.0,49.6,0.0,0.5,0.0,39.3,0.0,3.1,0.0,3.5,0.0,2.0,2.0,64.4,5.9,0.0,0.5,0.0,0.0,22.9,0.0,8.9,1.4,25.0,3.1,13.3,0.0,16.7,0.0,2.7,0.0,28.2,0.0,5.4,1.1,18.9,2.0,0.7,2.1,20.0,6.7,3.5,0.4,49.5,5.4,19.6,3.0,6.3,0.0,37.1,0.6,183.2,3.3,16.8,2.3,11.6,7.9,151.3,14.3,0.4,0.9,11.9,2.6,18.6,0.0,32.7,0.0,21.0,3.5,10.5,0.0,6.0,3.0,898.5,4.8,12.2,0.5,45.1,0.8,48.8,0.0,30.4,4.3,16.1,2.3,7.3,1.3,42.5,3.1,7.3,0.0,378.3,37.5,7.5,3.0,11.2,0.0,15.3,0.0,25.2,0.0,0.0,0.0,2.3,0.0,10.0,0.0,36.4,0.0,3.9,0.4,24.4,0.0,3.8,0.0,15.2,0.0,7.1,0.0,10.7,0.0,11.7,0.0,21.4,0.0,11.7,0.5,3.8,0.0,55.6,0.0,5.3,0.0,2.3,2.2,17.7,0.0,8.9,0.3,12.7,0.1,14.6,0.0,8.2,0.0,5.5,0.0,4.8,0.0,0.2,5.8,35.6,1.9,7.0,1.8,2.7,0.0,9.8,0.0,4.3,0.0,7.5,0.0,20.4,0.0,19.3,0.0,83.5,4.3,18.7,0.0,17.8,0.0,3.3,0.9,8.8,0.0,8.0,0.0,7.4,0.0,6.1,7.2,12.9,3.3,59.1,5.7,12.1,1.3,40.9,1.3,24.6,2.4,7.7,0.0,8.5,11.7,0.4,15.9,5.9,0.0,0.0,0.0,0.0,0.0,88.8,0.9,14.1,1.7,4.9,0.0,8.0,1.1,4.6,0.1,19.0,1.7,12.2,0.5,15.9,0.0,49.3,0.0,18.9,2.0,189.8,11.6,0.0,0.1,1.8,55.3,12.0,1.3,13.4,2.2,16.4,2.7,10.8,0.6,51.4,2.2,100.4,2.3,8.1,1.6,7.4,1.3,10.2,0.0,4.0,3.4,15.9,1.3,16.5,5.9,24.6,1.7,16.3,2.1,15.9,0.0,18.8,3.8,4.4,1.5,11.1,0.0,22.2,0.2,0.9,1.8,12.6,0.0,7.3,0.0,5.2,0.4,25.6,0.6,9.3,0.0,19.4,0.0,3.9,0.5,17.2,0.0,15.6,6.0,4.4,0.0,0.0,0.0,19.8,0.0,12.6,0.0,0.0,0.0,0.2,0.0,17.6,0.0,7.6,0.0,33.1,0.0,0.0,0.5,4.1,0.0,9.0,0.0,0.6,0.0,3.1,12.6,0.4,27.5,0.0,20.5,1.4,5.3,3.7,108.4,0.0,13268.6,6.7,90.6,4.2,13.8,0.7,2444.0,3.3,9.8,8.1,48.8,5.0,5.5,15.6,26.7,0.3,81.3,6.7,49.3,5.2,55.8,7.4,45.6,5.2,208.2,0.9,15.6,9.4,18.0,0.0,13.6,9.8,163.7,1.1,19.2,0.0,11.2,14.9,28.0,32.3,1.6,4.6,1.5,119.6,8.2,12.7,3.1,2.6,0.0,25.6,2.6,73.3,2.8,1313.4,14.2,2.3,2.8,342.0,7.6,30.4,4.7,9.5,0.0,53.1,0.0,1.9,6.3,39.6,1.7,45.0,3.2,10.1,2.1,29.6,3.8,12.4,0.6,50.5,0.0,151.4,4.3,17.9,3.2,91.5,2.5,3.3,3.8,21.1,0.0
25088_POS_SU,pos,Level 2,Chrysanthemyl Alcohol,Natural,"Natural product – plant/fungal metabolites, terpenes, flavonoids, alkaloids, etc.",80.2,6.2,0.5,2.2,0.8,2.7,1.1,69.5,1.3,4.3,0.0,4.6,0.0,8.9,0.2,0.0,1.3,4.6,2.2,11.0,2.5,0.0,2.7,1.4,0.7,5.4,0.1,3.9,2.2,18.2,5.8,14.0,1.5,5.8,2.0,0.0,0.0,7.4,0.0,4.9,2.0,3.5,3.6,1.8,1.8,11.0,0.1,3.4,1.5,60.0,3.0,6.1,0.0,8.8,3.1,13.8,0.4,57.9,0.5,43.4,0.8,1.7,2.0,101.0,1.9,1.7,2.9,12.9,1.7,4.4,2.9,10.3,0.0,16.4,3.2,10.1,0.9,16.8,0.0,457.9,0.9,41.0,2.4,5.9,0.3,164.4,0.1,23.6,4.9,5.2,0.3,10.7,2.4,46.3,1.5,28.3,0.2,22.2,0.0,65.2,0.0,18.2,3.5,23.2,0.0,263.7,0.8,0.1,0.0,4.1,0.0,9.3,2.9,17.2,0.0,14.6,2.0,95.4,1.1,15.5,0.6,20.3,0.0,4.6,0.0,13.4,0.0,24.1,0.0,34.6,0.0,23.3,0.0,38.2,7.2,137.4,0.0,9.0,0.2,10.3,0.2,27.3,0.0,4.3,0.0,16.3,0.0,63.1,0.0,10.6,0.7,9.6,0.0,4.6,3.4,1.3,2.7,6.5,1.4,10.9,0.0,19.0,0.8,6.5,0.7,4.5,0.0,10.8,0.9,4.4,0.0,22.6,1.6,8.9,0.0,12.9,0.5,5.4,0.0,2.9,3.3,8.0,1.1,34.7,1.0,3.2,0.2,1.9,1.6,25.8,1.7,15.9,6.2,7.7,0.0,21.7,2.2,25.2,3.1,6.0,0.0,1.5,15.6,8.4,2.5,9.8,0.0,0.0,0.0,0.0,0.0,10.1,0.0,4.1,0.0,2.3,0.8,3.9,0.0,7.7,0.2,38.2,0.0,23.8,0.0,1.7,0.0,5.0,0.0,8.9,1.4,36.2,1.1,0.0,0.0,1.8,13.9,15.5,0.1,11.5,0.0,63.4,0.4,8.6,0.0,22.1,0.2,8.9,0.3,9.8,0.0,10.1,1.5,18.7,0.0,3.9,0.0,13.4,0.0,5.7,0.3,12.9,1.3,44.6,3.8,12.2,0.0,15.7,0.4,1.3,0.5,10.3,0.0,17.0,0.0,4.5,6.4,13.4,0.0,30.6,3.3,14.7,0.0,8.3,0.3,6.6,0.0,35.5,0.2,3.1,3.3,6.2,0.2,22.7,11.9,24.1,2.8,13.1,0.2,34.1,3.3,4.3,0.3,3.3,0.4,8.2,1.0,12.8,3.3,10.6,0.0,18.0,1.5,7.3,0.0,15.7,0.0,12.2,0.6,1.6,0.1,3.3,3.0,0.3,6.3,0.0,17.5,0.0,9.2,0.1,124.8,0.0,653.6,2.1,27.5,2.4,53.9,0.0,1490.9,1.2,5.9,7.7,34.7,2.9,3.6,3.2,30.0,0.8,42.0,2.1,31.6,1.8,38.3,2.7,13.2,0.8,32.8,1.3,2.9,3.9,14.5,2.7,12.4,7.2,44.8,0.0,15.6,0.3,17.9,2.4,1.8,5.1,1.8,0.0,0.0,6.1,1.1,8.3,0.0,1.3,0.0,13.1,0.0,5.0,0.3,79.2,0.6,7.6,0.2,20.7,0.0,3.6,0.0,0.9,0.0,6.3,1.8,0.0,6.3,0.7,0.2,3.9,0.0,6.1,0.0,9.1,0.0,7.2,0.0,11.2,0.3,2.5,0.5,2.2,0.2,7.5,0.3,4.2,1.0,11.4,0.0
25959_POS_SU,pos,Level 2,Salicylic acid,Anthropogenic,Pharmaceutical,35.0,67.396652,7.888087,198.783581,0.0,106.691574,0.0,0.0,0.0,24.698319,0.0,76.355537,0.0,7.229022,0.0,198.426178,0.0,1.372458,0.0,769.580071,0.0,0.0,23.144185,944.534469,0.0,0.0,0.0,41.067657,0.0,238.324202,0.0,39.411373,0.0,28.375267,0.0,11.960162,0.0,1122.038891,43.911746,203.350736,0.0,62.716698,0.0,362.463391,0.0,253.712875,0.0,37.697403,0.0,4.606479,0.0,10.875212,0.0,2.282407,0.0,23.166236,0.0,0.0,0.0,195.448861,0.0,8.207218,0.0,166.04792,0.0,6.375869,0.0,15.131302,0.0,0.0,0.0,20.867012,0.0,451.162014,10.13648,0.0,0.0,216.241727,0.0,124.297395,0.0,46.261991,0.0,18.886908,0.722963,64.825136,46.310454,339.877221,0.0,0.0,0.0,16.554005,0.0,0.0,0.0,20.965715,0.0,8.680523,0.0,0.0,0.0,40.429592,0.0,3.576233,0.0,150.138765,0.0,0.0,0.0,17.398845,0.0,13.994524,0.0,41.883155,0.0,12.175087,0.0,6.803673,0.0,0.0,0.0,0.0,0.0,0.0,0.0,0.0,0.0,0.0,0.0,0.0,0.0,0.0,0.0,1.075957,0.0,0.0,0.0,0.0,0.0,0.0,0.0,22.435092,0.0,0.0,0.0,0.0,0.0,3.299364,0.0,0.0,0.0,4.043119,0.0,1.354682,79.176071,169.21067,12.521807,14.672548,0.0,0.0,0.0,9.377642,48.954193,7.237234,0.0,3.803462,0.0,63.904629,0.0,0.0,47.379471,1.162364,0.0,0.0,0.0,11.36944,0.0,0.0,0.0,52.88284,0.0,0.0,0.0,0.0,0.0,0.0,0.0,0.0,0.0,6.282078,0.0,0.0,0.0,20.723177,23.06287,0.0,0.0,4.973328,0.0,1.129172,0.0,1.959846,0.0,0.0,0.0,18.026135,0.0,0.0,0.0,0.0,0.0,0.0,0.0,10.233641,0.0,0.0,0.0,0.0,0.0,0.0,0.0,39.427166,0.0,5.527206,0.0,1.286861,0.0,15.328016,0.0,0.0,0.0,37.148876,0.0,0.0,0.0,3.55693,0.0,0.0,0.0,31.839604,0.0,17.40821,0.0,9.418128,0.0,0.0,0.0,6.750704,0.0,0.0,0.0,4.062752,0.0,16.300261,0.0,0.0,3.904453,37.204107,0.0,22.498936,0.0,0.0,0.0,92.460319,0.0,2.633204,0.0,0.0,0.0,0.597412,0.0,0.0,0.0,0.0,0.0,0.0,0.0,0.0,0.0,0.0,0.0,0.0,0.0,0.0,0.0,0.0,6.874739,39.985946,0.0,0.0,0.0,0.0,0.0,390.644245,23.938591,0.0,0.0,0.662785,0.0,0.0,0.0,0.0,0.0,142.004663,0.0,0.0,0.0,0.0,0.0,8.830663,0.0,0.897767,0.0,1.710945,0.0,0.0,0.0,0.0,0.0,0.0,0.0,5.300349,0.0,0.0,0.0,147.453281,0.0,58.76095,0.0,4.309661,0.0,32.098569,0.0,3.611286,0.0,69.1199,0.0,26.949498,0.0,0.448268,0.0,5.989513,0.0,7.199787,0.0,36.650493,0.0,1.774183,41.345098,0.0,0.0,0.0,0.0,58.008094,8.661249,33.33234,3.773703,1.699576,0.0,0.0,0.0,6.67278,0.0,4.166166,0.0,0.0,0.0,0.0,0.0,0.0,0.0,39.189505,3.711737,0.0,0.0,35.636698,0.0,21.644007,0.0,0.0,0.0,2.765086,0.0,1.069351,0.0,86.587282,0.0,3.32822,0.0,13.988526,0.0,10.311203,0.0,0.0,0.0,0.0,0.0,14.051539,0.0,0.0,0.0,2.607746,0.0,0.131513,0.0,8.511441,0.0,0.0,0.0,6.972587,0.0,7.99245,0.0,4.540692,0.0,24.710255,0.0,0.0,0.0,0.0,0.0
25963_POS_SU,pos,Level 2,Urocanic acid,Natural,Amino acid / peptide / nucleoside,40.5,2.5,0.0,2.2,0.0,0.0,0.0,3.5,0.0,1.2,0.0,3.9,0.0,0.0,0.0,0.0,0.0,2.4,0.0,3.6,0.0,5.2,0.0,0.0,0.0,1.2,0.0,5.3,0.0,7.6,0.0,0.3,0.0,11.6,0.0,0.5,0.0,0.0,0.0,2.8,0.7,0.7,0.0,2.9,0.0,1.5,0.0,0.0,0.0,3.4,0.0,3.7,0.0,0.0,0.0,2.2,0.0,0.0,0.0,0.0,0.0,0.0,0.0,2.3,0.0,1.2,0.0,0.0,0.0,2.2,0.0,0.0,0.0,0.0,0.0,0.0,0.0,0.0,1.6,0.9,0.0,0.0,0.0,0.0,0.0,6.7,0.0,0.3,1.4,0.0,0.0,0.0,0.0,2.0,0.0,0.8,0.0,0.0,0.0,0.0,0.0,7.6,0.0,0.0,0.0,0.7,0.0,26.4,0.0,0.4,0.0,27.0,0.0,27.4,0.0,0.0,0.0,0.0,0.0,1.8,0.0,36.2,0.0,6.3,0.0,0.0,0.0,1.5,0.0,0.7,0.0,0.4,0.0,8.6,0.0,32.8,0.0,13.5,0.0,0.0,0.0,16.0,0.0,2.3,0.0,5.7,0.0,17.9,0.0,4.0,0.0,0.3,0.0,2.6,0.0,0.0,0.0,1.4,0.0,2.0,30.7,3.5,0.0,8.2,0.0,0.0,0.0,0.0,0.0,2.0,0.0,1.1,0.0,0.0,0.0,2.6,10.6,0.0,0.0,0.4,0.0,8.3,0.0,1.6,0.0,1.4,0.0,0.5,0.0,2.3,0.2,0.0,0.0,0.6,0.0,0.6,0.0,1.0,0.0,0.0,0.0,0.3,0.0,0.0,1.0,0.0,0.0,0.0,0.0,0.0,0.0,6.6,0.0,0.6,0.0,0.0,0.0,9.4,0.0,5.5,0.0,0.0,0.0,0.0,0.0,0.0,0.0,0.2,0.0,1.0,0.0,1.8,0.0,5.5,0.0,0.0,3.4,1.6,0.0,0.3,0.0,1.3,0.0,0.7,0.0,1.8,0.0,0.0,0.0,0.0,0.0,1.9,0.0,2.9,0.0,2.5,0.0,0.0,0.0,0.0,0.0,0.0,0.0,14.5,0.0,6.1,0.0,0.4,0.0,0.0,0.0,2.0,0.1,5.1,0.0,0.4,0.0,0.0,0.0,1.6,0.0,4.9,0.0,3.0,0.0,13.3,0.1,2.5,0.3,4.0,0.0,4.7,0.0,2.3,333.2,0.5,0.0,0.0,0.0,12.6,0.0,1.6,0.0,2.1,0.0,6.7,0.0,1.4,0.0,3.7,0.0,1.0,0.0,15.5,0.0,11.1,0.0,13.1,0.0,8.6,0.0,0.0,2.3,0.0,2.1,0.0,0.0,0.0,3.8,0.0,10.1,0.0,0.4,0.4,1.2,0.0,1.2,0.0,37.9,1.6,0.0,0.0,0.0,0.0,0.0,2.3,0.0,0.0,0.0,0.0,0.8,0.0,7.2,0.0,19.7,0.0,2.5,0.0,0.0,0.0,1.7,0.0,0.0,0.0,2.2,0.0,0.0,0.0,0.4,0.0,0.5,1.5,0.0,0.0,0.2,0.6,10.9,1.4,0.0,0.5,0.0,0.0,0.2,0.2,0.0,0.0,0.0,0.8,0.4,2.3,0.2,1.6,1.8,1.3,0.4,0.0,0.0,0.0,0.5,0.2,0.0,2.4,0.0,7.2,0.0,0.2,0.0,0.0,0.0,0.3,0.0,1.6,0.0,0.2,0.0,0.4,0.0,1.5,0.1,1.5,0.4
25965_POS_SU,pos,Level 2,cis-Urocanic acid,Natural,Amino acid / peptide / nucleoside,65.5,1.2,0.6,0.0,1.1,0.0,0.0,0.8,0.8,0.0,0.0,0.2,0.0,0.0,1.0,0.0,0.0,0.8,0.0,0.4,0.0,1.1,3.5,0.0,0.4,0.0,0.0,5.2,0.0,0.9,1.1,0.0,1.4,5.2,0.5,0.0,1.1,0.0,1.1,0.0,1.2,0.0,0.6,0.1,0.0,1.5,0.5,0.0,3.3,3.6,1.3,1.8,2.5,6.4,1.2,2.9,4.7,0.0,0.1,2.2,6.5,2.1,0.0,6.7,5.2,10.1,0.3,0.1,0.2,1.3,2.6,0.8,0.5,1.0,1.5,0.4,0.0,1.1,2.1,0.7,0.0,2.6,2.0,2.4,1.0,29.8,0.8,0.5,5.5,1.2,0.5,0.0,0.0,0.4,5.1,0.2,0.0,0.6,0.1,0.0,0.0,2.8,0.0,0.0,0.0,0.9,0.0,31.8,0.0,0.0,0.9,23.9,0.0,28.4,1.5,0.0,0.0,0.0,0.0,2.3,1.8,37.4,1.8,1.7,0.0,0.1,0.0,0.0,0.0,0.2,0.0,0.9,0.2,7.5,0.0,2.5,0.0,0.7,0.0,0.0,1.0,1.0,1.7,1.7,0.0,4.0,0.0,8.2,3.6,1.3,3.7,13.1,3.7,4.7,0.0,0.9,4.0,9.8,3.0,2.5,231.1,30.7,3.9,7.6,4.9,0.7,3.0,5.2,2.8,7.8,1.3,11.5,3.3,3.1,5.4,2.9,87.5,7.7,13.6,4.8,0.7,11.8,1.2,8.7,4.3,10.2,2.8,2.6,0.7,12.3,41.2,0.0,2.8,6.1,4.9,2.2,4.4,1.0,0.0,2.5,2.4,0.9,7.0,1.7,10.1,2.2,0.0,0.0,0.0,0.0,0.0,1.3,0.0,4.0,0.0,0.9,0.0,10.0,0.0,4.2,0.0,0.7,0.0,0.1,0.7,0.0,0.0,0.0,0.0,0.6,3.7,4.2,0.0,0.0,0.1,3.8,0.5,0.2,3.1,1.0,0.0,6.7,1.3,0.6,1.3,7.2,0.0,0.1,2.5,1.7,0.7,1.9,0.0,5.0,2.7,2.2,1.2,2.0,0.0,0.0,1.2,0.1,0.5,51.0,2.3,10.7,8.9,1.2,0.0,0.8,1.2,0.4,0.0,1.5,0.8,2.3,0.0,0.0,0.0,0.0,0.0,0.4,1.0,1.1,0.0,3.1,0.0,0.0,0.0,0.9,0.0,0.0,0.0,0.0,442.5,0.0,0.0,0.0,0.4,0.7,0.0,0.6,0.0,0.7,0.0,0.0,0.0,0.6,0.0,0.3,0.3,0.0,0.0,6.5,0.0,1.6,0.7,0.4,0.0,2.0,0.0,6.8,3.0,1.8,2.3,16.8,2.2,12.2,12.2,6.7,8.7,8.3,7.1,10.7,2.1,15.8,4.5,14.4,13.8,4.5,7.5,8.1,2.9,13.2,0.0,8.2,11.7,14.1,2.0,7.7,6.6,1.7,8.0,7.4,39.3,9.7,4.0,12.6,9.9,4.6,2.8,11.8,5.2,3.4,1.4,0.0,2.5,7.1,14.4,6.4,4.3,0.0,0.0,0.3,0.0,0.3,3.2,0.3,0.0,0.0,0.0,0.1,0.0,0.7,0.0,0.0,0.0,0.0,0.0,0.0,0.2,0.8,0.0,1.5,0.0,0.0,0.0,0.0,1.2,0.0,0.0,1.3,0.0,7.9,0.0,0.8,0.0,0.0,0.0,0.0,0.0,0.0,0.0,0.0,0.0,0.0,0.0,0.3,0.0,0.0,0.0
26075_POS_SU,pos,Level 2,Isophorone,Anthropogenic,Industrial chemical,55.7,135.9,0.0,64.1,0.0,147.3,0.0,155.3,0.0,75.9,0.0,127.8,0.0,150.6,0.0,51.0,0.0,997.9,0.0,46.2,0.0,0.0,2.2,64.0,0.0,225.8,0.0,99.8,14.9,49.0,6.9,254.3,0.0,53.4,0.0,0.0,0.0,127.0,0.0,152.3,0.7,37.9,9.7,72.9,0.0,214.1,0.0,76.3,0.0,36.9,0.0,57.8,0.0,71.0,0.0,74.7,0.0,52.7,4.1,44.8,0.0,5.9,0.0,56.5,0.0,1.0,0.0,92.7,0.0,115.6,6.7,219.1,0.0,51.9,0.0,263.1,0.0,76.7,0.0,384.6,0.0,111.5,0.6,90.6,0.0,228.7,0.0,118.8,0.0,99.4,0.0,205.8,0.0,102.8,0.0,156.8,0.0,81.6,0.0,95.4,0.0,1824.1,0.0,403.2,3.7,143.3,0.0,49.7,4.2,240.2,0.0,260.2,0.0,121.7,0.0,111.5,0.0,97.5,0.0,817.3,0.0,120.3,0.0,0.0,0.0,0.0,0.0,40.5,0.0,8.2,0.0,25.9,0.0,171.0,156.5,137.7,0.0,76.2,0.0,32.5,8.3,16.1,0.0,37.6,0.0,4.5,0.0,223.5,0.0,148.8,0.0,52.2,0.1,63.1,9.7,126.1,14.4,340.1,0.0,153.9,0.0,84.4,1.6,111.7,5.3,99.5,0.0,103.7,3.0,0.0,0.0,103.3,1.8,0.0,0.0,319.4,0.0,88.5,0.0,17.0,21.6,14.8,82.1,170.0,0.0,53.4,0.0,42.6,0.0,6.3,0.0,675.4,0.0,70.8,0.0,0.0,21.3,0.0,9.1,64.2,10.4,0.0,93.1,27.1,424.1,66.0,0.0,0.0,0.0,0.0,0.0,652.7,0.0,53.7,0.0,12.2,0.0,10.8,0.0,98.8,0.0,209.0,0.0,39.1,0.0,0.0,34.3,22.1,0.0,23.9,0.0,28.6,14.2,0.0,0.0,0.0,0.7,132.4,0.0,29.5,0.0,293.0,0.0,47.7,0.0,181.6,0.0,67.5,0.0,79.9,0.0,274.7,31.8,143.7,0.0,792.7,0.0,150.5,0.0,188.1,0.0,75.0,0.0,101.2,0.0,28.3,20.5,48.2,0.0,186.0,0.0,12.5,0.0,76.4,0.0,14.8,2.2,42.6,0.0,69.6,51.4,27.3,0.0,63.1,0.0,104.0,0.0,312.9,567.9,20.4,0.0,56.3,0.0,74.7,44.9,63.2,0.0,21.6,0.0,61.4,0.0,51.5,0.0,3.9,0.0,10.0,0.0,79.9,0.0,34.5,0.0,8.0,0.0,134.4,0.0,511.3,0.0,17.2,0.0,0.0,0.0,0.0,57.4,1.0,67.1,0.0,106.8,2.4,46.5,4.4,568.6,0.0,131.8,0.0,14.9,0.0,85.7,0.0,970.7,0.0,87.2,0.0,0.0,0.0,86.3,20.3,88.3,0.0,146.9,0.0,65.6,7.4,442.6,6.8,0.0,0.0,190.9,0.0,23.7,0.0,33.0,0.0,33.6,0.0,40.3,0.0,144.7,0.0,192.9,53.3,0.0,544.1,0.0,42.1,0.0,0.0,0.0,105.6,0.0,0.0,0.0,62.4,0.0,36.9,0.0,12.9,0.0,0.0,0.0,41.4,11.1,0.0,0.0,84.8,0.0,147.9,0.0,0.0,78.8,50.3,0.0,8.1,0.0,76.5,8.0,0.0,5.1,15.0,0.0,59.8,0.0,74.4,0.0,59.2,0.0,12.7,3.3,61.7,4.3,25.9,0.0
26547_POS_SU,pos,Level 2,N-Vinylcaprolactam,Anthropogenic,Industrial polymer / resin,97.1,2.4,0.2,1.9,1.2,1.1,0.9,4.0,0.6,0.6,0.5,0.7,0.5,4.7,0.8,89.7,0.6,3.2,1.0,2.8,0.6,1.7,1.4,1.3,0.7,2.4,0.5,7.4,2.7,10.1,8.6,1.9,0.5,2.4,1.0,3.0,2.0,1.7,0.8,2.0,2.5,1.4,3.0,1.7,0.8,4.0,2.5,1.2,0.5,5.2,0.9,3.0,1.3,5.0,2.3,2.3,0.6,3.4,1.3,1.3,2.9,1.5,0.9,11.0,1.7,1.7,0.8,3.3,1.3,2.6,1.7,2.3,0.8,2.8,2.3,1.2,1.0,2.4,8.2,24.9,2.1,7.0,2.2,2.5,3.8,8.7,4.3,3.1,2.4,3.5,0.9,3.8,2.6,18.1,5.5,9.0,1.9,7.9,0.9,6.8,0.7,8.1,1.9,18.8,4.6,2.2,0.5,1.0,1.6,6.4,0.7,10.6,0.8,93.9,1.2,5.9,1.5,26.3,2.0,2.4,2.5,5.2,1.6,2.8,0.6,193.8,1.1,5.0,0.9,11.4,0.7,3.6,1.2,5.7,1.6,10.9,1.2,5.5,3.2,7.0,19.6,14.4,0.6,55.6,1.8,51.1,1.5,418.2,2.6,2.5,1.5,1.0,1.1,2.2,0.5,0.9,1.8,3.8,1.7,1.7,1.1,2.2,1.9,1.5,1.5,1.6,1.6,1.8,1.0,0.8,0.3,9.9,0.6,0.8,0.7,9.1,3.2,0.9,0.3,1.7,1.9,1.4,0.8,2.4,1.4,1.7,10.8,1.2,1.3,0.8,0.7,10.4,1.9,3.1,1.5,1.0,1.2,1.3,1.8,1.7,1.2,1.0,4.8,1.6,0.9,0.6,0.0,0.0,0.0,0.0,0.0,1.1,2.5,1.0,3.1,5.9,5.7,181.0,0.7,2.0,1.0,12.9,3.0,2.4,5.6,1.2,0.8,1.9,0.8,1.2,1.8,3.0,3.6,0.0,2.1,3.8,2.7,2.2,1.8,1.0,1.2,2.1,1.5,1.9,3.4,5.5,3.0,1.0,1.7,1.9,1.5,4.2,1.4,4.9,4.9,1.7,0.8,4.3,1.9,6.5,1.2,1.1,0.7,5.6,1.6,2.8,5.3,6.8,1.9,2.7,1.6,1.0,0.1,9.0,0.3,0.9,0.9,1.9,0.2,2.1,0.4,2.3,0.9,1.1,0.2,0.9,0.1,2.5,1.3,0.8,1.0,1.4,0.8,2.8,2.8,2.6,0.7,1.6,0.2,7.7,1.0,1.3,0.4,2.3,0.1,1.0,0.7,0.8,1.0,1.7,0.5,0.8,0.4,1.8,0.5,9.1,0.6,1.7,0.6,1.2,0.1,2.4,2.6,2.5,2.4,1.2,7.7,3.5,2.7,3.5,11.8,0.4,1.1,2.3,3.7,4.0,3.6,1.5,16.0,1.5,2.2,1.6,2.0,1.6,1.7,2.6,8.4,2.5,2.0,2.5,2.8,1.3,13.4,3.3,2.1,2.0,1.7,1.5,3.0,2.7,1.9,1.4,2.6,1.1,16.6,1.3,4.7,1.2,2.6,2.5,0.9,1.6,0.1,0.8,0.1,1.2,0.3,1.1,0.0,0.3,0.0,1.2,0.2,2.8,0.0,8.1,0.1,4.4,0.1,4.0,0.3,1.7,0.4,2.1,0.1,0.7,0.1,0.0,1.0,1.0,0.1,1.5,0.4,0.7,0.1,0.8,0.3,1.0,0.0,1.1,0.0,1.0,0.2,1.2,0.2,0.6,0.1,1.1,0.4,1.8,0.1
26983_POS_SU,pos,Level 2,2-Ethyl-3-hydroxy-4H-pyran-4-one,Natural,Food additive / flavor / vitamin,45.7,0.0,0.0,0.2,0.0,3.5,0.0,10.2,0.0,0.0,0.0,0.3,5.4,103.2,0.0,0.0,0.0,27.4,9.1,0.0,0.0,1.0,0.0,4.0,0.0,8.1,0.0,0.0,0.0,0.1,0.0,16.1,0.0,0.0,0.0,7.1,0.0,31.8,0.0,62.6,0.0,5.1,9.4,0.0,0.0,10.0,1.3,9.9,0.7,18.2,0.0,48.9,0.0,20.7,4.3,51.2,0.0,0.0,0.0,0.0,0.0,0.0,0.0,13.0,0.0,0.0,0.0,14.3,0.0,21.8,0.0,24.5,0.0,13.2,0.0,30.7,0.0,37.0,0.0,433.2,0.0,21.6,0.0,3.2,0.0,69.1,0.0,6.9,0.0,44.6,0.0,12.9,0.0,93.4,0.0,3.7,0.0,0.0,0.0,102.2,0.0,22.6,0.0,37.5,0.0,9.9,0.0,0.0,0.0,59.3,0.0,2.0,0.0,135.3,0.0,12.6,0.0,22.2,0.0,175.0,0.0,52.3,0.0,2.9,0.0,9.1,0.0,128.8,0.0,0.0,0.0,6.3,0.0,83.9,18.5,42.4,0.0,19.9,0.0,13.9,0.0,46.0,0.0,3.5,0.0,2.8,0.0,0.0,0.0,11.1,0.0,0.0,0.0,1.7,0.0,0.0,0.0,11.7,0.0,0.0,0.0,0.0,0.0,0.0,0.0,2.9,0.0,3.9,0.0,1.7,0.0,8.9,0.0,3.6,0.0,57.5,0.0,3.0,1.7,11.7,0.0,0.3,0.0,4.8,0.0,0.0,0.0,0.0,0.0,0.0,0.0,32.1,3.2,0.0,0.0,0.5,0.0,8.4,0.0,0.0,1.3,0.0,0.0,0.0,2.7,0.0,0.0,0.0,0.0,0.0,0.0,70.6,23.7,3.5,13.1,8.5,49.2,26.4,0.0,9.7,1.3,144.3,4.6,1.6,0.8,0.0,0.0,23.0,0.0,3.0,6.7,0.0,0.7,0.0,0.0,3.3,0.0,0.0,0.0,13.2,0.0,65.3,5.5,24.9,41.1,0.0,0.8,10.7,0.0,0.0,5.1,4.8,2.3,16.9,3.6,4.3,5.6,22.4,0.0,0.6,1.0,0.0,0.1,65.3,7.3,5.4,10.1,2.1,2.7,6.2,4.4,11.0,0.0,0.0,0.0,0.0,8.8,8.1,0.0,13.7,0.0,0.0,0.0,0.0,0.0,0.0,0.0,2.4,1.3,0.0,4.6,0.0,2.0,2.2,76.2,8.5,37.4,0.6,0.0,18.3,9.4,0.2,3.9,8.5,0.0,0.0,0.0,0.0,2.5,0.0,0.0,19.4,0.0,0.0,0.0,7.2,5.0,0.0,0.0,0.0,0.0,0.0,4.1,5.6,0.0,0.0,4.5,0.0,2.7,0.0,0.0,0.0,23.2,0.0,0.0,9.7,1.4,0.0,491.9,0.0,8.0,0.0,0.3,0.0,2.3,20.5,14.7,2.0,4.0,0.0,4.4,0.0,0.3,0.0,0.0,0.0,2.1,0.0,5.2,0.5,0.0,0.0,0.0,0.0,4.7,0.0,1.5,0.0,16.4,0.0,0.0,0.0,0.0,0.0,0.0,13.4,0.0,20.2,0.0,0.0,0.0,7.8,0.0,2.5,0.0,9.5,0.0,0.0,0.0,8.5,0.0,9.9,0.0,14.0,0.0,4.2,0.0,0.0,4.0,11.3,0.0,0.0,0.0,1.3,0.0,0.0,0.0,0.0,0.0,1.4,0.0,7.9,0.0,4.7,0.0,0.2,0.0,0.0,0.0,3.0,0.0
26992_POS_SU,pos,Level 2,Gentisyl alcohol,Natural,"Natural product – plant/fungal metabolites, terpenes, flavonoids, alkaloids, etc.",6.2,0.0,0.0,0.0,0.0,0.0,0.0,0.0,0.0,0.0,0.0,0.0,0.0,0.0,0.0,0.0,0.0,0.0,0.0,0.0,0.0,0.0,0.0,0.0,0.0,0.0,0.0,7.4,0.0,0.0,0.0,0.0,0.0,0.0,0.0,0.0,0.0,0.0,0.0,0.0,0.0,0.0,0.0,0.0,0.0,0.0,0.0,0.0,0.0,0.0,0.0,0.0,0.0,0.0,0.0,0.0,0.0,0.0,0.0,0.0,0.0,0.0,0.0,0.0,0.0,0.0,0.0,0.0,0.0,0.0,0.0,0.0,0.0,0.0,0.0,0.0,0.0,0.0,0.0,0.0,0.0,1.9,0.0,0.0,0.0,212.0,0.0,0.0,0.0,0.0,0.0,0.0,0.0,0.0,0.0,0.0,0.0,0.0,0.0,0.0,0.0,0.0,0.0,49.6,0.0,0.0,0.0,0.0,0.0,1.8,0.0,3.5,0.0,6.1,0.0,0.4,0.0,0.0,0.0,0.0,0.0,0.0,0.0,0.0,0.0,0.8,0.0,0.0,0.0,9.4,0.0,0.0,0.0,0.0,0.0,0.0,0.0,0.0,0.0,0.0,0.0,6.8,0.0,0.0,0.0,12.5,0.0,4.0,0.0,0.0,0.0,0.0,0.0,0.0,0.0,0.0,0.0,0.0,0.0,0.0,0.0,0.0,0.0,0.0,0.0,0.0,0.0,0.0,0.0,0.0,0.0,0.0,0.0,0.0,0.0,0.0,0.0,0.0,0.0,0.0,0.0,0.0,0.0,0.0,0.0,0.0,0.0,0.0,0.0,0.0,0.0,0.0,0.0,0.0,0.0,0.0,0.0,0.0,0.0,0.0,0.0,0.0,0.0,0.0,0.0,0.0,0.0,0.0,0.0,0.0,0.0,0.0,0.0,0.0,0.0,8.1,0.0,0.0,0.0,0.0,0.0,3.7,0.0,0.0,0.0,0.0,0.0,0.0,0.0,0.0,0.0,4.8,0.0,0.0,0.0,0.0,12.3,0.0,0.0,0.0,0.0,0.0,0.0,0.0,0.3,0.0,0.0,0.0,0.0,0.0,0.0,0.0,0.0,2.7,0.0,0.0,0.0,0.0,0.0,0.0,0.0,0.0,0.0,0.0,0.0,4.6,0.0,0.0,0.0,0.0,0.0,0.0,0.0,1.2,0.0,0.0,0.0,0.0,0.0,0.0,0.0,0.0,0.0,0.0,0.0,0.0,0.0,0.0,0.0,0.0,0.0,0.0,0.0,0.4,8.8,0.0,0.0,0.0,0.0,10.1,0.0,0.0,0.0,0.0,0.0,0.0,0.0,0.0,0.0,0.0,0.0,0.0,0.0,0.0,0.0,0.0,0.0,0.0,0.0,0.0,0.0,0.0,0.0,0.0,0.0,0.0,0.0,0.0,0.0,0.0,0.0,0.0,2.0,0.0,0.0,0.0,0.0,0.0,16.1,0.0,0.0,0.0,0.0,0.0,0.0,0.0,0.0,0.0,0.0,0.0,0.0,0.0,0.0,0.0,0.0,0.0,0.0,0.0,0.0,0.0,0.0,0.0,0.0,0.0,0.0,0.0,0.0,0.0,0.0,0.0,0.0,0.0,0.0,0.0,0.0,0.0,0.0,0.0,0.0,0.0,0.0,0.0,0.0,0.0,0.0,0.0,0.0,0.0,0.0,0.0,0.0,0.0,0.0,0.0,0.0,0.0,0.0,0.0,0.0,0.0,0.0,0.0,0.0,0.0,0.0,0.0,0.0,0.0,0.0,0.0,0.0,0.0,0.0,0.0,0.0,0.0,0.0,0.0,0.0,0.0,0.0
28470_POS_SU,pos,Level 2,5-(2-Hydroxyethyl)-4-methylthiazole,Natural,Food additive / flavor / vitamin,23.8,0.3,0.0,0.2,0.0,0.2,0.0,0.1,0.0,0.2,0.0,0.0,0.0,0.0,0.0,0.7,0.0,0.2,0.0,0.0,0.0,0.1,0.0,0.1,0.0,1.3,0.0,2.6,0.0,1.4,0.0,1.6,0.0,0.0,0.0,0.0,0.0,1.2,0.0,0.0,0.0,0.1,0.0,0.3,0.0,0.1,0.0,0.0,0.0,0.5,0.0,0.3,0.0,0.0,0.0,0.1,0.0,0.0,0.0,0.0,0.0,0.0,0.0,0.0,0.0,0.0,0.0,0.2,0.0,0.0,0.0,0.4,0.0,2.4,0.0,0.0,0.0,0.0,0.0,0.0,0.0,0.2,0.0,0.0,0.0,0.4,0.0,0.0,0.0,0.6,0.0,0.1,0.0,0.0,0.0,0.0,0.0,0.0,0.0,0.0,0.0,1.2,0.0,0.8,0.0,0.3,0.0,0.0,0.0,0.5,0.0,0.2,0.0,1.6,0.0,0.4,0.0,0.0,0.0,0.0,0.0,0.3,0.0,0.0,0.0,0.9,0.0,0.5,0.0,0.1,0.0,0.1,0.0,1.1,0.0,0.0,0.0,0.2,0.0,0.0,0.0,0.0,0.0,0.0,0.0,0.5,0.0,0.2,0.0,0.0,0.0,0.0,0.0,0.0,0.0,0.0,0.0,0.2,0.0,0.0,0.0,0.0,0.0,0.0,0.0,0.6,0.0,0.0,0.0,0.0,0.0,1.9,0.0,0.1,0.0,0.1,0.0,0.0,0.0,0.9,0.0,0.8,0.0,0.2,0.0,0.0,0.0,0.0,0.0,0.1,0.0,1.8,0.0,0.2,0.0,0.0,0.0,0.0,0.0,0.0,0.0,0.1,0.7,0.0,0.0,0.1,0.0,0.0,0.0,0.0,0.0,0.4,0.0,0.0,0.0,1.0,0.0,0.7,0.0,0.0,0.0,0.3,0.0,0.0,0.0,0.0,0.0,0.0,0.0,0.8,0.0,0.1,0.0,0.0,0.0,0.0,0.0,0.0,0.0,0.0,0.0,0.1,0.0,0.0,0.0,0.2,0.0,0.0,0.0,0.1,0.0,0.2,0.0,0.0,0.0,0.1,0.0,0.0,0.0,0.6,0.0,0.5,0.0,1.5,0.0,0.1,0.0,0.2,0.0,0.7,0.0,0.0,0.0,2.1,0.0,0.1,0.0,0.3,0.0,0.3,0.0,0.4,0.0,0.0,0.0,0.0,0.0,0.0,0.0,1.6,0.0,0.0,0.0,0.4,0.6,0.0,0.0,0.7,0.0,2.7,0.0,0.0,0.0,0.0,0.0,0.0,0.0,0.0,0.0,0.0,0.0,0.0,0.0,0.1,0.0,0.3,0.0,0.0,0.0,0.3,0.0,0.0,0.0,0.0,0.0,0.0,0.0,0.0,0.0,0.0,0.1,0.0,0.0,0.0,0.1,0.0,0.0,0.0,1.1,0.0,0.0,0.0,0.2,0.0,0.0,0.0,0.0,0.0,0.0,0.0,0.2,0.0,0.0,0.0,0.0,0.0,0.0,0.0,0.0,0.0,0.0,0.0,0.0,0.0,0.1,0.0,0.0,0.0,0.0,0.0,0.0,0.0,0.0,0.0,0.0,0.1,0.0,0.0,0.0,0.0,0.0,0.0,0.0,0.4,0.0,0.0,0.0,0.0,0.0,0.0,0.0,0.2,0.0,0.2,0.0,0.0,0.0,0.0,0.1,0.0,0.0,0.0,0.0,0.0,0.0,0.0,0.0,0.0,0.0,0.1,0.0,0.0,0.0,0.0,0.0,0.0,0.0,0.0,0.0,0.1,0.0
28567_POS_SU,pos,Level 2,1-(aminomethyl)cyclopentanecarboxylic acid,Natural,Amino acid / peptide / nucleoside,71.0,4.7,0.8,5.0,1.5,5.5,0.7,8.7,0.0,48.9,3.3,0.0,11.5,20.4,6.7,2.6,0.8,13.1,5.0,4.7,0.3,16.8,0.0,0.0,1.8,11.5,0.0,34.6,2.7,2.9,7.5,83.3,0.7,7.6,0.0,2.9,0.0,6.3,0.0,3.1,0.9,3.7,9.9,3.9,0.6,5.8,0.8,6.9,1.3,7.9,2.6,49.3,0.0,28.6,0.0,0.6,0.0,26.2,0.0,1.6,2.8,1.6,0.0,8.2,0.0,4.0,0.0,7.8,0.0,0.0,1.1,18.0,0.0,7.5,0.0,6.1,0.0,8.5,0.0,52.8,0.0,9.5,0.0,8.7,0.0,14.3,0.0,8.8,0.0,0.0,0.0,3.0,1.0,10.0,0.0,3.2,0.0,1.8,0.0,11.4,0.0,5.5,0.0,6.5,0.3,2.8,0.0,0.0,0.0,6.2,0.0,0.0,0.0,25.1,0.0,2.3,0.0,2.9,2.9,0.8,2.7,8.4,2.9,3.6,0.0,37.4,0.4,14.3,0.0,7.4,0.0,0.1,2.8,8.9,2.8,15.5,0.0,1.3,0.3,0.9,7.7,8.5,0.0,2.4,1.2,0.6,0.7,0.0,5.2,1.4,1.1,2.1,0.0,8.7,7.1,2.0,0.0,22.7,0.0,3.3,0.0,8.6,0.0,0.5,0.9,0.0,0.0,0.0,0.0,0.0,0.0,116.5,0.0,0.0,0.0,34.1,0.0,0.0,0.0,0.0,1.6,0.0,0.0,5.0,0.2,0.0,0.0,1.8,0.0,0.1,0.0,26.0,1.2,66.5,23.5,2.1,0.0,15.6,32.5,2.4,0.1,5.5,52.1,0.0,7.0,0.0,0.0,0.0,0.0,0.0,0.0,207.7,0.0,1.7,3.1,274.5,1.9,25.6,0.0,10.9,34.9,259.1,45.4,11.2,0.0,2.7,0.0,90.7,0.0,8.4,0.9,3.4,5.1,0.0,0.0,6.7,3.2,7.1,90.1,11.9,0.0,91.9,8.2,7.4,7.3,16.4,8.9,5.7,14.1,5.1,9.3,7.2,4.0,9.9,8.1,0.3,10.2,0.0,3.1,4.6,2.5,19.9,1.7,13.0,7.1,12.2,1.9,14.1,16.4,22.3,5.7,184.9,0.0,17.0,2.9,27.1,9.8,8.8,34.9,699.1,13.2,9.2,0.0,6.4,0.0,8.8,0.0,34.8,8.7,6.4,74.1,10.8,122.1,20.3,3.4,20.1,152.0,5.8,0.0,81.5,6.0,41.8,56.0,0.0,0.0,2.2,0.0,0.0,2.9,0.0,0.6,43.6,0.0,5.1,0.0,3.8,0.0,4.1,0.0,134.8,0.0,5.3,27.4,33.8,0.9,0.0,7.0,2.9,5.4,0.0,4.1,0.0,0.0,0.0,1.1,12.0,4.5,0.3,60.4,5.4,0.0,0.5,20.1,0.0,0.0,5.4,4.9,5.3,6.8,1.8,2.3,0.0,23.6,0.0,25.2,2.1,13.3,0.2,0.0,4.4,4.2,0.0,3.7,0.0,0.5,0.0,5.0,0.0,14.9,3.2,0.0,4.7,0.0,44.7,6.1,224.0,87.5,45.7,14.7,4.0,0.0,110.7,30.7,762.1,19.8,31.5,33.3,37.2,27.7,305.0,11.1,29.7,103.8,22.1,47.5,209.9,39.9,31.8,180.6,364.1,9.0,47.5,36.5,3.8,0.0,54.3,17.9,48.3,5.8,159.4,58.4,7.0,26.3,142.7,27.2,33.9,4.1,2.8,45.7,57.0,16.2
29044_POS_SU,pos,Level 2,2-hydroxyquinoline,Natural,"Natural product – plant/fungal metabolites, terpenes, flavonoids, alkaloids, etc.",20.5,0.0,0.0,0.0,0.0,0.0,0.0,0.2,0.0,0.0,0.0,0.0,0.0,0.0,0.0,0.0,0.0,0.0,0.0,0.0,0.0,0.1,0.0,0.0,0.0,0.0,0.0,0.0,0.0,0.5,0.0,0.0,0.0,0.0,0.0,0.0,0.0,0.0,0.0,0.1,0.0,0.0,0.0,0.0,0.0,0.0,0.0,0.0,0.0,0.0,0.0,0.0,0.0,0.0,0.0,0.0,0.0,0.0,0.0,0.0,0.0,0.0,0.0,0.0,0.0,0.0,0.0,0.0,0.0,0.0,0.0,0.0,0.0,0.0,0.0,0.0,0.0,0.0,0.0,0.9,0.0,0.0,0.0,0.0,0.0,0.0,0.0,0.0,0.0,0.0,0.0,0.0,0.0,0.0,0.0,0.0,0.0,0.0,0.0,0.0,0.0,0.0,0.0,0.2,0.0,0.7,0.0,0.4,0.0,0.2,0.0,0.0,0.0,0.4,0.3,0.0,0.0,0.2,0.0,0.1,0.3,0.1,0.0,0.0,0.0,0.0,0.0,0.0,0.0,0.2,0.0,0.0,0.0,0.1,0.1,1.9,0.0,0.0,0.0,0.0,0.0,0.0,0.0,0.0,0.0,0.0,0.0,0.7,0.0,0.0,0.0,0.7,2.7,0.7,0.0,1.8,2.5,2.6,2.3,0.0,45.9,0.0,0.0,0.1,0.0,0.0,0.0,0.0,0.0,1.1,0.0,0.0,0.0,2.1,0.3,0.0,59.6,0.0,1.7,0.0,0.2,1.5,0.0,0.2,0.0,0.0,0.0,0.0,0.0,2.6,9.8,0.0,0.0,0.0,0.0,3.4,0.0,1.3,0.0,0.0,0.3,1.8,0.0,2.0,0.0,0.0,0.0,0.0,0.0,0.0,0.0,0.0,0.7,0.0,1.1,0.0,0.0,0.0,0.0,3.9,0.1,0.0,0.0,0.0,0.5,1.2,0.0,0.0,0.0,0.0,4.9,0.0,0.4,0.0,1.1,0.0,0.0,0.0,0.0,0.0,0.0,0.0,0.8,0.0,0.0,0.0,0.0,0.0,0.1,0.0,0.0,0.0,0.2,0.0,0.9,9.5,0.6,0.0,0.6,0.0,0.6,0.0,0.8,0.0,0.3,2.7,5.8,0.0,0.0,0.0,0.1,0.6,0.0,0.0,0.0,0.0,0.0,0.0,0.0,0.0,0.0,0.0,0.0,0.0,0.0,0.0,0.0,0.0,0.0,0.0,0.0,0.0,0.1,0.0,464.2,0.0,0.0,0.0,0.0,0.0,0.2,0.0,0.0,0.0,0.0,0.0,0.0,0.0,0.2,0.0,0.0,0.0,0.0,0.0,0.0,0.0,0.0,0.0,0.2,5.0,0.0,0.0,0.0,0.0,0.0,0.0,0.0,0.2,0.0,0.0,0.0,0.0,0.0,0.0,0.0,5.7,0.0,0.0,10.8,0.0,0.0,0.1,0.0,0.0,0.0,2.7,0.0,0.0,0.2,0.0,0.0,0.0,0.4,0.0,0.2,0.0,0.0,0.0,0.0,0.0,0.1,0.0,0.0,0.0,0.2,0.0,0.0,0.0,0.0,0.0,0.0,0.0,0.0,0.0,0.0,0.0,0.0,0.0,0.0,0.0,0.0,0.0,0.0,0.0,0.0,0.0,0.0,0.1,0.0,0.0,0.0,0.0,0.0,0.0,0.0,0.0,0.0,0.0,0.0,0.1,0.0,0.0,0.0,0.0,0.0,0.0,0.0,0.0,0.0,0.0,0.0,0.0,0.0,0.3,0.0,0.0,0.0,0.0,0.0,0.0,0.0
29591_POS_SU,pos,Level 2,N-Methylisoleucine,Natural,Amino acid / peptide / nucleoside,22.1,0.0,0.0,0.0,0.0,0.0,0.0,0.0,0.0,3.2,0.0,0.0,0.0,0.0,0.0,0.0,0.0,0.0,0.0,0.0,0.0,0.0,0.0,0.0,0.0,0.0,0.0,0.0,0.0,0.0,0.9,0.0,0.0,0.0,0.0,0.0,0.0,0.0,0.0,0.0,0.0,0.0,0.0,0.0,0.0,0.0,4.0,0.0,0.0,0.0,0.0,0.0,0.0,0.0,0.0,0.0,0.0,0.0,0.0,0.0,0.0,0.0,0.0,0.0,0.0,0.0,0.0,0.0,0.0,0.0,0.0,0.0,0.0,0.0,0.0,0.0,0.0,0.7,0.5,6.4,0.0,0.0,0.0,0.0,0.0,0.0,0.0,0.0,0.0,0.0,0.0,0.0,0.0,0.0,2.5,0.0,0.7,0.0,0.0,5.3,0.0,0.0,0.0,0.0,1.7,0.0,0.0,0.0,0.9,0.0,0.0,0.0,0.0,0.0,0.0,1.6,0.0,0.0,0.3,0.4,3.1,0.0,0.0,0.0,0.0,0.0,0.0,0.0,0.0,0.0,0.0,0.0,0.0,0.0,0.0,0.0,0.0,0.0,0.0,0.0,0.0,0.0,0.0,0.0,0.0,0.0,0.0,0.0,0.0,0.0,0.0,0.1,3.1,0.0,0.0,1.2,1.3,0.8,14.0,6.7,9.5,0.0,0.0,3.2,0.0,0.0,0.0,0.0,0.0,0.5,0.0,0.0,0.0,13.1,0.0,0.0,2.0,0.0,0.0,0.0,0.0,1.6,0.0,0.0,0.0,0.0,0.0,0.0,0.0,2.9,1.1,0.0,0.0,0.4,1.4,26.9,0.0,3.1,2.0,0.0,0.0,13.2,0.0,10.5,0.0,2.9,0.0,0.0,0.0,0.0,0.0,0.0,4.2,0.0,7.5,0.0,3.3,0.0,0.0,10.9,0.0,0.0,0.8,0.0,4.3,6.5,1.2,1.2,0.0,0.0,13.0,0.0,0.3,0.0,1.3,2.6,0.0,0.0,0.0,1.2,0.3,0.0,3.5,0.0,5.1,0.0,0.6,0.0,0.0,0.0,0.0,0.0,0.0,0.0,2.1,3.6,0.0,0.0,0.0,0.0,0.0,0.0,0.0,0.0,2.3,6.7,2.6,0.0,4.3,0.0,0.0,0.0,0.0,0.0,0.0,2.6,0.0,0.0,0.0,0.0,0.0,0.0,0.0,0.0,0.0,0.0,0.0,0.0,0.0,0.0,0.0,0.0,0.0,0.0,32.9,0.0,0.8,0.0,0.0,0.0,9.7,0.0,1.4,0.0,0.0,0.0,5.9,0.0,6.0,0.0,0.0,0.0,2.4,0.0,0.2,0.0,7.2,0.0,2.3,5.7,0.0,0.0,4.0,0.7,0.0,0.0,0.5,0.0,0.0,0.0,1.1,0.0,0.0,0.0,0.0,0.0,0.0,0.0,41.9,0.0,0.0,0.0,0.0,0.0,0.0,4.9,0.0,0.0,0.5,0.0,0.0,0.0,0.1,0.0,0.4,0.0,0.0,0.0,0.0,0.9,0.7,0.0,0.0,0.0,8.5,3.1,2.2,0.0,6.5,0.0,0.0,0.0,0.0,0.0,0.0,0.0,0.0,10.7,16.0,0.0,0.0,0.0,0.0,0.0,0.0,0.0,0.0,0.0,0.0,0.0,0.0,0.0,0.0,0.0,0.0,0.0,0.0,0.0,0.0,0.3,0.0,0.0,0.0,0.0,0.0,0.0,0.0,0.0,0.0,0.0,0.0,0.0,0.0,0.0,0.0,0.7,0.0,0.0,0.0,0.0,0.0
30085_POS_SU,pos,Level 2,p-coumaric acid,Natural,"Natural product – plant/fungal metabolites, terpenes, flavonoids, alkaloids, etc.",68.3,0.0,24.4,2.7,30.7,12.3,39.8,3.7,14.8,0.0,39.5,0.0,43.9,48.5,20.0,0.0,14.3,0.0,10.9,1.8,14.5,0.0,16.7,0.0,0.0,0.0,8.5,40.8,19.7,3.1,37.7,18.1,51.8,13.8,13.2,2.2,21.9,0.7,4.6,1.1,16.4,2.5,9.5,0.5,23.0,6.4,17.9,11.1,21.8,3.0,28.7,11.9,29.0,6.0,24.4,3.6,27.0,58.9,28.7,9.2,55.0,1.4,93.4,28.8,29.6,0.0,30.3,11.3,42.6,24.5,43.4,2.4,29.1,21.7,45.0,16.0,26.7,23.2,83.9,27.8,47.9,14.8,25.6,13.0,24.4,6.5,19.7,7.0,37.2,9.2,16.3,2.9,31.2,9.3,28.3,4.6,20.3,7.8,25.8,7.6,22.0,8.0,42.4,17.0,38.0,0.0,21.6,3.6,38.0,0.0,27.2,0.0,28.8,0.0,32.9,0.0,26.3,0.0,26.0,0.0,36.4,0.0,16.6,12.1,21.5,15.0,53.5,0.0,24.6,0.0,0.0,0.0,18.2,12.4,0.0,0.0,17.3,0.0,28.6,0.0,51.9,0.0,0.0,0.0,35.5,0.0,52.9,0.0,21.6,11.9,0.0,1.6,18.9,6.2,13.4,0.0,17.7,0.0,25.8,0.7,9.0,0.0,20.3,1.9,22.7,0.0,33.1,9.0,15.5,0.8,8.0,3.5,41.4,2.8,16.9,0.6,7.0,0.7,40.4,5.6,70.9,3.4,44.3,1.1,25.9,0.0,14.9,0.1,20.0,0.0,10.4,57.4,79.7,0.0,23.9,2.1,8.7,0.0,8.9,0.0,2.7,2.1,14.1,0.0,0.0,0.0,0.0,0.0,0.0,0.0,0.0,1.8,7.4,0.0,36.5,0.0,19.5,0.0,4.7,0.2,5.8,14.6,46.8,0.0,59.5,14.3,54.7,0.0,4.2,16.7,113.3,10.6,54.3,0.0,11.8,56.2,10.2,17.1,52.8,0.0,12.2,0.0,96.7,0.0,36.6,11.6,46.2,6.8,72.3,11.1,50.0,0.0,3.7,18.2,28.0,26.0,23.1,25.5,5.5,17.3,65.5,4.9,77.1,41.1,82.5,41.6,86.6,8.9,24.1,66.9,93.8,0.0,3.6,4.6,77.2,0.0,25.2,18.3,103.0,43.3,0.0,9.8,14.5,0.0,10.9,0.0,5.3,0.0,0.0,16.9,117.5,0.0,106.1,23.8,11.0,0.0,147.4,10.8,5.2,0.0,74.2,14.0,94.4,0.0,33.9,4.5,54.2,1.6,77.5,0.0,61.7,0.0,6.2,19.2,27.0,8.2,43.5,16.7,34.1,23.2,40.2,29.2,0.0,35.2,7.3,20.6,2.8,19.0,11.9,7.0,11.1,15.1,0.0,25.9,15.4,83.6,0.0,46.2,40.9,60.6,4.0,28.7,0.0,34.5,0.0,41.2,0.0,20.2,4.0,19.5,0.0,24.5,7.6,23.3,21.3,29.5,3.0,44.3,0.2,43.1,3.3,28.3,0.0,6.5,0.0,12.1,3.6,27.7,0.0,15.3,0.0,0.0,0.0,0.0,0.0,0.0,0.0,0.0,0.0,0.0,0.0,0.0,0.0,0.0,0.0,0.0,0.0,0.0,0.0,0.0,0.0,0.0,0.0,0.0,0.0,0.0,0.0,0.0,0.0,0.0,0.0,0.0,0.0,0.0,0.0,0.0,0.0,0.0,0.0,0.0,0.0,0.0,0.0,0.0,0.0,0.0,0.0,0.0,0.0,0.0,0.0
30153_POS_SU,pos,Level 2,Methyl trans-styryl ketone,Anthropogenic,Fragrance / flavor compound,9.8,0.0,0.0,0.0,0.0,0.0,0.0,0.0,0.0,0.0,0.0,0.0,0.0,0.0,0.0,0.0,0.0,0.0,0.0,0.0,0.0,0.0,0.0,0.0,0.0,0.0,0.0,0.0,0.0,0.0,0.0,0.0,0.0,0.0,0.0,0.0,0.0,0.0,0.0,0.6,0.0,0.0,0.0,0.0,0.0,0.0,0.0,0.0,0.0,0.0,0.0,0.0,0.0,0.1,0.0,2.6,0.0,0.0,0.0,0.0,0.0,0.0,0.0,1.1,0.0,0.0,0.0,0.0,0.0,0.0,0.0,0.0,0.0,164.2,0.0,0.6,0.0,0.0,0.0,9.6,0.0,0.0,0.0,1.0,2.6,0.2,0.0,0.0,0.0,1.0,0.0,0.0,0.0,12.8,0.0,1.4,0.0,0.0,0.0,9.9,0.0,0.0,0.0,0.0,0.0,6.6,0.0,1.1,0.0,0.0,0.0,39.6,0.0,7.8,0.0,0.0,0.0,0.0,0.0,0.0,0.0,1.5,0.0,0.4,0.0,0.0,0.0,5.0,0.0,0.0,0.0,0.8,0.0,0.2,0.0,0.0,0.0,0.8,0.0,0.0,0.0,0.7,0.0,0.0,0.0,0.0,0.0,1.7,0.0,0.7,0.0,0.0,0.0,0.0,0.0,0.0,0.0,0.0,0.0,0.0,0.0,0.0,0.0,0.0,0.0,0.0,0.0,0.0,0.0,0.0,0.0,0.0,0.0,0.0,0.0,0.0,0.0,0.0,0.0,0.0,0.0,0.0,0.0,0.0,0.0,0.0,0.0,0.0,0.0,0.0,0.0,0.2,0.0,0.0,0.3,0.0,0.0,0.0,0.0,0.0,0.0,0.0,0.0,0.0,0.0,0.0,0.0,0.0,0.0,0.0,0.0,0.0,0.0,0.0,0.0,0.0,0.0,1.3,0.0,0.0,0.0,0.7,0.0,0.3,0.0,0.0,0.0,0.0,0.0,0.0,0.0,0.0,0.0,0.0,0.0,0.0,0.0,0.0,0.0,0.0,0.0,0.7,0.0,0.0,0.0,0.0,0.0,0.0,0.0,0.0,0.0,0.2,0.0,0.0,0.0,0.0,0.0,0.0,0.0,0.0,0.0,0.0,0.0,0.4,0.0,0.0,0.0,0.0,0.0,0.0,0.0,0.0,0.0,0.0,0.0,0.0,0.0,0.0,0.0,0.0,0.0,0.9,0.0,0.0,0.0,0.0,0.0,0.0,0.0,0.0,0.0,0.0,0.0,0.0,0.0,0.0,0.0,0.0,0.0,0.0,0.0,0.0,0.0,0.0,0.0,0.0,0.0,0.0,0.0,0.0,0.0,0.0,0.0,0.0,0.0,0.0,0.0,0.0,0.0,0.0,0.0,0.0,0.0,0.0,0.0,0.0,0.0,0.0,0.0,0.0,0.0,0.0,0.0,0.0,0.0,0.0,0.0,0.0,2.8,0.0,0.0,0.0,0.0,0.0,0.0,0.2,0.0,0.0,0.2,0.0,0.0,0.0,0.0,0.0,0.1,0.0,0.0,0.0,0.0,0.0,0.0,0.0,0.0,0.0,0.9,0.0,0.0,0.0,0.0,0.0,0.0,0.0,0.0,0.0,0.0,0.0,0.0,0.0,0.0,0.0,0.0,0.0,0.0,0.0,0.0,0.0,0.0,0.0,0.0,0.0,0.0,0.0,0.0,0.0,0.0,0.0,0.0,0.0,0.0,0.0,0.0,0.0,0.0,0.0,0.0,0.0,0.0,0.0,0.0,0.0,0.0,0.0,0.0,0.0,0.0,0.0,0.0,0.0,0.0,0.0,0.0
30174_POS_SU,pos,Level 2,Myosmine,Natural,"Natural product – plant/fungal metabolites, terpenes, flavonoids, alkaloids, etc.",78.1,0.2,0.0,8.0,7.4,0.0,4.5,0.9,1.7,0.0,0.7,0.2,1.3,0.0,0.3,0.0,0.6,0.1,1.1,1.6,1.0,0.0,0.5,0.9,0.7,8.8,1.8,7.2,18.3,75.7,76.0,1.3,0.9,0.8,1.1,2.1,9.9,0.6,0.5,7.0,18.1,0.7,13.9,0.0,0.3,6.6,7.2,0.7,0.7,10.6,2.2,0.1,0.0,8.8,5.4,1.0,0.3,0.3,1.0,0.3,1.1,1.3,0.1,1.3,2.5,0.5,0.9,3.7,0.4,0.0,0.0,0.6,0.2,1.3,0.2,0.5,0.0,0.2,1.2,9.4,1.5,3.3,1.3,1.9,1.9,1.8,0.0,2.2,2.9,1.2,0.5,0.8,5.1,1.1,0.5,0.1,0.3,1.6,2.0,1.7,0.5,7.5,5.0,47.7,23.5,2.2,0.6,0.8,2.8,9.1,0.8,2.4,1.5,238.5,2.1,17.8,1.7,62.5,2.8,0.8,2.4,3.1,2.2,0.3,0.7,1266.0,4.8,1.4,0.8,25.4,0.5,1.1,1.2,21.0,1.1,1.5,1.3,1.9,5.4,1.7,6.2,31.4,0.9,1.6,1.6,0.7,1.2,4.0,2.8,1.1,1.1,0.0,0.4,11.2,1.6,0.2,6.3,0.5,2.7,0.2,0.1,0.0,0.1,0.5,2.0,1.5,2.7,0.3,1.2,0.0,0.1,6.5,0.5,0.2,0.3,185.8,3.7,0.5,0.0,0.3,3.4,0.0,0.9,0.4,0.6,8.7,96.5,0.1,9.7,0.0,0.0,1.9,1.4,4.3,1.9,0.0,2.1,0.0,3.5,2.4,2.2,0.0,18.7,0.5,0.0,0.5,0.0,0.0,0.0,0.0,0.0,0.0,0.3,0.0,0.3,11.9,28.6,1.3,0.1,0.0,0.3,14.2,9.6,0.0,0.5,1.5,0.8,1.2,0.2,0.0,1.4,2.8,16.2,0.0,1.6,18.6,3.6,0.8,3.8,0.0,0.1,1.7,0.0,0.0,1.8,26.8,11.5,1.2,0.7,0.1,0.3,5.6,7.0,7.4,8.0,0.6,0.0,2.0,7.7,2.5,0.4,2.0,0.4,2.9,0.3,6.8,4.8,2.4,3.2,3.0,2.7,0.4,0.0,0.0,0.0,0.0,0.0,0.1,0.5,0.0,0.0,0.1,1.9,0.0,0.6,35.5,0.0,3.0,1.1,0.7,1.1,0.6,1.6,0.0,1.2,0.0,0.0,1.6,0.0,20.1,0.0,0.0,0.0,2.0,0.0,0.3,0.0,0.0,0.0,0.0,0.0,6.2,0.5,0.0,0.0,0.4,0.0,0.5,0.1,0.2,0.5,5.1,11.7,15.5,5.4,3.8,3.7,8.1,5.2,11.1,35.6,0.8,0.2,7.6,7.9,8.1,12.1,0.8,5.6,2.5,4.3,3.2,3.2,7.9,7.6,7.6,2.3,3.2,0.9,7.3,5.9,1.6,1.1,6.9,1.5,6.8,3.7,3.8,15.8,5.8,9.2,5.0,2.9,2.2,54.4,2.9,4.3,1.6,17.4,4.6,0.9,7.1,0.0,0.2,0.0,0.6,0.0,3.4,9.5,0.0,0.0,0.9,0.0,1.4,0.0,1.3,0.0,31.7,2.1,0.9,0.0,1.1,0.4,11.1,0.0,0.4,0.0,0.0,0.6,0.9,0.0,0.0,0.0,0.0,0.0,0.0,0.0,0.3,0.0,0.0,0.1,0.0,0.0,1.3,0.0,0.0,0.0,0.0,0.1,0.0,0.0
31242_POS_SU,pos,Level 2,Cinnamic acid,Natural,"Natural product – plant/fungal metabolites, terpenes, flavonoids, alkaloids, etc.",68.1,1.2,0.0,0.6,0.0,0.9,0.0,1194.2,3.4,3.4,0.0,13.4,0.0,2.5,0.0,0.0,0.2,0.8,0.0,1.0,0.0,0.0,0.0,0.0,0.0,0.4,0.0,8.9,0.2,4.9,0.0,9.0,0.0,0.0,0.0,0.0,0.0,4.0,0.0,49.2,0.0,0.2,0.2,3.2,0.0,1.0,0.0,12.2,0.0,0.4,0.0,8.6,0.3,8.6,0.0,2.2,0.0,56.0,5.2,1.1,0.9,58.0,0.0,1.1,0.2,2.3,0.0,37.0,0.0,27.3,0.0,3.7,2.0,0.7,0.3,11.3,0.0,0.8,0.0,22.8,0.0,30.8,0.2,0.6,0.0,8.7,0.0,6.6,0.1,7.0,0.0,0.8,4.1,0.0,2.3,9.1,0.0,0.1,0.1,4.1,0.0,1.5,0.0,3.9,0.1,10.3,0.0,0.2,0.0,26.3,0.1,10.9,0.0,24.6,0.0,29.8,4.5,0.5,0.0,1.9,1.2,30.8,0.9,2.3,0.0,12.3,0.2,5.2,0.0,3.6,0.0,20.6,0.0,10.9,0.0,10.7,0.0,28.3,0.0,1.7,0.0,1.9,0.0,0.0,0.0,2.9,0.0,5.8,1.4,1.7,0.2,0.0,0.0,0.9,0.5,0.8,0.5,12.4,0.5,0.8,0.0,26.6,0.0,194.7,0.7,8.0,0.0,0.0,0.0,1.9,0.0,2.7,0.0,9.6,0.0,5.3,0.1,0.0,0.0,11.7,0.0,27.4,0.0,5.3,0.0,6.5,0.0,0.7,0.0,13.3,0.2,0.0,0.6,41.3,0.8,6.9,0.0,3.8,2.0,13.5,7.6,1.3,0.4,4.1,3.1,2.3,0.0,0.0,0.0,0.0,0.0,1.1,2.9,2.7,0.8,11.9,0.0,0.0,0.0,0.5,0.0,6.2,0.0,1.6,0.3,0.0,0.0,2.8,0.6,0.0,0.1,2.4,1.1,0.0,0.4,2.0,4.7,3.1,3.4,0.0,0.0,47.9,0.8,0.0,1.4,1.0,1.8,34.7,2.5,1.7,5.2,6.8,0.0,2.6,2.1,2.7,6.5,0.3,1.6,7.0,3.4,0.0,0.0,0.6,0.6,4.4,1.6,0.0,0.0,1.0,0.3,0.4,0.0,0.8,3.1,0.2,1.8,0.0,0.0,0.1,0.0,18.3,1.4,0.0,0.0,6.4,0.0,1.4,0.0,10.9,2.1,23.8,1.2,2.7,0.6,11.5,2.2,0.0,0.0,40.9,1.3,0.1,0.0,11.1,1.8,5.9,3.4,15.3,0.1,10.5,1.3,0.0,0.0,2.6,1.4,0.9,1.3,46.4,0.0,0.0,0.0,0.9,7.3,0.2,2.5,0.2,2.6,1.9,3.3,0.0,4.0,0.0,8.4,0.0,3.3,1.2,7.3,0.5,22.4,0.0,8.6,0.1,11.4,0.3,0.0,0.3,10.4,7.6,4.5,2.7,6.0,0.0,2.8,0.3,4.0,1.0,4.6,1.2,7.2,0.4,14.1,0.2,4.3,15.7,16.0,1.3,2.6,0.0,5.9,1.7,3.4,3.8,0.0,196.0,3.1,3.8,1.3,12.9,0.0,2.0,0.0,4.2,0.0,5.2,0.0,1.9,0.0,6.9,1.9,50.3,0.8,6.7,2.8,3.5,0.8,6.6,0.1,0.7,7.6,3.3,0.2,18.8,1.3,91.7,0.1,19.0,0.0,0.7,0.5,11.5,0.9,15.9,0.0,13.8,0.0,2.5,0.0,8.4,89.5,6.7,0.0
31273_POS_SU,pos,Level 2,Nornicotine,Natural,"Natural product – plant/fungal metabolites, terpenes, flavonoids, alkaloids, etc.",57.9,0.0,0.0,0.7,0.2,0.0,0.2,0.0,0.1,0.0,0.0,0.0,0.0,0.0,0.0,0.0,0.0,0.0,0.0,0.2,0.1,0.0,0.0,0.0,0.0,0.6,0.0,0.0,0.3,7.7,2.1,0.0,0.0,0.1,0.0,0.2,0.1,0.0,0.0,0.3,0.6,0.0,0.2,0.0,0.0,0.6,0.3,0.0,0.0,0.5,0.1,0.0,0.0,0.6,0.2,0.1,0.0,0.0,0.1,0.0,0.0,0.1,0.0,0.0,0.1,0.1,0.1,0.2,0.0,0.0,0.0,0.0,0.0,0.0,0.0,0.0,0.0,0.0,0.0,0.4,0.1,0.0,0.1,0.0,0.1,0.1,0.0,0.1,0.2,0.1,0.0,0.1,0.2,0.1,0.0,0.0,0.0,0.1,0.1,0.1,0.1,0.2,0.5,3.6,1.6,0.1,0.0,0.1,0.1,0.2,0.0,0.1,0.1,20.1,0.2,1.6,0.1,6.1,0.2,0.0,0.1,0.2,0.2,0.0,0.1,69.1,0.4,0.0,0.1,2.3,0.1,0.1,0.1,7.0,0.1,0.2,0.1,0.0,0.3,0.1,0.3,2.0,0.1,0.1,0.1,0.0,0.0,0.4,0.2,0.0,0.0,0.0,0.1,0.9,0.1,0.1,0.8,0.2,0.2,0.0,3.3,0.0,0.0,0.0,0.1,0.1,0.2,0.0,0.1,0.0,0.0,0.6,0.1,0.0,0.1,5.0,17.1,0.1,0.0,0.0,0.2,0.4,0.1,0.1,0.1,0.9,3.2,0.1,0.5,0.0,0.2,0.0,0.1,0.1,0.1,0.0,0.1,0.0,0.1,0.3,0.2,0.0,0.9,0.0,0.0,0.0,0.0,0.0,0.0,0.0,0.0,0.1,0.1,0.0,0.0,0.9,2.4,0.0,0.0,0.1,0.0,2.2,1.1,0.0,0.0,0.3,0.0,0.1,0.1,0.0,0.5,0.3,1.5,0.0,0.4,1.3,0.5,0.1,0.8,0.0,0.0,0.2,0.0,0.0,0.1,0.8,1.3,0.0,0.2,0.0,0.1,0.3,0.4,0.4,0.9,0.2,0.0,0.1,1.1,0.6,0.1,0.3,0.2,0.1,0.1,1.2,8.9,0.1,0.3,0.2,0.5,0.0,0.0,0.0,0.0,0.0,0.0,0.0,0.1,0.0,0.0,0.0,0.1,0.0,0.0,3.9,0.0,0.5,0.7,0.0,0.1,0.1,0.2,0.0,2.0,0.0,0.0,0.5,0.0,1.7,0.0,0.0,0.0,0.4,0.1,0.3,0.0,0.0,0.0,0.0,0.0,1.2,0.0,0.0,0.0,0.0,0.0,0.1,0.0,0.9,0.0,0.2,0.1,0.5,0.2,0.2,0.0,0.5,0.4,0.3,2.0,0.1,0.0,0.7,0.4,2.2,0.3,0.1,0.9,0.2,0.1,0.3,0.2,0.4,0.0,1.3,0.1,0.2,0.1,0.3,0.1,0.1,0.1,0.3,0.5,0.4,0.1,0.1,0.7,0.2,0.1,0.2,0.1,0.1,2.6,0.1,0.3,0.1,0.3,0.1,0.1,1.5,0.1,0.0,0.0,0.2,0.0,0.4,0.0,0.0,0.0,0.1,0.0,0.1,0.0,0.3,0.0,19.7,0.5,0.2,0.0,0.2,0.1,1.9,0.1,0.0,0.0,0.0,0.0,0.1,0.0,0.0,0.0,0.0,0.0,0.0,0.0,0.1,0.0,0.0,0.0,0.0,0.0,0.0,0.0,0.0,0.0,0.0,0.0,0.0,0.0
32376_POS_SU,pos,Level 2,(-)-Myrtenal,Natural,"Natural product – plant/fungal metabolites, terpenes, flavonoids, alkaloids, etc.",98.6,222.2,12.2,267.9,39.8,97.5,24.4,82.4,12.9,114.9,29.0,127.0,16.2,130.9,25.0,80.1,14.5,309.7,21.4,224.6,17.2,66.9,20.7,43.7,25.1,79.2,12.0,120.0,25.3,167.2,35.4,122.8,12.3,323.9,60.7,119.9,29.8,223.9,14.8,161.9,32.7,152.4,40.9,151.4,18.9,347.7,57.9,239.7,15.9,138.1,20.7,250.0,10.5,264.9,17.8,154.0,12.8,76.4,38.4,46.0,30.5,155.0,23.3,256.9,34.6,121.8,15.7,283.6,28.4,107.2,32.2,206.1,12.1,66.2,24.9,67.7,17.4,94.3,43.6,312.1,26.1,298.1,21.3,184.7,22.9,234.4,16.3,136.5,22.7,151.5,13.5,301.7,34.5,102.2,25.0,176.6,16.2,195.0,74.4,252.5,12.3,347.4,33.3,127.4,39.5,53.4,10.8,21.1,65.7,54.5,25.1,104.5,11.9,60.5,36.6,162.9,26.5,118.5,10.8,102.8,45.7,231.7,22.1,140.3,22.0,323.4,34.6,227.3,16.9,144.9,39.7,194.4,80.6,88.4,40.8,113.4,24.5,156.6,82.0,29.0,84.8,75.7,26.5,183.7,49.4,83.3,67.2,39.1,77.7,81.1,40.5,140.6,9.0,160.9,39.3,114.7,29.4,54.1,8.9,122.8,5.5,143.7,26.0,88.2,42.1,115.5,56.3,214.6,21.6,23.8,11.0,340.0,21.1,11.6,23.7,297.7,8.1,357.3,8.1,84.9,47.5,62.2,8.5,288.4,23.5,97.4,19.1,224.8,32.6,67.1,6.6,782.1,36.1,376.7,37.4,72.4,76.6,54.8,33.4,69.4,30.7,16.6,317.3,76.0,47.0,123.9,0.0,0.0,0.0,0.0,0.0,216.1,12.9,164.4,18.1,93.9,38.1,50.2,14.8,58.7,44.0,181.1,87.2,155.0,37.0,148.5,19.2,97.1,14.8,164.3,20.1,337.3,51.3,0.0,62.8,78.8,107.0,141.9,40.9,189.9,14.0,125.1,13.9,68.6,28.2,530.0,48.2,76.4,25.7,143.8,41.7,263.6,46.1,147.5,18.2,190.2,120.3,220.8,17.4,219.7,12.1,126.6,19.2,449.0,32.5,424.9,25.7,250.7,112.8,274.6,26.1,152.2,30.3,274.2,15.7,152.8,62.9,374.8,16.7,399.3,288.2,256.8,54.3,139.6,13.9,316.1,18.0,159.2,64.6,158.2,24.0,95.8,23.3,196.8,38.3,198.3,34.4,148.8,11.8,275.9,25.2,234.0,51.6,85.7,17.1,57.5,17.7,76.3,14.0,145.3,14.5,154.2,0.8,310.5,4.2,97.2,24.0,270.3,16.7,124.8,10.8,31.5,149.6,36.3,292.1,42.1,330.5,53.0,226.9,40.0,232.1,50.6,116.7,43.4,266.3,35.9,104.7,46.1,2484.5,20.8,204.5,19.2,142.3,26.2,62.0,33.1,168.8,35.1,58.1,35.2,164.9,30.6,234.9,18.7,179.0,52.8,87.6,24.7,41.3,25.5,106.2,12.2,70.0,42.4,192.9,23.6,111.1,16.7,199.0,37.3,24.5,272.0,54.5,142.0,40.2,225.1,25.7,184.0,20.8,55.7,23.9,308.7,34.7,140.0,35.2,339.4,38.2,461.8,60.4,108.1,50.8,238.5,62.4,314.5,23.6,159.1,13.1,7.0,225.2,224.1,48.4,205.0,67.4,321.4,23.8,175.4,18.3,184.3,7.7,157.5,39.2,154.4,5.7,109.6,40.1,76.4,49.3,184.3,49.1,98.2,6.8
32856_POS_SU,pos,Level 2,N-Methylanthranilic Acid,Natural,"Natural product – plant/fungal metabolites, terpenes, flavonoids, alkaloids, etc.",46.2,0.0,0.8,0.0,0.0,0.0,1.3,0.0,0.0,0.0,2.7,0.0,0.2,0.0,0.0,0.0,0.0,0.0,0.2,0.0,0.0,0.0,0.0,0.0,0.0,0.0,0.0,0.0,0.0,2.3,5.5,0.0,0.0,7.4,0.0,0.0,0.0,0.0,0.0,0.0,0.0,0.4,1.5,0.0,0.2,0.0,0.0,4.0,0.0,4.1,9.9,0.0,2.7,7.4,2.7,2.7,0.0,6.4,0.0,0.0,0.0,0.0,0.0,0.0,0.0,0.0,0.0,0.0,0.0,0.0,0.0,0.7,0.0,9.2,0.0,0.3,0.0,0.0,0.0,1.0,0.0,7.8,0.0,7.9,0.0,0.0,0.0,0.0,0.0,3.3,0.0,7.3,0.0,0.0,0.0,4.4,0.0,0.0,0.0,1.5,0.0,8.6,0.0,0.0,2.5,0.0,0.0,13.5,0.0,0.0,0.0,0.0,0.0,7.5,0.0,0.0,0.0,2.1,0.0,0.0,0.4,13.4,0.0,3.3,0.0,64.7,0.2,4.5,0.0,0.9,0.0,0.0,0.0,1.8,0.0,8.6,0.0,1.2,0.0,0.0,0.0,1.1,0.0,1.1,0.0,0.0,0.0,0.0,0.5,0.0,0.2,0.0,0.0,6.9,0.0,0.0,0.0,0.0,0.0,0.0,0.0,2.4,8.1,1.0,0.0,1.0,0.0,0.0,0.4,0.0,0.0,0.0,0.0,0.0,0.0,0.0,0.0,0.0,11.7,13.0,0.0,0.0,2.1,6.6,11.4,0.0,8.0,6.6,0.0,0.0,0.0,39.0,18.6,4.0,0.0,0.0,0.0,1.2,5.0,0.0,0.0,0.0,26.4,0.0,0.0,0.0,0.0,0.0,0.0,0.0,0.0,66.6,0.0,2.6,0.4,31.8,11.6,5.2,0.0,20.6,0.0,30.5,1.7,2.1,0.0,0.0,0.0,0.0,0.0,0.0,0.0,0.0,0.0,0.0,1.4,0.0,0.0,0.5,0.0,3.3,0.0,0.0,0.5,2.5,0.0,0.0,0.8,0.0,0.0,0.0,0.0,4.0,2.4,8.6,0.0,11.8,1.5,7.1,0.0,0.0,0.0,0.0,0.0,26.3,0.0,13.2,11.7,7.4,0.8,1.1,0.0,19.2,0.0,6.7,0.0,0.3,0.0,12.8,2.1,7.0,0.0,1.0,0.0,2.8,0.0,17.6,0.0,0.5,0.0,0.5,9.2,3.0,0.0,8.8,5.5,22.2,6.7,0.0,0.0,18.6,5.8,4.0,6.6,0.2,0.9,0.0,0.0,0.0,0.7,0.0,1.6,4.1,0.0,14.0,0.0,4.1,0.0,1.9,0.0,6.3,0.0,11.0,12.5,38.7,5.5,55.8,21.8,14.1,3.0,8.8,0.0,41.8,3.5,26.4,6.0,51.4,0.0,18.6,92.5,20.9,1.3,35.0,0.0,48.0,0.9,66.6,4.4,10.3,5.5,14.9,0.0,36.0,10.6,3.6,0.0,158.3,2.3,42.0,0.0,59.0,9.9,11.3,9.7,6.5,5.0,10.0,3.5,10.1,4.3,6.7,9.2,1.1,1.6,0.0,0.0,12.7,20.4,26.2,1.2,7.4,0.0,16.5,0.0,0.0,0.0,2.1,0.0,3.4,0.0,14.3,0.0,8.7,0.5,5.2,0.0,1.4,0.0,0.0,0.1,6.8,0.0,4.8,0.0,3.4,0.0,1.6,0.0,2.0,0.0,2.8,0.0,0.0,0.0,4.8,0.0,0.0,0.0,2.1,3.6,0.0,0.0
33474_POS_SU,pos,Level 2,D-camphor,Natural,"Natural product – plant/fungal metabolites, terpenes, flavonoids, alkaloids, etc.",52.6,1.3,0.0,17.4,0.0,6.3,0.0,69.3,0.0,22.5,0.0,3.5,0.0,32.8,0.0,0.4,0.0,11.5,0.0,3.5,0.0,0.0,0.0,1.3,0.0,15.7,0.0,7.3,0.0,3.1,0.0,3.8,0.0,12.0,0.0,0.7,0.0,40.8,0.0,10.2,0.0,3.4,0.0,2.3,0.0,14.8,0.0,5.7,0.0,4.1,0.0,7.6,0.0,18.1,0.0,7.1,0.0,23.0,0.0,7.4,0.0,2.7,0.0,18.7,0.0,1.1,0.0,19.2,0.0,2.8,0.0,11.5,0.0,6.3,0.1,2.5,0.0,2.3,0.0,129.2,0.0,128.8,0.0,2.5,0.0,605.9,0.0,7.7,0.0,2.8,0.0,22.9,0.0,67.4,0.0,15.8,0.0,5.5,0.0,95.0,0.0,30.7,0.0,44.3,0.0,14.6,0.0,1.0,0.0,34.1,0.0,32.8,0.0,38.5,0.0,217.6,0.0,20.0,0.0,17.6,0.0,25.6,0.0,2.0,0.0,6.7,0.0,29.0,0.0,25.8,0.0,10.6,0.0,19.6,0.0,109.1,0.0,42.3,0.0,1.6,0.0,53.1,0.0,12.3,0.0,13.5,0.0,17.7,0.0,7.4,0.0,10.7,0.0,9.4,0.8,1.6,0.0,21.4,0.0,0.9,0.0,47.8,0.9,7.1,0.0,8.0,0.0,13.6,0.0,4.0,0.0,251.8,0.0,2.5,0.0,26.7,0.0,29.8,0.0,55.1,0.0,4.3,0.0,11.9,0.0,0.2,0.0,2.4,0.0,2.7,0.3,43.0,0.1,51.5,17.0,12.5,0.0,19.2,2.8,3.8,0.0,3.5,27.2,3.0,15.9,9.2,0.0,0.0,0.0,0.0,0.0,1.4,0.0,16.3,0.0,8.7,0.0,0.0,0.0,2.0,0.0,31.0,0.0,2.6,0.0,4.3,0.0,4.8,0.0,2.9,0.0,231.1,0.0,0.0,0.0,0.0,3.7,2.4,0.0,0.0,0.0,19.7,0.0,11.9,0.0,58.0,0.0,11.6,0.0,14.0,0.0,6.7,0.0,5.5,0.0,3.7,0.0,31.7,0.0,15.1,0.0,3.1,0.0,45.2,0.0,11.8,0.0,12.6,12.8,17.2,0.0,6.7,0.0,35.2,0.0,4.8,0.8,5.3,0.0,36.4,0.0,15.0,0.0,3.4,0.0,2.6,0.0,18.8,0.0,1.7,0.0,10.0,0.0,4.6,4.6,9.3,0.0,3.2,0.0,65.9,0.0,9.9,0.0,2.7,0.0,8.6,0.0,4.2,0.0,23.0,0.0,17.6,0.0,19.4,0.0,13.5,0.0,11.9,0.0,5.6,0.0,0.0,4.0,0.0,4.4,0.0,11.8,0.0,9.6,0.1,11.6,0.0,7.2,0.0,11.7,0.6,17.7,0.0,65.3,0.0,13.8,0.0,23.3,0.0,3.3,6.7,25.3,1.1,2.0,0.0,5.4,0.0,5.5,0.0,2.2,0.0,9.5,0.0,4.6,0.0,2.0,0.0,10.2,0.0,4.9,0.0,1.8,0.0,7.0,0.0,0.2,8.5,0.0,4.2,0.0,20.0,0.0,48.0,0.0,1.7,0.0,16.9,0.0,10.3,0.0,15.4,0.0,13.3,0.0,7.8,0.0,24.5,0.0,26.7,0.0,18.1,0.0,0.0,19.5,13.5,0.0,8.8,0.0,10.2,0.0,16.0,0.0,8.3,0.0,11.1,0.0,9.7,0.0,7.3,0.0,16.6,0.0,13.5,2.3,31.7,0.0
34461_POS_SU,pos,Level 2,Terrein,Natural,"Natural product – plant/fungal metabolites, terpenes, flavonoids, alkaloids, etc.",78.8,0.2,0.1,0.0,0.6,0.0,0.5,0.0,0.6,0.0,0.2,0.0,0.3,0.4,1.1,0.0,0.0,0.7,0.0,0.1,0.7,0.1,1.2,0.0,0.5,0.0,0.0,0.4,0.0,0.2,1.5,0.0,0.2,1.7,1.6,0.0,0.2,0.0,0.0,0.0,2.1,0.0,0.2,0.0,0.9,0.2,0.0,0.0,0.6,0.0,0.8,1.7,3.3,1.6,1.7,1.0,0.4,2.2,1.6,0.3,1.8,0.6,4.1,1.9,2.3,0.0,1.3,0.4,1.6,4.5,2.1,0.8,0.9,4.3,3.5,0.3,0.7,0.4,3.1,2.4,1.6,3.3,1.4,0.8,1.2,1.2,0.9,1.2,2.6,0.8,1.2,0.5,2.3,1.5,3.7,0.6,1.5,0.6,0.1,1.0,0.2,0.7,0.3,0.4,0.6,0.9,0.0,2.5,0.8,1.1,0.0,0.4,0.0,0.0,0.0,0.1,1.5,0.0,0.7,0.1,2.3,0.0,1.0,0.0,0.7,1.7,1.0,0.0,0.7,0.7,0.0,0.0,1.0,0.2,1.2,0.0,0.3,0.0,1.3,0.0,3.0,0.0,0.0,0.6,1.1,0.0,0.4,1.7,0.0,0.8,0.1,2.3,6.9,3.4,0.9,5.5,4.0,4.7,3.3,0.1,92.9,2.5,2.2,0.0,2.6,0.3,3.4,1.7,0.7,2.7,0.3,1.7,2.2,2.0,0.5,0.2,127.6,0.8,12.6,4.3,2.8,5.5,1.3,0.0,2.2,0.0,0.9,0.0,2.9,2.3,46.6,0.0,3.2,4.8,2.6,4.3,1.0,3.1,3.3,0.0,1.2,2.2,4.9,2.5,0.0,0.6,0.0,0.0,0.0,0.0,0.0,0.0,1.1,0.0,2.1,0.9,0.8,0.2,0.3,2.7,0.2,0.4,0.5,0.0,1.4,1.2,0.7,0.1,2.2,0.4,7.5,0.0,1.1,0.0,3.1,1.1,0.0,0.0,2.3,0.4,1.2,0.3,1.8,0.0,2.2,0.1,1.2,0.0,2.8,0.1,1.5,0.0,1.5,0.1,3.5,5.6,2.3,0.2,2.2,0.0,1.9,0.2,2.2,1.5,2.5,3.2,8.8,0.3,0.6,0.8,1.7,0.0,0.0,1.1,0.9,0.3,0.5,0.1,0.8,0.6,0.0,0.0,0.4,0.1,0.9,0.7,0.5,0.1,0.0,0.3,2.7,0.4,1.1,0.6,325.7,0.2,0.9,0.5,0.4,0.0,0.7,1.2,1.2,0.2,0.8,0.0,0.0,0.2,1.2,0.3,0.3,0.0,0.6,1.2,0.4,0.0,0.7,0.0,0.8,5.3,0.0,1.7,0.8,2.2,0.0,0.9,0.0,1.8,0.2,1.2,0.2,0.4,0.0,0.6,0.0,7.1,0.0,1.9,6.5,1.5,0.2,2.8,0.7,1.8,0.0,0.5,0.0,1.5,0.4,0.5,0.1,1.1,1.1,1.0,7.5,2.1,0.0,0.9,0.0,1.2,0.0,1.3,0.0,0.2,0.6,1.0,0.3,1.3,0.0,1.3,0.5,0.2,2.1,0.4,0.2,1.1,3.2,0.7,1.3,0.6,0.1,1.3,0.7,0.9,0.1,1.1,0.4,0.7,0.6,1.5,1.7,0.7,0.6,1.3,0.7,0.8,1.4,0.7,1.0,1.3,0.0,0.8,1.6,0.5,0.9,0.9,0.7,0.4,0.6,0.6,3.3,0.3,0.8,0.6,1.2,0.1,0.6,0.5,1.5,0.6,0.5
34576_POS_SU,pos,Level 2,Linalool,Natural,Fragrance / flavor compound,93.8,6.7,1.6,88.1,7.3,33.2,5.5,13.5,5.2,29.3,2.9,21.4,1.5,41.4,6.1,7.5,8.3,22.5,6.9,31.3,5.9,0.0,6.3,9.0,3.2,44.4,4.2,26.2,16.3,39.5,14.4,25.2,5.8,32.1,8.4,22.6,9.1,76.1,6.6,17.2,12.1,37.2,17.8,26.3,14.3,72.6,9.3,30.9,9.7,71.5,17.0,41.9,1.0,35.1,11.2,41.4,9.3,466.6,15.5,25.3,17.9,17.7,16.5,77.9,14.9,45.4,11.6,29.1,12.9,27.4,8.2,75.0,9.6,71.4,10.2,40.4,4.6,39.4,10.2,1073.6,10.7,53.4,15.7,40.0,7.9,87.3,3.5,73.0,20.6,22.4,5.1,57.8,25.9,61.4,13.2,57.6,3.8,140.8,19.4,47.3,5.6,51.3,3.9,86.6,3.0,53.7,0.2,2.9,8.6,33.7,2.7,54.0,6.0,84.6,0.0,31.7,2.5,23.5,3.4,27.2,4.6,54.8,7.0,15.4,0.0,14.5,0.9,27.1,0.5,29.8,2.0,18.6,12.4,25.9,1.8,105.4,3.9,52.1,5.4,14.5,7.8,22.7,0.0,25.2,4.6,31.0,4.3,58.3,7.9,26.9,5.0,20.5,3.1,34.6,6.2,16.4,7.9,68.8,8.0,12.4,2.7,20.1,5.6,46.8,9.3,23.0,5.6,18.9,8.0,15.6,0.8,45.2,6.8,38.7,5.2,47.0,4.8,18.7,0.0,21.2,15.5,29.7,7.5,35.1,9.5,19.2,8.1,19.1,13.6,36.6,3.0,265.5,15.3,52.5,6.9,26.0,11.1,28.6,21.7,37.1,13.3,15.8,40.0,26.2,22.9,13.4,0.0,0.0,0.0,0.0,0.0,42.8,3.7,41.7,2.6,28.8,3.0,21.7,2.4,4.9,1.1,43.0,6.8,19.2,2.6,14.8,1.2,35.1,0.9,25.7,2.9,107.5,14.7,0.0,2.6,9.1,44.6,23.4,10.3,18.5,2.9,64.2,7.5,18.2,7.4,53.0,11.3,45.2,13.6,27.8,6.1,21.6,6.5,16.5,4.9,9.5,4.3,18.1,4.9,29.1,7.1,17.6,8.4,97.3,15.8,22.4,1.5,38.1,18.5,21.3,5.5,43.2,1.4,70.4,3.0,9.1,15.1,24.9,0.0,31.1,1.0,25.3,3.6,20.9,5.4,14.9,0.0,28.9,3.8,4.3,2.8,38.6,0.0,4.1,1.6,25.5,0.0,22.6,0.0,2.2,0.0,13.5,0.0,19.4,0.0,27.1,0.0,0.0,0.0,13.6,0.0,33.7,3.8,0.0,1.4,22.8,0.8,21.4,1.3,4.8,2.3,12.4,29.7,16.7,21.6,10.7,32.4,17.8,14.3,21.1,253.2,5.1,6084.4,9.4,43.6,5.8,93.3,13.0,3401.6,19.1,22.8,21.2,206.7,21.5,20.5,52.1,34.6,16.6,100.9,18.0,53.9,16.6,132.2,13.4,34.1,10.9,110.4,16.0,26.8,17.1,31.8,11.0,33.1,10.4,84.4,2.1,35.2,3.3,23.9,29.9,27.9,21.0,1.1,16.0,2.4,72.7,9.0,35.5,5.3,15.6,1.1,41.0,6.0,81.7,4.4,384.9,7.3,26.9,6.7,131.1,5.3,49.8,34.8,26.7,2.8,53.0,0.5,0.5,35.0,36.1,1.4,34.2,5.8,28.7,7.0,43.5,3.4,17.0,0.0,51.1,4.1,73.0,5.1,24.9,2.1,69.9,2.5,30.1,24.1,51.4,0.0
36535_POS_SU,pos,Level 2,Myrcene,Natural,Fragrance / flavor compound,93.8,1.0,0.8,1.3,0.4,0.8,1.1,0.8,0.7,0.4,0.3,0.5,0.7,0.6,0.5,0.6,0.5,1.7,0.6,1.2,0.3,0.2,0.6,0.3,0.3,0.4,0.5,1.1,0.8,0.9,1.1,1.6,0.4,2.9,0.5,0.5,0.8,0.7,0.5,0.0,1.2,0.8,1.8,1.2,0.8,0.8,1.2,0.6,0.4,0.0,2.8,1.7,6.1,1.1,2.4,1.4,1.4,2.8,2.0,1.9,3.6,0.7,5.0,1.5,3.2,0.1,2.1,1.6,2.1,0.5,4.3,1.2,1.7,9.6,9.0,1.2,1.8,0.7,3.6,2.8,0.9,1.7,1.6,0.9,1.9,0.4,1.2,3.6,2.2,1.8,2.2,1.3,2.0,0.8,2.8,4.3,1.7,1.1,1.1,0.5,1.8,1.9,0.5,2.5,0.3,0.0,0.1,0.5,0.9,0.3,0.1,3.7,0.9,0.2,0.3,2.0,1.2,0.1,0.6,0.0,1.2,0.8,0.9,0.9,0.5,1.2,0.3,0.1,0.2,3.0,0.2,0.7,0.6,0.7,0.0,0.0,0.2,0.1,0.9,0.0,1.0,0.2,0.2,0.3,0.2,0.0,0.5,2.1,1.1,1.7,0.3,0.5,0.6,1.7,0.5,0.5,5.2,1.1,1.3,0.0,4.4,0.4,1.8,0.8,1.0,0.1,1.0,1.6,0.9,1.0,0.8,2.2,1.3,0.0,1.2,0.5,4.2,2.0,2.2,4.8,1.3,1.7,0.4,1.6,2.2,6.0,1.2,1.1,2.0,2.8,4.9,12.9,1.8,0.8,1.6,2.9,2.0,1.2,2.0,1.3,1.0,2.4,1.5,1.3,0.0,0.1,0.0,0.0,0.0,0.0,0.0,0.3,0.5,1.2,0.5,0.4,1.5,0.5,0.3,0.1,0.6,0.0,0.9,1.7,0.7,2.6,0.1,0.1,0.4,0.4,0.5,2.0,1.3,0.0,0.7,1.4,0.5,0.6,1.8,1.9,0.8,0.0,1.0,0.4,0.9,0.4,1.4,0.3,2.0,0.7,1.3,10.3,1.0,3.7,1.6,0.4,2.1,0.2,2.0,3.1,1.2,0.3,1.1,3.8,1.6,1.7,1.3,1.2,1.4,5.4,1.6,2.4,0.1,3.8,0.2,1.1,1.1,1.6,0.0,0.6,0.2,1.4,0.3,1.5,0.2,1.4,0.1,0.2,0.1,0.5,0.6,0.2,0.2,2.8,0.2,0.8,0.2,1.1,0.0,4.2,0.2,2.7,0.0,0.1,0.3,0.1,0.0,0.3,0.1,2.2,0.0,1.1,0.1,1.6,0.2,0.6,0.1,6.1,0.2,2.0,0.0,1.7,1.3,1.7,0.5,1.0,0.6,2.0,1.3,1.5,0.4,0.9,0.1,1.3,0.4,2.5,3.1,3.6,2.3,1.4,0.5,2.4,0.4,2.3,0.3,1.5,0.1,1.0,0.7,1.0,0.2,1.4,2.6,2.9,23.8,1.8,0.6,2.9,0.3,1.6,2.5,0.8,2.0,1.1,4.8,1.9,0.3,2.0,0.6,3.4,0.9,0.7,1.9,0.8,1.1,1.2,2.7,0.5,6.3,0.4,0.7,1.3,0.7,3.3,0.7,0.9,0.8,0.8,1.0,2.8,2.0,1.1,0.0,0.6,0.5,0.6,1.6,0.7,0.8,0.5,0.7,1.6,1.1,0.7,1.4,1.7,0.9,0.3,1.4,1.0,0.6,0.7,0.6,0.2,1.8,0.3,0.7,0.6,0.5,0.2,0.3
38578_POS_SU,pos,Level 2,Nicotine,Natural,"Natural product – plant/fungal metabolites, terpenes, flavonoids, alkaloids, etc.",59.5,0.0,1.6,0.0,0.0,0.0,0.0,0.4,0.0,0.0,0.0,0.0,13.0,0.0,0.0,0.0,0.0,0.0,0.0,0.0,0.0,0.0,2.9,0.6,0.0,11.2,0.0,1.9,0.0,2530.7,36.1,1.3,0.0,0.0,0.0,1.0,0.0,0.1,0.0,354.6,0.0,0.3,0.0,0.0,0.0,4.9,0.0,0.0,0.0,2.0,0.0,20.8,0.0,291.6,13.6,0.0,0.0,6.4,2.6,6.6,4.2,22.4,3.2,39.0,7.9,11.2,0.0,98.8,0.0,0.0,0.0,11.3,0.0,6.6,0.0,8.1,0.0,11.7,0.0,640.7,4.7,62.3,3.5,21.4,0.0,105.6,0.0,38.0,9.4,6.8,0.7,92.3,5.4,59.2,0.0,9.2,0.0,0.0,0.0,74.0,0.0,1306.9,0.0,10746.2,0.2,10.3,0.0,0.0,0.0,8.0,0.0,57.2,0.0,144.7,2.9,7.8,0.0,26.8,0.4,0.0,0.0,3.4,0.0,0.0,0.0,29282.7,8.6,172.0,0.0,4696.6,0.4,0.6,0.0,16309.0,0.3,3.5,0.0,2.0,0.0,2.1,0.2,18.5,0.0,0.0,0.0,0.8,0.0,106.1,0.1,0.2,0.0,0.0,0.0,478.6,0.0,0.0,0.1,0.5,0.0,0.0,0.0,27.0,0.0,0.0,0.0,1.4,0.0,25.5,0.0,14.6,0.0,39.4,0.0,9.3,0.0,11086.6,98.1,0.3,0.0,89.2,0.1,119.6,0.0,62.5,4.0,168.9,152.0,0.5,14.4,24.1,0.0,0.0,6.9,125.0,13.7,10.1,4.7,102.4,24.8,0.0,0.0,4.5,1883.9,23.5,0.0,0.0,0.0,0.0,0.0,0.0,0.0,5.4,0.0,0.3,0.0,5667.2,142.8,0.0,0.0,2.2,0.0,22852.9,4.4,0.2,0.0,0.9,0.0,1.6,0.0,0.0,0.5,292.2,0.5,0.0,11.4,108.9,579.0,0.9,25.5,0.5,0.0,1110.4,0.0,0.1,0.0,1444.9,173.4,0.6,0.0,0.1,0.0,5.1,1.3,4.5,0.0,1.1,0.6,0.6,0.6,1.7,0.0,0.9,0.0,3.9,0.2,9.8,2.6,425.3,0.4,1.6,0.2,0.0,0.0,0.0,0.0,0.0,0.0,0.0,0.0,0.7,0.0,0.3,10.8,0.0,0.0,3818.2,0.0,3033.0,3.8,0.7,0.5,99.7,0.0,0.0,0.3,1.2,0.1,4.3,0.0,49.4,0.4,0.0,0.0,228.8,8.7,974.8,0.0,0.4,0.0,0.0,0.0,2397.1,12.0,0.0,1.4,0.7,0.0,1.1,0.0,2.3,0.0,22.9,34.7,39.4,120.3,9.6,39.5,21.6,907.3,27.9,3645.0,6.4,29.9,30.8,1016.3,127.2,609.1,6.4,10.2,17.6,48.0,12.9,52.4,25.8,0.0,0.6,237.9,15.7,14.7,14.1,234.1,5.8,58.4,20.1,53.8,22.6,130.1,14.3,43.2,30.9,63.3,14.3,35.0,4.1,1695.4,13.4,65.9,3.2,260.6,21.3,0.0,659.2,0.0,0.0,0.0,50.6,0.0,2194.3,5.4,0.0,0.0,144.7,0.0,0.1,0.0,374.5,0.0,9301.9,63.9,3.1,0.0,444.3,0.0,3824.9,0.0,28.7,0.0,0.0,9.7,65.3,0.0,4.8,0.0,0.3,0.0,2.3,0.0,28.0,0.0,11.8,0.0,8.8,0.0,62.7,0.0,34.9,0.0,19.6,3.4,34.5,0.0
38609_POS_SU,pos,Level 2,Diethylene glycol monobutyl ether,Anthropogenic,Alcohol / glycol / ether,92.4,1131.4,65.0,732.3,165.4,801.0,61.6,3313.1,77.8,2046.8,26.5,2019.7,54.1,1750.4,33.8,440.6,74.0,1271.2,37.4,566.1,54.9,880.6,53.6,733.6,11.1,867.2,25.4,543.3,64.8,357.7,64.8,805.8,1.4,930.7,53.3,1868.1,74.8,795.9,5.6,1132.7,47.1,170.7,108.2,312.3,41.4,649.1,60.5,723.6,21.3,690.0,29.4,4727.5,19.1,890.7,92.4,785.9,43.1,2691.4,254.8,575.5,68.7,437.2,0.5,375.8,85.4,889.7,59.8,2628.2,39.9,5217.6,18.0,1316.7,56.0,15781.3,215.9,3937.7,9.7,613.2,54.3,9359.7,74.3,5445.1,121.6,547.1,59.7,2314.4,100.5,2375.6,170.3,541.0,12.9,684.6,160.8,15516.5,87.6,6125.4,44.9,1882.5,215.4,5577.7,150.3,653.7,45.8,2608.5,30.2,1234.4,17.5,67.2,34.4,2660.3,35.0,3039.9,45.8,1461.9,25.9,2395.6,71.6,2425.2,40.4,471.9,48.9,527.1,68.3,377.5,12.0,436.3,12.4,386.2,7.3,1093.3,5.1,726.5,41.4,2466.1,162.7,357.9,35.2,426.4,20.2,447.5,59.0,888.8,0.0,189.6,47.3,691.6,63.3,549.1,114.0,446.6,60.7,221.0,10.5,263.9,78.3,370.3,25.9,497.5,44.9,444.8,102.7,250.4,4.3,629.7,31.7,256.6,12.2,1834.1,1061.0,198.7,10.3,1147.7,0.0,350.9,2.4,910.4,56.8,115.6,0.0,260.7,21.8,397.9,26.6,717.7,34.1,646.6,28.8,442.4,32.9,1070.5,63.9,1032.7,70.7,323.3,144.2,361.6,440.2,618.4,255.0,280.2,115.1,537.9,579.8,618.5,348.5,518.3,0.0,0.0,0.0,0.0,0.0,341.6,5.7,1009.3,27.9,335.1,0.0,214.4,0.0,290.5,37.6,2116.9,155.1,1928.9,8.6,355.0,0.0,1466.5,14.3,672.5,35.7,454.6,101.2,0.0,174.3,46.6,423.7,688.6,106.2,179.2,0.0,752.0,86.2,861.4,96.4,660.9,74.6,386.6,47.3,800.4,75.8,1041.6,48.4,448.9,0.0,191.8,27.4,1069.6,33.1,999.4,69.8,158.4,52.6,882.3,91.9,422.7,32.3,915.2,69.4,138.2,24.0,270.8,2.9,461.4,9.4,170.2,61.0,62.2,0.0,572.6,73.3,553.8,16.4,694.8,0.0,160.6,6.5,1091.4,133.2,275.1,22.9,399.9,0.0,629.4,165.9,246.9,4.8,159.6,0.0,230.4,0.0,627.9,0.0,805.4,22.8,313.2,0.0,659.6,9.3,222.5,19.4,208.8,11.0,454.9,40.2,390.6,0.0,180.9,2.9,312.8,2.1,52.0,411.5,63.7,588.6,63.2,378.8,134.3,239.8,108.2,1252.6,32.5,1214.3,121.5,1276.6,92.1,1540.8,113.4,7625.6,77.9,552.1,56.7,1690.2,93.9,888.3,166.3,945.7,189.3,1106.1,141.7,910.9,48.7,2491.2,150.7,3124.7,88.8,1395.8,155.3,1480.1,155.4,866.0,61.6,1802.3,313.9,2952.9,1496.3,10406.5,34.1,4306.8,229.4,315.7,589.4,3.0,393.5,0.0,1049.0,22.0,1024.4,62.4,965.1,5.6,1176.6,0.7,518.7,0.0,836.9,5.7,671.2,12.5,434.5,1.3,1140.2,226.2,2434.6,105.4,593.8,0.0,0.0,769.6,327.0,0.0,394.3,3.8,910.8,5.3,517.6,0.0,2948.5,5.3,1020.4,0.0,1741.5,0.0,680.5,0.0,966.5,9.2,548.9,102.1,629.6,0.0
39517_POS_SU,pos,Level 2,4-Coumaric acid,Natural,"Natural product – plant/fungal metabolites, terpenes, flavonoids, alkaloids, etc.",66.2,0.4,4.8,0.0,7.5,0.4,10.2,0.0,3.1,0.0,7.1,0.0,14.2,20.6,4.3,3.4,0.0,0.0,3.1,0.0,4.4,0.0,5.9,0.0,0.0,0.0,1.5,0.0,5.1,14.0,11.0,1.3,18.0,2.5,4.0,0.0,5.0,0.0,0.5,0.0,3.2,0.0,2.7,0.0,2.9,0.0,4.2,0.0,5.4,0.0,7.8,1.0,8.1,0.3,7.1,0.0,8.0,17.2,7.6,1.7,18.9,0.0,31.9,5.9,7.5,3.1,8.5,0.0,12.4,5.1,14.0,8.1,9.0,3.7,14.9,4.1,7.0,4.1,35.5,6.0,14.0,5.8,6.8,3.2,6.8,2.0,5.9,1.7,14.0,0.6,4.5,0.1,9.0,0.1,10.8,7.7,5.1,3.8,5.2,1.0,5.7,0.0,10.1,0.8,7.5,0.0,5.5,0.0,0.2,1.8,6.0,0.0,6.4,0.0,6.9,0.0,5.0,0.2,8.4,0.0,13.0,0.0,4.1,0.0,0.0,0.0,16.2,1.9,8.5,0.0,0.0,0.0,2.2,0.0,0.0,0.0,6.0,0.0,6.3,0.0,13.9,0.0,2.4,0.0,0.0,0.0,0.2,0.0,0.3,0.0,0.6,0.0,7.5,1.5,2.3,0.0,7.4,3.7,8.9,0.0,2.7,0.0,8.1,0.0,6.3,0.0,10.9,1.2,3.9,0.0,2.3,2.8,11.2,0.2,4.1,0.0,1.5,0.1,11.9,4.6,21.7,1.3,13.1,0.5,8.0,0.0,4.6,0.0,5.0,0.0,3.3,1.1,24.8,4.2,13.9,0.0,2.0,0.0,7.8,0.0,0.0,0.0,10.4,0.6,0.4,0.0,0.0,0.0,0.0,0.0,0.0,15.9,3.0,15.9,16.0,4.1,11.1,0.0,2.0,1.5,5.5,14.2,15.2,0.1,23.9,30.4,18.8,0.0,0.0,2.6,48.5,0.8,16.0,0.0,2.9,19.5,0.0,0.0,13.9,2436.2,5.1,20.0,34.4,7.7,17.0,2.9,12.1,0.8,23.4,23.4,19.4,0.3,6.0,64.8,11.8,11.5,17.3,0.0,2.4,2.6,28.0,0.0,28.7,8.4,31.3,7.4,35.4,93.4,0.0,0.0,48.8,10.7,0.6,1.2,25.4,4.3,7.2,9.1,53.9,19.2,5.6,14.4,4.4,0.0,3.8,268.1,2.0,2.3,0.6,4.6,62.3,3.3,46.2,11.0,8.0,0.0,64.0,10.5,2.6,9.8,54.0,22.8,60.5,0.0,10.8,0.0,23.6,0.0,34.2,0.0,24.6,6.6,1.9,272.9,8.2,3.9,18.7,17.2,16.6,0.0,11.7,6.2,0.9,13.0,0.6,0.0,2.0,9.2,0.0,0.0,0.0,2.7,0.0,5.5,0.0,25.8,0.0,10.3,26.0,11.0,0.0,0.0,0.0,9.2,0.0,13.8,0.1,6.0,0.0,4.3,3.2,5.4,0.2,10.3,5.6,6.9,0.0,13.8,0.0,9.7,0.0,6.8,0.0,0.2,0.0,4.8,6.4,5.4,0.0,3.6,0.0,0.0,2.5,0.0,0.0,0.0,0.0,4.7,0.0,0.0,0.0,0.0,0.0,11.5,0.0,29.9,0.0,9.9,0.0,0.8,0.0,36.4,0.0,0.0,0.0,127.5,0.0,0.0,7.0,10.0,0.0,22.7,0.0,0.0,0.0,2.1,0.0,0.0,0.0,0.7,0.0,0.0,0.0,6.5,0.0,0.0,0.0,0.0,0.0,0.0,0.0
39587_POS_SU,pos,Level 2,Triethylene glycol monomethyl ether,Anthropogenic,Alcohol / glycol / ether,98.1,203.2,22.0,356.1,120.6,102.8,57.9,475.1,64.2,402.0,84.9,195.9,1791.4,651.3,39.9,95.5,66.7,252.5,53.7,125.6,24.1,111.9,47.6,142.5,38.7,165.7,39.9,141.0,156.4,200.0,79.6,3792.9,46.5,158.8,62.9,219.0,105.3,139.5,31.5,158.5,140.9,285.3,357.0,77.5,47.9,367.6,85.6,342.2,129.5,232.2,146.5,168.1,91.5,714.9,404.2,703.4,199.6,764.7,381.0,733.3,411.9,92.5,77.9,266.9,593.4,388.4,825.0,346.8,792.8,87.4,111.7,789.5,168.6,467.4,280.9,139.8,67.9,536.9,890.4,651.3,323.7,716.1,583.2,1357.9,1047.3,2496.2,65.6,297.1,555.0,340.0,28.7,329.4,557.1,123.3,258.6,284.6,56.1,198.3,206.7,422.0,62.9,411.5,290.3,4872.8,485.8,189.3,41.8,68.6,247.6,247.6,50.6,26.9,90.9,200.1,76.9,465.1,180.1,95.6,204.2,650.2,215.0,416.5,565.9,296.9,106.7,201.8,166.2,256.6,118.9,361.2,132.1,234.2,153.9,616.6,74.9,3615.0,132.4,235.7,344.8,217.1,758.9,571.7,38.7,231.8,350.2,273.6,258.7,10.2,349.2,131.0,147.1,56.2,203.8,142.2,74.6,50.4,217.3,184.6,842.9,90.0,569.2,299.8,143.3,82.9,456.7,72.5,459.3,159.9,207.9,47.5,90.7,379.9,43.2,124.8,176.7,228.0,265.8,84.8,16.9,368.4,573.1,158.8,98.3,281.7,176.4,85.5,285.2,392.1,354.9,195.5,213.4,268.0,778.8,360.9,421.7,197.0,108.2,412.0,505.5,239.1,241.3,91.6,202.5,88.1,71.1,101.7,0.0,0.0,0.0,0.0,0.0,821.8,552.7,276.5,300.0,549.2,148.2,140.2,34.8,238.7,483.2,2394.4,550.9,9359.6,215.4,77.0,60.9,570.6,140.0,361.4,590.1,227.2,314.3,0.0,155.9,319.6,299.1,908.7,340.2,310.0,100.4,361.6,196.6,837.3,703.8,446.6,526.0,156.2,471.9,126.0,438.9,649.3,1519.9,363.5,466.0,158.3,292.3,433.7,835.0,1661.8,3904.5,29.0,331.1,568.7,494.9,163.8,176.5,360.9,293.1,507.1,268.3,910.2,0.7,158.2,41.2,150.9,93.2,218.2,108.9,525.2,13.8,418.9,256.4,224.3,38.4,245.6,23.4,297.8,42.7,138.8,359.3,263.3,118.8,255.0,30.8,685.6,287.6,104.1,12.6,433.0,185.8,143.3,53.2,76.1,16.4,166.7,0.0,67.8,20.9,52.8,36.4,138.8,221.3,202.7,29.9,204.8,3.3,85.7,101.6,58.3,23.8,468.6,529.8,783.5,229.6,882.8,919.2,2308.0,410.6,870.7,346.3,142.4,311.0,323.2,186.6,1548.1,236.3,480.8,697.6,1138.3,476.5,812.7,1785.8,571.8,223.1,4571.7,1561.3,1760.8,347.3,813.1,749.9,691.3,707.3,531.9,752.2,485.3,635.2,3332.1,580.4,1265.4,1287.6,993.7,1378.8,273.7,369.5,1065.2,497.2,390.8,3423.2,820.2,461.9,462.8,48.9,622.7,26.0,3002.8,207.9,3974.9,33.7,257.7,50.4,1849.1,56.4,2267.4,48.4,1351.8,150.1,391.7,167.0,1500.4,60.4,1385.3,125.8,1043.0,65.6,1228.8,18.8,502.0,1692.6,1212.7,94.3,1292.1,223.7,394.7,33.9,725.0,98.4,1012.0,0.0,644.9,73.7,631.1,7.0,1114.6,50.4,505.4,18.5,160.3,90.2,1609.6,38.3
40070_POS_SU,pos,Level 2,Pseudoephedrine,Anthropogenic,Pharmaceutical,45.7,0.0,0.0,0.0,0.0,0.0,0.0,0.0,0.0,0.0,0.0,0.0,0.0,0.0,0.0,0.0,0.0,0.0,0.0,0.3,0.0,0.0,0.0,0.0,0.0,0.0,0.0,0.0,0.0,0.1,0.0,0.0,0.0,0.0,0.0,0.0,0.0,0.0,0.0,0.0,0.0,0.0,0.0,0.0,0.0,0.1,0.0,0.0,0.0,0.1,40.0,0.4,0.0,0.3,0.1,0.0,0.0,0.0,0.0,0.0,0.0,0.0,0.1,0.0,0.0,0.0,0.0,0.0,0.0,0.0,0.3,2.0,0.0,0.0,0.0,0.2,0.0,0.0,0.0,0.6,0.0,1.9,0.0,0.0,0.0,0.3,0.0,0.0,0.0,0.0,0.0,0.0,0.0,0.0,0.0,0.0,0.0,0.0,0.0,0.2,0.0,0.4,0.5,0.2,0.0,0.1,0.0,0.0,0.0,0.0,0.0,0.0,0.3,5.9,0.8,0.1,0.4,0.4,0.0,0.4,0.4,1.4,0.0,0.2,0.0,28.7,0.3,1.3,0.1,0.3,0.2,0.3,1.4,1.8,0.0,0.4,0.2,1.0,1.4,0.0,2.0,0.0,0.1,0.1,0.4,2.1,0.4,0.0,0.8,0.0,0.0,0.1,0.0,1.3,0.0,0.1,0.1,1.3,0.5,0.0,0.0,0.4,0.0,0.0,0.5,0.0,0.0,0.1,0.0,0.0,0.0,3.1,0.0,0.5,0.2,0.5,0.0,0.0,0.0,0.2,0.0,1.1,0.0,0.8,0.0,0.4,0.0,0.0,0.0,0.0,0.0,0.2,0.2,6.3,0.5,0.0,0.0,0.7,0.0,0.3,0.0,0.1,0.4,0.1,0.0,0.0,0.0,0.0,0.0,0.0,0.0,32.5,0.0,0.0,0.1,0.4,0.1,0.0,1.0,1.7,0.4,0.9,0.7,0.1,0.0,0.0,0.0,0.1,0.0,0.0,0.4,5.0,0.4,0.0,0.1,1.4,0.4,0.1,0.3,2.3,0.1,0.0,1.0,0.4,0.0,0.3,0.1,0.0,0.1,0.1,1.1,153.5,1.9,0.4,0.6,0.0,1.6,0.1,0.7,0.0,0.4,0.0,0.2,0.6,0.0,0.1,0.3,2.5,0.0,0.6,0.4,6.6,0.1,16.7,1.2,4.7,3.0,7.0,0.7,3.2,0.2,438.0,0.9,1.6,0.0,0.3,0.0,77.6,2.1,0.3,0.8,4.2,1.0,0.4,0.0,8.6,0.6,2.7,0.4,10.1,0.8,0.9,0.3,0.0,0.2,6.2,0.0,15.5,0.3,0.0,0.2,1.2,0.0,122.7,0.0,1.5,0.2,0.3,0.0,2.7,0.0,0.0,2.0,0.4,0.0,0.0,2.1,0.0,1.1,0.4,0.1,0.0,0.3,0.0,0.0,0.3,0.0,0.1,2.8,0.0,0.0,0.0,0.0,0.0,0.1,0.3,0.3,0.2,0.0,0.3,0.0,0.0,2.5,0.0,0.0,0.0,0.0,0.0,0.0,0.6,0.0,0.0,0.0,0.0,0.1,0.0,0.0,0.0,0.0,0.3,0.0,0.0,0.0,0.0,0.0,0.4,0.2,0.8,0.0,0.4,0.0,0.1,0.0,0.2,0.0,0.1,0.0,0.8,0.0,0.0,0.0,0.0,0.0,0.2,0.0,0.0,0.0,0.0,0.0,0.2,0.0,0.5,0.0,0.0,0.0,0.1,0.0,1.4,0.0,0.0,0.0,0.0,0.0,0.1,0.0,0.0,0.0,0.0,0.0,0.0,0.0
41882_POS_SU,pos,Level 2,Pyridoxine,Natural,Food additive / flavor / vitamin,65.7,0.2,0.3,0.0,0.0,0.0,0.2,0.0,0.0,0.0,0.0,0.0,0.0,0.0,0.3,0.0,0.0,0.1,0.0,0.0,0.0,0.0,0.4,0.0,0.0,0.0,0.1,0.1,0.0,0.1,0.4,0.0,0.0,0.4,0.3,0.0,0.0,0.0,0.0,0.0,0.3,0.0,0.0,0.1,0.0,0.0,0.0,0.0,0.2,0.0,0.2,0.3,0.6,0.3,0.3,0.0,0.1,0.3,0.2,0.1,0.3,0.0,0.7,0.0,0.4,0.0,0.3,0.0,0.2,0.3,0.5,0.1,0.2,0.1,0.3,0.0,0.2,0.0,0.4,0.7,0.5,0.2,0.3,8.1,0.2,0.1,0.2,0.3,0.4,0.3,0.3,0.0,0.4,0.5,0.8,0.0,0.0,0.1,0.1,0.1,0.0,0.2,0.0,0.4,0.1,0.1,0.2,1.0,0.0,0.2,0.2,0.0,0.0,0.1,0.4,0.0,0.3,0.3,0.0,0.1,0.0,0.2,0.5,0.0,0.3,0.6,0.4,0.1,0.2,0.1,0.0,0.4,0.5,0.0,0.3,0.4,0.2,0.0,0.2,0.0,0.0,0.1,0.0,0.2,0.3,0.2,0.3,0.3,0.4,0.0,0.4,0.6,1.2,0.7,0.4,0.1,0.7,1.5,1.4,0.1,14.0,0.4,0.4,0.3,0.6,0.2,0.0,0.4,0.5,0.4,0.1,0.5,0.3,0.9,0.3,0.0,31.2,0.4,1.2,0.4,0.0,2.7,0.1,0.2,0.6,0.0,0.3,0.2,0.0,1.9,8.7,0.0,0.7,0.5,0.4,1.5,0.3,0.8,0.3,0.2,0.2,0.6,0.0,1.2,0.2,0.2,0.0,0.0,0.0,0.0,0.0,0.0,0.0,0.1,0.3,0.1,0.2,0.6,0.1,1.1,0.1,0.0,0.1,0.5,0.2,0.5,0.1,0.0,0.2,0.0,1.7,0.0,0.4,0.0,1.1,0.4,0.0,0.0,0.4,0.0,0.0,0.0,0.4,0.0,0.4,0.0,0.1,0.0,1.9,0.0,0.2,0.0,0.3,0.1,0.8,0.5,0.2,0.0,1.7,0.0,0.6,0.1,0.3,0.1,0.4,1.0,1.9,0.0,0.2,0.1,0.4,0.0,0.1,0.1,0.1,0.0,0.1,0.1,0.2,0.0,0.0,0.0,0.0,0.0,0.2,0.0,0.0,0.0,0.0,0.0,0.2,0.0,0.4,0.1,159.6,0.0,0.1,0.0,0.1,0.2,0.2,0.1,0.3,0.0,0.1,0.0,0.2,0.0,0.2,0.0,0.0,0.1,0.1,0.0,0.2,0.1,0.0,0.0,0.2,1.5,0.1,0.2,0.7,0.4,0.0,0.1,0.1,0.3,0.0,0.3,0.1,0.1,0.0,1.1,0.0,5.0,0.0,0.0,3.2,0.5,0.0,1.9,0.2,0.3,0.0,0.7,0.0,5.6,0.2,0.2,0.0,0.2,0.3,0.3,2.6,0.4,0.0,0.2,0.1,0.2,0.0,0.2,0.0,0.1,0.1,0.1,0.0,0.2,0.1,0.6,0.0,0.0,0.1,0.0,0.0,0.2,0.3,0.0,0.2,0.2,0.0,0.3,0.1,0.2,0.0,0.2,0.2,0.5,0.2,0.3,0.2,0.2,0.2,0.2,0.1,0.0,0.3,0.3,0.2,0.2,0.2,0.1,0.3,0.1,0.1,0.0,0.3,0.0,0.0,0.0,0.3,0.3,0.1,0.0,0.2,0.0,0.0,0.1,0.3,0.1,0.1
42380_POS_SU,pos,Level 2,Levetiracetam,Anthropogenic,Pharmaceutical,29.5,0.0,0.0,0.0,0.0,0.0,0.0,0.0,0.0,0.0,0.0,0.0,0.0,0.9,0.0,0.0,0.0,0.0,0.0,0.0,0.0,0.0,0.0,0.0,0.1,0.0,0.0,0.0,0.0,0.0,0.0,0.0,0.0,0.0,0.0,0.0,0.0,0.0,0.0,0.0,0.0,0.0,0.3,0.0,0.0,0.0,0.0,0.0,0.0,0.0,0.0,0.1,0.0,2.1,0.0,0.0,0.0,0.0,0.0,0.0,0.0,0.0,0.0,0.0,0.0,0.0,0.0,0.0,0.0,0.0,0.0,0.0,0.0,0.0,0.0,0.0,0.0,0.0,0.0,0.0,0.0,0.0,0.0,0.0,0.0,0.0,0.0,0.0,0.0,0.0,0.0,0.0,0.0,0.1,0.0,0.0,0.0,0.0,0.0,0.0,0.0,0.0,0.0,0.5,0.0,0.1,0.0,0.0,0.0,0.1,0.0,0.0,0.0,0.8,0.0,0.6,0.0,1.1,0.0,0.7,0.0,0.0,0.0,0.0,0.0,10.8,0.0,2.6,0.0,1.1,0.0,82.0,0.7,2.5,0.0,3.1,0.0,0.1,0.0,0.0,0.5,0.3,0.0,0.8,0.3,0.0,0.0,0.0,0.0,0.0,0.0,0.0,0.0,0.3,0.1,0.0,0.0,1.1,0.3,0.0,0.0,0.4,0.0,0.0,0.0,0.0,0.0,0.0,0.0,0.0,0.0,0.0,0.0,0.1,0.6,0.0,0.0,0.0,0.1,1.3,0.0,0.0,0.0,0.0,0.0,0.0,0.3,0.0,0.0,0.0,0.0,6.2,0.0,0.0,0.4,0.0,0.0,0.0,0.0,0.0,0.0,0.0,1.6,1.0,0.0,0.1,0.0,0.0,0.0,0.0,0.0,4.1,0.0,0.1,0.1,5.9,0.6,0.0,0.0,2.1,0.0,3.4,0.4,0.0,0.0,0.0,0.0,1.3,0.0,0.0,0.8,2.8,0.6,0.0,0.0,0.0,0.0,0.2,0.0,2.3,0.0,0.0,0.2,0.0,0.2,0.5,0.0,0.7,0.8,0.3,0.8,0.5,0.7,0.9,0.0,0.9,2.8,0.0,0.0,0.0,0.0,0.0,0.0,0.5,1.9,0.8,0.0,0.7,0.7,1.1,1.2,1.0,0.0,0.0,0.6,0.1,0.5,0.0,0.2,2.0,0.0,0.2,0.0,0.0,0.1,0.0,0.0,0.3,0.0,1.1,2.1,0.0,1.0,1.9,3.8,2.1,1.4,0.1,0.0,0.4,2.8,0.8,1.7,0.0,0.0,0.2,0.0,0.0,0.0,0.0,0.2,0.0,0.0,0.0,0.0,0.7,0.0,0.0,0.0,0.2,0.0,0.0,0.5,2.5,0.0,0.0,0.9,0.0,0.0,0.0,0.6,0.0,0.0,0.0,0.0,2.1,0.0,0.0,4.2,1.5,0.0,0.0,0.0,0.0,0.4,1.2,0.0,0.7,0.0,0.0,0.5,0.0,0.0,0.0,0.1,0.0,0.0,0.8,0.0,0.6,0.0,0.0,0.0,0.0,0.0,0.0,0.0,0.0,0.0,0.0,0.0,0.0,0.0,0.0,0.0,0.8,0.0,0.7,0.0,0.2,0.0,1.1,0.0,1.7,0.0,0.0,0.0,0.0,0.0,0.5,0.0,1.6,0.0,0.1,0.0,0.0,0.0,0.0,0.0,0.3,0.0,0.0,0.0,0.0,0.0,2.2,0.0,0.0,0.0,0.0,0.0,0.0,0.0,0.3,0.0,0.0,0.0,0.0,0.0,0.1,0.0
42392_POS_SU,pos,Level 2,Gamma-Decalactone,Natural,Fragrance / flavor compound,98.1,17.4,77.6,13.0,58.8,4.0,50.1,17.5,51.8,8.9,25.3,2.1,39.2,22.4,44.9,4.2,28.1,27.5,36.7,33.1,54.5,19.3,30.1,1.2,21.0,11.0,26.8,0.0,45.1,5.8,36.8,3.8,14.9,51.9,39.2,99.1,121.6,41.4,68.1,41.8,57.3,23.0,94.9,57.8,92.0,41.0,61.1,33.6,65.6,29.1,155.3,47.6,139.5,53.6,104.5,165.0,83.1,35.8,69.5,41.8,102.9,42.9,87.0,52.0,103.1,41.2,86.5,28.3,53.8,58.4,208.5,135.3,87.6,27.4,70.2,43.4,86.0,50.1,154.9,209.1,78.6,220.1,110.6,37.8,122.3,63.4,205.3,76.5,146.5,254.2,134.5,38.3,106.4,29.4,143.3,23.6,103.0,58.7,77.4,149.0,115.1,11.2,27.9,4.2,16.3,2.3,12.6,0.9,18.6,2.9,20.8,4.2,14.7,7.4,31.9,1.0,17.6,5.9,35.9,20.5,31.3,98.7,21.6,6.4,19.8,11.9,7.4,15.2,13.3,3.2,23.8,78.4,13.4,6.1,0.0,145.0,12.6,7.2,7.6,0.5,10.6,4.8,3.0,109.6,16.9,80.1,22.4,210.8,37.3,15.6,20.1,33.3,54.5,75.3,39.1,6.6,390.1,55.5,120.0,1.2,98.0,32.4,68.9,16.3,66.9,1.9,39.0,15.7,42.5,35.6,30.4,12.4,37.4,13.3,59.6,94.3,119.6,6.7,70.8,29.0,41.1,29.0,18.2,14.4,101.5,7.2,45.8,42.7,61.5,29.3,172.6,314.4,121.2,42.3,60.3,47.2,74.9,60.8,97.4,39.7,94.1,58.6,31.6,50.5,17.1,5.6,0.0,0.0,0.0,0.0,0.0,0.8,48.6,8.6,48.7,7.0,21.3,1125.9,59.4,12.8,19.4,24.3,30.9,18.1,24.5,18.8,24.4,9.0,90.0,15.9,25.8,19.8,41.8,0.0,67.7,21.6,10.5,7.7,62.7,9.9,128.5,23.6,49.7,9.4,33.1,8.8,38.4,1.3,114.9,16.3,85.8,7.4,42.8,14.5,190.4,22.8,106.8,20.5,121.3,8.7,53.3,1.1,67.4,34.0,75.5,29.9,65.1,8.8,20.4,32.7,64.9,38.3,70.8,87.5,40.3,1.8,35.2,60.0,21.3,7.4,15.6,10.3,166.8,15.0,84.4,45.1,50.3,12.0,6.9,5.7,67.3,22.6,44.8,29.5,156.3,17.5,80.6,22.6,34.7,39.1,156.4,20.3,35.8,22.7,32.3,13.2,36.0,3.2,51.0,56.3,56.2,17.0,127.4,21.6,84.2,13.9,47.1,12.8,30.5,4.6,46.9,40.2,43.8,41.2,13.3,23.6,22.7,82.9,7.4,45.6,22.9,33.2,30.7,29.3,43.3,91.2,21.7,58.9,93.6,51.1,27.9,64.7,33.6,39.0,9.1,47.6,23.7,107.6,39.2,28.3,27.1,42.5,62.4,93.3,16.2,77.3,21.7,60.3,19.0,56.8,22.2,66.1,166.3,60.1,35.2,28.5,20.4,44.7,26.0,46.6,15.2,37.7,269.5,63.1,266.4,53.9,386.7,148.3,397.9,79.5,92.6,49.5,180.4,48.3,146.2,63.3,175.7,44.8,185.8,116.0,405.3,85.5,208.5,50.5,105.4,101.7,245.3,159.5,35.0,43.2,181.8,65.3,280.2,39.9,252.3,130.0,471.4,202.4,241.1,48.7,229.6,27.4,233.1,47.0,270.8,50.2,316.6,41.0,225.8,39.0,199.2
42406_POS_SU,pos,Level 2,delta-Decalactone,Natural,Fragrance / flavor compound,1.4,0.0,0.0,0.0,0.0,0.0,0.0,0.0,0.0,0.0,0.0,0.0,0.0,0.0,0.0,0.0,0.0,0.0,0.0,0.0,0.0,0.0,0.0,0.0,0.0,0.0,0.0,0.0,0.0,0.0,0.0,0.0,0.0,0.0,0.0,0.0,0.0,0.0,0.0,0.0,0.0,0.0,0.0,0.0,0.0,0.0,0.0,0.0,0.0,0.0,0.0,0.0,0.0,0.0,0.0,0.0,0.0,0.0,0.0,0.0,0.0,0.0,0.0,0.0,0.0,0.0,0.0,0.0,0.0,0.0,0.0,0.0,0.0,0.0,0.0,0.0,0.0,0.0,0.0,4.4,0.0,0.0,0.0,0.0,0.0,1.0,0.0,0.0,0.0,2.2,0.0,0.0,0.0,24.9,0.0,0.0,0.0,0.0,0.0,0.0,0.0,0.0,0.0,0.0,0.0,0.0,0.0,0.0,0.0,0.0,0.0,0.0,0.0,0.0,0.0,0.0,0.0,0.0,0.0,0.0,0.0,0.0,0.0,0.0,0.0,0.0,0.0,0.0,0.0,0.0,0.0,5.7,0.0,0.0,0.0,0.0,0.0,0.0,0.0,0.0,0.0,0.0,0.0,0.0,0.0,0.0,0.0,0.0,0.0,0.0,0.0,0.0,0.0,0.0,0.0,0.0,0.0,0.0,0.0,0.0,0.0,0.0,0.0,0.0,0.0,0.0,0.0,0.0,0.0,0.0,0.0,0.0,0.0,0.0,0.0,0.0,0.0,0.0,0.0,0.0,0.0,0.0,0.0,0.0,0.0,0.0,0.0,0.0,0.0,0.0,0.0,0.0,0.0,0.0,0.0,0.0,0.0,0.0,0.0,0.0,0.0,0.0,0.0,0.0,0.0,0.0,0.0,0.0,0.0,0.0,0.0,0.0,0.0,0.0,0.0,0.0,0.0,0.0,0.0,0.0,0.0,0.0,0.0,0.0,0.0,0.0,0.0,0.0,0.0,0.0,0.0,0.0,0.0,0.0,0.0,0.0,0.0,0.0,0.0,0.0,0.0,0.0,0.0,0.0,0.0,0.0,0.0,0.0,0.0,0.0,0.0,0.0,0.0,0.0,0.0,0.0,0.0,0.0,0.0,0.0,0.0,0.0,0.0,0.0,0.0,0.0,0.0,0.0,0.0,0.0,0.0,0.0,0.0,0.0,0.0,0.0,0.0,0.0,0.0,0.0,0.0,0.0,0.0,0.0,0.0,0.0,0.0,0.0,0.0,0.0,0.0,0.0,0.0,0.0,0.0,0.0,0.0,0.0,0.0,0.0,0.0,0.0,0.0,0.0,0.0,0.0,0.0,0.0,0.0,0.0,0.0,0.0,0.0,0.0,0.0,0.0,0.0,0.0,0.0,0.0,0.0,0.0,0.0,0.0,0.0,0.0,0.0,0.0,0.0,0.0,0.0,0.0,0.0,0.0,0.0,0.0,0.0,0.0,6.3,0.0,0.0,0.0,0.0,0.0,0.0,0.0,0.0,0.0,0.0,0.0,0.0,0.0,0.0,0.0,0.0,0.0,0.0,0.0,0.0,0.0,0.0,0.0,0.0,0.0,0.0,0.0,0.0,0.0,0.0,0.0,0.0,0.0,0.0,0.0,0.0,0.0,0.0,0.0,0.0,0.0,0.0,0.0,0.0,0.0,0.0,0.0,0.0,0.0,0.0,0.0,0.0,0.0,0.0,0.0,0.0,0.0,0.0,0.0,0.0,0.0,0.0,0.0,0.0,0.0,0.0,0.0,0.0,0.0,0.0,0.0,0.0,0.0,0.0,0.0,0.0,0.0,0.0,0.0,0.0,0.0,0.0
45392_POS_SU,pos,Level 2,"2-Butanone, 4-(2,6,6-trimethyl-2-cyclohexen-1-yl)-",Natural,Fragrance / flavor compound,96.4,11.3,1.9,6.2,1.0,3.6,2.1,0.7,2.1,1.1,1.2,1.7,1.5,0.8,2.1,48.7,3.5,13.4,1.5,91.3,0.9,0.0,2.0,5.9,0.9,8.9,0.9,0.4,4.2,9.4,2.2,3.6,1.3,82.5,2.8,3.3,1.7,6.1,0.5,4.1,0.6,1.8,3.0,6.9,1.4,7.8,2.3,1.4,1.5,6.6,1.0,8.3,5.3,12.4,3.3,17.8,1.5,13.3,2.6,8.3,6.6,15.3,2.2,2.1,3.5,5.5,1.7,166.4,6.4,5.8,4.9,13.2,1.9,9.8,4.4,7.8,1.8,17.4,8.3,73.1,11.8,18.8,3.8,13.8,2.4,3.9,2.3,11.3,3.6,13.4,3.2,12.5,3.9,31.0,4.0,15.2,2.9,23.0,3.0,73.4,7.9,6.0,3.2,0.3,2.8,0.2,1.1,0.0,1.5,2.5,1.6,4.2,1.2,7.3,1.1,8.9,1.0,0.4,1.7,5.5,2.0,1.2,1.4,7.5,0.5,4.5,1.1,4.8,1.1,2.6,1.1,3.2,1.5,8.2,0.8,6.9,1.0,4.7,2.2,0.6,3.1,3.0,0.4,52.6,2.8,5.1,3.7,4.6,4.4,2.2,2.9,3.8,1.0,3.6,3.3,1.8,2.1,4.2,1.0,2.3,0.6,16.5,3.9,2.3,1.0,1.6,0.6,7.1,0.6,3.8,1.5,31.7,0.9,2.7,1.3,5.6,0.2,39.6,1.7,8.7,0.7,2.8,0.6,9.5,1.9,2.3,0.5,13.7,1.3,1.7,1.9,15.7,2.2,12.2,27.1,7.9,2.1,5.0,2.3,2.7,1.3,1.4,5.5,1.8,2.4,2.3,0.0,0.0,0.0,0.0,0.0,4.5,1.6,3.9,1.2,6.0,2.7,0.8,0.3,1.5,2.4,7.1,1.7,7.4,2.0,3.6,1.1,7.9,1.0,6.3,1.5,16.7,1.8,0.0,0.5,2.9,10.2,5.8,2.9,4.5,1.3,2.0,1.7,10.7,1.7,3.5,2.5,2.6,3.3,6.2,2.3,5.8,1.8,9.5,1.9,0.3,2.6,5.1,2.2,6.5,0.9,0.5,0.7,13.6,3.2,5.1,1.0,3.9,3.8,20.6,1.5,6.8,0.1,57.4,0.0,2.1,3.9,3.9,0.0,6.0,0.4,6.2,1.0,5.0,0.0,8.0,0.3,1.8,0.4,3.3,0.4,1.8,0.7,5.9,0.9,8.1,0.4,6.8,0.1,23.0,0.5,15.2,0.0,0.4,0.0,1.7,0.2,1.4,0.5,11.2,0.0,2.3,0.4,9.2,1.3,2.0,0.1,20.6,0.0,2.8,0.3,4.6,5.6,2.6,6.2,1.7,17.7,1.9,2.6,2.3,5.9,1.3,1.0,1.8,2.8,2.7,4.5,3.6,17.6,1.7,28.8,1.8,6.0,1.1,2.7,5.7,5.3,2.3,6.1,2.0,3.1,1.5,6.7,2.6,6.9,2.8,1.3,1.5,5.5,1.2,2.6,2.0,15.4,0.9,5.5,1.4,4.0,1.9,12.9,1.1,1.7,4.5,2.8,4.5,1.3,6.0,2.9,5.8,4.2,4.9,0.9,6.0,1.5,9.2,0.9,7.8,0.7,4.1,0.8,6.1,2.2,8.2,2.7,1.4,2.6,4.3,1.5,2.3,5.1,4.4,0.9,2.6,2.7,4.5,3.5,8.8,3.9,7.1,3.5,4.3,0.9,4.1,1.6,2.6,3.0,1.9,3.0,2.9,3.3,2.4,1.6
46248_POS_SU,pos,Level 2,4-Methoxycinnamic acid,Natural,"Natural product – plant/fungal metabolites, terpenes, flavonoids, alkaloids, etc.",47.9,4.4,12.8,0.0,0.0,240.7,7.3,0.4,0.0,0.0,0.0,0.0,0.0,188.2,0.0,0.0,0.0,96.4,0.0,385.8,0.0,0.0,69.4,0.0,0.0,39.3,0.0,5.1,0.0,330.2,0.0,143.5,0.0,51.9,0.0,10.9,0.0,131.6,46.8,111.8,0.0,74.9,0.0,53.6,0.0,276.0,0.0,33.4,0.0,0.0,0.0,9.8,0.0,15.1,0.0,52.7,4.3,51.0,0.0,59.9,0.0,96.0,4.6,42.4,0.0,38.4,0.0,103.1,0.0,0.0,0.0,76.9,0.0,597.2,25.9,0.0,0.0,365.4,0.0,154.1,0.0,82.8,0.0,180.9,3.2,132.1,29.2,413.0,0.0,26.0,0.0,45.0,0.0,34.4,0.0,69.5,0.0,44.5,0.0,9.5,0.0,92.4,0.0,122.1,0.0,255.7,0.0,681.5,0.0,44.9,0.0,94.8,0.0,29.2,0.0,102.9,0.0,1.1,0.0,36.0,0.0,6.5,0.0,60.7,0.0,14.5,0.0,37.3,0.0,47.1,0.0,14.8,0.0,25.3,0.0,14.9,0.0,0.0,0.0,8.8,16.5,4.6,0.0,40.5,0.0,46.5,0.0,82.6,0.0,5.3,10.7,0.7,0.0,19.0,53.1,686.3,3.6,24.7,0.0,12.2,0.0,0.0,33.5,16.0,0.0,64.7,0.0,309.7,0.0,9.1,84.3,9.3,0.0,0.0,0.0,157.6,0.0,5.8,0.0,141.5,0.0,7.9,0.0,89.3,0.0,0.0,0.0,0.0,0.0,18.1,0.0,0.0,0.0,278.2,48.5,0.0,7.8,44.9,0.0,748.9,0.0,0.0,2.8,0.0,7.0,124.7,0.0,0.0,0.0,0.0,0.0,87.4,0.0,48.8,0.0,2.1,0.0,21.4,0.0,15.3,0.0,445.3,0.0,67.4,0.0,30.1,0.0,198.8,0.0,21.5,0.0,79.9,0.0,0.0,0.0,0.0,17.9,7.9,12.4,43.5,0.0,45.1,0.0,22.7,0.0,42.0,0.0,32.3,0.0,72.7,0.0,18.2,0.0,20.4,0.0,0.0,0.0,371.3,0.0,212.6,0.0,35.0,0.0,202.3,17.0,8.1,0.0,22.9,1.5,0.0,0.0,42.0,0.0,165.2,0.0,71.7,8.1,24.7,0.0,33.3,0.0,56.1,0.0,3.6,0.0,152.3,18.6,439.0,0.0,2.3,0.0,104.2,0.0,1009.6,0.0,83.7,0.0,250.9,0.0,0.0,0.0,9.2,0.0,0.0,0.0,379.0,0.0,59.5,0.0,44.5,0.0,68.6,0.0,217.1,0.0,545.5,0.0,31.2,0.0,0.0,0.0,1.1,184.6,0.0,96.7,0.0,168.2,0.0,97.0,0.0,33.1,0.0,114.0,0.0,69.4,0.0,215.9,0.0,345.4,0.0,56.9,0.0,142.9,0.0,210.3,0.0,608.2,2.5,11.2,0.0,40.5,0.0,36.9,35.2,274.5,0.0,149.7,0.0,58.8,0.0,42.6,0.0,5.4,0.0,23.9,0.0,27.4,0.0,5.9,0.0,6.7,52.5,0.0,3.7,0.0,50.9,0.0,17.5,0.0,0.0,0.0,95.1,0.0,0.0,0.0,134.7,0.0,4.8,0.0,0.0,0.0,0.0,0.0,30.1,0.0,12.1,0.0,0.0,198.7,13.5,0.0,138.3,0.0,2.4,0.0,0.0,0.0,0.0,0.0,0.0,0.0,0.0,0.0,3.3,0.0,0.0,0.0,0.0,0.0,5.6,0.0
46337_POS_SU,pos,Level 2,2-(2-(2-ethoxyethoxy)ethoxy)ethanol,Anthropogenic,Alcohol / glycol / ether,56.0,21.5,0.0,17.2,0.0,0.0,0.0,17.9,0.0,23.6,0.0,24.0,0.0,3.8,0.0,25.1,0.0,79.0,0.0,1.0,0.0,2.2,0.0,6.6,0.0,0.9,0.0,0.0,0.0,5.2,0.0,27.2,0.0,11.4,0.0,2.7,0.0,1.0,0.0,9.4,0.0,10.5,0.8,0.0,0.0,15.1,0.0,14.2,0.0,3.1,0.0,14.4,0.0,5.1,1.1,11.0,0.0,4.7,0.4,8.6,0.0,0.1,0.0,0.7,1.2,0.2,0.0,4.5,1.7,4.7,0.0,10.3,0.0,15.8,0.0,0.0,0.0,1.5,6.2,24.1,0.4,10.6,0.4,16.4,3.6,23.1,0.0,5.0,0.7,2.9,0.0,1.4,2.3,0.0,1.9,27.9,0.0,1.8,0.0,6.5,0.0,9.9,0.6,368.1,3.2,23.6,0.0,0.0,0.1,6.9,0.0,18.2,0.0,3.6,0.0,30.6,0.0,12.2,0.0,23.8,1.7,21.3,2.9,15.8,0.0,31.7,0.0,4.5,0.0,1.3,0.0,44.1,0.0,8.7,0.4,331.3,0.6,7.7,0.6,5.7,1.9,39.2,0.0,27.2,0.2,10.8,0.0,2.6,1.1,11.4,0.0,0.5,0.0,2.5,0.0,0.0,0.0,14.0,12.0,5.4,2.8,3.5,0.0,0.0,0.0,7.2,0.0,0.0,0.0,0.0,0.0,17.9,0.0,4.1,0.0,5.5,0.3,0.0,0.0,5.8,0.0,2.4,0.0,28.7,0.0,3.5,0.0,11.4,0.0,2.2,0.0,0.0,0.0,48.3,0.2,4.2,0.0,68.8,0.7,3.8,0.0,6.3,2.9,1.8,5.5,7.9,0.0,0.0,0.0,0.0,0.0,0.0,0.0,0.2,0.0,0.2,0.0,0.0,0.0,0.0,0.0,1.7,0.0,13.8,0.0,0.0,0.0,1.2,0.0,0.7,0.0,2.2,0.0,0.0,0.0,0.0,2.6,2.0,0.0,0.6,0.0,0.0,0.0,1.4,2.2,0.0,0.0,1.8,0.0,0.0,0.0,0.0,0.0,1.3,0.0,0.0,0.0,0.0,0.0,5.8,0.3,0.0,0.0,26.2,0.0,0.0,0.0,9.0,1.2,1.9,0.0,8.5,0.0,16.9,0.0,8.4,0.2,8.7,0.0,11.2,0.0,14.4,0.0,11.1,0.0,3.0,0.0,5.4,0.0,0.0,0.0,5.3,0.0,4.0,1.6,7.3,0.0,9.1,0.0,19.1,0.0,5.9,0.0,0.0,0.0,1.8,0.0,2.6,0.0,15.5,0.0,0.0,0.0,1.1,0.0,6.3,0.0,3.9,0.0,2.8,0.0,0.0,0.9,0.8,0.1,2.0,12.9,13.4,0.6,2.8,4.9,0.0,27.4,0.0,0.0,3.6,8.2,0.4,5.6,2.3,3.5,3.9,308.0,0.4,1.8,6.3,62.0,4.0,1.5,1.4,16.1,1.0,21.6,1.5,1.9,0.1,19.1,28.1,60.9,6.4,201.9,4.1,10.2,0.6,19.1,1.0,0.0,0.0,48.0,1.6,0.4,11.5,0.0,10.3,0.0,51.9,0.0,44.6,0.0,4.2,0.0,13.7,0.0,29.8,0.0,26.2,0.0,26.9,0.0,15.6,0.0,41.5,5.1,17.9,0.0,20.8,0.0,0.0,84.1,10.4,0.0,118.3,0.0,8.5,0.0,33.1,0.0,176.3,0.0,32.5,0.0,7.5,0.0,57.0,0.0,25.4,0.0,9.9,0.0,28.9,0.0
46348_POS_SU,pos,Level 2,Triglyme,Anthropogenic,Alcohol / glycol / ether,76.9,1.9,0.0,1.9,0.1,0.6,0.1,8.9,0.0,3.3,0.0,12.7,0.0,5.1,0.2,0.5,0.1,2.5,0.0,0.9,0.0,5.8,0.1,1.0,0.1,1.4,0.0,1.3,0.1,2.2,0.1,1.9,0.0,1.9,0.1,1.7,0.1,1.5,0.0,1.2,0.0,2.1,0.1,1.8,0.1,2.5,0.1,2.0,0.0,2.8,0.1,1.7,0.1,2.1,0.0,1.9,0.0,11.3,1.5,2.0,0.1,0.8,0.0,1.5,0.2,0.3,0.4,1.4,0.0,0.9,0.0,2.4,0.0,3.6,0.3,1.3,0.0,0.9,0.0,4.9,0.1,5.1,0.1,1.4,0.1,2.7,0.0,5.0,0.1,0.5,0.0,2.1,0.1,1.0,0.0,3.8,0.0,1.3,0.2,2.3,0.1,1.7,0.0,1.0,0.1,0.7,0.0,0.2,0.0,1.3,0.0,1.0,0.0,1.0,0.0,1.0,0.3,0.5,0.1,1.6,0.3,1.0,0.4,1.8,0.1,1.5,0.0,4.3,0.2,6.0,0.0,1.5,0.6,5.0,0.4,1.5,0.1,1.8,0.2,1.4,0.7,2.1,0.0,4.7,0.3,7.4,0.2,1.4,0.7,0.6,0.3,0.5,0.1,0.5,0.4,1.2,0.0,1.2,0.1,1.1,0.3,4.7,0.0,0.6,0.1,0.5,0.1,1.4,0.0,0.4,0.0,1.3,0.0,0.3,0.0,0.6,0.2,0.5,0.0,1.3,0.3,2.5,0.2,1.0,0.1,0.9,0.1,0.4,0.0,1.4,0.2,0.6,0.1,1.0,0.5,1.8,0.4,1.6,0.4,1.4,0.2,1.9,0.6,1.1,0.6,0.8,0.0,0.0,0.0,0.0,0.0,0.4,0.5,0.6,0.0,0.7,0.0,1.5,0.0,1.8,0.1,1.2,0.5,1.0,0.0,1.1,0.0,1.2,0.0,1.7,0.0,0.5,0.4,0.0,0.0,0.2,0.7,1.1,0.9,0.6,0.0,1.0,0.0,0.3,0.1,1.5,0.1,0.6,0.0,0.4,0.2,2.5,0.1,0.8,0.0,0.3,0.0,1.7,0.0,1.1,0.1,0.2,0.0,1.6,0.1,0.8,0.4,0.9,1.1,0.8,0.0,1.8,0.0,2.9,0.6,1.2,0.5,3.8,0.1,0.7,0.6,3.0,0.0,1.7,0.0,0.5,0.0,1.8,0.2,0.8,0.1,0.9,0.0,1.4,0.3,2.2,0.0,1.1,0.0,2.8,0.1,1.7,0.2,1.1,0.2,0.9,0.0,0.6,0.0,4.1,0.0,1.1,0.0,0.9,0.0,1.2,0.0,0.8,0.0,1.3,0.0,0.1,1.3,0.1,0.6,0.1,2.6,0.1,1.2,0.1,1.8,0.1,1.1,0.0,2.2,0.2,1.5,0.1,2.6,0.0,2.0,0.0,5.2,0.2,1.3,0.4,1.3,0.2,1.7,0.3,2.6,0.1,2.2,0.1,3.2,0.1,0.5,0.3,2.1,0.2,1.7,0.2,5.6,0.3,2.4,0.1,1.6,0.0,1.4,0.4,0.7,3.0,0.0,1.5,0.0,4.8,0.1,10.0,0.8,2.8,0.0,2.8,0.5,3.7,0.1,4.1,0.0,1.9,0.0,5.7,0.0,3.4,0.9,1.6,0.1,3.4,0.0,0.0,8.6,2.7,0.0,4.6,0.1,1.4,0.0,7.3,0.3,2.4,0.0,3.7,0.0,2.0,0.0,2.9,0.0,2.7,0.0,1.7,1.0,3.9,0.0
46819_POS_SU,pos,Level 2,Hexamethylphosphoramide,Anthropogenic,Industrial chemical,12.9,0.0,0.0,0.0,0.0,0.0,0.0,2.3,0.0,0.0,0.0,0.0,0.0,17.7,0.0,0.0,0.0,0.0,0.0,0.0,0.0,0.0,0.0,0.0,0.0,0.0,0.0,0.0,0.0,0.0,0.0,0.0,0.0,0.0,0.0,0.0,0.0,0.1,0.0,0.3,0.0,0.0,0.0,0.0,0.0,0.0,0.0,0.0,0.0,0.0,0.0,0.0,0.0,0.2,0.0,0.4,0.0,0.0,0.0,0.0,0.0,0.1,0.0,0.1,0.0,0.0,0.0,0.0,0.0,0.1,0.0,0.0,0.0,0.0,0.0,0.0,0.0,0.1,0.0,0.1,0.0,0.1,0.0,0.0,0.0,0.0,0.4,0.0,0.0,0.0,0.0,0.0,0.0,0.0,0.0,0.0,0.0,0.0,0.0,0.1,0.0,0.1,0.0,0.1,0.0,0.1,0.0,0.0,0.0,0.1,0.0,1.1,0.0,0.1,0.0,0.0,0.0,0.0,0.0,0.0,0.0,0.3,0.0,0.0,0.0,0.0,0.0,0.0,0.0,0.0,0.0,0.0,0.0,0.0,0.0,0.1,0.0,0.2,0.0,3.6,0.0,0.0,0.0,0.0,0.2,0.0,0.0,0.0,0.0,0.0,0.0,0.0,0.0,0.0,0.0,0.0,0.0,0.0,0.0,0.0,0.0,0.0,0.0,0.0,0.0,0.0,0.0,0.0,0.0,0.0,0.0,0.0,0.0,0.1,0.0,0.3,0.0,0.0,0.0,0.0,0.0,0.0,0.0,0.0,0.0,0.0,0.0,0.0,0.0,0.0,0.0,0.0,0.0,0.0,0.0,0.0,0.0,0.0,0.0,0.0,0.0,0.0,0.0,0.0,0.0,0.1,0.0,0.0,0.0,0.0,0.0,0.0,0.0,0.0,0.0,0.0,0.0,0.0,0.0,0.3,0.0,0.0,0.0,0.3,0.0,0.0,0.0,0.0,0.0,0.0,0.0,0.2,0.0,0.0,0.0,0.0,0.0,0.0,0.0,0.0,0.0,0.0,0.0,0.0,0.0,0.0,0.0,0.0,0.0,0.0,0.0,0.0,0.0,0.0,0.0,0.1,0.0,0.0,0.0,0.9,0.2,0.0,0.0,0.0,0.0,0.0,0.0,0.0,0.0,0.6,0.0,0.0,0.0,0.0,0.0,0.1,0.0,0.0,0.0,0.0,0.0,0.1,0.0,0.0,0.0,0.0,0.0,0.3,0.0,0.0,0.0,0.0,0.0,0.0,0.7,0.1,0.0,0.0,0.0,0.1,0.1,0.0,0.0,0.0,0.0,0.0,0.0,0.0,0.0,0.0,0.0,0.0,0.0,0.0,0.0,0.0,0.0,0.0,0.0,0.0,0.0,0.0,0.0,0.0,0.0,0.0,0.0,0.0,0.0,0.0,0.0,0.0,0.0,0.0,0.0,0.0,0.5,0.0,0.7,0.0,0.1,0.0,0.0,0.0,0.0,0.0,0.0,0.0,0.0,0.0,0.1,0.0,0.2,0.0,0.0,0.0,0.0,0.0,0.2,0.0,0.0,0.0,0.1,0.0,0.0,0.0,0.0,0.0,2.0,0.0,0.0,0.0,0.0,0.0,0.0,0.0,0.0,0.0,0.3,0.0,0.0,0.0,0.0,0.0,0.0,0.0,0.0,0.0,0.0,0.0,0.0,0.0,0.0,0.0,0.0,0.1,0.0,0.0,0.0,0.0,0.0,0.0,0.0,0.4,0.0,0.1,0.0,0.0,0.0,0.0,0.0,0.0,0.0,0.0,0.0,0.0,0.0,0.0,0.0,0.0,0.0
47266_POS_SU,pos,Level 2,9-Fluorenone,Natural,"Natural product – plant/fungal metabolites, terpenes, flavonoids, alkaloids, etc.",78.6,0.0,1.3,0.1,4.8,0.0,5.2,0.0,0.0,0.0,3.5,0.0,5.2,0.6,5.3,0.0,6.0,0.0,10.6,0.0,8.2,0.8,6.6,0.2,8.6,0.0,3.9,0.0,14.5,0.7,6.8,0.0,2.6,0.2,2.9,0.0,3.3,0.0,2.6,0.0,2.5,0.0,3.2,0.0,2.3,0.0,4.2,0.0,0.7,0.0,0.1,0.5,1.7,0.4,3.4,0.4,0.6,0.6,1.1,0.6,6.4,0.3,1.0,0.2,2.9,0.0,0.7,0.2,2.2,0.0,4.8,0.2,1.1,1.9,1.9,0.5,1.5,2.0,15.9,0.9,2.5,0.7,2.8,0.8,4.4,1.0,10.9,0.7,4.2,0.3,2.3,0.6,6.1,1.2,13.4,6.3,11.6,0.4,2.0,0.0,2.3,0.7,7.9,1.3,12.1,0.1,3.3,0.0,6.1,0.5,6.3,0.6,6.3,1.9,6.1,0.1,5.4,0.1,5.4,0.3,11.3,0.0,6.5,0.7,4.6,3.4,6.1,0.3,3.3,0.3,4.8,0.4,4.5,0.2,4.9,0.0,8.6,0.3,9.5,0.5,8.8,0.4,2.2,0.8,5.8,0.1,7.5,1.7,11.9,0.5,8.2,0.1,16.9,0.6,1.3,0.0,4.8,2.6,16.4,0.0,5.2,0.2,4.1,1.2,1.9,0.1,9.1,0.1,2.9,0.9,1.6,1.3,2.2,0.1,1.1,1.6,4.8,0.0,1.5,0.7,2.3,0.4,0.8,0.2,1.9,0.0,0.7,0.0,1.5,0.1,2.8,0.4,1.3,0.6,0.6,0.9,0.6,0.3,2.3,0.5,0.8,2.1,0.7,0.1,0.3,0.0,0.0,0.0,0.0,0.0,0.0,1.1,24.5,0.7,39.4,1.0,13.1,0.5,7.9,0.6,11.1,0.4,7.5,1.3,22.9,0.7,11.1,10.8,7.2,0.4,11.1,0.7,8.6,3.4,7.8,18.4,1.5,0.3,10.2,1.6,14.0,1.0,29.5,1.6,28.5,1.0,9.8,0.1,6.2,0.7,9.3,0.6,4.0,2.7,18.5,1.2,7.1,0.2,4.8,0.3,4.8,0.2,4.8,7.4,13.3,0.8,2.6,0.8,3.1,0.3,4.3,1.1,8.4,1.2,9.8,0.6,0.9,1.2,4.8,0.3,0.3,0.6,17.4,0.5,11.9,1.0,5.9,0.1,0.0,0.2,12.5,0.2,5.6,1.0,3.7,0.7,12.3,0.0,0.0,0.0,8.2,1.4,21.7,0.0,0.0,0.0,9.9,0.0,15.8,0.4,6.6,0.0,6.3,1.1,9.1,1.4,14.1,2.0,14.4,0.2,5.4,1.1,0.1,3.2,0.3,1.0,0.0,3.0,0.0,3.2,0.3,0.6,0.0,0.7,0.1,1.4,0.0,2.8,0.4,1.3,0.1,1.2,0.0,0.6,0.0,3.3,0.0,0.7,0.2,0.6,0.1,1.1,0.0,2.1,0.4,0.2,0.0,0.7,0.0,0.8,0.0,1.3,0.0,0.5,0.4,2.1,1.2,0.3,0.4,0.4,0.1,0.0,0.0,0.1,0.0,0.0,0.1,0.0,0.1,0.0,0.0,0.1,0.0,0.2,0.0,0.0,0.0,0.0,0.0,0.0,0.1,0.1,0.2,0.1,0.0,0.0,0.0,0.0,0.0,0.1,0.1,0.1,0.0,0.0,0.1,0.0,0.0,0.0,0.0,0.0,0.5,0.0,0.2,0.0,0.8,0.0,0.6,0.0,0.0,0.0,0.2
47293_POS_SU,pos,Level 2,Theobromine,Natural,"Natural product – plant/fungal metabolites, terpenes, flavonoids, alkaloids, etc.",45.2,0.0,2.9,5.2,0.0,0.0,0.0,0.0,12.1,0.0,15.7,0.0,20.8,11.5,0.0,3.5,2.1,0.0,0.0,0.0,0.0,0.0,2.6,0.0,5.8,0.0,0.0,0.1,0.7,0.0,0.0,0.0,0.8,6.3,0.0,0.0,4.4,0.0,0.0,0.0,0.0,9.4,0.0,1.0,0.0,0.0,2.1,0.6,7.5,0.0,0.4,0.0,0.0,0.0,0.0,0.0,0.0,3.4,0.0,0.0,5.5,0.0,0.0,0.0,0.0,0.0,0.0,0.0,0.0,0.0,0.0,2.2,0.0,0.0,0.0,0.0,0.0,0.0,0.0,0.1,0.0,0.0,0.0,0.0,0.0,8.4,0.0,0.0,0.0,0.0,0.0,0.0,0.0,0.0,0.0,0.0,0.0,0.0,0.0,0.0,0.0,0.0,0.0,0.0,0.0,0.0,0.0,30.4,0.0,0.0,0.0,0.0,0.0,18.8,0.0,0.0,0.0,0.0,0.0,0.0,0.0,3.8,0.0,0.0,0.0,0.0,0.0,18.1,0.0,0.0,0.0,0.0,0.0,2.6,0.0,7.0,0.0,0.0,0.0,0.0,3.7,0.0,0.0,0.0,0.0,0.1,0.0,0.0,0.0,0.0,2.5,14.2,0.0,10.4,0.0,0.0,6.1,46.3,0.0,0.0,1.6,30.9,2.9,57.0,0.0,0.0,0.0,4.3,0.0,0.0,0.0,45.7,0.0,11.8,4.9,0.0,0.0,19.0,0.0,487.2,0.0,7.1,0.0,0.5,0.0,3.9,0.0,8.2,0.0,0.0,0.0,121.3,8.8,1.1,14.8,0.0,3.2,29.0,2.8,0.0,0.0,82.2,21.8,0.0,5.3,0.0,0.0,0.0,0.0,0.0,0.0,55.4,0.0,4.0,0.0,16.5,1.9,35.5,0.0,5.9,0.0,64.4,0.0,0.6,0.0,0.0,0.0,2.5,0.0,5.3,0.0,5.3,0.0,0.0,0.0,2.2,5.3,0.0,0.0,6.2,0.0,8.5,1.4,15.7,0.0,0.0,0.0,0.0,0.0,10.6,1.2,14.8,0.6,9.3,0.0,2.2,20.7,0.5,0.0,19.6,0.0,0.0,0.0,80.2,0.0,7.9,0.8,0.1,0.0,11.2,0.0,11.7,0.0,3.6,22.1,1.7,0.0,0.0,5.1,20.6,0.0,6.7,0.0,2.3,0.0,39.7,0.4,9.3,3.3,6.7,5.2,6.4,1.9,6.8,7.3,3.7,10.2,0.0,8.3,11.2,4.4,30.0,3.2,5.7,0.0,0.0,1.0,0.0,1.8,0.0,0.0,0.0,0.0,26.2,0.0,5.2,7.3,5.3,0.0,0.0,0.0,0.4,2.9,2.5,1.3,10.1,1.3,1.3,7.8,3.9,7.8,0.4,0.0,5.6,0.0,5.0,0.0,7.6,23.3,0.0,2.0,1.6,0.0,7.2,0.0,13.0,13.5,41.7,0.0,3.1,11.2,0.0,0.4,2.0,5.5,0.5,0.0,3.2,0.0,1.7,0.0,5.7,15.7,2.2,0.0,0.0,0.0,0.0,6.3,20.1,3.3,1.3,0.0,0.0,1.3,22.1,19.4,24.7,3.1,0.0,0.0,7.0,0.0,5.6,0.0,6.6,0.0,4.7,10.3,47.0,1.9,13.4,3.3,8.5,0.5,6.2,0.0,0.0,5.9,9.2,0.0,0.0,0.7,1.1,0.0,0.7,0.0,0.0,0.0,8.4,0.0,3.7,0.0,5.5,0.0,0.0,0.0,14.1,2.9,23.2,0.0
47340_POS_SU,pos,Level 2,Dihydroactinidiolide,Natural,Fragrance / flavor compound,95.0,159.0,82.8,326.5,156.7,388.9,175.3,695.4,191.8,707.2,115.2,279.4,109.2,508.8,98.1,147.8,124.1,704.7,81.8,292.2,142.1,0.0,116.0,214.7,67.4,387.9,70.3,343.8,119.5,548.1,180.4,376.0,120.8,292.9,117.1,316.3,215.0,632.1,223.4,467.7,253.6,202.9,461.4,475.5,248.7,1450.6,179.2,366.8,318.3,608.9,617.1,1071.2,621.5,437.9,389.5,708.2,501.0,346.0,382.4,419.5,733.8,575.8,1366.9,953.0,307.4,204.9,409.6,764.0,296.5,517.4,890.4,1066.8,246.8,483.2,494.6,578.1,338.4,489.8,477.4,2898.3,269.4,808.0,369.9,537.7,312.4,574.4,248.4,1022.0,442.4,856.5,335.9,483.9,471.0,989.4,695.6,1092.6,129.5,366.9,121.8,1047.3,118.4,1109.3,57.3,1068.8,84.9,439.2,32.4,37.8,41.2,948.8,30.7,952.6,52.5,3124.4,45.0,550.7,24.9,458.2,40.5,696.6,78.5,486.3,42.9,366.5,10.2,144.1,31.3,737.7,68.7,657.6,39.6,589.9,50.9,1147.0,199.3,663.1,37.7,1292.8,55.6,178.1,78.4,410.1,26.3,371.3,52.8,483.6,40.5,386.9,67.5,534.9,59.5,197.0,270.2,290.7,167.3,276.0,232.8,895.4,285.1,504.0,215.5,223.1,226.7,388.6,198.7,257.8,93.5,489.7,180.0,203.5,102.4,594.1,221.3,288.0,143.2,716.7,202.6,212.9,315.7,654.3,226.0,333.9,113.1,384.2,283.3,372.5,425.5,247.6,418.6,497.7,448.4,4369.1,493.4,742.3,284.8,340.8,527.4,531.9,256.5,496.4,143.0,339.9,392.7,419.0,443.8,493.5,0.0,0.0,0.0,0.0,0.0,540.2,98.8,404.5,35.0,439.5,76.3,901.3,83.8,363.2,34.5,1389.5,32.1,193.0,63.5,318.3,64.2,351.3,47.5,572.3,92.6,527.1,133.2,0.0,16.2,50.0,347.6,472.3,140.0,266.2,103.9,988.4,105.2,341.7,80.1,883.6,100.4,335.4,307.2,303.2,133.1,266.4,207.8,558.2,292.8,1673.0,277.1,499.8,398.8,731.0,178.3,176.1,177.9,546.0,309.3,369.8,246.2,445.4,235.8,117.0,217.3,99.2,0.0,511.2,0.0,81.9,67.3,85.0,0.0,466.2,15.2,313.5,5.4,108.9,3.0,107.3,0.0,476.8,44.5,132.6,1.4,162.4,0.0,91.5,46.6,478.3,5.1,216.1,0.0,418.0,0.0,219.4,0.0,156.0,0.0,176.1,0.0,417.7,0.0,141.4,8.3,168.9,14.1,330.7,1.7,289.0,0.0,99.6,0.0,143.0,0.0,483.9,382.8,186.8,217.1,250.3,279.9,428.8,233.4,256.8,447.9,128.5,328.4,240.4,479.3,388.7,435.8,618.3,1512.4,268.4,304.7,377.4,288.0,383.4,515.9,434.3,584.1,286.9,241.7,241.7,558.4,284.9,568.1,462.8,506.1,329.0,675.7,237.0,284.7,379.9,278.7,346.5,299.6,221.5,545.4,221.9,342.6,464.6,397.0,747.8,372.6,374.2,261.7,280.1,216.1,348.0,332.8,419.4,198.2,144.4,235.5,404.2,193.6,633.1,167.9,358.9,171.8,337.8,198.5,243.2,344.7,420.3,264.9,570.7,254.5,307.7,280.4,276.8,345.4,314.0,148.4,621.9,225.1,378.3,280.2,266.7,196.4,136.4,96.6,279.1,145.3,390.7,131.2,144.2,176.8,198.9,115.8,319.8,87.1,474.8,58.9
47378_POS_SU,pos,Level 2,OMEGA-HYDROXYDODECANOATE,Natural,Fatty acid / lipid,46.7,2.8,0.0,2.3,0.0,6.9,0.0,8.5,0.0,12.6,0.0,1.3,0.0,10.8,0.0,0.3,0.0,5.9,0.0,1.2,0.0,0.0,0.0,1.5,0.0,2.1,0.0,1.8,0.0,6.2,0.0,7.7,0.0,7.7,0.0,0.5,0.0,14.8,0.0,0.9,0.0,1.4,0.0,0.9,0.0,6.4,0.0,3.2,0.0,2.2,0.0,6.1,0.0,3.6,0.0,6.5,0.0,1.8,0.0,0.0,0.0,1.6,0.0,9.0,0.0,2.4,0.0,4.6,0.0,7.7,0.0,2.0,0.0,11.5,0.0,0.8,0.0,0.7,4.1,15.3,0.0,6.9,0.0,0.0,0.0,7.3,0.0,0.5,0.0,1.0,0.0,1.3,0.0,13.3,0.0,9.1,0.0,0.8,0.0,9.5,0.2,5.9,0.0,10.8,0.0,8.4,0.0,0.0,0.0,7.2,0.0,37.2,0.0,18.2,0.0,7.9,0.0,2.3,0.0,12.1,0.0,11.7,0.0,1.5,0.0,4.7,0.0,6.6,0.0,2.0,0.0,3.6,0.0,12.0,0.0,131.2,0.0,24.5,0.0,2.5,1.5,6.7,0.0,13.1,0.0,15.0,0.0,5.8,0.0,0.8,0.0,0.6,0.0,0.0,0.0,0.0,0.0,5.6,0.0,0.0,0.0,10.6,0.0,7.3,0.0,0.6,0.0,0.8,0.0,0.0,0.0,50.8,0.0,6.9,0.0,1.1,0.0,5.1,0.0,17.8,0.0,0.0,0.0,0.9,0.0,0.2,0.0,0.0,0.0,0.0,0.0,16.6,0.0,7.1,0.8,3.9,0.0,4.6,2.7,1.0,0.0,0.5,6.9,0.0,1.1,2.8,0.0,0.0,0.0,0.0,0.0,1.0,0.0,3.8,0.0,8.6,0.0,1.8,0.0,0.0,0.0,26.8,0.0,1.6,0.0,0.6,0.0,3.3,0.0,2.5,0.0,9.1,0.0,0.0,0.0,0.0,7.0,5.5,0.0,0.0,0.0,3.6,0.0,0.0,1.2,1.9,0.0,4.2,0.0,3.3,0.0,3.9,0.0,9.6,0.0,0.3,0.0,1.5,0.0,13.0,0.0,1.5,0.0,2.2,0.0,3.5,0.0,2.8,0.1,12.6,0.0,1.9,0.0,7.5,0.0,3.4,0.2,1.6,0.0,7.9,0.0,14.8,0.0,5.1,0.0,0.5,0.0,7.0,0.0,0.4,0.0,0.7,0.0,1.3,0.1,7.9,0.0,4.7,0.0,11.1,0.0,5.4,0.0,0.0,0.0,8.1,0.0,3.1,0.0,10.0,0.0,4.6,0.0,3.8,0.0,11.1,0.0,5.9,0.0,0.0,0.0,0.0,1.2,0.0,0.0,0.0,3.0,0.0,0.0,0.0,0.5,0.0,0.5,0.0,6.7,0.0,1.6,0.0,29.6,0.0,0.5,0.0,3.3,0.0,0.0,1.3,1.5,0.0,0.0,0.0,0.4,0.0,3.9,0.0,1.3,0.0,1.4,0.0,0.0,0.0,0.5,0.0,3.7,0.0,1.4,0.0,0.6,0.0,2.0,0.0,0.0,4.4,0.0,3.4,0.0,11.1,0.0,10.7,0.0,3.2,0.0,4.8,0.0,11.3,0.0,7.1,0.0,8.2,0.0,8.7,0.0,7.9,0.0,5.9,0.0,11.2,0.0,0.0,18.7,11.4,0.0,10.8,0.0,6.6,0.0,11.3,0.0,6.0,0.0,5.3,0.0,7.4,0.0,2.8,0.0,9.4,0.0,13.7,0.0,9.9,0.0
47751_POS_SU,pos,Level 2,L-Tyrosine,Natural,Amino acid / peptide / nucleoside,64.0,0.0,0.2,0.3,0.1,0.0,0.2,0.4,0.2,0.0,0.0,0.3,0.0,0.0,0.2,0.1,0.0,0.3,0.0,1.0,0.1,0.1,0.3,0.0,0.0,0.1,0.0,0.6,0.0,0.5,0.3,0.1,0.2,1.1,1.0,0.0,2.1,0.0,0.1,0.5,0.1,0.1,0.0,0.5,0.0,0.4,0.0,0.0,2.7,0.5,1.1,0.8,0.1,0.7,0.0,0.6,0.4,0.2,0.1,0.2,2.7,0.1,0.3,0.7,0.1,0.7,0.1,0.2,0.1,0.1,3.8,0.1,0.1,0.0,0.2,0.2,0.3,0.1,0.4,0.1,0.7,0.3,0.3,0.1,0.2,1.2,0.1,0.1,1.1,0.0,0.5,0.1,0.1,0.1,0.7,0.3,0.1,0.0,0.0,0.1,0.1,1.0,0.0,0.2,0.1,0.0,0.0,7.3,0.0,0.3,0.0,3.9,0.2,2.0,0.8,0.0,0.0,0.0,0.0,0.5,0.4,3.4,0.0,0.2,0.0,0.6,0.0,0.1,0.0,0.3,0.1,0.3,0.0,0.6,0.0,0.2,0.0,0.5,0.0,0.0,0.0,0.3,0.3,0.4,0.0,0.7,0.0,2.7,0.0,0.4,0.3,1.0,0.7,0.9,0.0,0.0,0.1,0.7,0.1,0.1,24.0,2.0,0.8,0.9,0.4,0.0,0.3,0.4,0.3,0.7,0.2,1.1,0.0,0.3,0.3,0.4,14.8,0.5,1.3,0.4,0.2,1.5,0.0,0.6,0.7,0.7,0.2,0.1,0.4,0.7,8.5,0.0,0.8,0.2,0.7,0.2,0.7,0.3,0.0,0.4,0.2,0.1,0.2,0.2,0.5,0.2,0.0,0.0,0.0,0.0,0.0,0.6,0.1,0.4,0.0,0.3,0.0,0.9,0.0,0.2,0.0,0.0,0.0,0.0,0.0,0.0,0.0,0.0,0.0,0.0,0.2,0.5,0.0,0.0,0.0,0.5,0.2,0.0,0.4,0.0,0.0,0.5,0.2,0.0,0.0,0.8,0.0,0.0,3.8,0.4,0.2,0.3,0.2,0.5,3.7,0.4,2.6,0.5,2.9,0.0,0.3,0.0,1.7,2.7,0.1,1.0,0.6,0.2,0.1,0.0,0.6,0.4,0.0,1.4,0.0,0.0,0.0,0.0,0.0,0.2,0.0,0.7,0.0,0.0,0.0,0.9,0.0,0.0,0.0,0.4,0.1,0.0,0.0,0.0,58.2,0.0,0.0,0.0,0.0,0.9,0.0,0.1,0.0,0.1,0.0,0.1,0.0,0.0,0.0,0.1,0.0,0.0,0.0,0.8,0.0,0.7,0.0,0.2,0.0,1.1,0.0,0.9,0.4,0.5,0.4,0.8,0.1,1.5,0.6,1.0,1.2,0.5,0.4,0.8,0.2,6.8,0.5,1.9,0.8,13.6,0.5,6.2,0.0,0.6,0.0,0.2,0.4,4.8,0.0,0.3,0.6,0.0,0.6,3.2,2.1,6.5,0.4,1.3,0.4,0.1,0.0,3.3,0.3,0.2,0.0,0.0,0.0,2.5,0.8,0.4,0.3,0.1,0.1,0.0,0.0,0.3,2.5,0.5,0.1,0.0,0.0,0.3,0.0,0.3,0.0,0.0,0.0,0.0,0.1,0.0,0.4,0.1,0.0,0.1,0.0,0.0,0.0,0.0,0.1,0.1,0.2,0.0,2.5,0.2,0.0,0.2,0.1,0.1,1.0,0.0,0.0,0.0,0.0,0.1,0.0,0.0,0.1,0.0,0.0,0.0,0.0
47859_POS_SU,pos,Level 2,Dicyclohexylamine,Anthropogenic,Industrial chemical,89.0,0.8,0.0,0.3,0.4,0.3,0.1,5.7,0.2,0.7,0.0,1.8,0.0,0.4,0.0,2.4,0.8,0.8,0.4,12.8,0.6,2.5,0.1,1.5,0.0,0.6,0.4,0.2,2.9,1.3,1.7,7.1,0.0,1.1,0.2,0.0,1.1,0.8,0.0,8.6,1.9,0.4,2.2,0.8,0.3,0.5,1.6,0.0,0.4,0.5,0.6,2.3,0.8,8.7,1.8,18.1,0.7,2.8,1.9,1.6,0.6,2.9,0.0,9.4,4.3,1.0,1.2,2.6,0.4,3.6,0.2,4.3,0.2,5.5,4.2,3.7,0.1,0.0,1.5,16.7,0.3,1.3,0.3,1.1,1.2,7.6,0.0,0.7,2.3,1.4,0.3,0.9,0.2,4.8,1.4,23.9,0.0,0.8,0.8,11.0,22.5,3.9,0.8,6.9,0.7,7.5,0.6,1.1,1.0,7.3,1.3,7.0,0.1,29.9,0.5,7.1,0.5,4.4,2.1,116.9,1.7,2.2,1.4,66.9,0.9,1.6,0.0,12.0,0.2,3.0,0.2,7.8,0.8,25.2,1.0,1.5,1.0,2.9,0.5,0.9,0.7,3.7,0.0,4.2,3.0,4.5,3.2,22.5,3.9,3.4,4.0,3.3,3.5,4.3,1.3,2.2,2.5,5.9,6.6,4.1,12.5,0.7,4.3,8.0,5.8,6.0,6.4,5.0,4.7,3.7,1.1,3.4,1.0,3.5,2.6,3.3,6.8,10.0,2.4,12.0,7.3,5.6,4.3,3.7,1.9,2.0,1.7,2.9,4.7,5.4,3.7,13.7,5.6,0.5,0.5,2.6,1.2,14.1,5.4,4.8,7.8,8.6,3.9,1.5,1.8,8.2,0.0,0.0,0.0,0.0,0.0,6.9,4.4,6.2,8.9,6.3,0.4,7.4,2.1,1.7,7.1,8.3,13.2,12.8,4.1,10.7,13.4,337.0,0.7,9.5,13.1,10.8,15.6,0.0,0.4,16.8,25.6,5.9,8.5,18.2,4.0,38.4,24.5,3.1,13.5,11.7,11.9,4.6,4.2,3.3,14.0,4.8,2.7,6.0,5.7,0.8,2.9,6.0,8.1,9.8,5.3,2.3,3.3,4.6,3.3,7.9,3.5,21.4,22.4,30.5,10.1,1.2,0.0,16.3,1.0,0.3,1.5,0.9,0.9,18.6,0.2,15.5,9.7,2.4,0.0,3.4,0.0,1.2,0.2,5.2,6.5,2.7,1.2,3.3,0.0,0.8,0.6,4.7,0.0,8.4,0.9,1.6,0.7,3.8,0.3,2.8,0.0,1.4,0.8,19.6,0.6,2.8,0.1,0.5,0.0,0.2,0.0,1.0,0.7,0.0,0.4,0.1,0.9,0.6,1.1,0.0,1.1,0.5,0.2,0.0,0.0,0.2,0.4,0.6,0.6,1.6,1.6,0.3,15.3,0.0,0.4,0.2,2.7,0.1,0.5,7.0,1.3,3.3,0.8,1.8,0.5,0.5,7.0,0.0,8.6,0.0,3.1,0.2,1.4,0.1,0.6,1.0,0.6,0.5,2.0,0.6,2.3,0.5,8.6,1.7,0.9,2.5,0.0,0.7,0.0,13.3,1.3,2.4,0.5,0.4,0.1,6.8,0.0,2.6,0.0,1.3,0.1,4.5,1.1,12.7,0.2,1.1,2.4,0.8,0.0,2.5,0.0,0.0,10.6,2.2,1.1,2.8,0.8,0.9,0.1,6.8,0.6,6.9,0.0,2.1,0.5,1.6,0.0,2.5,1.0,0.7,0.0,1.3,1.0,4.6,3.1
48234_POS_SU,pos,Level 2,Triethylphosphate,Anthropogenic,Flame retardant,72.1,40.6,0.0,27.1,0.0,52.0,0.2,335.5,0.6,3523.8,0.0,114.4,0.0,459.2,14.6,13.3,91.9,138.1,30.1,207.1,4.5,335.0,14.0,79.9,0.0,65.4,0.0,215.6,0.0,110.3,0.0,142.8,0.0,52.4,0.0,60.7,0.0,207.7,0.0,1587.8,0.0,7.3,20.7,73.5,0.0,98.0,0.0,599.3,0.0,166.1,0.0,490.5,233.4,1032.4,79.0,273.4,71.2,562.4,89.6,174.2,97.9,136.9,0.0,476.7,186.0,60.3,224.9,452.2,64.8,240.6,79.6,439.6,44.2,760.3,88.2,217.6,51.0,363.5,95.7,827.1,24.5,118.9,36.5,14.7,24.3,131.5,2.6,24.5,0.0,134.8,89.7,351.5,212.8,1348.6,0.0,814.0,178.4,179.6,343.0,1235.6,67.4,92.4,0.0,285.6,0.0,631.9,0.0,0.0,0.0,967.3,0.0,739.8,0.9,332.4,0.0,1251.6,0.0,2945.7,0.0,79.6,0.0,770.6,0.0,65.2,0.0,24.4,0.0,102.8,0.0,647.3,0.0,363.9,0.0,5655.8,445.4,458.4,0.0,188.2,0.0,71.5,0.0,46.2,0.0,59.1,0.0,774.0,0.0,210.7,2.3,70.5,0.0,18.5,0.0,37.6,1.8,12.1,0.7,55.7,0.0,3.4,52.0,32.7,2.9,30.8,0.0,57.8,14.6,36.5,5.6,18.8,0.0,127.4,0.0,28.0,4.2,514.7,22.3,137.2,14.8,72.5,2.1,119.7,0.0,216.7,6.5,71.3,0.0,48.4,4.0,363.1,36.3,161.1,17.1,656.9,3.8,126.9,0.0,79.9,12.4,38.3,8.0,57.9,108.0,19.2,34.6,4.2,0.0,0.0,0.0,0.0,0.0,321.1,0.0,62.0,0.0,388.0,0.0,71.9,0.0,75.7,0.0,1683.2,63.2,51.9,0.0,118.7,0.0,56.2,0.0,198.1,4.5,257.6,0.0,0.0,0.0,0.0,2125.0,224.8,6.0,70.4,0.0,190.2,0.0,66.5,0.0,160.3,0.0,169.5,0.0,40.4,0.0,116.6,0.0,43.5,0.0,39.7,0.0,218.5,0.0,227.7,0.0,28.3,0.0,139.5,0.7,55.8,1.2,709.1,52.5,12.1,0.0,227.9,3.1,312.6,0.0,50.7,15.7,52.8,0.0,143.4,0.3,108.7,0.0,57.1,0.0,32.8,0.0,747.7,36.5,20.0,0.0,101.5,0.0,43.0,60.5,118.0,0.0,88.4,0.0,91.8,17.2,17.2,0.0,0.0,0.0,508.2,0.0,99.5,0.0,113.0,0.0,31.1,0.0,24.3,0.0,418.8,0.0,93.6,0.0,9.9,0.0,0.0,161.1,17.4,619.5,5.0,67.2,20.3,28.0,13.4,493.5,3.2,246.5,34.5,1252.2,62.4,395.2,19.4,1553.0,18.4,70.1,2.9,159.6,8.7,76.1,88.7,116.1,163.3,998.0,31.7,78.3,15.5,141.2,31.2,459.6,0.0,639.3,21.8,333.0,46.8,213.5,16.4,78.2,12.1,216.2,9.3,120.0,9.0,190.2,79.5,126.1,114.4,0.0,54.8,0.0,48.6,4.1,157.2,107.3,11.3,0.0,56.8,0.0,24.3,0.0,119.6,0.0,55.4,4.0,172.7,14.8,137.6,0.0,217.4,9.9,540.3,0.0,0.0,35.3,38.2,0.0,65.0,0.0,75.0,0.4,63.8,0.0,7.4,7.8,168.4,1.8,107.4,0.0,53.6,7.2,78.6,7.1,110.0,4.2,260.8,0.0
48244_POS_SU,pos,Level 2,Benzophenone,Anthropogenic,UV filter / cosmetic preservative,92.4,344.8,4.2,365.1,6.6,404.4,0.0,785.9,6.7,305.2,6.8,343.7,2.4,656.5,8.3,126.3,12.7,1770.2,7.2,320.4,10.7,0.0,8.6,236.4,6.5,232.8,5.6,470.9,18.3,2717.2,32.6,495.6,3.6,258.8,14.5,98.4,8.0,608.2,6.6,711.5,17.3,233.5,16.5,380.6,12.0,426.1,13.8,617.4,6.7,373.7,8.4,271.0,3.5,352.4,10.9,1065.4,4.0,20914.7,111.1,124.3,8.8,433.3,4.9,950.6,34.3,641.0,8.6,662.0,8.0,731.2,3.0,574.1,4.1,545.9,5.8,665.4,1.6,398.0,8.8,32790.2,8.6,3699.7,15.5,1068.1,15.2,980.4,1.5,2418.6,22.5,431.2,2.0,357.4,21.2,680.7,14.8,304.4,5.3,359.9,26.1,638.2,6.8,344.7,4.4,124.6,5.0,863.5,0.6,32.4,6.4,513.2,5.2,412.2,8.1,824.3,0.2,151.8,12.2,207.1,12.7,104.2,13.7,417.6,4.0,41.1,2.7,130.1,5.4,548.5,3.0,92.7,1.6,62.7,4.2,125.7,22.6,209.8,6.3,140.6,5.5,323.0,8.0,87.0,0.0,143.8,4.9,71.5,3.9,485.9,7.6,51.6,4.8,154.0,0.0,262.4,8.3,134.3,4.0,1454.9,3.0,69.8,3.5,134.7,0.9,294.0,5.5,261.3,5.0,198.0,4.2,42.7,0.0,103.7,6.2,402.5,11.6,565.2,3.6,51.6,0.0,178.2,9.8,332.7,4.3,553.6,5.6,214.5,3.6,147.2,12.2,375.2,5.2,1875.2,6.2,209.6,2.4,149.8,21.6,388.7,24.8,157.2,12.3,230.6,192.1,152.5,854.4,89.2,0.0,0.0,0.0,0.0,0.0,567.3,2.7,304.2,3.3,460.4,6.8,93.7,2.2,77.2,2.6,446.6,7.3,255.7,2.5,245.0,0.0,124.0,0.0,187.2,0.0,475.9,12.6,0.0,5.6,9.7,432.8,428.9,12.3,150.9,0.8,764.9,7.0,296.2,7.8,854.9,22.5,193.3,1.2,241.4,10.2,349.4,7.7,380.9,2.2,31.3,1.8,309.2,2.2,335.3,0.1,424.0,1.9,647.0,14.4,586.7,4.7,590.3,72.2,171.1,2.1,221.6,2.3,1121.0,5.6,68.6,357.9,187.1,0.0,381.0,10.5,442.0,8.9,119.7,4.0,399.3,5.2,784.4,16.9,96.1,11.7,810.2,2.0,468.0,5.7,538.2,0.0,133.7,1.3,459.9,0.0,228.7,0.0,125.3,0.0,295.5,0.0,392.7,1.7,64.0,0.0,228.2,0.0,196.2,2.5,116.0,1.9,78.6,2.8,33.9,1.5,4.2,482.3,5.2,166.2,8.1,218.4,8.5,545.9,13.1,1594.0,3.5,31332.4,10.2,1168.2,14.9,759.8,13.4,40991.6,13.9,154.2,10.4,1515.7,8.0,204.5,38.6,452.9,13.7,496.4,16.9,565.2,9.0,1815.1,17.0,707.0,7.5,1567.6,9.4,90.9,15.1,518.1,9.5,241.2,14.5,698.3,4.2,704.3,0.8,1779.9,41.5,300.1,191.6,0.0,81.0,0.0,466.9,4.8,277.6,0.0,40.0,0.0,354.9,3.3,264.5,1.3,1286.0,11.4,368.5,2.9,385.4,0.7,515.7,97.3,298.6,1.7,277.6,0.0,0.0,322.1,296.8,0.1,341.0,1.5,383.5,3.7,1171.5,5.5,1058.3,0.0,668.2,2.0,243.3,0.0,245.9,0.8,618.6,2.2,184.1,17.1,505.0,0.0
48811_POS_SU,pos,Level 2,Terbutylazine-desethyl-2-hydroxy,Anthropogenic,Pesticide / biocide,17.1,0.0,0.0,0.0,0.0,0.0,0.0,0.0,0.0,0.0,0.0,0.0,0.0,0.0,0.0,0.0,0.0,0.0,0.0,0.0,0.0,0.0,0.0,0.0,0.0,0.0,0.0,0.0,0.0,0.0,0.0,0.0,0.0,0.1,0.0,0.0,0.0,0.0,0.0,0.0,0.0,0.0,0.0,0.0,0.0,0.0,0.0,0.5,0.0,0.0,0.0,13.7,0.1,0.0,0.1,2.7,0.1,0.0,0.0,0.1,0.1,0.0,0.1,0.0,0.3,0.8,3.6,0.3,0.1,0.0,0.2,4.7,0.3,0.3,0.4,0.1,0.0,0.1,0.1,0.1,0.2,0.0,0.1,0.4,0.1,0.1,0.0,1.9,0.2,0.4,0.1,2.5,0.4,0.1,0.6,4.1,0.1,0.2,0.1,5.6,5.0,0.0,0.0,0.0,0.0,0.0,0.0,0.0,0.0,0.0,0.0,0.0,0.0,0.0,0.0,0.0,0.0,0.0,0.0,0.0,0.0,0.0,0.0,0.0,0.0,0.0,0.0,0.0,0.0,0.0,0.0,0.0,0.0,0.0,0.0,0.0,0.0,0.0,0.0,0.0,0.0,0.0,0.0,0.0,0.0,0.0,0.0,0.0,0.0,0.0,0.0,0.0,0.0,0.0,0.0,0.0,0.0,0.0,0.1,0.0,0.2,0.0,0.0,0.0,0.0,0.0,0.0,0.0,0.0,0.0,0.0,0.0,0.0,0.0,0.0,0.0,0.1,0.0,0.0,0.0,0.0,0.0,0.0,0.0,0.3,0.0,0.9,0.0,0.5,0.0,0.6,0.0,0.8,0.0,0.1,0.0,0.0,0.0,0.1,0.0,0.1,0.0,0.0,0.0,0.0,0.0,0.0,0.0,0.0,0.0,0.0,0.0,0.0,0.0,0.1,0.0,0.1,0.0,0.0,0.0,0.0,0.0,0.0,0.0,0.0,0.0,0.0,0.0,0.0,0.0,0.0,0.2,0.0,0.0,0.3,0.0,0.0,0.0,0.0,0.0,0.0,0.0,0.0,0.0,0.3,0.0,0.0,0.0,0.0,0.0,0.1,0.0,0.0,0.0,0.0,0.0,0.0,0.0,0.0,0.0,0.0,0.0,0.0,0.4,0.1,0.1,5.4,0.0,0.0,0.0,0.1,0.0,0.0,0.0,0.0,0.0,0.0,0.0,0.0,0.0,0.0,0.0,0.0,0.0,0.0,0.0,0.0,0.0,0.0,0.0,0.1,0.0,0.0,0.0,0.7,0.0,0.0,0.0,0.0,0.0,0.0,0.0,0.0,0.0,0.0,0.0,0.0,0.0,0.0,0.0,0.0,0.0,0.0,0.0,0.0,0.0,0.0,0.0,0.0,0.0,0.0,0.0,0.0,0.0,0.0,0.0,0.0,0.0,0.0,0.0,0.0,0.0,0.0,0.0,0.0,0.0,0.0,0.0,0.0,0.0,0.0,0.0,0.0,0.0,0.0,0.0,0.0,0.0,0.0,0.0,0.0,0.0,0.0,0.1,0.0,0.0,0.0,0.3,0.0,0.0,0.0,0.0,0.0,0.3,0.0,0.0,0.0,0.0,0.0,0.0,0.0,0.0,0.0,0.0,0.0,0.0,0.0,0.0,0.5,0.0,0.0,0.0,0.0,0.0,0.0,0.0,0.0,0.0,0.0,0.0,0.0,0.0,0.0,0.0,0.0,0.0,0.0,0.0,0.9,0.0,0.0,0.0,0.0,0.0,0.0,0.0,0.0,0.0,0.0,0.0,0.0,0.0,0.0,0.0,0.0,0.0,0.0,0.0,0.0,0.0,0.0
49355_POS_SU,pos,Level 2,Gamma-Undecalactone,Natural,Fragrance / flavor compound,74.0,0.2,0.0,2.7,0.0,4.0,0.0,36.7,10.8,11.3,0.0,20.2,0.0,11.0,1.2,10.1,0.0,5.1,0.0,5.0,0.0,0.0,1.8,0.0,0.0,10.0,0.0,2.3,7.7,10.9,5.1,14.9,0.0,3.1,0.0,0.0,0.0,31.6,0.0,9.5,1.8,7.3,7.8,8.4,0.0,31.7,0.0,11.4,0.4,7.6,0.0,10.9,1.8,34.0,9.5,3.3,6.0,6.3,8.8,5.9,11.6,5.7,5.9,9.8,7.6,0.3,7.7,7.9,5.0,36.6,4.3,22.5,1.2,17.6,10.3,12.5,2.6,7.4,20.1,39.0,5.3,10.4,8.4,5.6,6.9,13.2,14.0,12.3,9.6,5.9,0.3,11.7,8.3,12.1,15.9,17.2,5.6,10.1,0.0,15.9,0.0,4.4,49.0,3.9,37.1,1.9,4.7,0.0,16.6,9.4,8.8,12.4,43.9,11.3,17.5,3.0,32.0,0.0,15.2,6.5,25.4,5.9,34.7,0.0,8.5,0.0,38.3,0.0,4.7,0.0,21.8,8.5,16.1,4.0,14.5,14.8,5.9,8.7,28.0,0.0,35.1,2.2,7.2,20.0,11.4,1.2,7.5,0.0,21.9,2.2,3.8,4.8,5.6,3.5,7.3,12.3,0.0,13.9,5.6,2.6,3.4,6.4,2.1,14.4,0.0,0.8,0.0,5.6,2.0,10.1,0.0,6.6,1.5,5.7,3.3,11.3,0.0,0.9,0.0,10.9,38.5,15.9,4.5,18.1,3.3,7.8,6.4,3.3,4.4,39.9,1.8,34.8,6.6,25.9,7.3,23.3,5.6,21.9,6.1,17.4,0.3,13.5,6.6,29.9,2.1,0.0,0.0,0.0,0.0,0.0,0.0,0.0,1.1,1.3,0.0,0.0,0.0,2.0,0.0,8.2,0.0,10.2,0.0,1.9,0.0,10.5,0.0,0.0,0.0,0.0,3.5,1.2,1.5,0.0,0.0,0.0,0.0,0.2,0.5,0.0,1.9,0.1,0.0,0.0,0.0,15.9,0.0,0.0,5.8,0.0,0.0,5.0,8.1,5.7,19.7,109.3,0.0,6.7,13.0,3.8,6.9,0.0,0.0,0.0,0.0,17.4,12.1,8.6,0.0,0.0,0.0,2.0,0.0,19.2,0.0,2.3,0.2,2.0,0.0,8.0,0.0,7.3,0.0,4.6,0.0,0.0,0.0,18.8,0.0,0.0,0.0,9.3,0.0,7.7,6.5,1.8,0.0,0.0,0.0,7.1,0.0,3.8,0.0,0.2,0.0,8.5,0.0,1.9,0.0,11.8,0.0,2.5,0.0,15.2,0.0,4.5,0.0,4.2,0.0,0.6,0.0,8.9,6.0,4.7,3.2,10.7,10.9,14.6,6.6,7.4,22.3,0.0,6.1,21.3,15.1,10.0,14.1,10.9,93.9,2.3,6.5,10.2,38.3,10.6,20.9,29.5,13.3,7.0,12.0,6.0,11.7,5.9,12.8,14.7,16.5,4.3,9.1,5.3,3.8,13.2,13.6,6.6,12.2,7.1,9.5,1.4,7.7,13.2,20.6,36.5,8.4,28.8,3.5,14.3,1.8,19.9,9.6,18.0,4.4,5.0,0.0,13.3,10.1,25.7,7.8,21.6,3.3,21.3,14.6,16.7,6.6,29.9,13.7,47.3,9.0,47.3,0.0,4.2,87.1,11.2,0.0,7.9,0.0,22.9,0.0,33.7,0.7,8.1,0.0,22.2,3.3,20.5,0.8,9.3,3.2,31.4,0.0,19.4,3.3,50.6,0.0
49361_POS_SU,pos,Level 2,delta-Undecalactone,Natural,Fragrance / flavor compound,57.4,24.2,0.0,34.9,0.0,14.7,0.0,221.4,0.0,29.2,0.0,13.5,0.0,67.0,0.0,11.9,0.0,29.2,0.0,46.5,0.0,0.0,0.0,1.0,0.0,29.0,0.0,61.6,0.0,31.2,0.0,33.5,0.0,6.6,0.0,2.1,0.0,32.9,0.0,32.2,0.0,6.1,0.0,1.0,0.0,71.9,0.0,4.1,0.0,22.2,0.0,72.6,0.0,46.7,0.0,28.0,0.0,28.5,1.4,45.8,0.0,64.0,0.0,133.9,3.1,13.4,0.0,59.1,0.0,270.6,0.0,52.0,0.0,481.8,4.0,15.2,0.0,28.1,0.0,334.0,0.0,125.0,0.0,28.7,0.0,298.6,0.0,54.6,0.2,46.6,0.0,28.1,0.6,248.6,0.0,84.6,0.0,32.2,0.1,117.3,0.0,160.3,0.0,127.2,0.0,68.0,0.0,8.2,0.0,133.8,0.0,335.6,0.0,157.0,0.0,275.6,0.0,98.6,0.0,15.9,0.0,181.6,0.0,189.6,0.0,152.8,0.0,106.2,0.0,62.3,0.0,109.8,0.0,147.8,4.1,525.6,0.0,70.1,0.0,19.0,2.8,92.6,0.0,103.2,0.0,73.9,0.0,127.2,0.0,133.2,0.0,6.5,0.0,20.1,1.3,9.5,0.0,27.7,0.0,9.5,0.0,49.9,0.0,5.2,0.0,19.4,0.0,18.5,0.0,0.0,0.0,226.8,0.0,139.9,0.0,32.3,0.0,6.4,0.0,27.5,0.0,19.4,0.0,19.4,0.0,8.9,0.0,6.7,0.0,11.2,1.6,13.7,0.0,34.4,24.6,16.4,4.6,125.4,7.6,7.9,0.0,2.2,16.6,10.1,14.3,12.8,0.0,0.0,0.0,0.0,0.0,22.7,0.0,17.3,0.0,27.8,0.0,31.8,0.0,19.5,0.0,76.6,0.4,79.2,0.0,23.4,0.0,36.3,0.0,26.6,0.0,296.9,2.8,0.0,0.0,1.7,73.3,100.7,3.1,18.2,0.0,45.0,0.0,39.5,0.0,73.6,4.8,49.9,0.0,65.8,0.3,52.1,0.0,43.1,0.0,3.4,0.0,78.3,0.0,21.9,0.0,39.8,0.0,105.0,0.0,25.6,0.0,49.1,24.8,6.5,0.0,28.9,0.0,187.3,0.0,60.7,17.7,31.9,0.0,87.0,0.0,148.0,0.0,7.5,0.0,2.7,0.0,22.8,0.0,34.2,0.0,4.4,0.0,14.9,0.0,32.9,0.0,4.1,0.0,431.9,0.0,10.1,0.0,4.0,0.0,16.9,0.0,10.8,0.0,9.7,0.0,11.4,0.0,17.4,0.0,62.5,0.0,5.5,0.0,11.8,0.0,3.1,27.6,1.1,17.1,1.9,180.0,1.1,26.0,1.2,24.3,0.0,31.4,3.0,237.6,0.0,28.1,0.0,62.8,0.0,25.6,0.0,26.4,0.0,5.2,7.2,45.0,1.4,39.7,0.6,33.0,0.0,150.5,5.1,36.9,0.0,36.6,0.0,12.8,0.0,13.8,0.0,36.2,0.7,57.3,0.0,6.3,0.0,6.3,9.5,12.8,60.8,0.0,12.2,0.0,14.6,0.0,33.6,0.0,11.0,0.0,27.3,0.0,28.5,0.0,34.0,0.0,23.0,0.0,3.6,0.0,40.5,8.3,29.0,0.0,13.2,0.0,0.0,9.8,12.3,0.0,27.4,0.0,17.5,0.0,16.8,0.0,2.0,0.0,22.0,0.0,34.5,0.0,11.1,0.0,22.4,0.0,6.1,0.0,55.7,0.0
49853_POS_SU,pos,Level 2,Tributylamine,Anthropogenic,Industrial chemical,49.5,6.9,0.0,1.9,0.0,15.3,0.0,9.0,0.0,16.4,0.0,1.2,0.0,0.0,0.0,0.0,0.0,2.0,0.0,0.9,0.0,3.6,0.0,0.0,0.0,3.9,0.0,0.1,0.0,0.3,0.0,6.9,0.0,1.0,0.0,0.0,0.0,3.6,0.0,3.9,0.0,0.0,1.0,0.0,0.0,6.8,0.1,0.0,0.0,0.4,0.0,26.1,0.5,7.8,4.4,8.9,0.0,3.1,0.0,0.0,0.0,0.2,0.0,7.4,2.4,7.1,0.2,1.3,0.0,10.1,0.0,7.4,0.0,4.6,0.0,0.3,0.0,0.0,0.0,42.6,0.0,104.9,0.0,0.7,0.0,15.3,0.0,0.0,1.0,0.0,0.0,0.0,0.0,26.2,0.0,25.7,0.0,0.3,0.0,10.0,0.0,7.6,0.0,14.9,0.0,3.3,0.0,0.0,0.0,22.3,0.0,45.3,0.0,17.3,0.0,15.4,0.0,8.8,0.0,0.0,0.0,5.7,0.0,11.1,0.0,0.4,0.0,0.0,0.0,27.2,0.0,4.6,0.0,134.1,1.5,0.0,0.0,2.7,0.0,0.0,0.0,0.0,0.0,0.0,0.0,3.8,0.0,10.1,0.0,0.6,0.0,0.0,13.8,14.6,0.0,5.0,13.1,21.5,10.1,3.3,14.5,0.0,0.0,19.3,0.0,6.4,1.4,0.0,0.0,6.9,0.0,3.1,0.0,20.9,3.4,12.4,3.7,0.0,2.7,10.6,0.0,12.4,0.0,16.8,0.0,0.0,3.4,0.0,1.1,36.9,14.1,7.2,3.5,0.0,0.0,8.0,0.0,25.5,0.0,0.0,4.5,23.0,0.0,6.7,0.6,0.0,0.0,0.0,0.0,0.0,0.0,8.1,0.0,0.0,0.0,10.2,0.0,3.5,0.0,0.0,0.6,10.2,0.0,5.6,0.0,8.0,0.0,0.0,0.0,7.4,26.4,11.8,4.9,0.0,0.0,0.0,13.7,0.0,0.0,2.7,0.0,4.1,5.0,11.6,3.5,6.3,0.0,15.2,0.0,0.0,2.6,2.6,0.0,4.1,1.5,1.9,0.0,0.0,0.5,8.5,4.3,2.1,7.9,1.2,1.0,11.3,2.3,21.5,1.0,2.1,0.0,3.5,0.0,25.5,0.1,1.7,3.1,2.7,0.0,2.8,0.0,345.0,0.0,5.0,0.0,0.2,0.0,6.1,0.0,90.8,0.0,3.3,0.0,3.9,4.2,0.0,0.0,1.3,0.0,10.1,14.4,2.2,0.0,0.1,0.0,1.4,0.0,2.1,0.0,4.9,0.0,0.0,0.0,0.0,0.0,6.3,0.0,2.0,0.0,83.2,0.0,0.0,3.3,0.7,9.8,0.0,8.0,0.0,1.6,0.0,0.2,0.0,0.5,4.0,0.0,17.5,53.1,0.0,1015.9,0.0,0.0,0.0,35.9,0.0,5.5,21.4,5.0,7.9,4.5,3.5,1.1,1.0,11.5,0.0,40.3,0.0,6.7,0.4,0.0,0.0,0.0,0.0,8.2,1.8,13.7,0.4,21.8,0.0,1.6,6.4,10.4,0.0,0.0,0.0,0.0,3.2,0.0,3.1,0.0,3.5,0.0,4.3,0.0,0.0,0.0,0.0,0.0,7.4,0.0,6.4,0.0,20.4,0.0,2.6,0.0,48.9,0.0,0.0,3.4,0.0,0.0,0.0,0.0,17.9,0.0,0.0,0.0,23.1,0.0,0.0,0.0,1.1,0.0,39.0,0.0,22.8,0.0,4.4,0.0,4.2,0.0
49854_POS_SU,pos,Level 2,"N,N-Dimethyldecylamine",Anthropogenic,Industrial chemical,33.1,2.1,0.0,0.0,0.0,0.0,0.0,0.0,0.0,0.0,0.0,0.0,0.0,0.0,0.0,0.0,0.0,0.0,0.0,0.0,0.0,0.0,0.0,0.0,0.0,1.0,0.0,0.1,0.0,0.0,0.0,0.5,0.0,0.0,0.0,0.0,0.0,1.2,0.0,0.0,0.0,0.0,0.0,0.0,0.0,0.0,0.0,0.0,0.0,0.3,0.0,41.8,0.0,0.0,0.0,49.1,0.0,0.0,0.0,0.0,0.0,0.1,0.0,406.0,2.3,0.0,0.0,36.8,0.0,32.0,0.0,0.4,0.0,0.8,0.0,0.1,0.0,0.0,0.0,193.1,0.0,47.8,1.4,1.3,0.0,0.6,0.0,1.6,1.8,66.5,0.0,0.0,0.0,66.1,0.0,0.0,0.0,5.5,0.0,11.4,0.0,5.6,0.0,1.6,0.0,10.1,0.0,7.4,0.0,7.8,0.0,16.0,0.0,100.7,0.0,9.8,0.0,5.5,0.0,9.1,0.0,6.0,0.0,0.0,0.0,20.7,0.0,6.6,0.0,5.2,0.0,724.4,3.7,20.8,1.0,144.0,0.0,86.0,0.0,0.4,0.0,252.9,0.0,5.6,0.0,3.5,0.0,11.3,0.0,9.0,0.0,0.0,0.0,0.7,0.0,2.2,0.0,9.5,0.0,0.0,0.3,0.0,0.0,0.5,0.0,3.8,0.0,0.0,0.0,2.4,0.0,4.0,0.0,5.1,0.0,6.0,0.0,0.0,0.0,1.2,0.0,86.7,0.0,2.2,0.0,0.0,0.0,0.0,0.0,16.3,2.0,4.6,0.0,0.0,0.0,7.1,0.0,140.0,0.2,0.8,0.1,3.5,2.5,58.3,0.1,0.0,0.0,0.0,0.0,0.0,0.0,2.4,0.0,0.0,0.0,0.0,0.0,40.7,0.0,0.0,0.0,6.0,0.0,1.5,0.0,0.0,0.0,2.8,0.0,0.0,0.0,8.7,0.0,0.0,0.0,0.0,7.7,2.2,0.0,0.0,0.0,0.0,0.0,4.4,0.0,7.1,0.0,0.1,0.0,0.0,0.0,0.0,0.0,0.0,0.0,0.0,0.0,0.0,0.0,0.0,0.0,0.0,0.0,45.9,0.0,0.3,0.0,3.1,0.2,0.0,0.0,0.0,0.0,2.6,0.0,0.0,0.0,0.0,0.0,0.3,0.0,3.0,0.0,0.8,0.0,0.0,0.0,0.0,0.0,0.1,0.0,0.0,0.0,0.0,0.0,0.0,0.0,14.1,0.0,1.6,0.0,0.0,0.0,0.0,0.0,0.4,0.0,1.5,0.0,6.3,0.0,0.0,0.0,0.0,0.0,0.0,0.0,0.0,0.0,0.0,0.0,0.0,0.0,0.0,1.1,0.1,1.0,0.0,0.0,0.0,0.0,0.0,2.6,0.0,0.0,0.0,0.2,0.0,17.7,0.0,0.0,0.0,5.5,0.0,5.8,1.7,0.0,1.4,0.7,0.0,2.2,0.0,0.6,0.0,1.4,0.0,5.6,0.0,0.0,0.0,0.0,0.0,0.2,0.0,2.0,0.1,105.2,0.0,0.0,0.0,0.0,2.5,0.0,0.0,0.0,2.4,0.0,0.5,0.0,2.2,0.0,1.2,0.0,0.0,0.0,8.7,0.0,1.9,0.0,0.5,0.0,0.3,0.0,0.9,0.0,0.0,0.0,0.0,0.5,0.0,0.0,1.2,0.0,0.0,0.0,1.9,0.0,0.0,0.0,1.9,0.0,0.2,0.0,0.0,0.0,0.4,0.0,0.0,0.0,0.2,0.0
50298_POS_SU,pos,Level 2,N-(5-acetamidopentyl)acetamide,Anthropogenic,Industrial chemical,18.8,0.0,0.0,0.0,0.0,0.0,0.0,0.7,0.0,0.0,0.0,0.0,0.0,0.0,0.0,0.0,0.0,0.0,0.0,0.0,0.0,0.0,0.0,0.0,0.0,0.0,0.0,0.8,0.0,0.0,0.0,0.0,0.0,0.0,0.0,0.0,0.0,0.1,44.0,0.0,0.0,0.0,0.0,0.0,0.0,0.0,0.0,0.0,0.0,0.0,0.0,0.0,0.0,0.0,0.0,0.0,0.0,1.9,0.0,0.0,1.1,0.0,0.0,0.0,0.0,0.0,0.0,0.0,0.0,0.0,0.0,0.0,0.0,0.0,0.0,3.1,0.0,0.0,1.1,83.1,0.0,0.0,0.0,0.0,0.0,0.0,0.0,0.0,0.0,0.0,0.0,18.2,0.0,0.0,0.0,0.0,0.0,0.0,0.0,0.0,0.0,0.0,0.0,0.3,0.0,0.0,0.0,0.0,0.0,1.4,0.0,0.0,0.0,0.5,0.0,0.0,0.0,0.0,0.0,0.0,0.0,1.4,0.0,0.0,0.0,3.2,0.0,0.5,0.0,0.0,0.0,0.0,0.0,0.0,0.0,0.0,0.0,0.0,0.0,0.0,2.8,0.0,0.5,0.0,0.0,0.0,0.0,0.0,0.0,0.0,0.3,0.0,0.0,0.1,0.0,0.0,0.1,0.4,0.0,0.0,0.0,1.0,0.2,0.0,0.0,0.0,0.0,0.0,0.0,0.0,0.0,0.3,0.0,0.0,0.0,0.0,0.0,0.0,0.0,0.0,0.0,0.0,0.0,0.0,0.0,0.0,0.0,0.0,0.0,0.0,0.0,0.1,0.0,0.0,0.0,0.0,0.0,0.5,1.8,0.0,0.0,0.0,0.1,0.0,0.0,0.0,0.0,0.0,0.0,0.0,0.0,1.8,0.0,0.0,0.0,1.1,0.2,0.0,0.1,0.6,0.1,0.8,0.0,0.0,0.0,0.1,0.0,0.2,0.0,0.0,0.0,0.0,0.0,0.0,0.0,0.0,0.0,0.0,0.0,0.0,0.0,0.0,0.0,0.1,0.0,0.0,0.0,0.0,0.0,0.0,0.2,0.0,0.2,0.2,0.0,0.4,0.0,0.0,0.0,0.0,0.0,0.0,0.0,0.9,0.0,0.4,0.0,0.0,0.0,1.0,0.0,3.5,0.0,0.0,0.0,0.0,0.1,0.0,0.2,1.9,0.0,0.1,0.0,0.0,0.0,0.0,0.0,0.0,0.0,0.0,1.2,0.0,0.3,0.0,0.8,0.4,1.6,0.0,0.0,0.1,1.2,1.2,0.0,0.0,0.0,0.0,0.0,0.0,0.2,0.0,0.0,0.0,0.0,0.2,0.0,0.9,0.0,0.0,0.0,0.0,0.0,0.1,0.6,0.0,0.0,0.6,1.6,0.0,0.0,0.0,0.0,0.0,0.0,0.0,0.0,0.9,0.0,0.0,1.1,4.2,0.0,0.0,0.0,0.0,0.0,0.0,0.0,0.0,0.0,0.0,0.0,0.0,0.0,0.0,0.0,1.7,0.0,0.0,0.0,0.0,0.0,0.0,0.2,0.0,0.0,0.0,0.0,0.6,0.0,0.0,0.0,0.0,0.0,0.0,0.0,1.2,0.2,0.0,0.0,0.0,0.0,0.0,0.0,0.1,0.0,0.0,0.0,0.0,0.0,0.2,0.0,0.1,0.0,0.0,0.0,0.0,0.0,0.0,0.0,0.0,0.0,0.0,0.1,0.0,0.0,0.0,0.0,0.0,0.0,0.0,0.0,0.2,0.0,0.0,0.0,0.0,0.0,0.0,0.0,0.0,0.0
50663_POS_SU,pos,Level 2,2-(Quinolin-3-yl)acetic acid,Natural,Metabolite / biomolecule,51.9,0.0,0.4,0.0,0.6,0.0,0.6,0.0,0.6,0.0,0.3,0.0,0.4,0.0,0.4,0.0,0.1,0.0,0.3,0.0,0.2,0.0,2.8,0.0,0.3,0.0,0.2,0.0,0.3,0.0,1.6,0.0,0.4,0.0,0.2,0.0,0.3,0.0,0.1,0.0,0.2,0.0,0.1,0.0,0.0,0.0,0.1,0.0,0.1,0.0,0.0,0.0,0.2,0.0,0.2,0.0,0.2,0.1,0.2,0.0,1.2,0.0,0.4,0.0,0.4,0.0,0.1,0.0,0.1,0.0,0.2,0.0,0.1,0.0,0.2,0.0,0.2,0.0,2.6,0.0,0.3,0.0,0.6,0.0,0.9,0.0,1.2,0.0,0.8,0.0,0.1,0.0,0.8,0.0,2.2,0.0,1.6,0.0,0.3,0.0,0.5,0.0,1.3,0.0,0.7,0.0,0.5,0.1,0.3,0.0,0.9,0.0,0.8,0.0,1.3,0.0,1.0,0.0,0.4,0.0,1.9,0.0,1.0,0.0,0.8,0.0,0.5,0.0,0.3,0.0,0.5,0.0,1.0,0.0,0.4,0.0,1.9,0.0,1.2,0.0,1.8,0.0,0.8,0.1,0.9,0.0,0.8,0.0,2.3,0.0,2.9,0.0,2.6,0.0,0.1,0.0,0.2,0.0,3.5,0.0,13.8,0.0,1.5,0.0,1.1,0.0,1.0,0.1,0.6,0.0,0.4,0.1,0.3,0.0,0.2,0.0,33.0,0.1,1.1,0.1,0.4,0.0,0.2,0.0,0.6,0.0,0.5,0.0,0.3,0.0,0.9,0.0,0.8,0.0,0.6,0.0,1.0,0.0,0.3,0.0,0.0,0.0,0.0,0.0,0.0,0.1,0.0,0.0,0.0,0.0,0.0,0.0,1.7,0.0,0.9,0.0,1.4,0.0,0.1,0.0,1.3,0.0,0.4,0.0,2.1,0.0,0.9,0.0,1.3,0.0,3.6,0.0,0.7,0.0,2.4,2.2,0.0,0.0,1.7,0.1,2.1,0.0,2.7,0.0,2.1,0.0,0.7,0.0,1.9,0.0,0.5,0.0,0.8,0.1,1.8,0.0,1.2,0.0,0.6,0.0,0.7,0.0,1.7,0.1,1.2,0.0,0.9,0.0,0.1,0.0,0.7,0.0,2.5,0.0,0.4,0.0,0.0,0.0,1.2,0.0,0.0,0.0,1.2,0.0,1.5,0.0,0.8,0.0,0.0,0.0,1.5,0.0,1.8,0.0,40.0,0.0,1.0,0.0,0.7,0.0,0.5,0.0,2.4,0.0,0.4,0.0,1.8,0.0,2.1,0.0,0.6,0.0,1.5,0.1,1.8,0.0,1.2,0.0,1.0,0.1,0.6,0.6,0.1,0.4,0.0,1.2,0.0,1.2,0.0,0.9,0.0,0.3,0.0,0.2,0.0,1.8,0.0,0.5,0.0,1.1,0.1,1.2,0.0,0.8,0.1,0.3,0.0,0.6,0.0,0.1,0.1,0.1,0.0,0.9,0.2,0.4,0.0,1.3,0.0,0.9,0.0,1.5,0.0,0.1,0.0,0.2,0.0,0.4,0.0,0.3,0.0,0.0,0.5,0.0,0.2,0.0,0.5,0.1,0.3,0.0,0.0,0.0,0.1,0.0,0.3,0.0,0.3,0.0,0.1,0.0,0.2,0.0,0.0,0.0,0.3,0.0,0.2,0.3,0.0,0.1,0.1,0.0,0.5,0.0,0.3,0.0,0.2,0.0,0.3,0.0,0.8,0.0,0.7,0.1,3.5,0.0,0.4,0.0,0.1,0.0,0.4
51303_POS_SU,pos,Level 2,10-Hydroxydecanoic acid,Natural,Fatty acid / lipid,33.1,0.1,0.0,0.4,0.0,0.6,0.0,0.0,0.3,1.3,0.0,0.0,0.0,0.3,0.0,0.3,0.3,0.0,0.0,0.9,0.0,0.0,0.0,0.0,0.0,1.6,0.0,0.0,0.0,1.8,1.1,1.0,0.0,0.9,0.0,0.3,0.2,3.2,0.0,33.8,0.0,0.5,0.0,0.5,0.3,1.3,0.0,0.0,0.0,0.1,0.0,0.0,0.0,0.0,0.0,1.9,0.0,0.0,0.0,3.6,0.0,0.0,0.0,0.0,0.0,0.0,0.0,1.7,0.0,0.0,0.0,0.0,0.0,3.0,0.0,0.2,1.5,0.2,2.7,2.0,0.0,0.0,0.0,0.0,0.0,36.7,0.0,2.2,0.0,0.0,2.5,2.2,0.9,18.5,0.0,1.7,2.3,0.0,0.0,17.7,0.0,0.8,0.0,6.5,0.0,0.0,0.0,0.0,0.0,0.8,0.0,0.3,0.0,0.0,0.0,0.0,0.0,0.5,0.0,0.5,0.0,0.3,0.0,2.2,0.0,0.0,0.0,0.0,0.0,0.2,0.0,2.4,0.0,1.3,0.0,8.4,0.0,0.0,0.0,0.0,0.0,0.0,0.0,0.0,0.0,0.0,0.0,0.0,0.0,0.0,0.0,0.3,0.4,1.7,0.3,1.5,0.5,2.4,1.0,19.8,1.0,3.5,0.5,2.8,0.8,1.1,0.4,2.8,0.0,1.8,0.0,4.0,0.2,3.2,0.0,1.6,0.1,1.1,0.0,4.4,0.6,2.0,0.0,3.5,0.0,0.8,1.3,0.0,0.0,0.0,1.5,8.3,0.0,4.7,2.9,0.0,0.0,7.5,3.1,0.1,0.4,2.0,1.9,3.5,0.7,0.1,0.0,0.0,0.0,0.0,0.0,0.0,0.0,0.0,0.0,0.0,0.0,14.3,0.0,0.0,0.0,0.0,0.0,0.0,0.0,0.0,0.0,0.0,0.0,0.0,0.0,0.0,0.0,0.0,0.0,0.0,0.0,0.0,0.0,0.0,0.0,0.0,0.0,0.0,0.0,0.0,0.0,0.0,0.0,0.4,0.0,0.0,0.0,0.0,0.0,3.6,0.0,0.0,0.0,0.0,0.0,0.0,0.0,0.0,0.0,0.5,0.0,0.0,0.0,0.0,0.0,1.2,0.0,1.3,0.0,0.2,0.0,0.0,0.0,1.5,0.0,2.4,0.0,0.0,0.0,0.0,0.0,1.0,0.0,0.0,0.0,1.1,0.0,0.2,1.6,0.3,0.0,0.3,0.0,2.3,0.0,0.4,0.0,0.4,0.0,1.2,0.0,0.0,0.0,0.0,0.0,2.1,0.0,0.9,0.0,0.0,0.0,0.0,0.0,0.0,0.0,0.0,0.0,0.0,0.0,0.0,0.2,0.0,0.0,0.0,0.0,0.0,0.0,0.0,0.0,0.0,0.0,0.0,5.2,0.3,1.1,0.0,2.0,0.0,0.8,0.5,1.7,0.0,0.0,0.0,0.0,0.0,0.2,0.0,0.0,0.0,0.0,0.0,0.4,1.4,0.6,0.0,0.0,0.0,0.0,0.0,0.3,0.0,0.5,0.0,0.0,0.8,0.0,4.1,0.0,0.0,0.0,1.7,0.0,0.0,0.0,0.0,0.0,7.4,0.0,0.9,0.0,0.0,0.0,1.7,0.0,0.0,0.0,0.0,0.0,0.0,0.0,0.0,2.5,0.0,0.0,0.0,0.0,0.0,0.0,0.0,0.0,0.0,0.0,0.0,0.0,0.1,0.0,0.0,0.0,0.0,0.0,0.0,0.0,0.0,0.0
52304_POS_SU,pos,Level 2,"2,4,7,9-Tetramethyl-5-decyne-4,7-diol",Anthropogenic,Industrial chemical,38.3,0.0,20.161405,284.2593,1.203349,178.819063,88.408121,55.320508,9.666161,0.0,0.0,47.91007,0.0,81.046049,0.0,253.784478,0.0,11.199104,0.0,1375.966514,0.0,0.0,50.584464,403.070693,0.0,0.0,0.0,337.307521,0.0,1451.028385,2.633451,118.982428,0.0,171.663309,0.0,0.0,0.0,142.356188,234.422222,177.407324,0.0,40.619145,0.0,334.315807,0.0,0.0,0.0,222.359261,43.056404,0.0,0.0,18.756748,0.0,0.0,0.0,17.795311,0.0,213.418638,0.0,223.541073,0.0,47.49108,22.965617,109.774183,0.0,51.614819,0.0,44.90014,0.0,0.0,0.0,68.047969,62.339275,7174.860417,377.291363,0.0,0.0,813.736031,0.0,73.646571,0.0,261.520687,0.0,49.621762,20.707119,1121.893795,91.37901,804.022043,0.0,0.0,0.0,58.700214,0.0,9.452555,15.859819,91.084493,0.0,0.0,0.0,0.0,0.0,141.208322,0.0,0.0,0.0,63.038742,0.0,10.318574,0.0,170.234185,0.0,162.344446,0.0,71.728841,0.0,50.400398,0.0,0.0,0.0,0.0,0.0,0.0,0.0,0.0,0.0,22.986652,0.0,0.0,0.0,12.070969,0.0,0.0,0.0,21.134993,0.0,0.0,0.0,0.0,0.0,0.0,0.0,0.0,0.0,0.0,0.0,0.0,0.0,0.0,0.0,0.0,0.0,0.0,22.60843,1254.754513,508.150613,1458.932255,385.66745,0.0,0.0,0.0,0.0,297.650564,31.204239,0.0,2.633352,40.363743,0.0,859.727702,0.0,0.0,245.011626,0.0,0.0,5.922818,0.0,1546.347107,0.0,0.0,0.0,322.785839,0.0,7.278814,0.0,331.738775,0.0,0.0,0.0,0.0,0.0,0.0,0.0,0.0,0.0,644.597488,461.221397,0.0,87.471625,51.727277,0.0,191.132082,0.0,0.0,110.886046,0.0,86.652174,928.851879,0.0,0.0,0.0,0.0,0.0,0.0,0.0,237.327023,0.0,2.607915,0.0,0.0,0.0,0.0,0.0,533.470219,0.0,13.672411,0.0,0.0,0.0,5.196969,0.0,0.0,0.0,98.890051,0.0,0.0,0.0,79.828081,0.0,0.0,44.113992,26.574153,0.0,74.902775,0.0,32.589207,0.0,56.611601,0.0,0.0,0.0,97.184019,0.0,15.564546,0.0,158.722178,0.0,0.0,55.339153,7.218804,0.0,151.339077,0.0,77.181704,0.0,302.247436,159.598863,45.554398,0.0,220.454353,0.0,0.0,40.853327,79.127401,0.0,108.273006,0.0,0.0,16.731581,0.0,6.603803,4.030301,0.0,85.553673,0.0,0.0,0.0,0.0,0.0,60.051719,0.0,0.0,0.0,0.0,0.0,33.202446,4.380689,0.0,0.0,0.0,0.0,0.0,0.0,0.0,0.0,0.0,0.0,0.0,0.0,66.338416,0.0,107.48566,0.0,0.0,0.0,300.771001,0.0,255.401192,0.0,0.0,0.0,0.0,0.0,224.650143,52.929306,10.898739,0.0,342.726568,0.0,329.548631,0.0,37.247604,12.275781,274.771664,0.0,232.06018,0.0,740.702451,0.0,0.0,0.0,0.0,0.0,0.0,0.0,0.0,0.0,0.0,0.0,0.0,763.968548,0.0,0.0,0.0,0.0,66.463803,272.259733,47.302551,198.445802,8.050896,0.0,124.359626,0.0,0.0,311.50976,0.0,0.0,0.0,0.0,0.0,0.0,0.0,0.0,0.0,829.525073,0.0,177.629267,17.25492,148.668594,0.0,58.565282,0.0,30.789209,10.776229,0.0,0.0,9.746032,61.024582,59.737452,0.0,0.0,0.0,145.874219,0.0,0.0,12.020579,10.756733,0.0,292.386255,15.090852,46.385033,0.0,0.0,0.0,60.660804,0.0,82.190762,0.0,58.338765,4.82346,0.0,0.0,0.0,0.0,0.0,0.0,0.0,0.0,89.537509,0.0,0.0,0.0,0.0
53086_POS_SU,pos,Level 2,6-Hydroxy-7-methoxycoumarin,Natural,"Natural product – plant/fungal metabolites, terpenes, flavonoids, alkaloids, etc.",37.4,0.1,0.0,0.0,0.0,0.0,0.0,0.3,0.0,0.0,0.0,0.0,0.0,0.0,0.0,0.0,0.0,0.0,0.0,0.0,0.0,0.0,0.0,0.0,0.0,0.0,0.0,0.1,0.0,0.7,0.4,0.0,0.0,0.0,0.0,0.0,0.0,0.0,0.0,0.0,0.0,0.0,0.0,0.0,0.0,2.9,0.0,0.0,0.0,0.0,0.0,0.0,0.0,0.0,0.0,0.0,0.0,0.1,0.0,0.0,1.0,0.0,2.3,0.0,0.0,0.0,0.0,0.0,0.0,0.0,0.0,0.0,0.0,0.0,0.0,0.0,0.0,0.0,2.0,0.0,1.4,0.0,0.0,0.0,1.0,0.0,0.0,0.0,0.0,0.0,0.0,0.0,1.1,0.0,0.0,0.0,0.0,0.0,0.0,0.1,0.0,0.0,0.0,2.5,0.0,2.1,0.0,0.0,0.0,0.3,0.0,0.8,0.0,4.6,0.0,0.3,0.0,35.1,0.0,0.4,0.2,0.7,0.0,0.0,0.0,61.4,0.0,0.1,0.0,3.0,0.0,0.1,0.0,0.0,0.5,0.2,0.0,0.0,0.0,0.7,0.0,2.8,0.0,0.1,0.0,1.0,0.0,2.7,0.0,0.0,0.0,0.8,0.0,0.0,0.0,0.0,0.0,0.4,0.1,0.0,1.4,0.0,0.0,0.4,0.0,0.0,0.0,0.0,0.0,0.5,0.0,1.6,0.0,0.1,0.0,0.2,0.0,0.0,0.4,0.3,0.0,2.3,0.3,0.2,0.1,1.1,0.6,0.0,0.2,0.0,0.3,1.1,0.7,0.5,0.0,0.5,0.0,0.0,0.0,0.0,0.1,1.6,0.0,1.0,0.0,0.0,0.0,0.0,0.0,0.0,0.0,0.0,0.0,0.4,0.3,4.6,0.5,0.0,0.4,0.4,0.8,25.9,0.7,0.0,0.0,0.9,0.0,0.1,0.0,0.0,5.0,0.7,0.3,0.0,0.0,0.1,0.5,0.2,0.1,0.3,0.0,0.1,0.3,0.0,0.6,1.1,0.1,0.0,0.3,0.1,0.1,0.8,0.3,0.3,0.3,0.2,0.7,0.7,0.0,0.0,0.8,0.0,0.6,0.1,0.1,7.3,1.2,0.3,0.5,0.1,0.1,2.4,0.0,0.0,0.0,1.3,0.0,0.1,0.0,0.0,0.0,0.0,0.0,0.0,0.0,0.5,0.0,2.4,5.7,0.0,1.1,0.0,0.1,0.2,1.6,0.3,0.4,0.6,0.0,1.4,0.0,0.3,0.6,0.1,0.0,0.0,0.1,0.0,0.1,0.2,0.1,0.0,0.0,0.0,0.0,0.3,0.0,0.9,0.1,0.2,0.0,0.4,0.0,0.0,0.4,0.0,0.6,0.0,3.2,0.0,6.0,0.0,0.0,0.0,1.7,1.3,0.0,0.0,1.2,0.0,0.2,0.0,0.4,1.1,0.0,0.0,0.0,0.1,0.4,0.0,0.2,0.0,0.0,0.0,0.8,0.1,0.0,0.0,0.0,0.0,0.0,0.6,0.4,0.0,8.0,0.8,0.0,0.1,0.0,0.0,0.3,0.0,0.0,0.0,0.0,0.1,0.0,0.0,1.8,0.0,0.0,0.0,0.0,0.0,0.0,0.0,0.0,0.0,0.0,0.0,0.0,0.0,0.0,0.0,0.0,0.2,0.0,0.0,0.0,0.0,0.0,0.0,0.0,0.0,0.0,0.0,0.0,0.2,0.0,0.0,0.0,0.0,0.0,0.0,0.0,0.0,0.0,0.1,0.0,0.0,0.0
53669_POS_SU,pos,Level 2,Ethyl 4-(dimethylamino)benzoate,Anthropogenic,UV filter / cosmetic preservative,39.5,0.1,0.0,2.0,0.0,0.0,0.0,4.9,0.0,1.0,0.0,1.0,0.0,0.8,0.0,0.0,0.0,36.4,0.0,0.0,0.0,0.0,0.0,0.5,0.0,0.9,0.0,0.5,0.0,4.7,0.0,1.0,0.0,0.0,0.0,0.0,0.0,4.4,0.0,0.7,0.0,0.2,0.0,0.0,0.0,0.0,0.0,0.2,0.0,0.0,0.0,0.5,0.0,3.4,0.0,1.5,0.0,0.0,0.0,0.0,0.0,1.2,0.0,2.5,0.0,0.0,0.0,1.0,0.0,1.6,0.0,1.0,0.0,0.1,0.0,0.0,0.0,0.1,0.0,2.7,0.0,4.1,0.0,1.8,0.0,0.9,0.0,0.2,0.0,0.0,0.0,2.9,0.0,0.8,0.0,0.5,0.0,0.0,0.0,2.7,0.0,1.7,0.0,0.8,0.0,3.4,0.0,0.0,0.0,11.7,0.0,5.2,0.0,14.9,0.0,5.9,0.0,1.3,0.0,0.6,0.0,2.7,0.0,0.0,0.0,1.4,0.0,7.0,0.0,2.1,0.0,0.8,0.0,0.0,0.3,0.3,0.0,3.1,0.0,0.0,0.0,0.0,0.0,0.1,0.0,5.0,0.0,2.2,0.0,0.1,0.0,1.3,0.0,2.9,0.0,0.0,0.0,19.8,0.0,0.0,0.0,7.2,0.0,0.6,0.0,0.4,0.0,2.8,0.0,1.4,0.0,8.2,0.0,6.3,0.0,37.0,0.0,22.5,0.0,11.1,0.0,1.0,0.0,9.1,0.0,4.3,0.0,4.1,0.0,6.3,0.0,2.4,0.0,1.4,0.2,10.5,0.0,2.8,0.0,1.1,0.0,0.6,3.3,0.0,18.5,0.8,0.0,0.0,0.0,0.0,0.0,5.6,0.0,0.9,0.0,7.3,0.0,2.0,0.0,4.6,0.0,18.9,0.0,0.8,0.0,0.1,0.0,4.0,0.0,0.2,0.0,15.8,0.0,0.0,0.0,0.0,1.5,0.3,0.0,2.2,0.0,10.0,0.0,0.4,0.0,3.0,0.0,1.1,0.0,1.5,0.0,1.2,0.0,0.3,0.0,0.4,0.0,1.0,0.0,1.1,0.0,6.2,0.0,9.9,0.0,2.2,0.0,2.4,0.0,0.0,0.0,0.0,0.0,2.6,0.0,0.0,0.0,0.0,0.0,1.7,0.0,1.6,0.0,0.0,0.0,0.2,0.0,14.3,0.0,0.9,0.0,4.5,0.0,0.3,2.3,0.7,0.0,0.0,0.0,5.3,0.0,1.1,0.0,0.2,0.0,0.0,0.0,2.4,0.0,0.0,0.0,0.5,0.0,13.9,0.0,0.8,0.0,0.0,0.0,0.0,0.0,0.0,1.8,0.0,0.5,0.0,0.7,0.0,3.3,0.0,7.5,0.0,0.5,0.0,6.9,0.0,8.3,0.0,27.7,0.0,1.6,0.0,3.6,0.0,0.0,1.3,2.4,0.0,0.0,0.0,3.4,0.0,1.4,0.0,1.1,0.0,3.6,0.0,0.0,0.1,123.9,0.0,0.3,0.0,1.7,0.0,2.3,0.0,4.9,0.0,0.0,0.0,0.0,0.0,0.0,2.1,0.0,4.5,0.0,0.0,0.0,0.5,0.0,0.0,0.0,0.4,0.0,1.3,0.0,0.0,0.0,2.4,0.0,2.2,0.0,0.0,0.0,0.0,0.1,0.0,0.0,0.3,0.0,0.6,0.0,0.0,0.0,0.0,0.0,0.2,0.0,0.0,0.0,0.0,0.0,0.7,0.0,1.3,0.0,1.1,0.0
54250_POS_SU,pos,Level 2,"3-(2-methylpropyl)-3a,4,5,6-tetrahydro-2-benzofuran-1(3H)-one",Natural,Fragrance / flavor compound,57.1,11.7,0.0,24.2,0.0,10.9,0.0,31.5,0.0,34.3,0.0,11.4,0.0,34.6,0.0,14.4,0.0,38.7,0.0,22.5,0.0,0.0,0.0,5.2,0.0,75.7,0.0,40.3,0.0,53.7,0.0,110.7,0.0,15.1,0.0,23.4,0.0,22.2,0.0,29.2,0.0,8.3,0.0,4.0,0.0,28.0,0.0,6.0,0.0,13.2,0.0,69.5,0.0,52.6,0.0,58.5,0.0,79.7,7.2,62.2,1.3,103.3,0.0,133.6,3.8,25.4,0.0,84.4,0.0,82.4,0.0,97.9,0.0,140.0,0.2,37.7,0.0,60.9,0.0,309.8,0.0,176.1,0.4,26.5,0.0,138.9,0.0,35.9,0.3,48.4,0.0,80.6,2.8,136.2,0.0,242.8,0.0,44.7,1.5,240.8,0.0,207.8,0.0,196.9,0.0,71.0,0.0,10.8,0.0,149.6,0.0,199.7,0.0,135.7,0.0,221.5,0.0,38.9,0.0,34.6,0.0,74.1,0.0,110.1,0.0,106.6,0.0,116.8,0.0,110.0,0.0,90.6,0.0,153.0,7.5,347.8,0.0,106.9,0.0,28.4,1.4,311.9,0.0,86.6,0.0,148.4,0.0,255.6,0.0,39.6,0.0,7.5,0.0,13.1,0.0,3.1,0.0,62.4,0.0,3.7,0.0,91.9,0.0,5.2,0.0,23.2,0.0,45.1,0.0,7.1,0.0,330.8,0.0,1.5,0.0,24.9,0.0,32.0,0.0,41.3,0.0,13.7,0.0,45.1,0.0,5.4,0.0,17.2,0.0,13.2,0.0,27.1,0.0,59.3,27.7,30.4,1.6,104.1,4.5,16.2,0.0,4.3,23.6,3.4,33.9,9.7,0.0,0.0,0.0,0.0,0.0,14.8,0.0,6.5,0.0,29.8,0.0,29.9,0.0,9.1,0.0,238.7,1.7,22.0,0.0,0.8,0.0,18.6,0.0,24.2,0.0,271.5,1.8,0.0,0.0,0.0,31.5,50.7,0.0,15.7,0.0,44.1,0.0,30.0,0.0,73.0,2.2,21.4,0.0,39.9,0.0,31.0,0.0,24.6,0.0,10.3,0.0,30.6,0.0,25.2,0.0,40.1,0.0,125.9,0.0,32.0,0.0,54.3,10.7,4.8,0.0,4.1,0.0,156.2,0.0,34.2,11.9,36.7,0.0,91.2,0.0,64.2,0.0,31.5,0.0,25.6,0.0,75.3,0.0,35.1,0.0,10.4,0.0,35.3,2.3,100.3,0.0,18.9,0.0,75.3,0.0,7.8,0.0,10.3,0.0,47.8,0.0,43.0,0.0,26.1,0.0,15.7,0.0,35.4,0.0,24.9,0.0,21.8,0.0,24.1,0.0,1.1,54.4,1.9,20.4,0.7,103.4,1.1,51.1,0.2,104.9,0.0,22.8,0.9,155.0,0.0,57.1,0.0,117.0,0.0,48.6,0.0,16.9,0.0,18.2,10.6,89.8,3.0,49.8,0.1,53.9,0.0,128.2,5.0,65.0,0.0,16.8,0.0,6.1,0.0,19.9,0.0,87.5,0.1,86.0,0.0,51.8,0.0,38.4,4.3,5.8,35.7,0.0,27.0,0.0,51.9,0.0,43.7,0.0,3.3,0.0,74.5,0.0,23.3,0.0,80.1,0.0,29.0,0.0,9.7,0.0,39.9,2.0,27.8,0.0,16.5,0.0,0.0,12.6,7.4,0.0,41.4,0.0,22.7,0.0,30.0,0.0,17.8,0.0,40.7,0.0,4.1,0.0,6.0,0.0,36.7,0.0,6.3,0.0,103.6,0.0
55082_POS_SU,pos,Level 2,"3,4,5-Trimethoxybenzaldehyde",Natural,"Natural product – plant/fungal metabolites, terpenes, flavonoids, alkaloids, etc.",81.0,0.2,0.2,0.5,0.9,0.5,0.9,1.8,1.0,1.5,0.5,0.8,0.6,3.4,0.6,0.4,0.5,1.4,1.0,0.2,1.3,1.6,0.7,0.5,1.0,0.6,0.6,0.4,0.6,0.8,0.6,0.5,0.0,0.9,0.4,0.2,0.2,1.1,0.5,0.2,0.0,0.6,0.3,0.5,0.0,0.8,0.0,0.2,0.2,0.9,0.0,4.1,1.1,3.3,0.0,1.7,0.6,3.6,0.0,2.2,0.1,0.0,0.7,8.9,0.4,0.3,0.2,0.0,0.2,1.3,0.1,0.9,0.1,12.1,0.1,1.0,0.4,0.3,0.8,6.7,0.3,3.4,0.3,0.7,0.2,0.8,0.0,4.1,0.6,1.5,0.8,0.8,0.7,2.9,1.3,5.5,1.0,0.5,0.4,1.6,0.4,0.5,1.7,1.0,0.2,0.1,0.4,0.1,0.1,1.3,0.4,0.6,0.4,0.2,1.0,0.0,0.2,1.9,0.3,0.2,1.0,0.3,0.3,0.0,0.1,0.2,0.2,0.1,0.2,1.2,0.0,0.0,0.1,0.6,0.0,0.0,0.0,1.4,0.6,1.0,0.0,0.5,0.5,0.1,0.6,0.2,0.0,1.4,0.1,0.3,0.2,0.5,0.0,0.1,0.1,0.0,0.4,1.6,0.0,0.0,4.2,0.0,1.8,0.0,0.0,0.1,1.2,0.1,0.6,0.0,0.6,1.3,0.5,0.3,0.0,0.0,2.4,3.7,0.6,2.0,0.6,1.2,0.3,0.0,0.6,0.1,0.3,0.0,0.5,1.1,1.7,2.7,1.5,1.0,0.4,0.2,0.7,3.5,0.7,0.7,0.6,1.5,0.3,0.1,0.7,0.2,0.0,0.0,0.0,0.0,0.0,0.6,2.2,0.7,3.3,1.2,1.0,0.4,0.3,0.8,0.5,0.2,0.5,0.6,0.9,1.2,0.6,3.9,0.2,2.4,0.8,1.0,0.6,0.0,0.0,0.6,0.5,1.3,0.8,1.9,1.5,0.8,1.6,1.4,2.9,2.9,0.8,1.3,0.8,2.0,0.5,0.6,0.3,4.1,2.0,0.3,0.6,1.0,0.3,1.6,0.5,0.4,0.7,1.4,1.5,1.0,0.5,3.1,2.7,1.1,1.0,1.0,0.4,0.1,0.0,0.4,0.3,0.7,0.0,1.4,0.3,0.8,0.2,0.8,0.0,1.5,0.4,0.2,0.0,0.6,0.1,0.0,2.0,1.4,1.7,0.0,0.0,0.1,0.0,0.2,0.0,0.1,0.0,0.0,0.0,0.0,0.0,0.1,0.0,0.4,1.2,0.0,0.0,0.9,0.0,2.2,0.0,0.0,1.6,0.3,0.1,0.4,1.8,0.2,0.2,0.9,2.9,0.4,0.7,0.3,1.0,0.1,1.0,0.6,0.1,0.5,0.2,0.7,5.6,0.0,1.0,0.3,0.1,0.0,0.3,0.0,0.0,0.3,0.2,0.1,0.6,0.1,0.7,0.2,10.4,0.2,0.3,0.3,0.1,0.4,0.2,0.1,0.2,0.0,0.1,0.3,0.3,0.2,0.4,0.7,0.4,0.6,0.0,0.0,0.0,0.0,0.1,0.4,1.1,0.0,0.0,0.6,0.0,0.1,0.1,0.2,0.1,0.3,0.0,0.9,0.1,1.0,0.0,0.3,0.1,0.2,0.1,0.3,0.3,0.4,0.0,0.6,0.1,0.0,0.0,0.3,0.0,0.0,0.0,0.4,0.0,0.6,0.0,0.3,0.2,0.5,0.2,0.6,0.1,0.5,0.1
55098_POS_SU,pos,Level 2,"1,2-Diphenylethanone",Natural,Fragrance / flavor compound,88.6,10.6,0.2,27.9,0.8,78.5,1.1,41.1,0.5,31.4,0.1,30.2,0.6,45.9,0.2,17.9,0.8,23.9,0.5,41.9,0.5,0.0,2.4,25.2,0.7,35.1,0.2,77.2,1.7,145.2,1.2,36.5,0.3,13.3,0.7,4.0,0.7,33.2,0.0,37.0,0.8,9.2,1.0,26.4,0.5,17.8,0.9,15.5,0.1,19.5,0.4,33.6,0.3,23.1,2.2,34.7,0.3,113.9,12.2,9.8,1.9,38.1,0.5,671.8,18.3,92.5,3.4,31.3,1.1,29.4,0.6,17.4,1.7,35.1,0.8,51.5,0.2,19.8,2.6,56.8,1.0,38.9,1.9,21.3,1.2,117.6,0.2,42.4,2.6,38.6,0.6,106.6,3.7,30.8,2.3,21.7,0.6,30.9,3.9,33.3,2.1,15.5,0.7,12.3,1.5,42.4,0.0,4.2,0.5,40.4,0.4,206.8,0.9,49.3,0.3,13.5,1.7,48.6,1.0,9.8,2.0,28.6,1.1,4.9,0.4,33.6,0.7,28.2,0.3,9.7,0.0,16.7,0.7,161.5,208.9,12.2,1.1,53.0,1.4,13.4,1.6,8.0,0.0,12.8,0.6,14.9,1.6,106.3,2.5,16.3,1.5,29.7,0.3,107.1,3.0,9.6,0.7,49.3,0.6,6.2,0.6,19.3,0.7,49.3,0.7,17.9,0.4,9.9,0.1,27.6,0.3,84.5,0.3,76.8,0.2,29.9,0.7,22.7,0.0,40.6,0.5,38.7,0.1,43.1,0.3,24.1,0.1,35.9,0.8,36.2,1.6,42.3,0.9,31.4,4.1,35.5,2.2,180.7,3.3,19.1,3.1,32.4,79.7,14.3,20.0,22.1,0.0,0.0,0.0,0.0,0.0,38.0,0.8,18.0,1.1,24.3,1.7,49.7,0.7,21.6,1.5,101.1,3.7,29.7,2.0,13.0,0.1,22.1,0.3,24.6,0.8,63.6,2.0,0.0,1.2,2.4,81.0,38.8,4.4,19.7,1.2,54.7,2.0,22.4,1.6,129.7,4.0,38.8,0.7,94.3,6.6,62.7,1.4,40.9,1.1,5.0,1.2,41.6,0.8,27.6,0.3,23.2,0.8,39.6,1.7,36.3,4.3,70.2,5.0,28.5,0.6,19.4,0.2,130.9,0.0,17.9,21.8,10.5,0.0,37.3,0.4,62.3,0.9,10.0,0.1,269.6,1.6,125.4,3.2,16.7,1.2,45.9,0.0,23.0,0.0,39.0,0.0,37.7,0.0,47.4,0.0,44.5,0.0,22.1,0.0,32.5,0.0,41.6,0.0,35.4,0.4,169.2,0.0,57.1,0.0,17.4,0.1,18.2,0.5,9.5,0.0,1.1,69.4,1.7,22.5,1.7,89.9,1.4,222.7,2.4,25.1,0.1,173.3,1.2,406.6,1.6,195.8,2.2,213.3,1.3,32.1,1.0,176.2,1.4,19.4,6.6,30.1,2.6,22.2,2.3,73.7,1.7,67.0,2.1,72.6,0.8,168.0,1.8,7.8,1.7,29.7,1.2,11.4,0.4,34.5,0.4,28.7,0.0,21.0,7.0,22.3,28.3,0.0,26.6,0.0,27.2,0.2,68.8,0.0,6.9,0.0,37.4,0.0,37.9,0.0,397.8,8.2,48.3,0.2,18.6,0.0,23.6,3.2,68.1,0.0,24.2,0.0,0.0,22.2,16.3,0.0,31.2,0.0,15.9,0.0,35.0,0.0,9.1,0.0,22.1,0.0,12.0,0.0,11.2,0.0,16.7,0.0,16.0,0.0,44.1,0.0
55138_POS_SU,pos,Level 2,Loliolide,Natural,Fragrance / flavor compound,96.4,2.1,3.1,4.1,3.7,1.3,6.7,1.5,6.6,4.3,2.0,2.2,2.3,2.3,1.9,0.4,1.5,3.3,2.6,1.6,3.4,2.1,0.5,2.6,1.6,3.9,1.2,2.6,6.2,7.1,6.6,4.6,2.7,3.6,3.9,5.4,2.2,11.2,4.4,4.1,6.5,5.4,6.2,9.4,2.0,5.8,6.0,2.8,10.3,6.6,9.3,9.3,16.7,5.8,12.9,5.0,27.0,4.5,9.0,2.3,14.7,2.9,20.7,23.6,15.2,2.0,51.2,3.7,6.5,3.2,20.1,8.3,9.0,4.7,14.3,2.8,10.0,3.3,24.3,8.1,6.6,14.1,8.4,5.2,8.7,5.4,5.4,9.7,12.5,12.6,25.0,0.0,13.6,4.1,64.4,7.1,7.5,6.7,12.1,3.3,9.1,4.5,2.5,2.6,2.3,2.9,0.5,0.0,1.1,4.2,1.0,3.0,2.7,19.7,1.9,2.4,2.0,2.5,1.6,1.4,4.4,3.7,2.6,18.8,0.8,23.4,2.9,2.1,3.0,4.8,4.8,4.7,1.6,2.7,0.0,2.0,2.1,8.2,1.3,1.9,4.0,1.9,0.0,14.1,0.3,4.1,1.2,11.5,1.9,3.9,0.8,10.8,10.9,4.3,0.9,1.7,9.4,6.3,10.6,0.8,16.7,1.5,11.0,8.8,6.2,1.1,5.1,9.8,2.4,7.3,1.8,12.0,3.1,8.0,1.3,10.4,26.1,2.0,5.3,9.8,6.4,2.4,5.6,1.6,8.6,3.8,4.1,1.4,8.9,7.4,11.0,15.6,8.7,7.9,6.6,12.8,3.2,0.2,13.6,2.1,3.4,11.8,9.3,15.1,1.0,5.6,0.0,0.0,0.0,0.0,0.0,1.3,1.8,3.5,1.6,7.6,2.7,3.3,0.6,1.7,0.9,13.0,4.0,1.3,1.0,4.4,0.8,9.1,0.7,19.7,3.4,3.1,3.3,0.0,0.5,2.8,3.2,3.5,7.8,2.2,1.4,1.2,5.5,6.8,5.0,10.4,3.8,1.6,6.6,7.6,7.6,4.8,2.0,42.6,10.0,4.2,6.7,3.4,5.4,2.2,5.6,3.1,5.8,15.7,7.2,15.6,3.7,7.4,6.9,2.2,8.0,4.9,0.0,7.3,0.2,20.6,10.2,10.5,0.0,2.4,2.0,3.2,0.6,1.2,0.1,1.2,0.3,9.5,2.4,8.8,1.2,1.4,1.4,3.5,16.9,1.6,0.5,5.1,0.0,5.8,4.2,4.0,0.0,3.8,0.5,2.7,0.2,0.4,0.7,4.6,0.2,4.1,1.3,8.4,0.3,4.0,0.0,1.1,0.1,5.4,0.4,7.8,4.9,13.5,5.8,7.9,11.0,11.4,5.5,7.9,6.4,3.1,1.3,5.6,1.8,11.2,3.2,11.2,58.2,4.7,1.5,10.3,11.9,9.2,0.2,11.2,1.3,7.6,6.2,3.2,3.6,10.0,6.2,7.3,5.6,9.8,0.8,7.7,0.5,6.4,1.6,8.8,3.2,4.2,8.2,4.8,6.0,8.1,1.7,12.2,3.8,13.2,5.1,2.0,3.9,7.3,9.9,7.0,126.8,6.6,8.1,8.3,2.4,9.1,4.1,11.1,4.1,11.3,6.6,6.1,7.6,11.6,4.6,13.2,3.7,6.6,5.2,4.5,7.5,5.7,2.6,6.6,5.5,3.3,4.2,4.3,3.9,1.2,2.4,7.0,2.8,3.8,1.5,4.3,4.6,7.3,2.5,6.0,3.8,9.5,0.6
55145_POS_SU,pos,Level 2,Cyclo(L-Val-L-Pro),Natural,Amino acid / peptide / nucleoside,22.9,0.8,0.0,0.0,0.0,0.7,0.0,0.2,0.0,0.0,0.0,0.0,0.0,1.1,0.0,0.2,0.0,0.0,0.0,0.0,0.0,0.0,0.0,0.6,0.0,0.2,0.0,0.7,0.0,0.0,0.0,0.2,0.0,0.0,0.0,0.0,0.0,0.0,0.0,0.0,0.0,0.0,0.1,0.0,0.0,0.0,0.0,0.0,0.0,0.0,0.0,1.4,0.0,0.0,0.0,0.0,0.0,0.0,0.0,0.0,0.2,0.0,0.0,0.0,0.0,0.0,0.0,0.0,0.0,0.0,0.1,0.0,0.0,0.2,0.0,0.0,0.0,0.0,0.2,0.1,0.0,0.0,0.0,0.0,0.0,0.3,0.0,0.0,0.0,0.0,0.0,0.0,0.0,0.0,0.4,0.0,0.0,0.0,0.0,0.0,0.0,0.2,0.0,0.1,0.0,0.0,0.0,0.1,0.0,0.2,0.0,0.4,0.0,1.2,0.0,0.6,0.0,0.1,0.0,0.1,0.0,0.2,0.0,0.0,0.0,2.9,0.0,0.8,0.0,0.1,0.0,0.2,0.0,0.1,0.0,0.0,0.0,1.1,0.0,0.0,0.0,0.0,0.0,0.0,0.2,0.1,0.0,0.8,0.0,0.0,0.0,0.0,0.1,0.3,0.0,0.0,0.0,1.1,1.5,0.0,0.3,1.0,0.0,0.3,0.0,0.0,0.0,0.0,0.0,0.6,0.0,1.0,0.0,0.2,0.0,0.0,0.1,0.0,0.0,1.0,0.0,0.8,0.0,0.4,0.0,0.0,0.0,0.0,0.0,0.0,0.1,2.2,0.0,0.0,0.0,0.4,0.0,0.4,0.0,0.0,0.0,0.8,1.0,0.3,0.0,0.1,0.0,0.0,0.0,0.0,0.0,0.1,0.0,0.0,0.0,6.7,0.0,0.7,0.0,0.0,0.0,0.6,0.0,0.0,0.0,0.0,0.0,0.4,0.0,0.2,0.0,0.1,0.0,0.0,0.0,0.0,0.0,0.0,0.0,0.0,0.0,0.1,0.0,0.0,0.3,0.0,0.0,0.0,0.0,0.6,0.0,0.0,0.0,0.0,0.1,0.0,0.0,0.0,0.0,0.3,0.0,0.6,0.0,0.2,0.0,0.2,0.0,0.4,0.0,0.0,0.0,0.0,0.0,0.4,0.0,0.0,0.0,0.0,0.0,0.0,0.0,0.1,0.0,0.0,0.0,0.0,0.0,0.0,0.0,0.0,0.0,0.0,0.0,0.5,0.3,0.0,0.0,0.0,0.0,0.1,0.0,0.0,0.0,0.0,0.0,0.0,0.0,0.0,0.0,0.0,0.0,0.0,0.0,0.0,0.0,0.1,0.0,0.0,0.0,0.4,0.0,0.0,0.0,0.9,0.0,0.0,0.0,0.0,0.0,0.0,0.3,0.0,0.0,0.0,0.0,0.3,0.0,0.0,1.9,1.2,0.0,0.4,1.5,0.0,0.0,0.0,0.0,1.4,0.0,0.0,0.3,0.0,0.0,0.0,0.0,0.2,0.0,0.0,0.0,0.0,0.0,0.0,0.0,0.0,0.1,0.0,0.0,0.0,0.0,0.0,0.0,0.0,0.0,0.0,0.0,0.0,0.0,0.0,0.0,0.0,0.0,0.0,0.0,0.9,0.0,0.0,0.0,0.0,0.0,0.0,0.0,0.0,0.0,0.1,0.0,0.0,0.0,0.0,0.0,0.0,0.0,0.0,0.0,0.0,0.0,0.0,0.0,0.0,0.0,0.0,0.0,0.0,0.0,0.0,0.0,0.0,0.0,0.0,0.0,0.1,0.0
55624_POS_SU,pos,Level 2,N-Octyl-2-pyrrolidone,Anthropogenic,Alcohol / glycol / ether,88.1,10.6,0.0,15.8,2.7,11.9,0.8,41.9,1.7,11.7,0.2,8.9,3.2,43.1,0.1,42.8,1.1,15.4,0.2,48.6,0.0,0.0,0.9,7.5,0.0,0.2,0.1,4.0,0.9,9.3,1.1,8.8,0.0,10.6,0.8,3.5,3.4,17.9,0.0,10.7,4.0,3.4,5.0,5.1,0.3,12.3,3.3,4.8,2.5,116.7,1.7,280.5,5.2,20.0,8.3,21.0,12.5,45.4,16.0,174.6,16.7,24.2,0.3,161.3,12.8,42.4,4.4,15.4,4.5,10.9,1.1,44.1,8.7,13.5,5.6,8.7,1.5,9.0,24.1,313.8,9.9,27.0,11.9,7.5,10.8,21.0,8.6,16.3,22.8,8.5,0.9,16.1,15.1,6.2,7.3,53.6,0.3,17.0,6.8,24.3,2.9,574.7,8.1,5.4,8.6,30.9,0.6,0.0,1.9,19.6,0.5,247.4,1.5,77.6,0.8,9.3,1.2,11.2,4.5,5.4,2.7,47.1,7.2,70.3,1.6,9.7,0.6,150.7,1.2,3.4,0.2,141.6,2.3,493.4,18.3,147.5,2.1,202.3,5.9,6.6,6.4,10.4,0.0,77.2,2.9,4.3,4.4,454.8,6.5,11.1,2.9,3.8,4.5,9.3,6.3,1.9,6.4,44.1,8.1,2.3,22.8,26.0,7.0,12.6,7.9,8.1,6.0,18.3,5.4,4.6,1.6,260.3,2.5,13.5,4.3,1306.3,26.3,8.3,1.3,108.0,10.3,24.4,5.1,14.4,8.6,253.2,49.5,9.7,7.1,11.4,17.6,14.2,19.2,63.4,54.1,15.6,12.3,96.1,18.8,10.3,5.2,4.7,7.3,3.3,20.7,7.1,0.0,0.0,0.0,0.0,0.0,2.3,0.1,17.3,0.2,3.1,0.0,8.4,0.0,7.5,1.0,35.8,1.9,3.6,0.2,2.5,0.0,4.6,0.0,7.9,2.7,17.2,0.5,0.0,0.0,0.1,8.0,9.0,3.4,44.5,0.5,6.7,0.1,38.3,3.1,21.7,3.4,6.5,2.1,13.2,7.5,5.4,2.4,13.3,12.9,1.3,1.0,13.2,3.3,66.7,4.7,13.4,1.8,4.5,1.4,2.8,0.1,8.9,2.2,4.5,0.4,2.1,0.0,61.0,0.4,38.7,21.6,6.5,0.0,29.0,0.0,11.3,0.0,4.0,0.0,3.0,0.0,16.7,3.2,1.7,0.0,4.5,0.0,13.6,0.0,6.6,0.0,4.7,0.0,0.0,0.0,8.2,0.0,0.0,0.0,0.0,0.0,8.8,0.0,105.6,0.0,6.2,0.0,13.4,0.0,199.0,0.0,3.2,0.0,1.3,0.0,67.8,671.3,30.6,29.6,88.1,2677.0,104.5,1725.5,54.1,288.1,10.1,70.8,19.2,54.2,61.2,48.7,34.2,757.8,26.8,74.3,40.8,111.1,27.3,48.6,153.6,211.1,53.3,323.2,149.8,985.0,46.7,1238.7,61.1,1748.2,46.1,51.1,69.1,20.8,48.8,53.8,54.5,101.7,15.3,52.1,21.7,389.2,15.1,203.9,78.7,68.3,5.3,1.3,8.9,2.8,14.2,7.1,35.9,0.9,2.8,2.1,14.5,0.0,10.1,1.7,7.1,0.6,9.4,2.1,7.4,2.1,10.1,1.1,11.7,0.0,11.4,0.0,2.9,14.2,6.1,2.1,14.1,5.1,5.3,1.3,7.7,1.3,2.5,0.0,7.2,0.0,6.0,0.0,5.3,1.9,5.3,0.2,5.9,0.4,15.7,1.8
56453_POS_SU,pos,Level 2,Pyrimethanil,Anthropogenic,Pesticide / biocide,72.6,0.2,0.0,3.1,0.0,1.6,0.0,9.5,0.2,2.7,0.1,1.1,0.0,2.1,0.3,0.4,0.0,3.4,0.0,3.8,0.0,0.0,0.0,1.1,0.0,2.0,0.0,1.7,0.5,6.6,0.4,6.7,0.2,4.3,0.0,0.7,1.2,10.1,13.8,2.5,14.0,3.2,55.6,2.3,21.7,8.0,10.6,10.5,9.7,2.4,14.4,1.5,1.6,22.3,1.0,30.5,0.3,123.5,1.3,1.2,1.5,1.4,3.7,8.9,2.6,3.0,5.5,8.0,6.4,6.5,2.7,10.6,0.4,18.4,7.7,3.1,0.8,5.9,39.7,120.5,0.3,14.1,0.5,4.8,1.1,34.2,0.5,17.0,0.5,4.8,0.1,7.0,0.9,9.7,34.3,3.1,0.4,3.9,0.5,4.9,0.0,1.6,0.0,1.7,0.0,13.9,0.0,2.3,0.0,0.5,0.0,0.7,0.0,2.7,0.0,0.4,0.2,0.6,0.0,2.1,0.0,2.2,0.1,1.9,0.0,2.5,0.0,5.4,0.0,3.6,0.0,6.6,0.0,3.7,0.6,0.3,0.0,2.8,0.0,0.2,0.5,66.5,0.0,0.7,0.0,3.2,0.0,6.7,0.2,1.2,0.0,1.5,1.6,7.2,0.9,3.9,9.9,9.9,0.2,0.4,2.2,3.7,0.0,5.7,1.2,1.2,0.9,0.7,0.9,1.8,0.3,2.4,1.6,3.5,1.6,2.7,1.0,6.3,0.6,11.0,2.3,3.7,47.1,6.2,74.1,1.0,0.7,2.6,0.9,5.0,1.5,10.6,0.8,2.4,0.5,1.5,1.0,1.2,1.0,2.4,0.6,4.4,51.1,17.0,2.7,1.0,0.0,0.0,0.0,0.0,0.0,2.0,0.5,0.9,0.6,5.4,0.4,35.9,1.8,1.0,0.6,2.5,0.4,2.1,0.4,4.1,0.0,1.2,0.1,4.0,0.6,8.5,0.4,0.0,0.2,1.4,3.2,4.0,39.0,24.3,0.9,6.5,0.5,2.0,3.6,5.1,10.1,1.0,15.0,2.5,3.6,2.5,12.2,3.9,2.2,0.8,3.2,1.4,12.5,47.6,2.9,4.5,0.8,3.9,0.6,1.2,8.2,2.6,1.4,8.8,0.9,0.5,0.0,2.4,0.1,0.9,8.2,1.4,0.0,8.0,0.1,8.4,0.2,0.0,0.0,2.0,0.0,12.4,0.3,3.5,0.0,2.8,0.0,2.9,0.9,2.2,0.2,1.7,0.0,4.6,0.0,2.9,0.0,6.6,0.0,1.1,0.0,1.9,0.1,4.1,0.0,10.7,0.2,2.2,0.0,16.4,0.0,2.8,0.0,0.8,0.1,0.1,0.8,0.0,2.3,0.0,3.4,0.0,0.0,0.0,9.6,0.0,97.2,0.0,0.2,0.0,1.8,0.0,1816.7,0.0,0.3,0.3,5.1,0.0,0.0,0.0,0.1,0.0,0.0,0.0,0.9,0.0,2.8,0.0,1.3,0.0,0.0,0.0,0.0,0.0,0.4,0.0,0.3,0.0,0.0,0.0,0.0,0.0,0.0,0.0,0.0,0.2,0.0,0.3,0.0,0.9,0.0,2.1,0.0,0.7,0.0,2.0,0.0,0.0,0.0,2.3,0.0,1.0,0.0,6.2,0.0,2.4,0.0,1.4,0.0,0.7,0.4,0.0,3.0,1.5,0.0,0.4,0.0,0.7,0.0,1.2,0.0,0.0,0.0,2.8,0.0,3.2,0.0,1.3,0.0,0.6,0.0,0.1,0.0,1.0,0.0
57750_POS_SU,pos,Level 2,Diphenylsulfoxide,Anthropogenic,Industrial chemical,7.6,0.0,0.7,78.2,0.0,0.0,2.1,0.0,1.1,0.0,0.0,0.0,0.0,0.0,1.8,0.0,0.0,0.0,0.0,0.0,0.0,0.0,0.6,0.0,0.0,0.0,0.0,0.0,0.0,0.0,0.0,0.9,0.0,0.0,0.0,0.0,0.0,0.0,0.0,0.0,0.0,0.0,0.0,0.0,0.0,0.0,0.0,0.0,0.0,0.0,0.0,21.9,0.0,19.5,0.0,0.0,0.0,82.1,3.1,0.0,0.0,0.0,0.0,0.0,0.0,0.0,0.0,0.0,0.0,98.5,0.0,0.0,0.0,0.0,0.0,0.0,0.0,0.0,0.0,0.0,0.0,0.0,0.0,0.0,0.0,0.0,0.0,0.0,0.0,0.0,0.0,0.0,0.0,0.0,0.0,0.0,0.0,0.0,0.0,0.0,0.0,0.0,0.0,0.0,0.0,0.0,0.0,0.0,0.0,0.0,0.0,0.0,0.0,0.0,0.0,0.0,0.0,0.0,0.0,0.0,0.0,0.0,0.0,0.0,0.0,0.0,0.0,0.0,0.0,0.0,0.0,6.3,0.0,0.0,0.0,0.0,0.0,0.0,0.0,0.0,0.0,0.0,0.0,0.0,0.0,0.0,0.0,0.0,0.0,0.0,0.0,0.0,0.0,0.0,0.0,0.0,0.0,0.0,0.0,0.0,0.0,0.0,0.0,0.0,0.0,0.0,0.0,0.0,0.0,0.0,0.0,0.0,0.0,5.5,0.0,3.6,0.0,0.0,0.0,4.2,0.0,0.0,0.0,0.0,0.0,3.4,0.0,0.0,0.0,0.0,0.0,7.8,0.0,13.0,0.0,0.2,0.0,0.0,0.0,0.0,0.0,0.0,0.0,0.2,0.0,0.0,0.0,0.0,0.0,0.0,0.0,3.9,0.0,0.0,0.0,0.0,0.0,0.0,0.0,4.5,0.0,0.0,0.0,0.0,0.0,0.0,0.0,0.0,0.0,0.0,6.2,0.0,0.0,0.0,0.0,0.0,0.0,0.0,0.0,0.0,0.0,0.0,0.0,0.0,0.0,0.0,0.0,0.0,0.0,0.0,0.0,63.5,0.0,0.0,0.0,136.0,0.0,0.0,0.0,0.0,0.0,0.0,0.0,0.0,0.0,3.4,4.8,0.0,0.0,0.0,0.0,0.0,0.0,0.0,0.0,0.0,0.0,0.0,0.0,0.0,0.0,0.0,0.0,0.0,0.0,0.0,0.0,0.0,0.0,0.0,0.0,0.0,0.0,0.0,33.1,0.0,0.0,0.0,0.0,0.0,0.0,0.0,0.0,0.0,0.0,0.0,0.0,0.0,0.0,0.0,0.0,0.0,0.0,0.0,0.0,0.0,0.0,0.0,0.0,0.0,0.0,0.0,0.0,0.0,0.0,0.0,0.0,0.0,0.0,0.0,0.0,0.0,0.0,0.0,0.0,0.0,0.0,0.0,25.8,0.0,0.0,0.0,0.0,0.0,0.0,0.0,0.0,0.0,0.0,0.0,0.0,0.0,0.0,0.0,0.0,0.0,0.0,0.0,0.0,0.0,0.0,0.0,0.0,0.0,0.0,0.0,3.0,0.0,8.2,0.0,0.0,0.0,0.0,0.0,0.0,0.0,0.0,0.0,0.0,0.0,0.0,0.0,0.0,0.0,0.0,0.0,0.0,0.0,0.0,0.0,0.0,0.0,0.0,0.0,0.0,0.0,0.0,0.0,0.0,0.0,0.0,0.0,0.0,0.0,0.0,0.0,0.0,0.0,0.0,0.0,0.0,0.0,0.0,0.0,0.0,0.0,0.0,0.0,0.0,0.0,0.0
58355_POS_SU,pos,Level 2,Crotamiton,Anthropogenic,Pharmaceutical,84.5,0.4,0.2,0.0,1.3,0.3,3.2,0.9,0.3,0.0,1.1,0.5,0.9,0.6,0.0,0.0,3.4,0.0,2.3,0.6,4.0,0.0,3.2,0.0,2.2,0.2,1.8,1.0,23.9,3.2,13.8,1.7,6.7,0.1,3.6,0.2,0.2,1.8,22.1,1.4,1.8,0.3,4.6,0.1,21.9,2.0,0.2,0.0,9.3,12.0,18.2,44.7,0.0,8.6,0.3,413.0,0.0,795.5,0.1,5.8,2.3,4.0,3.1,0.4,0.5,1.1,0.8,4.4,0.4,0.8,0.0,24.6,7.3,56.4,0.1,123.5,0.0,0.7,11.8,149.8,10.4,1.1,2.3,4.4,10.6,2.1,5.4,2.2,2.1,0.7,0.0,5.8,20.2,5.9,1.2,0.6,3.8,0.0,16.7,1.8,0.7,11.6,0.2,8.4,0.8,210.2,2.0,0.9,1.7,12.4,4.8,19.9,0.1,42.9,3.8,7.4,10.0,22.2,0.0,91.7,13.5,388.3,22.0,6.5,3.5,38.6,7.3,13.3,0.0,146.6,6.2,9.4,14.0,12.2,2.6,882.6,9.6,365.5,15.7,8.3,19.3,5.8,2.4,35.3,5.9,18.2,7.0,173.7,23.3,8.6,30.6,0.0,11.9,14.7,0.3,0.3,10.4,2.4,28.3,0.2,13.1,0.2,15.3,0.3,11.5,0.5,8.9,0.5,1.3,0.1,2.9,2.6,6.5,0.9,7.0,29.5,0.0,0.0,2.1,0.1,16.7,0.5,4.7,1.8,0.7,10.8,18.5,0.0,0.0,18.4,29.5,3.9,30.3,1.9,0.5,0.0,15.3,0.8,11.2,2.8,11.4,0.1,2.8,0.1,0.5,5.6,0.0,0.0,0.0,0.0,0.0,1.3,0.5,0.7,0.3,1.3,19.5,1.6,0.0,0.0,0.0,2.7,4.9,0.4,0.2,0.2,0.0,2.2,0.1,0.3,3.8,2.5,8.0,0.0,0.0,7.6,0.1,0.9,9.0,0.4,0.7,10.4,0.5,0.1,15.4,4.4,6.3,0.2,3.4,0.5,9.0,0.7,0.0,0.3,6.7,0.2,1.1,0.8,0.2,0.2,6.0,0.3,0.0,1.6,0.4,0.2,0.2,6.4,0.2,0.0,0.0,0.0,0.3,69.1,6.4,0.1,0.3,9.9,0.2,1.1,0.0,1.3,1.6,0.5,2.8,2.6,1.8,4.4,0.0,0.2,2.5,1.1,1.3,0.8,0.4,20.4,3.3,6.8,0.1,85.0,3.4,12.2,2.7,6.3,4.0,8.1,2.8,7.9,6.6,32.0,1.9,4.0,2.1,1.5,2.9,1.1,2.5,0.7,0.7,0.3,3.1,6.1,0.1,0.2,1.7,0.3,0.6,0.3,0.7,0.8,14.2,0.0,3826.6,3.0,1.4,14.6,2.9,45.8,132.2,12.8,6.3,17.5,4.8,4.5,0.9,14.5,1.9,1.3,2.3,0.2,9.0,0.1,62.3,0.2,3.0,0.2,2.6,32.0,0.6,4.0,1.0,4.6,17.6,2.7,0.6,4.1,0.4,2.5,5.5,5.1,0.2,0.1,0.0,0.3,0.2,0.8,0.0,14.6,0.0,0.0,0.0,3.2,0.0,0.9,0.0,1.8,0.0,1.1,0.0,0.6,0.0,0.4,0.0,1.1,0.0,0.3,0.0,0.0,3.0,1.4,0.0,17.7,0.0,0.5,0.0,0.5,1.7,0.1,0.0,30.5,0.0,1.9,0.0,0.3,0.0,0.8,0.0,9.0,0.0,1.0,0.0
58930_POS_SU,pos,Level 2,Bisabolol,Natural,Fragrance / flavor compound,92.6,58.1,627.7,745.9,3.3,338.5,297.4,13.7,6.7,160.9,0.0,0.0,3.3,599.5,2.6,270.8,7.8,294.4,0.0,2335.4,254.7,0.0,635.1,950.1,201.1,98.3,40.9,970.8,0.0,1892.9,114.2,230.0,65.8,175.6,0.0,46.4,28.9,505.3,401.0,343.9,6.1,114.3,24.0,859.2,1.0,689.8,1.2,415.5,51.9,151.0,16.6,94.2,103.0,62.1,64.8,62.9,147.1,75.7,36.4,1019.5,49.9,208.4,125.6,615.7,46.6,204.4,13.0,567.5,16.1,3.4,19.6,346.2,94.3,6866.1,1793.7,25.5,86.6,3809.4,408.6,647.0,40.7,904.6,3.3,204.5,353.1,3108.1,1719.2,2595.9,0.0,190.2,36.2,303.1,4.6,243.3,633.8,1136.0,526.7,78.7,36.9,13.3,61.3,1503.4,41.3,201.3,29.7,311.5,4.9,149.7,4.0,1097.4,57.4,1215.7,48.2,1050.3,81.2,233.0,5.8,39.9,18.2,126.5,5.6,171.6,43.4,32.9,18.4,99.5,24.3,106.1,0.0,354.9,27.0,104.4,7.6,339.8,26.7,224.2,79.2,7.6,10.3,30.2,163.0,30.7,17.4,76.1,26.4,48.0,186.6,43.1,80.3,16.8,424.6,76.6,33.5,161.3,380.6,1729.5,308.1,419.5,26.6,19.2,0.0,132.4,200.9,67.1,82.1,163.7,0.0,903.2,43.4,16.7,246.9,23.4,10.2,18.0,11.7,1548.5,2.7,7.8,2.1,407.1,7.3,78.9,15.0,405.1,40.2,12.5,20.8,21.8,0.0,45.8,5.5,0.0,30.7,766.3,154.2,511.1,184.1,182.5,2.4,206.9,1.3,10.0,117.8,0.0,23.0,579.0,0.0,0.0,0.0,0.0,0.0,28.4,9.8,388.5,12.4,302.6,29.4,7.3,7.3,16.4,2.1,882.2,4.4,84.9,18.3,19.8,0.0,274.8,7.0,10.2,0.0,644.6,8.2,0.0,1.0,30.5,54.3,39.3,136.2,34.4,12.8,174.1,33.9,136.7,10.3,82.2,21.7,61.5,5.7,209.9,1.4,67.1,0.9,609.0,0.0,0.0,126.0,56.6,0.0,206.3,0.0,92.4,0.0,963.9,1063.1,69.1,0.0,148.1,16.6,81.8,95.9,129.8,31.2,779.5,7.4,40.5,62.4,24.2,11.9,52.7,0.0,65.6,4.1,1.8,39.5,213.9,83.2,203.9,0.0,19.6,34.5,561.3,5.7,399.7,42.8,122.2,181.6,344.7,82.6,186.8,0.0,74.1,94.1,126.5,5.4,426.6,14.1,44.7,29.5,303.2,17.5,229.8,24.8,693.7,13.5,405.0,24.2,73.7,11.1,0.0,1.0,1853.2,1065.1,28.9,48.0,1.4,623.0,118.5,618.8,180.6,242.5,106.8,1016.6,4.5,375.4,53.0,1801.4,52.1,143.0,43.0,95.9,23.3,262.1,36.6,18.7,0.6,432.2,863.7,78.7,10.8,59.0,68.5,47.7,1131.5,196.1,983.2,330.0,27.5,109.6,203.3,242.0,962.4,439.0,133.7,229.2,17.9,40.3,41.5,80.3,16.4,45.2,237.5,431.3,23.1,205.0,63.9,68.8,466.9,105.7,1.3,17.7,58.3,2.4,64.3,14.3,256.6,23.9,49.6,4.0,8.3,25.7,32.1,3.4,42.8,66.1,27.1,99.7,42.3,35.5,36.0,5.1,60.5,46.2,29.8,57.2,20.8,86.6,52.1,14.8,27.0,15.1,68.7,44.5,12.4,19.2,15.0,171.1,39.4,27.6,122.0,33.9
62209_POS_SU,pos,Level 2,Terbutylazine-2-hydroxy,Anthropogenic,Pesticide / biocide,11.7,0.0,0.0,0.0,0.0,0.0,0.0,0.0,0.0,0.0,0.0,0.0,0.0,0.0,0.0,0.0,0.0,0.0,0.0,0.0,0.0,0.0,0.0,0.0,0.0,0.0,0.0,0.0,0.0,0.0,0.0,0.0,0.0,19.7,0.0,0.0,0.0,0.0,0.0,0.0,0.0,0.0,0.0,0.0,0.0,0.0,0.0,28.0,0.0,0.0,0.0,799.1,0.0,0.0,0.7,149.9,0.0,0.0,0.0,2.6,0.0,0.0,0.0,0.0,6.6,113.4,276.3,20.0,0.0,0.0,8.8,1135.9,26.4,5.9,9.8,0.0,0.0,0.0,0.0,0.0,0.0,0.0,0.9,8.3,0.0,0.0,0.0,257.2,6.5,23.4,0.0,362.4,30.0,1.0,15.7,535.9,0.0,9.8,0.0,753.5,360.2,0.0,0.0,0.0,0.0,0.0,0.0,0.0,0.0,0.0,0.0,0.0,0.0,0.0,0.0,0.0,0.0,0.0,0.0,0.0,0.0,0.0,0.0,0.0,0.0,0.0,0.0,0.0,0.0,0.0,0.0,0.0,0.0,0.0,0.0,0.0,0.0,0.0,0.0,0.0,0.0,0.0,0.0,0.0,0.0,0.0,0.0,0.0,0.0,0.0,0.0,0.0,0.0,0.0,0.0,0.0,0.0,0.0,0.0,0.0,0.0,0.0,0.0,0.0,0.0,0.0,0.0,0.0,0.0,0.0,0.0,0.0,0.0,0.0,0.0,0.0,0.0,0.0,0.0,0.0,0.0,0.0,0.0,0.0,0.0,0.0,21.0,0.0,0.0,0.0,0.1,0.0,3.2,0.0,0.0,0.0,0.0,0.0,0.0,0.0,3.1,0.0,0.0,0.0,0.0,0.0,0.0,0.0,0.0,0.0,0.0,0.5,0.0,0.0,0.0,0.0,0.0,0.0,0.0,0.0,0.0,0.0,0.0,0.0,0.0,0.0,0.0,0.0,0.0,0.0,0.0,7.1,0.0,0.0,13.1,0.0,0.0,0.0,0.0,0.0,0.0,0.0,0.0,0.0,0.0,0.0,0.0,0.0,0.0,0.0,0.0,0.0,0.0,0.0,0.0,16.2,0.0,0.0,0.0,0.0,0.0,0.0,0.0,54.9,12.7,0.0,190.7,0.0,0.0,0.0,0.0,0.0,0.0,0.0,0.0,0.0,0.0,0.0,0.0,0.0,0.0,0.0,0.0,0.0,0.0,0.0,0.0,0.0,0.0,0.0,0.0,0.0,0.0,0.0,3.5,0.0,0.0,0.0,0.0,0.0,0.0,0.0,0.0,0.0,0.0,0.0,0.0,0.0,0.0,0.0,0.0,0.0,0.0,0.0,0.0,0.0,0.0,0.0,0.0,0.0,0.0,0.0,0.0,0.0,0.0,0.0,0.0,0.0,0.0,0.0,0.0,0.0,0.0,0.0,0.0,0.0,0.0,0.0,23.1,0.0,0.0,0.0,0.0,0.0,0.0,0.0,0.0,0.0,0.0,0.0,0.0,0.0,0.0,4.4,0.0,0.7,0.0,7.7,6.2,0.0,0.0,0.0,0.0,13.8,0.0,0.0,0.0,0.0,0.0,0.0,0.0,0.0,0.0,0.0,0.0,3.4,0.0,0.0,0.0,0.0,0.0,0.0,0.0,0.0,0.0,0.0,0.0,0.0,0.0,0.0,0.0,1.2,0.0,0.0,0.0,0.0,0.0,0.0,130.4,0.0,0.0,0.0,0.0,0.0,0.0,0.0,0.0,0.0,0.0,0.0,0.0,0.0,0.0,0.0,0.0,0.0,0.0,0.0,0.0,0.0,0.0
63495_POS_SU,pos,Level 2,"N,N-Dimethyl-N'-p-tolylsulphamide",Anthropogenic,Industrial chemical,39.0,0.0,0.0,4.5,0.0,113.9,0.0,0.0,0.0,7.1,0.1,3.1,0.1,0.0,0.0,2.1,0.0,7.1,0.0,12.8,0.1,0.0,0.0,4.6,0.0,0.0,0.3,0.0,0.1,0.0,0.1,0.0,0.0,0.7,0.0,1.4,0.0,0.0,0.1,0.1,0.0,0.1,0.4,8.4,0.4,6.0,0.0,0.0,0.3,0.0,0.0,0.0,0.0,0.0,0.0,0.2,0.0,0.0,0.0,0.4,0.0,2.3,0.1,0.0,0.0,0.3,0.0,6.6,0.1,4.1,0.0,0.0,0.0,4.8,0.0,0.0,0.0,0.2,0.0,7.4,0.0,0.0,0.0,0.0,0.0,32.3,0.0,0.6,0.0,0.0,0.0,12.0,0.0,0.6,0.0,0.0,0.0,0.1,0.0,4.7,0.0,0.0,0.0,0.0,0.0,0.0,0.0,0.0,0.0,0.0,0.0,0.0,0.0,0.0,0.0,0.0,0.0,0.0,0.0,0.0,0.0,0.0,0.0,5.7,0.0,0.4,0.0,0.0,0.0,0.0,0.2,0.0,0.0,0.0,0.0,0.0,0.0,0.0,0.0,0.0,0.0,0.0,0.0,0.0,0.0,1.0,0.0,0.0,0.0,0.0,0.0,0.0,0.0,8.6,0.0,3.5,0.0,0.0,0.0,2.2,0.0,0.2,0.0,0.0,0.0,0.0,0.0,0.0,0.0,0.0,0.0,0.0,0.0,0.0,0.0,31.6,0.0,0.3,0.0,0.0,0.0,0.0,0.0,14.9,0.0,0.0,0.0,3.1,0.0,0.0,0.0,26.3,0.0,0.0,0.0,0.0,0.0,3.4,0.0,0.0,0.0,0.0,0.0,0.0,36.8,0.0,0.0,0.0,0.0,0.0,0.0,0.8,0.0,0.2,22.9,0.9,0.0,0.5,0.0,0.0,0.0,0.0,0.0,2.8,0.3,0.0,0.0,0.0,0.0,0.0,0.0,0.0,0.0,0.0,0.0,1.6,0.0,0.0,0.0,0.0,0.0,0.8,0.0,1.2,0.1,0.0,0.0,0.3,0.0,0.0,0.0,0.0,0.0,0.0,0.6,234.1,0.0,0.0,0.0,0.4,0.0,0.0,0.1,0.4,0.0,3.5,0.0,0.0,0.0,0.0,0.0,4.7,0.0,5.1,0.0,0.1,0.2,0.0,0.0,0.8,0.0,0.1,0.0,0.1,0.0,0.3,0.0,4.8,0.0,0.0,0.0,0.6,0.0,0.0,0.1,0.0,0.0,0.5,0.0,0.6,0.0,23.4,1.8,1.1,0.6,7.0,0.0,3.0,0.0,0.0,0.0,0.0,0.0,1.1,0.0,7.3,0.0,0.2,0.0,0.0,0.0,0.0,0.0,0.1,0.0,0.0,0.0,0.2,0.0,0.0,1.1,0.0,0.0,0.2,20.0,0.0,0.0,0.0,0.9,0.5,14.2,0.0,0.0,0.0,0.0,0.0,0.0,0.0,0.6,0.0,0.0,0.1,0.0,0.4,0.1,0.6,128.4,0.0,0.0,0.4,4.2,0.0,0.1,0.0,0.0,0.1,0.0,0.0,12.7,0.0,0.0,3.0,2.2,14.1,7.3,35.7,3.4,1.6,7.0,1.8,6.8,2.8,5.7,3.5,2.4,37.4,92.3,3.4,2.5,0.7,1.9,17.0,261.3,51.6,943.9,6.3,2.0,6.0,53.0,115.2,3.2,1.2,2.4,6.5,1.9,0.1,0.9,0.2,0.0,1.9,1.4,18.2,3.8,118.2,3.7,41.3,2.5,4.8,17.6,5.9,0.5
64071_POS_SU,pos,Level 2,Ethyl 3-(N-butylacetamido)propionate,Anthropogenic,Industrial chemical,35.7,0.0,0.0,0.0,0.0,848.4,3.7,0.0,0.0,0.0,0.0,11.5,0.0,0.0,0.0,0.0,2.0,0.0,0.0,47.7,0.0,0.0,0.0,0.0,0.0,0.0,0.0,0.0,0.0,0.0,6.3,0.0,0.0,0.0,14.4,0.0,0.0,0.0,7.7,0.0,0.0,0.0,0.0,1.1,0.0,8.0,0.0,0.0,0.0,0.0,0.0,1.2,0.0,31.0,0.0,12.4,0.0,0.0,0.0,0.0,0.0,13.5,0.0,0.0,0.0,0.0,0.0,0.0,0.0,0.0,0.0,7.1,0.0,469.5,111.8,10.0,0.0,0.0,0.0,58.4,0.0,24.5,0.0,0.0,0.0,2.0,0.0,13.0,0.0,0.0,0.0,0.0,0.0,0.0,0.0,33.9,0.0,0.0,0.0,32.3,57.2,0.0,0.0,28.4,0.0,0.0,0.0,0.0,0.0,0.0,0.0,15.3,0.0,188.8,0.0,0.0,0.0,0.0,0.0,0.0,4.8,0.0,0.0,0.0,0.0,0.0,2.1,243.8,0.0,0.0,0.0,3.6,5.4,10.8,0.0,0.0,0.0,0.0,19.6,0.0,0.3,0.0,0.0,0.0,34.8,0.0,0.0,0.0,0.0,5.2,14.0,31.0,0.0,88.6,0.0,136.2,0.0,96.9,0.0,7.0,0.0,0.0,0.0,70.7,0.0,1723.5,4.4,15.5,0.0,102.8,0.0,562.1,0.0,740.7,20.2,61.2,0.0,0.0,0.0,237.9,4.8,646.5,51.9,324.7,76.6,117.6,1163.5,111.8,13.6,153.0,62.4,298.5,16.5,1074.6,0.0,27.2,0.0,639.6,48.2,4922.6,259.5,69.1,86.6,92.0,44.1,11.9,0.0,0.0,0.0,0.0,0.0,0.0,0.0,7.3,0.0,16.1,0.0,0.0,0.0,1.8,0.0,0.0,0.0,105.7,0.0,16.0,0.0,196.5,0.0,8.2,0.0,10.7,0.0,0.0,1.0,0.0,2.5,31.8,0.0,0.0,0.0,0.0,0.0,0.0,0.0,40.8,0.0,10.8,0.0,0.0,0.3,62.0,0.0,0.0,0.0,179.2,0.0,241.3,0.0,160.9,0.0,0.0,0.0,0.0,5.3,32.6,0.0,0.0,0.0,29.4,0.0,0.0,0.0,0.0,26.9,1265.8,938.7,125.5,0.0,1.9,14.6,371.2,0.0,0.0,0.0,333.2,0.0,24.0,0.0,0.0,0.5,0.0,54.2,0.0,36.1,199.4,0.0,0.0,0.0,8.7,9.3,0.0,0.0,0.0,18.0,0.0,0.0,1.5,0.0,0.0,0.0,0.0,0.0,8.8,0.0,7253.5,4.5,371.2,0.0,17.6,0.0,0.0,0.0,0.0,2.5,0.0,0.0,0.0,0.0,0.0,0.0,0.0,0.0,0.0,67.4,0.0,0.0,0.0,42.6,0.0,0.0,0.0,23.1,0.0,0.0,0.0,1.2,0.0,0.0,0.0,30.0,0.0,0.0,0.0,0.0,0.0,0.0,0.0,0.0,0.0,0.0,0.0,0.0,0.0,0.0,0.0,0.0,0.0,0.0,15.2,5.4,0.0,20.8,0.0,0.0,0.0,11.7,0.0,16.1,0.0,0.0,0.0,4.7,19.8,1.0,0.0,6.1,0.0,0.0,10.1,0.0,0.0,13.5,0.0,24.3,0.0,15.1,11.9,0.0,0.0,0.0,0.0,0.0,0.0,0.0,3.3,2.6,0.0,0.0,76.7,0.2,8.9,0.0,61.1,1.3,1340.8,0.0,0.0,0.0,121.8,0.0
69156_POS_SU,pos,Level 2,Tetraglyme,Anthropogenic,Alcohol / glycol / ether,66.4,4.5,0.0,1.8,0.0,0.2,0.0,6.2,0.0,1.0,0.0,39.2,0.0,0.6,0.0,25.1,0.0,98.6,0.0,0.3,0.0,0.4,0.0,0.7,0.0,0.1,0.0,0.1,0.0,0.6,0.0,1.1,0.0,19.5,0.0,0.0,0.0,0.8,0.0,1.8,0.0,8.0,0.0,0.2,0.0,1.4,0.0,0.8,0.0,5.7,0.5,1.4,0.0,1.1,0.2,5.6,0.0,2.6,0.2,0.9,0.1,0.5,0.0,0.5,0.4,0.6,0.1,1.7,0.0,1.0,0.0,55.0,0.0,3.5,0.5,2.6,0.0,0.4,0.0,3.5,0.0,2.6,0.0,1.1,0.2,1.7,0.0,1.9,0.1,1.3,0.0,0.0,0.1,0.7,0.1,2.7,0.0,1.2,0.1,1.6,0.0,0.5,0.0,151.6,0.5,17.7,0.0,0.1,0.0,2.8,0.0,3.8,0.0,1.6,0.0,4.0,0.0,0.2,0.0,0.1,0.1,75.6,0.1,6.6,0.0,122.0,0.0,1.9,0.0,0.6,0.0,1.7,0.0,4.6,0.1,72.7,0.0,2.6,0.0,1.3,0.1,101.6,0.0,1.0,0.0,4.2,0.0,1.2,0.1,1.4,0.5,0.3,0.4,0.6,0.3,0.1,0.2,1.2,0.2,0.3,0.8,0.7,0.0,0.1,0.0,0.4,0.0,0.0,0.0,0.2,0.0,0.5,0.0,1.0,0.1,0.4,0.2,0.0,0.0,6.4,0.2,1.0,0.1,54.4,0.1,35.7,0.2,0.2,0.0,1.5,0.1,0.0,0.1,0.4,0.5,2.7,0.0,53.2,0.8,0.1,0.0,1.3,0.5,1.4,0.3,0.3,0.0,0.0,0.0,0.0,0.0,0.1,0.0,5.8,0.0,0.2,0.0,0.2,0.0,0.2,0.0,2.7,1.3,0.8,0.0,0.8,0.0,0.4,0.0,1.1,0.0,1.4,0.0,0.0,0.0,0.0,0.4,0.2,0.1,0.9,0.0,0.4,0.0,0.4,0.0,0.8,0.2,0.4,0.0,0.3,0.0,0.7,0.0,0.3,0.0,0.4,0.0,0.7,0.0,0.7,0.0,0.2,0.0,1.1,0.0,0.0,0.0,0.8,0.2,19.4,0.0,2.0,0.0,9.2,0.1,2.7,0.7,96.7,0.0,4.6,0.2,3.3,0.0,1.4,0.0,2.1,0.0,1.8,0.1,0.8,1.0,0.8,0.0,3.7,2.9,1.5,0.0,2.2,0.0,20.0,0.0,4.1,0.0,0.2,0.0,0.7,0.0,2.5,0.0,6.8,0.0,14.9,0.3,1.0,0.0,2.0,0.1,3.1,0.1,0.4,0.0,0.1,1.1,0.9,0.7,0.2,1.9,0.3,3.8,0.2,1.9,0.3,1.7,0.1,0.5,0.3,1.9,0.3,3.0,0.1,0.5,0.3,3.4,0.5,1.0,0.5,9.1,2.5,0.9,0.4,46.4,0.1,1.6,0.5,1.4,0.1,2.7,1.6,6.4,0.6,451.1,0.7,6.5,0.3,2.7,0.2,9.8,0.1,4.1,0.7,2.8,7.8,0.0,0.5,0.0,5.9,0.0,8.1,5.3,0.6,0.0,1.4,0.0,187.4,0.0,4.3,0.0,3.7,0.1,1.4,0.0,3.7,0.4,1.5,0.0,2.3,0.0,0.0,252.7,0.9,0.0,194.6,0.0,1.3,0.0,5.1,0.0,242.6,0.0,67.0,0.0,0.8,0.0,15.6,0.0,1.8,0.0,43.9,0.4,4.0,0.0
74755_POS_SU,pos,Level 2,Cyclo(his-pro),Natural,Amino acid / peptide / nucleoside,54.3,0.0,0.0,0.2,0.0,0.0,0.0,0.2,0.1,0.0,0.0,0.1,0.0,0.0,0.0,0.0,0.0,0.1,0.0,0.5,0.1,0.2,0.1,0.0,0.0,0.1,0.0,0.6,0.0,0.4,0.0,0.1,0.0,0.8,0.1,0.0,0.0,0.0,0.0,0.2,0.0,0.1,0.0,0.2,0.0,0.2,0.2,0.0,0.2,0.8,0.0,0.2,0.0,0.5,0.0,0.4,0.2,0.0,0.0,0.0,0.2,0.1,0.0,0.4,0.2,0.3,0.0,0.1,0.0,0.0,0.1,0.1,0.0,0.0,0.1,0.0,0.0,0.0,0.1,0.1,0.0,0.0,0.1,0.1,0.0,1.1,0.0,0.1,0.7,0.0,0.0,0.0,0.0,0.3,0.1,0.1,0.0,0.2,0.0,0.1,0.0,1.2,0.0,0.0,0.0,0.0,0.0,5.4,0.0,0.1,0.0,3.9,0.0,1.1,0.1,0.0,0.0,0.0,0.0,0.3,0.1,3.2,0.1,0.4,0.0,0.2,0.0,0.4,0.0,0.1,0.0,0.0,0.0,2.1,0.0,0.3,0.0,1.0,0.0,0.0,0.1,0.2,0.3,0.2,0.1,0.3,0.0,3.0,0.1,0.4,0.1,0.2,0.2,0.6,0.0,0.0,0.1,0.7,0.2,0.0,10.6,0.8,0.0,1.0,0.1,0.1,0.0,0.1,0.0,0.3,0.0,0.4,0.0,0.1,0.1,0.4,1.9,0.1,0.2,0.2,0.0,1.9,0.0,0.7,0.0,0.4,0.0,0.3,0.0,0.7,0.9,0.0,0.0,0.2,0.0,0.0,0.0,0.3,0.0,0.2,0.1,0.0,0.3,0.1,0.4,0.0,0.0,0.0,0.0,0.0,0.0,0.6,0.0,0.3,0.0,0.1,0.0,0.0,0.0,0.2,0.0,0.2,0.0,0.1,0.0,0.0,0.0,0.0,0.0,0.0,0.0,0.3,0.0,0.0,0.0,0.0,0.1,0.0,0.1,0.0,0.0,0.3,0.0,0.0,0.0,0.3,0.0,0.0,0.2,0.1,0.0,0.6,0.0,0.1,0.2,0.1,0.2,0.0,0.1,0.0,0.0,0.0,0.1,2.1,0.0,0.2,0.0,0.2,0.0,0.0,0.0,0.2,0.0,0.4,0.1,0.0,0.0,0.0,0.0,0.1,0.0,0.3,0.0,0.0,0.0,1.0,0.0,0.3,0.0,0.1,0.0,0.5,0.0,0.2,12.6,0.0,0.0,0.0,0.0,0.8,0.0,0.3,0.0,0.2,0.0,0.2,0.0,0.2,0.0,0.0,0.0,0.0,0.0,2.1,0.0,1.1,0.0,0.2,0.0,0.1,0.0,0.1,0.3,0.1,0.2,0.1,0.0,0.1,0.5,0.0,0.4,0.0,0.2,0.1,0.1,0.5,0.2,0.1,1.3,0.1,0.1,0.1,0.1,0.1,0.0,0.3,0.1,0.7,0.0,0.0,0.3,0.0,0.6,0.0,1.2,0.2,0.3,0.2,0.1,0.1,0.2,0.2,0.1,0.0,0.0,0.0,0.1,0.2,0.3,0.3,0.2,0.2,0.1,0.1,0.1,0.4,3.0,0.3,2.8,0.0,0.0,0.3,0.1,0.1,0.0,0.2,0.0,0.3,0.2,0.3,0.1,0.3,0.1,0.3,0.1,0.1,0.0,0.0,0.1,0.1,0.1,0.2,0.1,0.5,0.1,0.2,0.0,0.1,0.0,0.1,0.0,0.1,0.1,0.1,0.1,0.0,0.0,0.2,0.2,0.2,0.0
74809_POS_SU,pos,Level 2,Petasol,Natural,"Natural product – plant/fungal metabolites, terpenes, flavonoids, alkaloids, etc.",53.3,33.7,0.0,18.9,0.0,42.7,0.0,14.0,0.0,204.0,0.0,176.1,0.0,62.2,0.0,33.9,0.0,171.0,0.0,156.2,0.0,0.0,1.3,60.5,0.0,150.5,0.0,31.1,0.0,214.2,0.0,63.6,0.0,40.3,0.0,6.1,0.0,83.7,0.0,68.6,0.0,24.2,0.0,14.3,0.0,7.8,0.0,14.2,0.0,9.1,0.0,52.8,0.0,39.8,0.0,74.6,0.0,124.3,0.4,15.6,0.0,94.9,0.0,37.4,0.0,19.2,0.0,88.3,1.3,509.6,0.0,61.0,0.0,80.3,0.0,19.1,0.0,9.5,0.0,100.8,0.0,127.0,0.0,21.7,0.0,130.7,0.0,46.7,0.0,23.6,0.0,27.4,0.0,114.5,0.0,113.1,0.0,114.4,0.0,180.6,0.0,59.7,0.0,17.9,0.0,248.4,0.0,1.4,0.0,386.6,0.0,547.2,0.0,265.3,0.0,525.3,0.0,50.4,0.0,25.1,0.0,88.5,0.0,49.0,0.0,213.7,0.0,30.6,0.0,195.3,0.0,17.6,0.0,218.9,74.5,263.4,0.0,37.2,0.0,6.0,0.0,68.9,0.0,143.2,0.0,86.6,0.0,112.3,0.0,88.1,3.9,29.0,0.0,148.4,15.9,28.7,0.0,104.8,0.0,26.0,0.0,67.3,0.8,57.6,0.0,83.6,0.0,34.7,0.0,21.6,0.0,150.2,0.0,63.4,0.0,12.3,0.0,28.6,0.0,83.4,0.0,55.2,0.0,226.5,0.0,46.2,0.0,38.5,0.0,82.1,3.9,151.8,0.0,50.4,5.1,114.3,0.0,291.8,3.0,9.8,0.0,20.1,106.9,44.6,50.1,62.6,0.0,0.0,0.0,0.0,0.0,157.5,0.0,97.4,0.0,79.1,1.4,42.5,0.0,41.0,0.0,248.2,2.5,51.0,1.0,35.7,0.0,57.6,0.0,31.7,0.0,182.6,0.0,0.0,0.3,0.0,50.0,58.6,0.0,48.5,0.0,84.7,0.0,27.2,0.0,68.9,0.0,65.0,0.0,46.5,0.0,73.2,0.0,133.6,0.0,7.7,0.0,36.3,0.0,44.1,0.0,64.6,0.0,110.6,0.0,126.1,0.0,46.0,0.0,25.3,0.0,16.0,0.0,94.8,0.0,101.1,30.3,33.1,0.0,191.7,0.0,550.4,0.0,147.1,0.0,44.9,0.0,507.9,3.3,81.1,0.0,44.3,0.0,81.4,0.0,54.8,0.0,0.0,0.0,163.3,0.0,0.0,0.0,0.0,0.0,0.0,0.0,0.0,0.0,176.7,0.0,0.0,0.0,262.3,0.0,140.8,0.0,12.7,0.0,57.4,0.0,0.0,31.4,0.0,27.1,0.0,36.6,0.0,17.9,0.0,64.6,0.0,154.6,0.0,31.0,0.0,111.6,47.9,206.9,9.7,6.2,22.8,27.7,0.0,7.3,1.6,28.7,0.0,44.8,0.0,22.9,0.0,26.0,0.0,26.0,0.0,102.1,0.0,8.5,0.0,8.3,0.0,21.1,0.0,28.1,0.0,84.9,0.0,40.9,0.0,0.0,64.2,0.0,33.2,0.0,29.7,0.0,178.6,0.0,8.3,0.0,235.3,0.0,20.5,0.0,61.2,0.0,160.2,0.0,41.3,0.0,90.1,4.0,141.3,0.7,47.6,0.0,0.0,88.5,40.1,0.0,38.9,0.0,122.6,0.0,86.5,0.0,74.2,0.0,61.5,0.0,78.6,0.0,56.6,0.0,65.3,0.0,42.8,3.3,292.2,0.0
75583_POS_SU,pos,Level 2,Dimethylfraxetin,Natural,"Natural product – plant/fungal metabolites, terpenes, flavonoids, alkaloids, etc.",0.5,0.0,0.0,0.0,0.0,0.0,0.0,0.0,0.0,0.0,0.0,0.0,0.0,0.0,0.0,0.0,0.0,0.0,0.0,0.0,0.0,0.0,0.0,0.0,0.0,0.0,0.0,0.0,0.0,0.0,0.0,0.0,0.0,0.0,0.0,0.0,0.0,0.0,0.0,0.0,0.0,0.0,0.0,0.0,0.0,0.0,0.0,0.0,0.0,0.0,0.0,0.0,0.0,0.0,0.0,0.0,0.0,0.0,0.0,0.0,0.0,0.0,0.0,0.0,0.0,0.0,0.0,0.0,0.0,0.0,0.0,0.0,0.0,0.0,0.0,0.0,0.0,0.0,0.0,0.0,44.744497,0.0,0.0,0.0,0.0,0.0,0.0,0.0,0.0,0.0,0.0,0.0,0.0,0.0,0.0,0.0,0.0,0.0,0.0,0.0,0.0,0.0,0.0,0.0,0.0,0.0,0.0,0.0,0.0,0.0,0.0,0.0,0.0,0.0,0.0,0.0,0.0,0.0,0.0,0.0,0.0,0.0,0.0,0.0,0.0,0.0,0.0,0.0,0.0,0.0,0.0,0.0,0.0,0.0,0.0,0.0,0.0,0.0,0.0,0.0,0.0,0.0,0.0,0.0,0.0,0.0,0.0,0.0,0.0,0.0,0.0,0.0,0.0,0.0,0.0,0.0,0.0,0.0,0.0,0.0,0.0,0.0,0.0,0.0,0.0,0.0,0.0,0.0,0.0,0.0,0.0,0.0,0.0,0.0,0.0,0.0,0.0,0.0,0.0,0.0,0.0,0.0,0.0,0.0,0.0,0.0,0.0,0.0,0.0,0.0,0.0,0.0,0.0,0.0,0.0,0.0,0.0,0.0,0.0,0.0,0.0,0.0,0.0,0.0,0.0,0.0,0.0,0.0,0.0,0.0,0.0,0.0,0.0,0.0,0.0,0.0,0.0,0.0,0.0,0.0,0.0,0.0,0.0,0.0,0.0,0.0,0.0,0.0,0.0,0.0,0.0,0.0,0.0,0.0,0.0,0.0,0.0,0.0,0.0,0.0,0.0,0.0,0.0,0.0,0.0,0.0,0.0,0.0,0.0,0.0,0.0,0.0,0.0,0.0,0.0,222.608054,0.0,0.0,0.0,0.0,0.0,0.0,0.0,0.0,0.0,0.0,0.0,0.0,0.0,0.0,0.0,0.0,0.0,0.0,0.0,0.0,0.0,0.0,0.0,0.0,0.0,0.0,0.0,0.0,0.0,0.0,0.0,0.0,0.0,0.0,0.0,0.0,0.0,0.0,0.0,0.0,0.0,0.0,0.0,0.0,0.0,0.0,0.0,0.0,0.0,0.0,0.0,0.0,0.0,0.0,0.0,0.0,0.0,0.0,0.0,0.0,0.0,0.0,0.0,0.0,0.0,0.0,0.0,0.0,0.0,0.0,0.0,0.0,0.0,0.0,0.0,0.0,0.0,0.0,0.0,0.0,0.0,0.0,0.0,0.0,0.0,0.0,0.0,0.0,0.0,0.0,0.0,0.0,0.0,0.0,0.0,0.0,0.0,0.0,0.0,0.0,0.0,0.0,0.0,0.0,0.0,0.0,0.0,0.0,0.0,0.0,0.0,0.0,0.0,0.0,0.0,0.0,0.0,0.0,0.0,0.0,0.0,0.0,0.0,0.0,0.0,0.0,0.0,0.0,0.0,0.0,0.0,0.0,0.0,0.0,0.0,0.0,0.0,0.0,0.0,0.0,0.0,0.0,0.0,0.0,0.0,0.0,0.0,0.0,0.0,0.0,0.0,0.0,0.0,0.0,0.0,0.0,0.0,0.0,0.0,0.0,0.0,0.0,0.0,0.0,0.0
75763_POS_SU,pos,Level 2,Palmitelaidic acid,Natural,Fatty acid / lipid,44.0,0.0,43.1,164.6,8.5,187.3,0.0,14.3,0.0,1.0,0.0,0.0,0.0,79.1,0.0,118.6,66.0,20.6,16.7,788.2,133.9,0.0,85.7,112.6,0.0,72.9,0.0,294.4,0.0,549.7,71.7,27.1,0.0,137.3,0.2,0.0,0.0,373.1,318.0,27.6,0.0,98.4,0.0,347.4,0.0,592.2,0.0,103.6,0.0,3.2,0.0,56.7,0.0,37.6,1.3,8.7,38.1,31.4,0.0,261.6,0.0,24.3,51.2,112.7,0.0,71.7,0.0,18.2,0.0,0.0,0.0,50.6,0.0,15723.0,498.7,0.0,0.0,308.8,47.0,120.8,0.0,67.1,0.0,113.4,35.0,426.6,224.3,720.7,0.0,0.0,0.0,200.3,0.0,0.0,94.5,67.7,34.5,0.0,0.0,0.0,0.0,293.4,0.0,168.6,0.0,87.7,0.0,106.7,0.0,123.7,0.0,267.0,0.0,106.2,0.0,220.6,0.0,0.0,0.0,45.1,0.0,38.1,1.6,0.0,0.0,26.6,0.0,80.6,0.0,8.3,0.0,0.0,0.0,39.1,0.0,25.8,0.0,3.0,0.0,0.0,46.8,0.0,0.0,0.0,0.0,6.9,0.0,64.5,0.0,0.0,2.3,5.5,33.9,87.5,279.0,1158.4,219.4,77.3,0.0,0.0,0.0,0.3,122.2,6.0,9.1,10.4,0.0,287.7,18.0,0.0,45.6,0.0,0.0,0.0,0.0,357.3,0.0,0.0,0.0,209.6,0.0,20.4,0.0,43.9,1.9,0.0,0.0,0.0,0.0,0.0,6.2,0.0,0.0,1079.6,120.5,0.0,48.7,14.1,0.0,189.0,0.0,0.0,100.0,0.0,0.0,221.2,0.0,0.0,0.0,0.0,0.0,0.0,0.0,48.4,0.0,29.3,0.0,0.0,0.0,0.0,0.0,103.4,0.0,0.0,0.0,0.0,0.0,13.4,0.0,0.0,0.0,19.5,0.0,0.0,0.0,0.0,0.0,0.0,66.8,0.0,0.0,0.0,0.0,0.0,0.0,10.1,0.0,2.1,0.0,60.2,0.0,0.0,0.0,66.6,0.0,0.0,35.4,0.0,0.0,117.6,0.0,17.5,0.0,127.5,321.9,46.6,0.0,19.5,0.0,0.0,32.6,24.8,0.0,225.2,0.0,9.3,0.0,45.0,0.0,0.0,0.0,6.7,0.0,0.0,0.0,295.5,7.9,40.5,0.0,0.0,0.0,76.9,0.0,1649.5,0.0,35.5,0.0,402.2,0.0,0.0,0.0,5.8,0.0,199.0,0.0,226.7,0.0,0.0,0.0,452.5,0.0,51.6,0.0,272.0,0.0,210.2,0.0,0.0,0.0,0.0,0.0,99.0,361.0,1.7,0.0,0.0,268.1,0.0,233.3,0.0,53.7,0.0,143.3,0.0,132.9,0.0,510.6,0.0,110.2,0.0,0.0,0.0,404.0,0.0,0.0,0.0,106.6,173.5,15.6,0.0,0.0,0.0,0.0,100.1,0.0,80.1,48.2,0.0,7.6,2.3,18.9,170.4,12.6,0.0,0.0,0.0,0.0,0.0,0.0,0.0,4.6,58.6,59.9,0.0,40.9,31.0,32.4,37.7,0.0,0.0,0.0,16.1,0.0,228.2,0.0,163.6,0.0,13.6,0.0,0.0,0.0,3.7,0.0,16.0,0.0,7.0,0.0,0.0,31.8,44.2,0.0,0.0,0.0,0.0,0.0,0.0,0.0,0.0,0.0,0.0,0.0,2.3,0.0,0.0,0.0,0.0,0.0,0.0,2.1,2.1,0.0
77066_POS_SU,pos,Level 2,Salbutamol,Anthropogenic,Pharmaceutical,47.6,0.0,0.0,0.2,0.0,0.0,0.0,0.0,0.0,0.0,0.0,0.0,0.0,0.0,0.0,0.0,0.0,0.0,0.0,0.1,0.0,0.0,0.0,0.0,0.0,0.0,0.0,0.0,0.0,0.0,0.0,0.0,0.0,0.0,0.0,0.4,0.0,0.0,0.0,0.0,0.0,0.1,0.0,0.0,0.0,0.0,0.2,0.0,0.0,0.0,0.0,0.0,0.0,1.2,0.0,0.0,0.0,0.0,0.0,0.0,0.2,0.0,0.1,0.7,0.0,51.2,0.0,3.1,0.0,0.2,0.1,0.0,0.0,0.1,0.0,0.0,0.0,0.0,0.0,0.1,0.0,0.5,0.0,0.0,0.0,0.0,0.0,0.1,0.0,0.0,0.0,1.2,0.0,0.0,0.1,0.0,0.0,0.1,0.0,0.2,0.0,0.3,0.0,1.3,0.0,13.1,0.1,0.6,0.2,0.4,0.0,0.3,0.2,8.3,0.0,1.2,0.0,6.6,0.0,108.1,0.4,9.2,0.1,0.2,0.2,0.6,0.0,0.8,0.0,0.9,0.0,0.7,0.2,0.6,0.0,0.1,0.0,3.0,1.0,0.1,0.0,0.0,0.0,5.7,0.0,0.2,0.0,0.0,0.0,0.1,0.1,0.0,0.0,0.6,0.0,0.0,0.4,0.1,0.0,0.2,0.0,0.6,0.2,0.4,0.0,0.0,0.1,0.2,0.0,0.1,0.0,9.0,0.0,0.0,0.0,0.1,0.0,0.7,0.0,0.1,0.2,0.1,0.0,0.2,0.2,0.0,0.0,0.1,0.0,0.1,0.0,0.6,0.3,0.1,0.0,0.6,0.0,0.4,0.1,0.0,0.0,0.0,0.8,0.2,0.0,0.2,0.0,0.0,0.0,0.0,0.0,1.2,0.0,0.7,0.0,0.7,0.0,1.3,0.0,0.5,0.4,1.1,0.1,0.0,0.0,1.3,0.0,1.4,0.0,0.1,0.1,3.1,0.3,0.0,0.0,0.1,0.2,0.2,0.1,0.3,0.0,0.3,0.2,0.4,0.0,0.6,1.1,0.0,1.0,0.3,2.1,0.8,1.4,234.8,0.6,0.8,28.5,0.0,0.3,0.0,0.6,0.8,0.9,7.2,0.2,193.4,1.9,0.3,0.4,0.3,0.9,0.2,0.0,3.9,0.1,1.7,1.3,0.6,0.1,1.2,0.1,1.4,0.0,3.3,0.0,0.4,0.0,0.6,0.3,0.7,0.6,0.1,0.1,0.5,0.0,0.2,0.1,0.5,0.0,31.3,0.3,0.9,0.3,0.0,0.0,0.0,0.0,0.1,0.0,0.0,0.0,0.0,0.0,0.6,0.0,1.5,0.0,0.2,0.0,21.5,0.1,0.1,5.1,1.0,0.1,0.3,0.0,0.0,0.9,0.3,219.1,0.0,5.7,0.0,0.1,1.9,0.0,0.0,1.1,0.6,0.3,0.1,0.0,0.0,0.0,0.0,0.0,0.2,0.0,0.1,1.1,0.2,2.2,0.0,1.6,0.5,0.3,0.0,0.2,0.0,0.0,0.0,0.4,0.1,0.6,0.0,0.0,0.0,0.9,0.1,0.1,0.3,0.0,0.0,0.0,0.1,0.0,0.4,0.0,0.0,0.0,1.7,0.0,0.0,0.0,0.0,0.0,0.0,0.0,1.8,0.0,0.0,0.0,0.0,0.0,0.0,0.1,0.0,0.1,0.3,0.0,0.4,0.0,0.8,0.0,0.0,0.0,0.0,0.0,0.0,0.0,0.0,0.0,1.1,0.0,0.0,0.0,0.0,0.0,0.0,0.0
77865_POS_SU,pos,Level 2,Terbutryn,Anthropogenic,Pesticide / biocide,13.1,0.0,0.0,0.0,0.0,0.0,0.0,0.2,0.0,0.6,0.0,0.0,0.0,0.0,0.0,0.0,0.0,0.0,0.0,0.0,0.0,0.0,0.0,0.0,0.0,0.0,0.0,0.0,0.0,0.0,0.0,0.0,0.0,57.5,0.0,0.0,0.0,0.0,0.0,10.6,0.0,0.0,0.0,0.0,0.0,0.0,0.0,23.3,0.0,0.0,0.0,549.0,2.5,0.0,0.0,102.2,0.0,0.0,0.0,0.3,0.0,0.0,0.0,0.0,0.0,247.7,36.3,32.8,0.0,1.1,0.0,1155.5,11.9,2.6,0.0,1.9,0.0,0.0,0.0,1.2,0.0,0.0,0.0,1.2,0.0,1.6,0.0,117.5,0.0,10.6,0.0,308.5,1.6,6.8,0.0,1425.4,5.5,6.8,0.0,1931.4,72.4,3.8,0.0,0.0,0.0,0.0,0.0,0.0,0.0,0.0,0.0,0.0,0.0,14.7,0.0,0.0,0.0,0.0,0.0,0.0,0.0,0.0,0.0,0.0,0.0,0.0,0.0,0.0,0.0,0.0,0.0,0.0,0.0,0.0,0.0,0.0,0.0,0.0,0.0,0.0,0.0,0.0,0.0,0.0,0.0,0.0,0.0,0.0,0.0,0.0,0.0,0.0,0.0,0.0,0.0,0.0,0.0,3.7,0.0,0.0,0.0,0.0,0.0,0.0,0.0,0.0,0.0,0.0,0.0,0.0,0.0,0.0,0.0,0.0,0.0,0.0,0.0,0.0,0.0,0.0,0.0,0.0,0.0,0.0,0.0,0.0,2.6,0.0,0.0,0.0,0.0,0.4,0.0,0.0,0.0,0.0,0.0,0.0,0.0,0.0,0.0,0.0,0.0,0.0,0.0,0.0,0.0,0.0,0.0,0.0,0.0,5.8,0.0,0.0,0.0,0.0,3.2,0.0,0.0,0.0,0.0,0.0,0.0,0.0,0.0,0.0,0.0,0.0,0.0,0.0,0.0,31.7,0.0,0.0,0.4,0.0,0.0,0.0,0.0,0.0,0.0,0.0,0.0,0.0,0.0,3.0,0.0,0.0,0.0,0.0,0.0,0.0,0.0,0.0,0.0,0.0,0.0,0.6,0.0,0.4,0.0,0.0,0.0,179.4,2.7,0.1,19.2,42.1,0.0,0.0,0.0,0.0,0.0,0.0,0.0,0.0,0.0,0.0,0.0,0.0,0.0,0.0,0.0,0.0,0.0,0.0,0.0,0.0,0.0,0.3,0.0,0.0,0.0,0.0,0.0,0.0,0.0,0.0,0.0,0.0,0.0,0.0,0.0,0.0,0.0,0.0,0.0,0.0,0.0,0.0,0.0,0.0,0.0,0.0,0.0,0.0,0.0,0.0,0.0,0.0,0.0,0.0,0.0,0.0,0.0,0.0,0.0,0.0,0.0,0.0,0.0,0.0,0.0,0.0,0.0,0.0,0.0,0.0,0.0,0.0,0.0,0.0,0.0,0.0,0.0,0.0,0.0,0.0,0.0,0.0,0.0,0.0,0.0,0.0,0.0,0.0,0.0,0.0,4.2,0.0,0.0,0.0,0.0,0.0,0.0,0.0,0.0,0.0,0.0,0.0,0.0,0.6,0.0,0.0,0.0,3.5,0.0,0.0,0.0,0.0,0.0,0.0,0.0,0.0,0.0,0.2,0.0,0.0,0.0,0.0,0.0,2.4,0.0,0.0,0.0,0.0,0.0,0.0,127.8,1.5,0.0,0.0,0.0,0.0,0.0,0.0,0.0,0.0,0.0,0.0,0.0,0.0,0.0,0.0,0.0,0.0,0.0,0.0,0.0,0.0,0.0
80883_POS_SU,pos,Level 2,"2,4,6-Tris(allyloxy)-1,3,5-triazine",Anthropogenic,Industrial polymer / resin,2.4,0.0,0.0,0.0,0.0,0.0,0.0,0.0,0.0,0.0,0.0,0.0,0.0,0.0,0.0,0.0,0.0,0.0,0.0,0.0,0.0,0.0,0.0,0.0,0.0,0.0,0.0,0.0,0.0,0.0,0.0,0.0,0.0,0.0,0.0,0.0,0.0,0.0,0.0,0.0,0.0,0.0,0.0,0.0,0.0,0.0,0.0,0.0,0.0,0.0,0.0,0.0,0.0,0.0,0.0,0.0,0.0,0.0,0.0,0.0,0.0,0.0,0.0,0.0,0.0,0.0,0.0,0.0,0.0,0.0,0.0,0.0,0.0,0.0,0.0,0.0,0.0,0.0,0.0,0.0,0.0,0.0,0.0,0.0,0.0,0.0,0.0,0.0,0.0,0.0,0.0,0.0,0.0,0.0,0.0,0.0,0.0,0.0,0.0,0.0,0.0,0.0,0.0,0.0,0.0,0.0,0.0,0.0,0.0,0.0,0.0,0.0,0.0,0.0,0.0,0.0,0.0,0.0,0.0,0.0,0.0,0.0,0.0,0.0,0.0,0.0,0.0,0.0,0.0,0.0,0.0,0.0,0.0,0.0,0.0,0.0,0.0,0.0,0.0,0.0,0.0,0.0,0.0,0.0,0.0,0.0,0.0,0.0,0.0,0.0,0.0,0.0,2.5,6.1,0.0,0.0,0.0,4.8,4.3,0.0,0.0,0.0,0.0,26.5,0.0,0.0,0.0,0.0,0.0,0.0,0.0,0.0,0.0,0.0,0.0,0.0,0.0,0.0,0.0,0.0,0.0,0.0,0.0,0.0,0.0,0.0,0.0,0.0,0.0,0.0,0.0,0.0,0.0,0.0,0.0,0.0,0.0,0.0,2.7,0.0,0.0,0.0,0.0,0.0,0.0,0.0,0.0,0.0,0.0,0.0,0.0,0.0,0.0,0.0,0.0,0.0,0.0,0.0,0.0,0.0,0.0,0.0,0.0,0.0,0.0,0.0,0.0,0.0,0.0,0.0,35.6,0.0,0.0,0.0,0.0,0.0,0.0,0.0,0.0,0.0,0.0,0.0,0.4,0.0,0.0,0.0,0.0,0.0,0.0,0.0,0.0,0.0,0.0,0.0,0.0,0.0,0.0,0.0,0.0,0.0,0.0,0.0,0.0,0.0,0.0,0.0,0.0,0.0,0.0,0.0,0.0,0.0,0.0,0.0,0.0,0.0,0.0,0.0,0.0,0.0,0.0,0.0,0.0,0.0,0.0,0.0,0.0,0.0,0.0,0.0,0.0,0.0,0.0,0.0,118.0,0.0,0.0,0.0,0.0,0.0,0.0,0.0,0.0,0.0,0.0,0.0,0.0,0.0,0.0,0.0,0.0,0.0,0.0,0.0,0.0,0.0,0.0,0.0,0.0,0.0,0.0,0.0,0.0,0.0,0.0,0.0,0.0,0.0,0.0,0.0,0.0,0.0,0.0,0.0,0.0,0.0,0.0,0.0,7.6,0.0,0.0,0.0,0.0,0.0,0.0,0.0,0.0,0.0,0.0,0.0,0.0,0.0,0.0,0.0,0.0,0.0,0.0,0.0,0.0,0.0,0.0,0.0,0.0,0.0,0.0,0.0,0.0,0.0,0.0,0.0,0.0,0.0,0.0,0.0,0.0,0.0,0.0,0.0,0.0,0.0,0.0,0.0,0.0,0.0,0.0,0.0,0.0,0.0,0.0,0.0,0.0,0.0,0.0,0.0,0.0,0.0,0.0,0.0,0.0,0.0,0.0,0.0,0.0,0.0,0.0,0.0,0.0,0.0,0.0,0.0,0.0,0.0,0.0,0.0,0.0,0.0,0.0,0.0,0.0,0.0,0.0
81270_POS_SU,pos,Level 2,Diisopropylphthalate,Anthropogenic,Plasticizer / polymer additive,65.7,0.0,0.0,1.0,0.0,0.0,0.3,0.7,0.1,0.0,0.1,0.0,0.0,0.6,0.0,1.1,0.1,0.0,0.0,1.5,0.2,0.0,0.1,0.1,0.6,0.8,0.0,1.1,0.7,1.9,0.2,0.1,0.1,0.9,0.0,0.1,0.2,0.0,0.1,0.0,0.1,0.1,0.7,0.0,0.2,0.2,0.2,0.1,0.1,0.0,0.0,0.5,0.6,1.7,0.1,0.0,0.0,25.1,4.0,2.6,0.4,0.0,0.0,0.0,1.0,0.0,0.1,11.9,0.1,71.3,0.1,0.0,0.0,0.0,0.4,0.1,0.0,3.5,0.9,94.2,0.0,0.2,0.7,4.2,0.3,0.3,0.0,10.6,0.7,0.4,1.5,0.0,0.3,4.9,0.7,0.2,0.2,0.1,0.0,3.5,0.5,0.0,0.4,5.6,0.5,0.6,0.1,0.0,0.0,0.6,0.0,0.4,0.1,0.2,0.2,0.0,0.4,1.0,0.0,0.2,1.7,1.8,0.2,0.3,0.2,0.9,0.0,0.1,0.3,0.0,0.1,0.3,0.1,0.0,0.1,1.8,0.8,1.7,0.5,0.0,0.2,0.0,0.0,0.4,0.0,0.4,0.0,11.3,0.8,0.0,0.4,0.1,0.1,0.2,0.1,0.0,0.1,3.8,0.0,0.0,0.0,0.1,1.9,0.7,0.0,0.1,0.1,0.2,0.2,0.0,0.0,0.4,0.0,0.4,0.0,0.4,0.3,0.0,0.0,1.1,0.2,0.0,0.0,0.7,0.1,0.0,0.2,0.0,0.5,0.5,0.4,5.3,0.0,0.2,0.1,0.0,0.1,0.5,0.2,0.0,0.2,0.0,1.4,0.0,0.0,0.1,0.0,0.0,0.0,0.0,0.0,1.3,0.6,0.0,0.2,0.7,0.2,0.5,0.0,0.0,0.1,0.8,0.2,0.7,0.6,0.6,0.0,0.0,0.2,0.9,0.6,2.2,0.5,0.0,0.2,0.6,1.1,0.6,0.0,0.4,0.0,0.0,0.0,1.2,1.5,2.3,0.8,0.6,0.2,4.0,0.0,1.3,2.0,2.9,0.7,1.8,0.1,0.7,0.2,0.5,0.1,2.6,0.3,6.3,0.8,0.2,0.3,0.5,3.0,0.9,0.4,3.0,0.0,1.1,0.0,0.3,0.3,1.6,0.0,0.9,0.0,2.5,0.3,0.1,0.3,0.9,0.0,5.3,0.5,0.0,0.9,4.9,0.0,2.9,2.3,2.0,0.3,3.8,0.0,0.3,0.4,1.0,0.0,0.6,0.1,0.3,0.0,1.7,1.0,1.0,0.0,1.9,0.1,0.2,0.0,0.0,0.0,0.0,0.1,0.2,0.0,0.2,0.2,0.1,0.0,0.0,0.3,0.1,0.0,0.1,28.7,0.0,1016.4,0.0,3.8,0.3,0.7,0.4,770.8,1.3,2.1,0.6,15.9,0.3,0.1,2.5,9.0,0.0,2.6,0.1,0.7,0.0,1.0,0.2,0.3,0.4,3.6,0.0,0.5,0.1,2.8,0.8,0.0,0.7,21.1,0.0,3.5,0.0,5.6,0.3,4.5,0.0,0.0,0.0,0.0,0.0,0.0,0.0,0.2,0.0,0.0,0.3,0.0,0.1,0.0,0.6,0.0,0.8,0.0,0.8,0.0,0.0,0.0,0.0,0.0,0.0,0.0,0.0,0.0,0.2,0.0,0.2,0.0,0.4,0.0,1.1,0.0,0.1,0.0,0.3,0.0,0.6,0.0,0.0,0.0,2.3,0.1,0.0,0.1,0.6,0.0
81366_POS_SU,pos,Level 2,(+)-Sclareolide,Natural,Fragrance / flavor compound,66.2,0.1,0.0,5.1,0.0,5.2,0.0,6.2,0.0,4.9,0.0,8.3,0.0,2.0,0.0,0.9,0.0,4.4,0.0,8.2,0.0,0.0,0.0,0.4,0.0,3.7,0.0,4.5,0.0,18.6,0.0,6.9,0.0,14.7,0.0,1.2,0.0,4.7,0.0,7.8,0.0,0.9,0.0,2.4,0.0,5.4,0.0,0.4,0.0,4.0,0.0,5.8,1.8,11.3,0.1,7.7,0.0,13.4,1.4,4.5,1.7,10.2,1.0,5.3,0.7,0.5,0.0,10.3,0.0,5.3,1.6,6.9,0.0,6.3,2.8,5.4,0.0,4.6,3.7,25.6,0.1,14.6,0.0,7.2,0.0,15.2,0.0,7.5,0.6,11.6,0.0,5.6,1.4,5.9,0.6,9.3,0.0,7.9,0.0,6.4,2.8,7.6,0.0,0.0,0.0,5.7,0.0,0.0,0.0,14.0,0.0,7.6,0.0,14.3,0.0,8.3,0.0,0.0,0.0,0.8,0.0,5.2,0.0,1.0,0.0,1.5,0.0,2.6,0.0,1.7,0.0,3.0,0.0,16.2,0.0,14.9,0.0,1.3,0.0,0.0,0.0,3.0,0.0,6.9,0.0,3.4,0.0,3.0,0.0,2.1,0.0,5.7,0.0,5.3,3.6,11.6,0.0,7.9,0.0,1.5,0.0,63.8,2.2,0.7,0.0,4.9,0.0,16.5,0.0,0.0,0.0,50.2,0.0,1.2,0.4,10.0,0.0,12.0,0.0,7.4,0.0,0.9,5.2,12.5,1.1,7.3,0.0,10.1,0.0,0.3,0.4,20.5,3.2,12.1,14.8,4.6,1.6,5.3,3.1,5.2,0.5,0.5,16.5,0.7,19.5,8.7,0.0,0.0,0.0,0.0,0.0,9.8,0.0,8.6,0.0,2.9,0.0,6.4,0.0,11.6,0.0,31.3,0.0,5.3,0.0,14.9,0.0,3.7,0.0,7.2,0.0,15.7,0.6,0.0,0.0,0.0,18.3,9.9,1.4,7.4,0.0,23.5,0.0,7.9,2.1,15.5,0.0,2.2,0.2,9.7,0.2,19.2,0.0,7.6,2.0,0.4,0.7,7.8,0.0,6.0,0.6,3.6,2.0,5.8,2.2,9.2,0.4,28.1,1.2,2.5,0.0,8.0,0.0,33.6,0.0,6.8,18.0,9.0,0.0,13.8,0.0,13.1,0.0,9.3,0.0,2.2,0.0,12.8,0.0,1.2,0.0,21.9,0.0,4.5,3.8,6.3,0.0,6.5,0.0,35.2,0.0,12.2,0.0,32.5,0.0,13.3,0.0,17.3,0.0,24.3,0.0,11.0,0.0,15.6,0.0,8.8,0.0,10.1,0.0,0.5,0.0,5.1,12.8,2.9,5.7,0.2,22.1,3.1,5.5,5.7,10.4,0.1,3.3,0.7,15.1,9.1,15.4,5.9,29.5,2.2,13.0,5.1,13.1,4.1,2.2,18.2,14.9,5.3,7.3,0.0,3.0,1.1,5.2,4.8,15.2,5.1,5.0,5.4,1.4,3.3,9.0,5.8,15.6,2.3,13.1,0.0,9.9,1.5,14.9,6.2,5.1,3.3,1.5,9.9,1.1,7.7,3.4,29.4,1.3,3.8,1.1,14.2,0.0,15.0,0.0,13.3,1.5,18.8,1.3,5.4,0.2,9.8,3.1,59.8,0.0,18.6,0.4,0.0,31.3,19.6,0.0,30.4,1.6,7.8,0.0,30.7,5.2,35.1,0.0,23.1,0.0,25.0,0.0,6.5,0.0,21.0,0.0,15.8,6.1,36.4,0.0
81685_POS_SU,pos,Level 2,Prosulfocarb,Anthropogenic,Pesticide / biocide,9.8,0.7,2.0,0.0,19.9,0.9,30.6,0.0,17.8,0.0,9.3,0.0,6.1,0.6,6.0,0.0,7.2,0.0,8.2,1.3,9.2,0.0,49.7,0.0,21.8,2.6,9.5,0.0,22.0,0.0,10.4,0.0,2.6,0.0,9.9,0.0,1.6,0.0,0.0,0.0,2.9,0.0,1.8,0.0,0.0,0.0,0.0,0.0,0.0,0.0,1.0,0.0,0.0,0.0,0.0,0.0,0.0,0.0,0.0,0.0,0.0,0.0,0.0,0.0,0.0,0.0,0.0,0.0,0.0,1.2,0.0,0.0,0.0,0.0,0.0,0.0,0.0,0.0,0.0,0.0,0.0,0.0,0.0,0.0,0.0,0.0,0.0,0.0,0.0,0.0,0.0,0.0,0.0,0.0,0.0,0.0,0.0,0.0,0.0,0.0,0.0,0.0,33.7,0.0,30.9,0.0,3.4,0.0,6.5,0.0,0.0,0.0,0.0,0.0,0.0,0.0,0.0,0.0,1.6,0.0,1.2,0.0,0.0,0.0,0.0,0.0,0.0,0.0,0.0,0.0,0.0,0.0,0.0,0.0,0.0,1.7,0.0,0.0,0.0,0.0,0.0,0.0,0.0,0.0,0.0,0.0,0.0,0.0,0.0,0.0,0.0,0.0,0.0,0.0,0.0,0.0,0.0,0.0,0.0,0.0,0.0,0.0,0.0,0.0,0.0,0.0,0.0,0.0,0.0,0.0,0.0,3.2,0.0,0.0,0.0,0.0,0.0,0.0,0.0,0.0,0.0,0.0,0.0,0.0,0.0,0.0,0.0,0.0,0.0,0.0,0.0,0.0,0.0,0.0,0.5,0.0,0.0,0.0,0.0,0.0,0.0,0.0,0.0,0.0,0.0,0.0,0.0,0.0,0.0,0.0,0.0,0.0,0.0,0.0,0.0,0.0,0.0,0.0,0.0,0.0,0.0,0.0,0.0,0.0,0.0,0.0,0.0,0.0,0.0,0.0,0.0,0.0,0.0,0.0,0.0,0.0,0.0,0.0,0.0,0.0,0.0,0.0,0.0,0.0,0.0,0.0,0.0,0.0,0.0,0.0,0.0,0.0,0.0,0.0,0.0,0.0,0.0,0.0,0.0,0.0,0.0,0.0,0.0,0.0,0.0,0.0,0.0,0.0,0.0,0.0,0.0,0.0,0.0,0.0,0.0,0.0,0.0,0.0,0.0,0.0,0.0,0.0,0.0,0.0,0.0,0.0,0.0,0.0,0.0,0.0,0.0,0.0,0.0,0.0,3.5,0.0,0.0,0.0,0.0,0.0,0.0,0.0,0.0,0.0,0.0,0.0,0.0,0.0,0.0,0.0,0.0,0.0,0.0,0.0,0.0,0.0,0.0,0.0,0.0,0.0,0.0,0.0,0.0,0.0,0.0,0.0,0.0,0.0,0.0,0.0,0.0,0.0,0.0,0.0,0.0,0.0,0.0,0.0,22.7,0.0,0.0,0.0,0.0,0.0,0.0,1.9,0.0,0.0,0.0,0.0,0.0,0.0,0.0,0.0,0.0,0.0,0.0,0.0,0.0,0.0,0.0,0.0,0.0,0.0,0.0,0.0,0.0,0.0,0.0,0.0,0.0,0.0,0.0,0.0,0.0,0.0,0.0,0.0,0.0,0.0,0.0,0.0,0.0,0.0,0.0,0.0,0.0,0.0,0.0,0.0,0.0,0.0,0.0,0.0,0.0,0.0,0.0,0.0,0.0,0.0,0.0,0.0,0.0,0.0,0.0,0.0,0.0,0.0,0.0,0.0,0.0,0.0,0.0,0.0,0.0,0.0,0.7,0.0,0.0,0.0,0.7
82130_POS_SU,pos,Level 2,(E)-7-methylidene-10-oxo-4-propan-2-ylundec-5-enoic acid,Natural,Fatty acid / lipid,95.2,65.5,11.9,40.5,11.4,52.3,5.7,129.3,16.8,140.6,0.8,30.5,2.0,106.8,24.0,47.5,3.4,197.1,16.7,153.9,10.6,0.0,0.1,46.1,6.0,83.6,0.0,28.3,4.3,191.8,16.6,103.0,20.6,70.4,14.9,43.1,4.7,268.0,7.4,46.2,5.4,60.5,13.6,26.2,25.5,107.6,13.0,75.0,18.2,47.2,35.5,79.4,33.2,46.8,44.8,116.6,20.9,1903.2,32.7,71.7,26.4,30.3,49.2,70.4,69.9,17.8,32.7,178.4,54.2,38.1,42.0,87.3,21.6,75.1,79.0,35.2,41.4,56.2,60.9,2057.0,17.4,222.1,16.0,29.4,29.8,63.4,11.7,351.1,42.0,30.3,27.5,49.1,17.1,91.7,40.5,289.1,16.8,22.2,11.2,72.3,22.0,133.8,10.2,171.5,6.6,74.9,6.6,12.4,0.0,39.8,0.5,83.5,4.5,117.2,6.2,55.8,14.0,52.0,12.7,69.8,9.7,148.8,8.0,77.0,4.4,156.5,5.5,100.3,5.5,112.4,7.1,96.1,4.2,167.2,19.1,93.9,0.0,47.3,9.0,16.7,15.6,71.6,6.7,73.2,3.9,58.1,2.3,269.6,7.1,101.7,1.1,20.1,12.8,105.7,7.0,18.4,70.6,243.5,5.4,2.5,22.1,44.7,7.6,91.8,15.2,32.8,16.5,64.9,8.5,87.6,3.7,187.9,20.0,33.1,19.4,152.8,20.9,241.7,11.5,204.3,14.2,61.8,5.4,497.1,16.8,11.8,21.1,140.0,12.7,142.2,46.3,1006.6,27.3,115.3,20.2,167.8,27.7,82.8,56.8,36.7,12.6,50.3,99.2,59.7,42.5,7.7,0.0,0.0,0.0,0.0,0.0,70.0,5.2,66.6,11.5,100.7,21.2,109.6,3.6,15.3,9.5,67.3,11.3,106.3,9.1,33.3,2.4,29.4,4.3,24.2,3.0,220.9,20.3,0.0,0.0,25.3,710.9,54.9,15.3,52.0,11.6,64.4,16.0,45.5,7.8,83.9,20.6,37.6,18.6,50.6,33.3,57.6,18.2,76.6,24.3,34.0,25.1,26.0,32.9,57.1,10.9,37.7,22.8,352.5,29.9,53.1,12.5,152.6,30.9,146.7,30.7,57.9,0.0,388.4,1.1,24.9,26.8,22.1,0.0,58.0,0.0,105.2,1.0,22.2,0.0,46.9,0.0,77.1,1.7,31.9,6.7,81.4,0.5,38.3,12.9,95.3,3.1,52.7,0.0,186.4,2.8,96.3,2.8,43.1,12.7,87.8,0.0,58.8,0.9,19.1,0.1,186.8,0.0,68.1,1.3,25.4,0.0,656.5,2.6,88.2,2.6,25.1,25.2,19.2,17.1,11.1,33.6,29.2,12.1,17.4,171.9,1.2,2157.5,16.6,47.9,44.3,108.0,19.8,2268.4,0.5,12.4,7.2,197.8,22.5,18.7,14.5,54.2,7.0,149.6,14.7,76.2,11.1,347.4,50.8,57.1,22.8,41.7,10.7,2.9,7.1,23.4,13.2,34.2,9.9,70.9,9.7,33.8,10.7,126.3,38.5,14.2,22.5,36.1,12.6,8.2,68.6,63.5,63.7,35.0,25.5,15.6,96.9,12.3,66.9,1.9,101.3,18.8,47.7,14.0,57.0,38.0,63.6,6.9,74.9,23.2,76.8,21.0,29.6,61.5,43.6,22.1,32.1,33.7,56.7,75.0,37.2,29.8,40.4,37.7,52.6,24.2,133.4,20.7,24.9,24.9,42.2,23.1,57.4,23.0,58.2,11.9
82844_POS_SU,pos,Level 2,4-Methylbenzylidene camphor,Anthropogenic,UV filter / cosmetic preservative,75.5,6.6,0.0,1.0,0.0,0.5,0.0,7.6,0.1,0.0,0.0,0.0,0.0,0.2,0.0,3.9,0.0,0.6,0.0,0.0,0.0,0.0,0.3,1.4,0.0,0.1,0.0,0.0,0.5,0.8,0.1,4.6,0.0,1.3,0.1,6.3,0.1,1.6,0.0,1.8,0.1,2.4,0.1,0.3,0.0,2.1,0.1,0.8,0.0,2.8,0.0,3.2,0.1,4.1,1.1,4.8,0.4,6.6,2.0,1.1,0.4,7.3,0.1,2.1,0.4,1.5,0.6,4.8,0.3,3.9,0.2,2.7,0.1,4.5,0.3,5.1,0.0,1.0,0.7,11.3,0.2,8.3,1.1,0.6,0.3,1.6,0.0,2.6,1.0,3.0,0.1,2.5,0.7,4.5,0.5,0.6,0.1,7.6,1.0,41.4,0.5,1.8,0.1,2.4,0.3,9.5,0.1,0.1,0.0,2.4,0.0,2.1,0.0,3.6,0.0,1.1,0.2,1.4,0.2,0.5,0.1,2.2,0.1,1.8,0.0,2.6,0.1,2.3,0.1,0.4,0.0,0.6,0.1,8.9,0.2,1.7,0.0,1.7,0.1,0.6,0.4,4.4,0.0,1.4,0.1,2.3,0.1,2.0,0.2,0.6,0.1,1.5,0.0,1.1,0.0,0.7,0.1,2.3,0.2,7.7,0.2,0.9,0.1,2.4,0.1,5.0,0.1,0.2,0.0,1.8,0.0,1.1,0.0,1.7,0.0,3.1,0.1,1.4,0.0,0.6,0.1,1.9,0.0,1.5,0.0,0.2,0.0,0.5,0.0,0.9,0.1,2.1,0.1,0.8,0.5,1.8,0.2,0.8,0.3,2.8,0.2,2.7,1.5,1.8,1.3,6.7,0.0,0.0,0.0,0.0,0.0,0.6,0.1,2.3,0.2,1.6,0.0,9.7,0.0,2.0,0.1,4.9,0.1,1.1,0.1,3.5,0.0,2.7,0.0,0.2,0.0,1.8,0.2,0.0,0.0,0.2,1.9,0.8,0.2,0.7,0.0,3.4,0.0,2.0,0.1,1.6,0.1,3.4,0.1,0.4,0.1,2.5,0.1,3.9,0.2,1.3,0.0,1.5,0.0,1.5,0.1,0.5,0.0,0.4,0.0,0.8,0.1,6.2,4.3,1.3,0.0,0.8,0.0,1.0,0.0,0.9,0.8,4.0,0.0,0.6,0.0,1.0,0.1,1.0,0.0,0.7,0.0,3.0,0.0,0.6,0.0,35.2,0.3,1.5,0.1,20.9,0.2,6.2,0.0,0.1,0.0,0.1,0.0,4.6,0.0,1.4,0.0,3.3,0.0,3.0,0.0,9.3,0.0,3.2,0.0,0.8,0.0,2.4,0.0,0.5,0.0,0.3,0.3,1.1,4.6,0.3,0.2,0.3,0.4,0.2,1.6,0.0,2.1,0.1,0.3,0.2,1.2,0.3,6.8,0.2,0.4,0.4,3.4,0.5,7.7,2.3,1.7,0.4,0.8,0.2,1.2,0.0,3.7,0.1,2.3,0.3,0.7,0.4,3.9,0.5,0.9,0.4,1.0,0.1,0.5,0.1,0.4,0.2,3.4,1.4,0.9,1.8,0.0,1.0,0.0,9.0,0.3,2.4,0.0,3.5,0.0,4.3,0.0,1.6,0.0,3.3,0.1,4.5,0.1,0.9,0.0,1.5,0.3,8.9,0.0,4.4,0.0,0.0,2.1,1.8,0.0,2.3,0.0,2.6,0.0,1.2,0.0,2.6,0.0,3.5,0.0,2.4,0.0,1.1,0.0,4.5,0.0,7.2,1.0,2.4,0.0
82883_POS_SU,pos,Level 2,16-Hydroxyhexadecanoic acid,Natural,Fatty acid / lipid,29.3,0.0,31.3,230.1,0.0,267.4,0.0,0.0,0.0,0.0,0.0,0.0,0.0,158.4,0.0,109.9,86.2,9.2,45.9,658.9,65.6,0.0,296.1,208.5,0.0,99.6,0.0,165.3,0.0,466.6,130.2,16.2,0.0,155.0,0.0,0.0,0.0,441.0,502.9,50.6,0.0,98.7,0.0,332.7,0.0,498.8,0.0,96.2,0.0,0.0,0.0,19.3,0.0,3.8,0.0,0.0,23.2,43.0,0.0,264.2,0.0,7.3,61.0,42.8,0.0,31.7,0.0,0.0,0.0,0.0,0.0,40.0,22.5,9855.4,428.8,0.0,0.0,693.4,32.3,165.2,0.0,40.4,0.0,81.0,24.6,193.7,212.0,668.8,0.0,0.0,0.0,153.6,0.0,0.0,151.6,33.3,34.5,0.0,0.0,0.0,0.0,32.4,0.0,12.5,0.0,0.0,0.0,673.1,0.0,33.4,0.0,14.1,0.0,0.0,0.0,26.8,0.0,0.0,0.0,0.0,0.0,0.0,0.0,0.0,0.0,0.0,0.0,0.0,0.0,0.0,0.0,0.0,0.0,0.0,0.0,0.0,0.0,0.0,0.0,0.0,0.0,0.0,0.0,0.0,0.0,0.0,0.0,0.0,0.0,0.0,184.6,4.8,3.8,28.6,377.6,1040.3,229.2,53.3,0.0,0.0,0.0,111.1,258.7,0.0,0.0,0.0,0.0,236.0,0.0,0.0,213.2,0.0,0.0,0.0,0.0,263.2,0.0,0.0,0.0,241.6,0.0,0.0,0.0,0.0,0.0,0.0,0.0,0.0,0.0,0.0,0.0,0.0,0.0,355.0,175.9,0.0,27.5,0.0,0.0,202.4,0.0,0.0,0.0,0.0,0.0,207.8,0.0,0.0,0.0,0.0,0.0,0.0,0.0,10.4,0.0,0.0,0.0,0.0,0.0,0.0,0.0,17.9,0.0,0.0,0.0,0.0,0.0,0.0,0.0,0.0,0.0,0.0,0.0,0.0,0.0,0.0,0.0,0.0,28.9,0.0,0.0,0.0,0.0,0.0,0.0,0.0,0.0,0.0,0.0,0.0,0.0,0.0,0.0,0.0,0.0,0.0,38.1,0.0,0.0,0.5,0.0,0.0,0.0,63.5,168.1,0.0,0.0,0.0,0.0,0.0,0.1,0.0,0.0,24.5,0.0,0.0,0.0,0.0,0.0,0.0,0.0,0.0,0.0,0.0,0.0,65.8,0.0,0.0,0.0,0.0,0.0,47.4,0.0,571.0,42.1,0.0,0.0,105.9,0.0,0.0,0.0,0.0,0.0,59.8,0.0,62.7,0.0,0.0,0.0,175.0,0.0,0.0,0.0,168.4,0.0,36.2,0.0,0.0,0.0,0.0,0.0,47.2,143.4,0.0,0.0,0.0,432.5,0.0,110.5,0.0,0.0,0.0,73.2,0.0,17.9,0.0,303.9,0.0,147.2,0.0,0.0,0.0,70.5,0.0,0.0,0.0,18.9,353.5,0.0,0.0,0.0,0.0,0.0,5.3,2.8,66.9,26.3,0.0,0.0,6.0,20.6,154.7,18.4,0.0,0.0,0.0,0.0,0.0,0.0,0.0,0.0,10.8,71.2,0.0,13.6,0.0,0.0,41.9,3779.8,0.0,0.0,1.8,0.0,57.7,0.0,61.1,0.0,0.0,0.0,0.0,0.0,0.0,0.0,0.0,0.0,0.0,0.0,0.0,0.0,9.6,0.0,0.0,0.0,0.0,0.0,0.0,0.0,0.0,0.0,0.0,0.0,0.0,0.0,0.0,0.0,0.0,0.0,0.0,0.0,0.0,0.0
83258_POS_SU,pos,Level 2,Trimethyltetradecylammonium,Anthropogenic,Surfactant / detergent,41.7,0.0,0.0,911.9,22.7,99.9,0.0,0.0,0.0,0.0,143.4,0.0,0.0,110.9,0.0,103.2,8.8,427.9,70.8,1614.9,402.1,0.0,31.4,150.5,0.0,361.3,0.0,315.1,55.1,82.3,266.4,131.2,0.0,298.2,73.9,0.0,0.0,219.8,1818.8,8.7,0.0,199.6,0.0,192.8,0.0,148.8,0.0,36.0,0.0,7.9,0.0,117.8,0.0,38.3,22.4,71.2,159.3,334.1,231.1,541.2,0.0,90.8,0.4,211.4,81.0,114.3,112.2,147.0,34.1,41.8,1767.3,151.9,118.9,6302.0,195.1,0.0,138.0,49.2,93.2,368.3,58.1,104.0,1007.8,149.9,172.9,1401.6,481.8,417.1,2002.6,104.2,265.7,226.1,0.0,76.0,31618.1,1450.8,956.0,71.4,66.3,123.4,248.3,3.0,0.0,0.0,0.0,0.0,0.0,2149.0,0.0,0.0,0.0,57.7,0.0,0.0,0.0,0.0,0.0,0.0,0.0,0.0,0.0,0.0,0.0,0.0,0.0,0.0,0.0,0.0,0.0,0.0,0.0,0.0,0.0,0.0,0.0,0.0,0.0,0.0,0.0,0.0,0.0,0.0,0.0,0.0,0.0,0.0,0.0,0.0,0.0,0.0,0.0,284.6,340.4,79.5,28.9,3738.6,810.4,677.5,0.0,13.1,191.0,0.0,248.6,0.0,75.5,313.2,0.0,264.3,42.0,25.3,0.0,139.3,0.0,11.8,0.0,700.2,1259.3,95.5,0.0,36.4,0.0,1345.8,0.0,595.4,23.4,0.0,0.0,78.4,22.8,213.8,1406.1,1202.9,37.5,126.9,49.0,0.9,27.9,704.5,14.6,2699.7,345.3,16.2,555.3,617.5,208.4,305.1,0.0,0.0,0.0,0.0,0.0,0.0,0.0,0.0,0.0,0.0,0.0,0.0,0.0,0.0,0.0,0.0,0.0,0.0,0.0,0.0,0.0,0.0,0.0,0.0,0.0,0.0,0.0,0.0,0.0,0.0,0.0,0.0,0.0,0.0,0.0,0.0,112.8,0.0,0.0,54.7,0.0,0.0,0.0,0.0,0.0,0.0,0.0,0.0,0.0,0.0,0.0,0.0,0.0,0.0,0.0,0.0,0.0,70.8,31.7,0.0,0.0,0.0,0.0,0.0,0.0,21.2,0.0,1138.6,59.4,2.0,15.4,8.8,0.0,351.7,0.0,138.4,9.7,0.0,0.0,3451.4,82.6,80.9,0.0,99.4,818.9,273.8,788.9,1243.2,141.5,0.0,237.0,39.4,179.9,87.0,71.9,75.9,26.2,53.6,9.1,725.9,0.0,179.6,57.9,1128.2,63.3,0.0,0.0,117.8,206.4,70.9,0.0,0.0,0.0,0.0,0.0,0.0,1.0,0.0,0.0,0.0,11.7,0.0,0.0,0.0,0.0,0.0,0.0,0.0,0.0,0.0,32.6,0.0,4.6,0.0,0.0,0.0,0.0,0.0,42.3,0.0,0.0,530.7,0.0,0.0,0.0,0.0,0.0,0.0,12.7,0.0,0.0,0.0,0.0,0.0,0.0,0.0,0.0,0.0,0.0,0.0,0.0,0.0,0.0,0.0,0.0,0.0,0.0,0.0,0.0,1.5,0.0,0.0,184569.1,184.8,79.0,56.6,0.0,9.2,0.0,37.3,0.0,0.0,0.0,0.0,0.0,2.7,0.0,0.0,0.0,0.0,0.0,0.0,0.0,0.0,0.0,0.0,0.0,0.0,0.0,0.0,0.0,0.0,0.0,0.0,0.0,0.0,0.0,0.0,0.0,0.0,0.0,0.0,0.0,0.0,0.0
83845_POS_SU,pos,Level 2,Glycerophosphocholine,Natural,Fatty acid / lipid,55.0,0.2,0.6,0.2,0.3,0.0,0.6,0.0,0.6,0.0,0.2,0.0,0.2,0.0,0.4,0.0,0.1,0.0,0.1,0.0,0.4,0.0,0.2,0.0,0.2,0.1,0.1,0.0,0.1,0.0,0.6,0.0,0.2,0.2,1.1,0.0,0.2,0.1,0.5,0.0,1.7,0.0,1.4,0.0,1.0,0.2,7.7,0.0,3.8,0.0,2.2,0.3,6.2,0.1,0.6,0.1,0.3,0.0,0.4,0.0,3.2,0.0,0.5,0.0,0.6,0.0,0.3,0.0,0.2,0.6,1.1,0.0,0.2,0.0,0.1,0.1,0.9,0.0,0.3,0.2,0.7,0.0,0.2,0.0,0.2,0.3,0.2,0.0,0.3,0.1,0.2,0.0,0.3,0.1,0.0,0.0,0.4,0.0,0.2,0.0,0.2,0.0,0.4,0.0,0.3,0.0,0.3,0.3,0.3,0.0,1.0,0.0,0.7,1.0,2.8,0.1,0.6,0.0,0.4,0.0,0.3,0.1,2.8,0.1,0.3,0.0,0.2,0.0,0.1,0.0,0.9,0.0,0.0,0.0,0.0,0.0,0.1,0.0,0.1,0.0,0.0,0.0,0.0,0.0,0.1,0.1,2.6,0.1,0.2,0.0,0.0,0.0,1.4,0.0,0.5,0.0,1.3,0.0,1.1,0.0,127.3,0.0,0.4,0.2,1.3,0.0,0.7,0.0,0.2,0.4,0.3,0.0,1.2,0.3,1.2,0.1,48.2,0.0,3.2,0.2,0.4,0.3,0.2,0.0,0.5,0.0,0.3,0.0,1.5,0.3,7.9,0.0,0.8,0.0,0.5,0.1,0.2,0.0,0.1,0.0,0.3,0.4,0.0,0.0,0.0,0.0,0.0,0.0,0.0,0.0,0.0,1.3,0.5,0.0,0.5,0.2,0.3,0.0,0.2,0.0,0.5,0.0,0.1,0.0,1.2,0.0,0.4,0.0,1.3,0.0,3.6,0.2,1.1,0.0,0.2,0.1,0.1,0.0,0.5,0.0,0.5,0.0,1.7,0.1,0.8,0.0,0.4,0.0,6.7,0.0,5.7,0.1,3.6,0.0,8.0,0.0,3.1,0.0,5.8,0.0,2.1,0.0,10.5,0.1,3.2,0.6,10.3,0.0,0.2,0.1,1.4,0.0,0.0,0.0,0.0,0.0,0.0,0.0,0.0,0.0,0.0,0.0,0.0,0.0,0.0,0.1,0.0,0.0,0.0,0.0,0.0,0.0,0.3,0.0,25.9,0.0,0.0,0.0,0.0,0.0,0.1,0.0,0.0,0.0,0.0,0.0,0.0,0.0,0.0,0.0,0.0,0.0,0.0,0.0,0.0,0.0,0.0,0.0,0.0,0.0,0.0,0.5,0.0,1.0,0.0,0.1,0.0,0.4,0.0,0.2,0.0,0.4,0.0,2.3,0.0,10.1,0.0,1.1,1.5,9.0,0.0,1.7,0.0,0.3,0.0,1.8,0.0,0.8,0.0,0.5,0.0,0.3,0.2,0.1,0.1,1.9,0.0,0.2,0.0,0.2,0.0,0.2,0.0,0.3,0.0,0.2,0.0,3.1,0.0,0.1,0.1,0.0,0.6,0.0,0.6,0.1,1.3,0.0,1.1,0.1,0.8,0.0,0.5,0.0,0.5,0.0,3.2,0.0,0.5,0.1,1.0,0.1,0.1,0.0,0.3,0.0,0.8,0.4,0.0,0.0,0.6,0.1,4.5,0.1,0.9,0.0,13.5,0.0,3.0,0.0,1.2,0.0,0.8,0.1,1.1,0.1,1.2,0.1,0.5,0.0,0.6
84372_POS_SU,pos,Level 2,Galaxolide,Anthropogenic,Fragrance / flavor compound,72.4,111.9,36.5,1321.7,31.4,283.7,21.5,0.0,0.0,94.0,6.8,376.8,0.0,962.4,0.0,1621.4,39.8,163.8,0.0,1898.1,92.0,0.0,118.4,769.1,0.0,547.0,0.0,1350.3,12.1,2852.4,182.6,957.5,0.0,328.4,4.8,43.9,44.4,1346.5,200.8,1138.8,46.8,634.0,31.0,2171.7,0.0,5752.8,0.0,575.7,0.0,372.5,0.0,762.4,11.1,430.3,313.8,8317.5,1751.8,20405.3,1369.6,10700.8,33.5,4351.6,132.7,69565.2,2601.4,1185.9,41.3,6403.4,14.3,492.9,0.2,9763.6,140.3,263834.1,1264.4,193.8,13.9,20164.4,259.2,37921.1,120.7,6201.1,6.1,4008.2,657.5,12163.1,828.9,63302.0,13.9,6946.6,116.7,3961.8,13.7,5729.1,1007.0,2793.7,320.9,1240.5,179.1,804.3,30.5,2921.6,0.0,2145.7,1.2,1052.6,0.0,617.9,11.4,1150.5,0.0,2707.1,0.0,1160.7,0.0,1670.6,0.0,87.2,0.0,352.7,0.0,503.6,5.0,966.2,0.0,3683.0,0.0,327.5,0.0,884.8,0.0,1249.2,0.0,1602.3,42.0,1201.3,0.0,251.8,0.0,341.0,281.0,967.5,0.0,193.7,0.0,1775.3,0.0,615.8,3.6,742.2,0.0,73.6,11.3,537.8,135.7,7093.6,252.0,244.9,0.0,322.8,0.0,231.5,0.0,168.9,24.6,643.9,0.0,2697.4,0.0,145.0,87.9,64.2,0.0,106.8,0.0,10123.3,2.2,0.0,0.0,125.0,0.0,392.4,0.0,1629.4,36.0,66.2,0.0,2.5,0.0,4702.6,242.9,0.0,0.0,1416.8,81.8,38.0,372.7,344.8,0.0,706.5,0.0,93.7,215.6,38.4,57.4,3753.9,0.0,0.0,0.0,0.0,0.0,274.4,0.0,493.3,0.0,129.8,0.0,304.7,0.0,238.9,0.0,1571.5,48.5,1530.4,0.0,204.4,0.0,670.5,0.0,54.3,0.0,2124.7,21.4,0.0,5.2,143.4,935.7,474.0,206.7,477.0,0.0,847.4,14.3,1689.0,0.0,620.5,46.3,511.8,0.0,1848.1,0.0,310.7,20.7,1723.4,0.0,2.6,73.0,959.7,0.0,2708.7,0.0,459.9,0.0,8487.7,266.5,3199.5,0.0,1172.1,354.6,411.8,45.1,431.1,0.0,210.7,0.0,410.5,320.6,229.3,0.0,227.1,0.0,460.1,0.0,81.2,0.0,1259.8,15.3,1268.4,0.0,145.7,0.0,348.0,0.0,20850.3,118.0,331.7,18.5,4008.7,0.0,556.3,0.0,158.2,0.0,571.8,0.0,5716.0,0.0,624.2,0.0,186.0,0.0,142.2,0.0,2313.4,0.0,744.7,0.0,53.4,0.0,221.4,0.0,583.9,6206.5,143.4,1715.8,49.8,5659.5,110.3,10792.6,107.3,2873.8,63.5,5779.2,0.0,2849.6,47.5,20780.6,32.4,5469.7,104.2,605.8,19.1,3060.9,41.8,2145.9,45.8,4137.0,491.5,1319.0,19.7,960.1,218.4,747.2,1208.5,3454.5,1546.5,2593.7,14.9,1744.7,428.1,2081.3,1156.1,687.4,525.4,4406.6,0.0,391.0,7.3,223.4,215.9,1522.3,4653.1,71.6,21.6,10.6,1227.6,0.0,651.2,0.0,52.1,0.0,1393.8,0.0,1609.5,11.0,5833.2,46.0,558.6,0.0,732.4,0.0,158.0,0.0,707.0,0.0,263.1,0.0,0.0,194.5,177.9,0.0,848.0,0.0,332.3,0.0,22.7,0.0,31.4,0.0,116.0,0.0,232.3,0.0,139.2,0.0,303.7,0.0,504.8,20.3,1942.7,0.0
87430_POS_SU,pos,Level 2,Adenosine,Natural,Amino acid / peptide / nucleoside,65.5,2.2,11.0,1.6,4.6,3.1,18.5,2.2,8.7,8.0,16.7,0.8,30.8,15.0,5.5,0.1,1.5,0.6,1.2,3.8,3.3,2.0,5.2,0.0,2.7,7.5,1.1,0.8,6.9,0.0,13.4,2.2,20.5,1.9,13.2,0.3,39.0,1.2,10.0,0.3,34.6,2.6,116.9,0.0,42.5,3.4,81.6,1.5,207.5,0.0,156.6,4.2,18.7,0.2,13.0,0.0,22.3,1.0,16.5,0.0,69.4,0.0,24.2,0.0,21.4,0.0,39.6,0.0,3.0,0.0,85.4,2.3,8.6,0.0,15.4,0.0,17.6,0.0,25.6,4.6,117.0,0.0,9.2,0.8,5.9,2.1,6.7,0.0,19.5,0.0,19.7,0.0,8.3,0.0,29.9,0.0,5.8,0.0,2.3,0.9,6.5,2.1,8.5,0.1,4.2,0.0,1.0,14.2,1.8,0.0,2.3,0.0,12.7,11.2,12.5,0.0,0.9,0.0,2.0,0.0,20.9,0.2,5.7,1.0,0.6,0.0,1.6,1.6,0.2,0.0,12.6,0.0,2.9,0.6,0.1,9.0,6.3,0.0,2.9,0.0,5.8,0.0,0.0,0.0,0.0,0.0,4.0,0.0,1.5,1.5,13.9,0.0,81.8,7.1,25.9,0.0,120.7,5.5,73.6,0.0,47.7,19.0,70.1,0.0,157.4,0.0,25.9,1.3,21.0,0.0,26.0,8.7,27.5,0.0,51.4,0.0,12.3,3.0,24.8,5.4,37.3,0.0,6.0,0.7,47.4,0.0,10.1,0.1,54.7,0.0,36.1,4.8,97.2,0.0,104.0,0.0,44.3,1.1,18.2,0.0,7.5,0.0,6.2,0.0,0.0,0.0,0.0,0.0,0.0,0.0,0.0,501.8,7.6,0.0,15.9,6.4,5.9,0.0,23.6,3.9,12.6,6.2,0.0,0.0,28.0,0.0,4.0,1.9,8.5,0.0,11.0,0.0,13.6,0.0,0.0,24.5,0.0,0.0,19.6,5.3,13.2,0.6,37.1,1.6,11.5,0.0,20.7,0.0,342.3,0.0,101.1,7.2,191.1,1.1,225.4,2.4,275.2,0.0,216.6,0.0,68.3,0.0,142.7,34.2,79.9,3.7,32.2,1.9,1.1,0.0,248.0,6.1,0.0,0.0,0.0,0.0,0.0,0.0,0.0,0.8,0.0,0.0,0.0,0.0,0.0,7.8,0.0,0.0,0.0,0.0,2.2,1.1,0.3,0.0,2.9,1.9,3.7,0.0,0.0,0.5,0.0,0.0,0.8,0.0,0.0,0.0,0.0,0.0,0.3,0.0,0.0,0.0,0.0,0.0,0.0,0.0,0.0,0.0,0.0,0.0,0.0,81.3,7.4,86.6,0.0,44.2,1.8,97.2,1.3,70.3,6.2,20.2,0.0,19.6,1.2,205.4,0.0,134.3,22.3,120.8,0.0,151.1,0.0,102.9,0.0,86.2,6.1,153.9,0.9,24.3,6.0,44.3,0.0,217.5,1.8,215.6,3.6,141.8,0.0,61.5,1.1,62.1,5.2,22.9,0.0,17.6,0.0,53.1,4.8,35.3,0.0,0.0,5.5,0.0,2.0,7.3,21.5,6.4,12.1,0.0,1.1,2.9,0.0,4.5,0.0,3.3,4.4,0.0,4.1,9.7,7.6,5.3,0.0,0.0,0.0,0.9,10.9,4.5,3.0,4.4,6.9,1.4,13.1,4.2,6.5,0.3,7.2,0.0,3.5,0.0,13.4,0.0,0.9,3.5,5.4,0.0,0.0,0.0,3.5,0.0,0.0
88968_POS_SU,pos,Level 2,N-Dodecanoyl-N-methylglycine,Anthropogenic,Surfactant / detergent,29.3,0.0,0.0,0.0,0.0,0.0,0.0,0.8,0.0,0.0,0.0,0.0,0.0,0.0,0.0,0.0,0.0,0.0,0.0,0.0,0.0,0.0,0.0,0.0,0.0,0.0,0.0,0.0,0.0,0.0,0.0,0.0,0.0,0.0,0.0,0.0,0.0,0.0,0.0,0.0,0.0,0.0,0.0,0.0,0.0,0.0,0.0,0.1,0.0,0.0,0.0,26.9,0.0,0.0,0.0,0.8,0.0,0.2,0.0,0.6,0.3,0.0,0.0,0.0,0.0,0.0,0.0,0.0,0.0,0.0,0.0,0.2,0.0,0.4,0.0,0.3,0.0,0.0,0.7,7.7,0.0,3.7,0.0,0.0,0.0,0.6,0.0,0.0,0.0,0.0,0.0,0.0,0.0,7.0,0.9,1.8,0.0,4.9,0.0,0.7,0.0,135.7,0.0,50.5,1.6,1.5,0.0,164.0,0.0,2.2,0.0,8.1,0.0,4.2,0.0,0.7,0.0,0.0,0.0,0.1,0.0,1.3,0.0,0.1,0.0,59.7,0.0,11.4,0.0,0.0,0.0,0.4,0.0,2.7,0.0,6.7,0.1,5.9,0.0,0.0,0.5,2.6,0.0,0.0,0.0,4.3,0.0,0.5,0.0,19.5,5.9,1.8,0.0,1.1,1.3,0.0,0.0,1.8,0.0,0.0,0.0,123.7,0.0,0.0,0.0,0.0,0.0,1.2,0.0,0.0,0.0,16.5,0.0,0.0,0.0,0.7,0.0,2.8,7.1,0.2,0.0,0.4,0.0,0.3,0.0,0.0,0.0,0.0,0.0,0.0,0.0,5.9,0.0,3.5,15.0,0.7,0.0,3.2,7.3,0.0,0.0,0.0,1.6,0.0,0.3,0.0,0.0,0.0,0.0,0.0,0.0,3.1,0.0,0.0,0.0,0.0,0.0,2.3,0.0,0.0,0.0,1.6,0.0,0.0,0.0,0.0,0.0,0.0,0.0,0.0,0.0,0.3,0.0,0.0,0.0,0.0,0.0,0.0,0.5,0.0,0.0,0.0,0.0,0.0,0.0,0.4,0.0,0.0,0.0,0.0,0.0,0.0,0.0,0.0,0.0,0.0,0.0,1.0,0.0,0.0,0.0,0.0,0.0,14.2,0.0,1.5,0.0,0.5,0.0,0.0,0.0,0.9,0.0,1.2,0.0,0.0,0.2,0.0,0.0,0.0,0.0,0.0,0.0,0.0,0.0,0.0,0.0,0.5,0.0,0.0,0.0,0.0,0.0,0.2,1.7,0.0,0.0,0.0,0.0,2.7,0.0,0.1,0.0,0.0,0.0,0.2,0.0,0.0,0.0,0.0,0.0,0.0,0.0,1.2,0.0,2.1,0.0,3.5,0.0,0.0,0.0,0.0,15.6,8.4,1.8,0.0,13.1,5.7,0.0,7.9,2.8,0.0,0.7,0.0,16.8,0.0,12.8,0.1,295.1,7.4,3.7,5.7,0.4,0.0,0.0,64.9,3.7,0.8,7.4,0.0,0.1,0.0,13.9,9.2,6.8,0.0,0.0,0.0,0.7,8.5,8.0,0.0,1.8,0.0,3.1,0.0,8.9,0.0,17.5,8.7,0.0,0.0,0.0,0.0,0.0,2.1,0.0,4.7,0.0,0.0,0.0,0.3,0.0,0.0,0.0,0.0,0.0,0.0,0.0,0.0,0.0,0.0,0.0,0.0,0.0,0.0,0.0,0.0,0.0,0.0,0.0,0.0,0.0,0.6,0.0,0.0,0.0,0.0,0.0,0.0,0.0,0.0,0.0,0.0,0.0,0.0,0.0,0.0,0.0,0.0,0.0
89423_POS_SU,pos,Level 2,"(2E)-5-[(1S,4aS,8aS)-decahydro-5,5,8a-trimethyl-2-methylene-1-naphthalenyl]-3-methyl-1-penten-3-ol",Natural,Fragrance / flavor compound,82.4,41.6,130.5,192.6,8.4,188.3,34.1,48.1,0.0,22.6,4.0,85.2,0.0,1233.3,105.7,156.3,0.0,80.8,98.6,14.5,29.8,0.0,64.3,324.1,4.2,46.9,2.5,169.0,14.5,999.6,50.3,151.8,0.0,452.2,17.3,28.8,10.5,246.5,14.8,242.0,0.2,25.7,11.4,4.0,4.9,145.8,2.6,3.2,17.2,4.7,8.6,61.2,43.7,114.3,4.8,8.7,5.2,14.0,168.7,1.7,89.6,288.4,1.5,98.3,12.1,62.8,0.3,63.1,2.5,14.7,8.4,228.0,50.7,2.7,2.7,2.1,11.1,0.0,53.0,209.3,8.6,9.3,0.5,1803.7,34.4,27.0,0.0,12.6,4.8,32.0,12.2,308.4,6.8,124.6,50.4,73.4,11.3,40.2,7.4,21.5,9.5,142.0,0.1,27.5,1.5,99.8,0.0,56.8,0.0,195.6,0.0,73.6,0.0,110.6,1.7,27.9,0.0,21.3,0.0,42.6,3.4,24.8,7.4,26.3,0.0,48.7,1.3,22.1,0.0,21.7,0.0,14.1,1.8,54.2,3.0,47.5,6.2,17.6,0.0,6.1,26.4,9.5,0.0,30.0,3.1,30.5,4.0,124.9,2.0,7.8,0.0,40.5,14.7,4.2,0.0,0.1,0.0,0.0,1.2,16.0,0.2,0.0,0.0,9.6,22.1,76.2,0.0,0.0,18.6,11.6,0.0,35.8,2.5,1.2,6.3,744.4,3.0,11.2,3.1,0.0,2.6,33.9,6.2,676.9,15.3,28.3,9.1,31.5,0.0,16.5,32.0,48.0,17.1,0.0,0.0,0.0,33.8,22.7,1.3,153.2,0.9,0.7,54.0,0.0,53.0,229.4,0.0,0.0,0.0,0.0,0.0,52.4,2.2,2.0,0.0,94.4,0.8,45.5,0.0,27.7,0.4,282.6,0.0,29.9,2.8,11.5,0.0,11.0,0.0,27.0,0.0,69.4,1.8,0.0,1.0,6.5,237.6,42.5,59.5,79.1,0.0,42.0,33.8,31.8,8.5,51.5,6.7,35.5,2.1,55.7,2.0,97.5,1.5,147.4,4.6,13.3,51.4,44.6,1.0,192.9,0.5,63.6,2.1,73.2,62.4,80.7,0.0,72.1,11.2,41.8,50.3,53.3,3.6,205.3,0.0,15.2,94.7,18.3,1.8,39.5,0.0,50.4,0.0,22.1,0.7,62.4,17.3,122.1,0.5,11.9,0.4,1.3,0.0,8.9,4.3,19.9,0.0,14.8,0.0,25.6,0.0,19.1,0.0,27.3,0.0,33.0,2.2,144.7,2.4,143.9,1.5,15.2,3.9,110.7,0.0,176.4,0.5,41.9,0.0,5.3,0.1,13.8,71.8,0.0,2.3,0.0,0.0,5.6,45.8,0.0,36.5,0.6,29.7,0.0,110.8,14.4,333.1,8.7,14.4,7.1,0.0,2.5,184.4,0.3,2.2,1.4,0.0,0.0,4.4,6.1,21.0,0.0,23.2,81.6,43.4,73.5,22.0,1.2,43.6,10.4,76.3,57.5,0.0,6.4,46.1,0.3,20.9,2.5,26.0,3.3,13.5,21.6,95.2,8.4,6.5,0.4,6.5,108.3,2.1,0.3,0.9,47.0,0.0,16.0,0.0,47.2,0.1,18.2,1.0,6.2,0.2,16.3,0.0,93.7,18.4,20.5,10.3,7.2,57.9,44.1,0.0,38.3,9.1,24.9,3.2,15.8,14.2,52.4,0.0,38.7,0.0,18.7,5.1,9.0,0.3,7.5,7.8,27.4,2.8,74.5,3.1
91114_POS_SU,pos,Level 2,Terbucarb,Anthropogenic,Pesticide / biocide,38.6,0.2,0.9,1.9,0.0,0.9,0.0,0.0,0.0,0.1,0.0,0.0,0.0,0.0,0.0,0.0,0.0,0.4,0.0,16.8,0.3,0.0,0.8,0.4,0.0,1.7,0.0,1.2,0.0,1.0,0.1,0.3,0.0,0.0,0.0,0.0,0.0,1.1,2.8,2.7,0.0,0.8,0.0,1.4,0.0,3.1,0.0,0.5,0.0,0.0,0.0,96.8,1.3,4.3,0.0,16.8,13.4,108.9,2.4,189.2,0.7,20.9,6.3,87.8,1.1,43.3,0.0,13.6,0.1,1.5,0.0,16.1,0.0,348.4,1.8,4.7,0.0,281.9,26.1,189.6,2.4,43.3,5.0,118.2,31.2,1269.1,125.0,1225.1,1.4,2.2,0.5,79.3,0.0,19.5,6.0,142.2,14.0,11.1,1.1,11.4,1.5,21.0,0.0,0.0,0.0,6.6,0.0,0.0,0.0,0.4,0.0,16.1,0.0,2.8,0.0,10.1,0.0,0.7,0.0,0.0,0.0,0.0,0.0,0.0,0.0,8.1,0.0,0.0,0.0,0.8,0.0,0.0,0.0,0.0,0.0,0.0,0.0,0.0,0.0,0.0,0.0,0.0,0.0,0.0,0.0,0.0,0.0,3.4,0.0,0.0,0.0,1.4,0.0,1.1,4.8,9.9,0.0,0.1,0.0,0.0,0.0,0.4,2.8,0.6,0.0,0.6,0.0,1.2,0.0,0.7,2.3,0.6,0.0,0.9,0.0,54.7,0.0,0.0,0.0,0.5,0.0,0.0,0.0,2.5,0.0,0.0,0.0,0.0,0.0,56.1,0.0,0.0,0.0,62.0,5.4,3.0,0.0,0.8,0.0,5.9,0.0,1.5,2.8,0.0,0.0,6.5,0.0,0.0,0.0,0.0,0.0,0.0,0.0,0.0,0.0,0.0,0.0,0.0,0.0,1.1,0.0,15.7,0.0,0.9,0.0,0.0,0.0,0.0,0.0,0.0,0.0,0.0,0.0,0.0,0.0,0.0,1.9,0.0,0.0,0.0,0.0,0.3,0.0,0.3,0.0,0.8,0.0,0.0,0.0,0.0,0.0,17.9,0.0,0.0,0.0,0.0,0.0,0.0,0.0,0.0,0.0,0.0,0.0,0.4,0.0,0.0,0.0,0.5,0.0,0.0,0.0,0.0,0.0,0.5,0.0,1.0,0.0,0.0,0.0,3.2,0.0,0.6,0.0,0.0,0.0,12.2,0.1,21.9,0.2,2.3,0.0,14.4,0.0,117.2,0.4,0.0,0.0,2.9,0.0,0.0,0.0,0.2,0.0,10.0,0.0,23.0,0.0,3.6,0.7,1.7,0.0,4.8,0.0,0.9,0.0,11.3,0.0,0.0,0.0,0.0,0.0,0.0,0.0,0.0,1.2,0.0,0.7,0.0,26.3,0.0,0.0,0.0,28.2,0.0,0.3,0.0,0.8,0.0,1.3,0.0,0.0,0.0,0.0,0.0,0.3,0.0,0.2,1.3,0.2,0.0,0.0,0.0,1.4,0.0,0.0,0.2,0.1,0.0,0.0,0.0,1.0,0.4,0.2,0.0,1.5,0.0,0.0,0.0,0.0,0.0,0.0,0.4,0.2,0.0,0.0,0.0,0.0,0.2,0.0,0.0,0.0,0.0,0.0,0.0,0.0,1.2,0.0,0.2,0.0,0.0,0.0,0.3,0.0,0.2,0.1,0.0,0.0,0.0,0.0,0.0,0.0,0.0,0.0,0.0,0.0,0.0,0.0,0.0,0.0,0.9,0.0,0.0,0.0,0.0,0.0,0.0,0.0,0.0,0.0,0.5,0.0
91768_POS_SU,pos,Level 2,Metalaxyl,Anthropogenic,Pesticide / biocide,4.3,0.0,0.0,0.0,0.0,0.0,0.0,0.0,0.0,0.0,0.0,0.0,0.0,0.0,0.0,0.0,0.0,0.0,0.0,0.0,0.0,0.0,0.0,0.0,0.0,0.0,0.0,0.0,0.0,0.0,0.0,0.0,0.0,0.0,0.0,0.0,0.0,0.0,0.0,0.0,0.0,0.0,0.0,0.0,0.0,0.0,0.0,0.0,0.0,0.0,0.0,0.2,3.4,0.0,0.1,0.0,0.0,0.0,0.0,0.0,0.0,0.7,3.6,0.0,0.1,0.0,0.0,0.0,0.0,0.0,0.9,0.0,0.0,0.0,0.0,0.0,0.0,0.0,0.3,0.0,0.0,0.0,0.0,0.0,0.0,0.0,0.0,0.0,0.0,0.0,0.0,0.0,0.0,0.0,0.4,0.0,0.0,0.0,0.0,0.0,0.0,0.0,0.0,0.0,0.0,0.0,0.0,0.0,0.0,0.0,0.0,0.0,0.0,0.0,0.0,0.0,0.0,0.0,0.0,0.0,0.0,0.0,0.0,0.0,0.0,0.0,0.0,0.0,0.0,0.0,0.0,0.0,0.0,0.0,0.0,0.0,0.0,0.0,0.0,0.0,0.0,0.0,0.0,0.0,0.0,0.0,0.0,0.0,0.0,0.0,0.0,0.0,0.0,0.0,0.0,0.0,0.0,0.0,0.0,0.0,0.0,0.0,0.0,0.0,0.0,0.0,0.0,0.0,0.0,0.0,0.0,0.0,0.0,0.0,0.0,0.0,0.0,0.0,0.0,0.1,0.0,0.0,0.0,0.0,0.0,0.0,0.0,0.0,0.0,0.0,0.0,0.0,0.0,0.0,0.0,0.1,0.0,0.0,0.0,0.0,0.0,0.0,0.0,0.0,0.0,0.0,0.0,0.0,0.0,0.0,0.0,0.0,0.0,0.0,0.0,0.0,0.0,0.0,0.0,0.0,0.0,0.0,0.0,0.0,0.0,0.0,0.0,0.0,0.0,0.0,0.0,0.1,0.0,0.0,0.0,0.0,0.0,0.0,0.0,0.0,0.0,0.0,0.0,0.0,0.0,0.0,0.0,0.0,0.0,0.0,0.0,0.0,0.0,0.0,0.0,0.0,0.0,0.0,0.0,0.0,0.1,0.0,0.0,0.0,0.0,0.3,0.0,0.0,0.0,0.0,0.0,0.0,0.0,0.0,0.0,0.0,0.0,0.0,0.0,0.0,0.0,0.0,0.0,0.0,0.0,0.0,0.0,0.0,0.0,0.0,0.0,0.0,0.0,0.0,0.0,0.0,0.0,0.0,0.0,0.0,0.0,0.0,0.0,0.0,0.0,0.0,0.0,0.0,0.0,0.0,0.0,0.0,0.0,0.0,0.0,0.0,0.0,0.0,0.0,0.0,0.0,0.0,0.0,0.0,0.0,0.0,0.1,0.0,0.0,0.0,0.0,0.0,0.0,0.0,0.1,0.0,0.0,0.0,0.0,0.0,0.0,0.0,0.0,0.0,0.0,0.0,0.0,0.0,0.0,0.0,0.0,0.0,0.0,0.0,0.0,0.0,0.0,0.0,0.0,0.0,0.0,0.0,0.0,0.0,0.0,0.3,0.0,0.2,0.0,0.0,0.0,0.0,0.0,0.0,0.0,0.0,0.0,0.0,0.0,0.0,0.0,0.0,0.0,0.0,0.0,0.0,0.0,0.0,0.0,0.0,0.0,0.0,0.0,0.0,0.0,0.0,0.0,0.0,0.0,0.0,0.0,0.0,0.0,0.0,0.0,0.0,0.0,0.0,0.0,0.0,0.0,0.0,0.0,0.0,0.0,0.0,0.0,0.0,0.0,0.0,0.0
92368_POS_SU,pos,Level 2,DCOIT,Anthropogenic,Pesticide / biocide,1.9,0.0,0.0,0.0,0.0,0.0,0.0,0.0,0.0,0.0,0.0,0.0,0.0,0.0,0.0,0.0,0.0,0.0,0.0,0.0,0.0,0.0,0.0,0.0,0.0,0.0,0.0,0.0,0.0,0.0,0.0,0.0,0.0,0.0,0.0,0.0,0.0,0.0,0.0,0.0,0.0,0.0,0.0,0.0,0.0,0.0,0.0,0.0,0.0,0.0,0.0,0.0,0.0,17.0,0.0,0.0,0.0,47.4,0.0,81.5,0.0,0.0,0.0,30.0,0.0,0.0,0.0,0.0,0.0,0.0,0.0,0.0,0.0,0.0,0.0,0.0,0.0,0.0,0.0,0.0,0.0,0.0,0.0,0.0,0.0,0.0,0.0,0.0,0.0,0.0,0.0,0.0,0.0,0.0,0.0,0.0,0.0,47.0,0.0,0.0,0.0,0.0,0.0,0.0,0.0,0.0,0.0,0.0,0.0,0.0,0.0,0.0,0.0,0.0,0.0,0.0,0.0,0.0,0.0,0.0,0.0,0.0,0.0,0.0,0.0,0.0,0.0,0.0,0.0,0.0,0.0,0.0,0.0,0.0,0.0,7.9,0.0,0.0,0.0,0.0,0.0,0.0,0.0,0.0,0.0,0.0,0.0,0.0,0.0,0.0,0.0,0.0,0.0,0.0,0.0,0.0,0.0,0.0,0.0,0.0,0.0,0.0,0.0,0.0,0.0,0.0,0.0,0.0,0.0,0.0,0.0,0.0,0.0,0.0,0.0,0.0,0.0,0.0,0.0,0.0,0.0,0.0,0.0,0.0,0.0,0.0,0.0,0.0,0.0,0.0,0.0,0.0,0.0,0.0,0.0,0.0,0.0,0.0,0.0,0.0,0.0,0.0,0.0,0.0,0.0,0.0,0.0,0.0,0.0,0.0,0.0,0.0,0.0,0.0,0.0,0.0,0.0,0.0,0.0,0.0,0.0,0.0,0.0,0.0,0.0,0.0,0.0,0.0,0.0,0.0,0.0,0.0,0.0,0.0,0.0,0.0,0.0,0.0,0.0,0.0,0.0,0.0,0.0,0.0,0.0,0.0,0.0,0.0,0.0,0.0,0.0,0.0,0.0,0.0,0.0,0.0,0.0,0.0,0.0,0.0,0.0,0.0,0.0,0.0,0.0,0.0,0.0,0.0,0.0,0.0,0.0,0.0,0.0,0.0,0.0,0.0,0.0,0.0,0.0,0.0,0.0,0.0,0.0,0.0,0.0,0.0,0.0,0.0,0.0,0.0,0.0,0.0,0.0,0.0,6.2,0.0,0.0,0.0,0.0,0.0,0.0,0.0,0.0,0.0,0.0,0.0,0.0,0.0,0.0,0.0,0.0,0.0,0.0,0.0,0.0,0.0,0.0,0.0,0.0,0.0,0.0,0.0,0.0,0.0,0.0,0.0,0.0,0.0,0.0,0.0,0.0,0.0,0.0,0.0,0.0,0.0,0.0,0.0,3.4,0.0,0.0,0.0,0.0,0.0,0.0,0.0,0.0,0.0,0.0,0.0,0.0,0.0,0.0,0.0,0.0,0.0,0.0,0.0,0.0,0.0,0.0,0.0,0.0,0.0,0.0,0.0,0.0,0.0,0.0,0.0,0.0,0.0,0.0,0.0,0.0,0.0,0.0,0.0,0.0,0.0,0.0,0.0,0.0,0.0,0.0,0.0,0.0,0.0,0.0,0.0,0.0,0.0,0.0,0.0,0.0,0.0,0.0,0.0,0.0,0.0,0.0,0.0,0.0,0.0,0.0,0.0,0.0,0.0,0.0,0.0,0.0,0.0,0.0,0.0,0.0,0.0,0.0,0.0,0.0,0.0,0.0
92461_POS_SU,pos,Level 2,Pendimethalin,Anthropogenic,Pesticide / biocide,22.1,0.0,0.2,0.0,0.2,0.0,0.3,0.0,0.2,0.0,0.2,0.0,0.0,0.0,0.0,0.0,0.0,0.0,0.0,0.0,0.2,0.0,0.1,0.0,0.1,0.0,0.1,0.0,0.5,0.0,0.7,0.1,11.0,0.0,0.2,0.0,0.3,0.0,0.1,0.0,0.3,0.0,0.3,0.0,0.2,0.0,0.3,0.0,0.2,0.0,0.3,0.1,0.0,0.0,0.0,0.0,0.0,0.0,0.0,0.0,0.0,0.3,0.3,0.0,0.0,0.0,0.0,0.0,0.0,0.0,3.1,0.0,0.0,0.0,0.1,0.1,0.3,0.0,3.0,0.1,0.0,0.0,0.0,0.0,0.0,0.0,0.0,0.0,0.0,0.0,0.0,0.0,0.0,0.4,3.5,0.0,0.0,0.0,0.0,0.0,0.0,0.0,2.1,0.0,3.0,0.0,1.3,0.0,1.1,0.0,0.7,0.0,0.3,0.0,0.5,0.0,0.5,0.0,0.9,0.0,1.0,0.0,0.4,0.1,0.6,0.0,0.2,0.0,0.4,0.0,0.1,0.0,0.1,0.0,0.0,0.0,0.2,0.0,0.2,0.0,0.1,0.0,0.0,0.0,0.2,0.0,0.3,0.0,0.2,0.0,0.0,0.0,0.4,0.0,0.0,0.0,0.2,0.0,0.2,0.0,0.3,0.0,0.0,0.0,0.4,0.0,1.8,0.0,0.5,0.0,0.1,0.0,0.5,0.0,0.3,0.0,0.4,0.0,0.5,0.0,1.1,0.0,0.2,0.0,0.7,0.0,0.1,0.0,1.0,0.0,0.3,0.2,1.6,0.0,0.0,0.0,0.2,0.0,0.2,0.0,0.2,0.0,0.0,0.0,0.0,0.0,0.0,0.0,0.0,0.0,0.0,0.0,0.0,0.0,0.0,0.0,0.0,0.2,0.0,0.0,0.0,0.0,0.0,0.0,0.0,0.0,0.0,0.0,0.0,0.0,0.0,0.0,0.0,0.0,0.0,0.1,0.2,0.0,0.0,0.0,0.0,0.0,0.0,0.0,0.0,0.0,0.0,0.0,0.0,0.0,0.0,0.0,0.0,0.0,0.0,0.0,0.0,0.0,0.0,0.0,0.0,0.0,0.0,0.0,0.0,0.0,0.0,0.0,0.3,0.0,0.0,0.0,0.0,0.0,0.0,0.0,0.0,0.0,0.0,0.0,0.0,0.0,0.0,0.0,0.0,0.0,0.0,0.0,0.0,0.0,0.0,0.0,0.0,0.0,0.0,0.0,0.0,0.0,0.0,0.0,0.0,0.0,0.0,0.0,0.0,0.0,0.0,0.0,0.0,0.0,0.0,0.0,0.0,0.0,0.0,0.0,0.0,0.0,0.0,0.0,0.0,0.0,0.0,0.1,0.0,0.1,0.0,0.0,0.0,0.0,0.0,0.0,0.0,0.0,0.0,0.1,0.0,0.2,0.0,0.1,0.0,0.1,0.0,0.0,0.0,0.1,0.0,0.0,0.0,0.0,0.0,0.1,0.0,0.1,0.0,0.0,0.0,0.0,0.0,0.0,0.0,0.0,0.0,0.0,0.0,0.0,0.0,0.4,0.0,0.0,0.0,0.0,0.0,0.0,0.0,0.0,0.0,0.0,0.0,0.0,0.0,0.0,0.0,0.0,0.0,0.0,0.0,0.0,0.0,0.0,0.0,0.0,0.0,0.0,0.0,0.0,0.0,0.0,0.0,0.0,0.0,0.0,0.0,0.0,0.0,0.0,0.0,0.0,0.0,0.0,0.0,0.0,0.0,0.0,0.0,0.0,0.0,0.0,0.0,0.0,0.0
92833_POS_SU,pos,Level 2,Hexaethylene glycol,Anthropogenic,Alcohol / glycol / ether,9.8,0.0,0.0,0.0,0.0,0.0,0.0,0.0,0.0,0.0,0.0,0.0,0.0,0.0,0.0,0.0,4.0,0.0,0.0,0.0,0.0,0.0,178.4,0.0,0.0,0.0,0.0,0.0,0.0,0.0,0.0,0.0,17.7,0.0,0.0,0.0,0.0,0.0,0.0,0.0,0.0,0.0,0.0,0.0,0.0,0.0,0.0,0.0,0.0,0.0,0.0,0.0,0.0,0.0,0.0,0.0,0.0,0.0,0.0,0.0,0.0,0.0,0.0,0.0,0.0,0.0,0.0,0.0,0.0,0.0,0.0,0.0,0.0,0.0,0.0,0.0,0.0,0.0,0.0,0.0,0.0,0.0,0.0,0.0,0.0,144.3,0.0,0.0,0.0,0.0,0.0,0.0,0.0,0.0,0.0,0.0,0.0,0.0,0.0,0.0,1.6,0.0,0.0,0.0,0.0,0.0,0.0,2.9,0.0,0.0,0.0,0.0,0.0,0.0,0.0,0.0,0.0,0.0,0.0,0.0,0.0,0.0,0.0,18.2,0.0,0.0,0.0,0.0,0.0,0.0,0.0,0.0,0.0,37.8,0.0,0.0,0.0,0.0,0.0,0.0,0.0,0.0,0.0,0.0,0.0,7.8,0.0,9.1,0.0,0.0,2.5,0.0,0.0,0.0,0.0,0.0,0.0,3.2,0.0,0.0,1.2,5.9,3.0,0.0,0.0,0.0,0.0,0.0,0.0,0.0,0.0,0.0,0.0,0.0,0.0,0.0,10.8,0.0,0.0,0.0,0.0,1.9,0.0,0.0,0.0,0.0,0.0,0.0,0.0,0.0,11.4,7.3,0.0,0.0,0.1,2.3,0.0,0.9,1.2,0.0,0.0,0.0,0.0,1.1,0.0,0.0,0.0,0.0,0.0,0.0,0.0,0.0,0.0,0.0,0.0,0.0,0.0,0.0,0.0,0.0,0.0,0.0,0.0,0.0,0.0,0.0,0.0,0.0,0.0,0.0,0.0,0.0,0.0,0.0,0.0,0.0,0.0,0.0,0.0,0.0,0.0,0.0,0.0,0.0,0.0,0.0,0.0,0.0,0.0,0.0,0.0,0.0,0.0,0.0,0.0,0.0,0.0,0.0,0.0,0.0,0.0,0.0,0.0,0.8,0.0,0.0,0.0,0.0,0.0,0.0,0.0,0.0,0.0,0.0,0.0,0.0,0.0,0.0,0.0,0.0,0.0,0.0,0.0,6.5,0.0,0.0,0.0,0.0,0.0,0.0,0.0,0.0,0.0,0.0,234.3,0.0,0.0,0.0,0.0,0.0,0.0,0.0,0.0,0.0,0.0,0.0,0.0,0.0,0.0,0.0,0.0,0.0,0.0,0.0,0.0,0.0,0.0,0.0,0.0,0.0,0.0,0.0,0.0,0.0,0.0,0.0,0.0,0.0,0.0,0.0,0.0,0.0,0.0,29.8,0.0,7.7,0.0,18.8,9.1,0.0,1.0,7.5,0.0,0.0,0.0,0.0,0.0,39.2,0.0,2.0,0.0,0.0,0.0,7.3,0.1,4.5,0.0,30.0,0.0,0.0,0.0,0.0,14.6,0.0,0.0,0.0,0.0,0.0,0.0,0.0,0.0,0.0,0.0,0.0,0.0,0.0,0.0,0.0,898.7,0.0,0.0,0.0,0.0,0.0,0.0,0.0,0.0,0.0,0.0,0.0,0.0,0.0,0.0,0.0,0.0,0.0,0.0,0.0,0.0,0.0,0.0,0.0,0.0,0.0,0.0,0.0,0.0,0.0,0.0,0.0,0.0,0.0,0.0,0.0,0.0,0.0,0.0,0.0,0.0,0.0,0.0
93139_POS_SU,pos,Level 2,Metolachlor,Anthropogenic,Pesticide / biocide,48.6,0.0,0.0,0.0,0.0,0.1,0.0,0.0,0.0,0.0,0.0,0.0,0.0,0.0,0.0,0.0,0.0,0.0,0.0,0.4,0.1,0.0,0.4,0.0,0.1,0.0,0.1,0.0,0.1,0.2,0.1,0.1,6.6,0.0,0.2,0.0,0.2,0.1,0.1,0.0,0.4,0.0,0.3,0.0,0.1,0.0,0.2,0.0,0.3,0.0,0.3,0.5,2.9,0.7,2.6,0.3,1.1,1.1,1.8,0.7,1.8,0.2,0.2,0.7,2.3,0.4,3.7,0.1,0.5,1.3,16.4,0.3,1.3,1.8,3.9,3.8,4.0,0.7,4.6,0.5,0.2,2.5,0.1,0.5,0.5,0.4,0.2,0.3,0.2,0.9,0.5,0.1,0.2,0.6,4.1,1.3,0.5,0.0,0.1,0.0,0.2,0.0,0.0,0.0,0.0,0.0,0.0,0.0,0.0,0.0,0.0,0.0,0.0,0.0,0.0,0.0,0.0,0.0,0.0,0.0,0.0,0.0,0.0,0.0,0.0,0.1,0.0,0.0,0.0,0.0,0.0,0.0,0.0,0.1,0.0,0.0,0.0,0.1,0.0,0.0,0.0,0.0,0.0,0.0,0.0,0.0,0.0,0.0,0.0,0.0,0.0,0.0,0.6,0.0,0.8,0.0,1.3,0.3,2.9,0.0,2.6,0.9,6.1,0.1,2.8,0.2,9.4,0.5,1.8,0.1,3.0,0.4,1.2,0.0,1.3,0.1,1.6,0.0,1.7,0.6,3.1,0.1,1.1,0.1,2.0,0.1,0.7,0.1,4.4,0.1,3.1,0.3,4.5,0.0,8.6,0.4,2.1,0.1,1.9,0.2,0.6,0.1,0.0,0.0,0.0,0.1,0.0,0.0,0.0,0.0,0.0,0.1,0.1,0.2,0.1,0.4,0.0,2.5,0.1,0.1,0.0,0.1,0.0,0.2,0.1,0.0,0.0,0.1,0.0,0.3,0.0,0.9,0.1,0.0,0.1,1.1,1.2,0.3,0.2,0.3,0.2,0.3,0.7,0.1,0.0,0.3,0.1,0.1,0.3,0.3,0.5,0.3,0.3,0.6,1.3,0.0,2.2,0.1,0.2,0.7,0.5,0.1,0.2,0.1,0.3,0.0,0.1,0.2,0.2,0.2,0.4,0.0,0.0,0.0,0.0,0.0,0.0,0.0,0.0,0.0,0.0,0.0,0.0,0.0,0.0,0.2,0.0,0.1,0.0,0.0,0.0,0.0,0.0,0.1,0.0,0.0,0.0,0.0,0.0,0.0,0.0,0.0,0.0,0.0,0.0,0.0,0.0,0.0,0.0,0.0,0.0,0.0,0.0,0.0,0.0,0.0,0.0,0.0,0.0,0.0,0.0,0.5,0.1,0.9,0.1,3.0,0.4,0.6,0.0,0.9,0.1,0.2,0.0,0.6,0.1,0.9,0.1,1.9,0.2,0.6,0.1,0.7,0.0,0.3,0.0,1.0,0.0,0.9,0.0,0.1,0.0,0.2,0.0,0.5,0.1,0.3,0.0,0.5,0.0,0.3,0.0,0.2,0.0,0.2,0.0,0.1,0.0,0.2,0.1,0.1,0.0,0.0,0.0,0.0,0.0,0.0,0.0,0.0,0.0,0.0,0.0,0.0,0.0,0.0,0.0,0.0,0.0,0.0,0.0,0.0,0.0,0.0,0.0,0.0,0.0,0.0,0.0,0.0,0.0,0.0,0.0,0.0,0.0,0.0,0.0,0.0,0.0,0.0,0.0,0.0,0.0,0.0,0.0,0.0,0.0,0.0,0.0,0.0,0.0,0.0,0.0
93260_POS_SU,pos,Level 2,Cetrimonium,Anthropogenic,Surfactant / detergent,54.8,17.0,13.1,11.6,0.0,16.4,28.5,0.0,0.0,11.5,0.0,8.2,24.7,69.8,0.0,662.0,0.0,3.7,3.5,0.0,13.7,0.0,22.8,0.0,0.0,13.8,0.0,110.6,10.7,97.3,17.5,17.5,0.0,59.4,2.5,2.3,4.1,34.7,4.1,23.1,3.8,16.3,3.5,0.0,0.0,70.2,0.0,0.0,5.6,0.0,0.0,120.6,7.8,169.4,4.8,82.9,30.0,177.5,74.3,1.2,66.3,137.3,0.0,60.7,29.5,77.8,5.5,68.3,10.9,50.1,13.9,156.8,3.5,0.0,0.0,13.0,5.1,0.0,25.5,11.6,0.0,0.0,67.6,547.0,1.0,1.4,0.0,0.0,71.0,33.2,0.0,131.1,34.4,9.5,164.6,61.7,0.7,7.5,1.7,139.3,7.6,272.2,0.4,15.5,0.0,1.3,0.0,66226.6,2.5,43.6,0.0,357.3,0.0,59.0,0.0,4.2,0.0,35.4,0.0,0.0,0.0,0.0,0.0,7.5,0.0,8.8,0.0,3.5,0.0,0.0,0.0,13.5,0.6,83.3,0.0,10.1,0.0,17.3,0.0,0.0,0.0,17.0,0.0,2.4,0.0,45.8,0.0,920.7,0.0,9.9,0.0,9.4,10.7,0.0,0.0,0.0,0.0,0.0,0.0,0.0,1.4,0.0,0.0,3.9,0.0,10.9,0.0,0.0,0.0,0.0,0.0,9.4,0.0,0.0,0.0,26.1,3.9,0.2,0.0,0.0,0.0,15.9,0.0,88.7,0.0,0.2,0.0,32.4,0.0,5.4,25.9,75.7,0.0,0.0,0.0,5.6,0.0,66.5,8.3,107.6,3.4,8.1,11.8,97.9,4.9,31.3,0.0,0.0,0.0,0.0,0.0,0.0,0.0,0.0,0.0,0.0,0.0,30.1,0.0,0.0,0.0,17.2,0.0,0.0,0.0,0.0,0.0,0.8,0.0,0.0,0.4,42.5,0.0,0.0,0.0,0.0,4.3,0.0,0.0,5.7,0.0,0.0,11.6,0.1,0.0,10.2,0.0,20.0,2.5,8.4,0.1,11.9,0.0,19.3,0.0,4.6,0.0,5.3,2.3,17.0,0.0,1.9,9.2,1389.0,78.4,39.4,0.0,0.0,0.0,0.0,1.7,22.2,0.0,31.5,0.0,0.0,1.1,15.3,0.0,21.7,0.0,1.6,0.0,4.6,0.0,53.9,72.6,6.2,0.0,301.4,1.8,26.1,0.0,8.9,6.8,4.7,0.0,0.0,0.0,3.7,2.0,5.5,0.0,0.0,0.0,7.8,0.0,0.0,0.0,151.6,0.0,0.0,0.0,187.8,10.4,60.5,0.0,10.5,0.0,0.0,0.0,9.5,58.0,0.0,1.8,21.8,0.0,0.0,2.6,0.0,64.7,0.0,4.2,0.0,41.5,0.0,54.8,0.0,5.4,0.0,0.0,0.0,63.3,0.0,19.6,1.6,0.0,0.0,0.0,0.0,20.9,0.0,59.3,8.8,126.5,8.5,31.8,0.3,5.0,0.0,11.9,0.5,0.0,0.0,11.1,0.0,7.3,0.0,3.5,0.0,1.0,7.0,50.9,0.0,0.0,8.6,8.5,75.5,78.5,0.0,0.0,0.8,0.0,14.8,0.0,53.9,0.0,0.2,0.0,2.6,0.0,39.6,5.9,15.1,13.6,11.6,0.0,0.0,0.0,5.4,0.0,64.8,1.5,22.3,0.0,65.3,8.8,1.5,0.0,6.3,0.0,0.3,0.0,0.0,0.0,3.5,7.4,0.8,0.0,3.0,0.0
93479_POS_SU,pos,Level 2,Genkwanin,Natural,"Natural product – plant/fungal metabolites, terpenes, flavonoids, alkaloids, etc.",42.6,0.0,0.0,0.0,2.0,0.0,0.6,0.0,1.9,0.0,0.0,0.0,0.0,0.0,0.5,0.0,0.0,0.0,0.1,0.0,0.0,0.0,0.3,0.0,0.1,0.0,0.0,0.0,0.0,0.0,0.0,0.0,0.0,0.0,0.0,0.0,0.0,0.0,0.1,0.0,0.1,0.0,0.3,0.0,0.8,0.0,2.2,0.0,6.7,0.0,1.5,0.0,0.7,0.0,0.5,0.0,0.0,0.0,0.6,0.0,1.5,0.0,0.6,0.0,0.2,0.0,0.1,0.0,0.7,0.0,0.2,0.1,1.2,0.0,0.1,0.0,0.0,0.0,0.0,0.0,0.1,0.0,0.0,0.0,0.0,0.0,0.0,0.0,0.3,0.0,0.0,0.0,0.0,0.0,0.0,0.0,0.0,0.0,0.4,0.0,0.0,0.0,0.3,0.0,0.1,0.0,0.0,0.0,0.0,0.0,0.0,0.0,0.2,0.0,0.0,0.0,0.2,0.0,0.2,0.0,0.0,0.0,0.0,0.0,0.0,0.0,0.2,0.0,0.1,0.0,0.1,0.0,0.0,0.0,0.0,0.0,0.0,0.0,0.6,0.0,0.1,0.0,1.0,0.0,0.0,0.0,0.2,0.0,0.0,0.0,0.4,0.0,0.8,0.0,2.5,0.0,1.0,0.0,0.8,0.0,0.1,0.0,2.5,0.0,1.1,0.0,1.0,0.0,0.9,0.0,0.7,0.1,0.8,0.0,1.1,0.0,0.0,0.0,0.7,0.0,1.0,0.0,0.6,0.0,0.9,0.0,0.4,0.1,2.0,0.0,1.5,0.6,4.1,0.0,6.6,0.0,0.5,0.0,1.1,0.2,2.0,0.0,0.1,0.0,0.0,0.0,0.0,0.0,0.0,0.0,0.0,0.0,0.0,0.0,0.1,0.0,0.0,0.0,0.0,0.0,0.1,0.0,0.0,0.0,0.1,0.0,0.0,0.0,0.0,0.0,0.0,0.0,0.8,0.0,0.0,0.1,0.0,0.0,0.3,0.0,0.2,0.0,0.1,0.0,0.1,0.0,0.5,0.0,1.8,0.0,0.5,0.2,3.7,0.0,0.9,0.0,0.2,0.0,23.6,0.0,0.6,0.0,2.4,0.0,0.3,0.0,0.9,0.0,0.6,0.0,0.4,0.0,0.7,0.0,0.7,0.0,0.0,0.0,0.9,0.0,0.1,0.0,1.0,0.0,0.4,0.0,1.9,0.0,0.0,0.0,0.7,0.0,1.0,0.0,1.0,0.0,0.6,0.0,0.7,0.0,1.0,0.0,0.0,0.0,0.8,0.0,0.0,0.0,1.0,0.0,0.7,0.0,0.1,0.0,0.1,0.0,0.3,0.0,0.5,0.0,0.1,1.4,0.0,0.2,0.0,0.1,0.0,0.2,0.0,0.2,0.0,0.0,0.0,0.2,0.0,0.9,0.0,0.7,0.0,0.3,0.0,0.3,0.0,0.3,0.0,0.6,0.0,0.3,0.0,0.2,0.0,0.2,0.0,0.4,0.0,0.2,0.0,0.4,0.0,0.4,0.0,0.3,0.0,0.0,0.0,0.5,0.0,1.0,0.0,0.2,0.0,0.1,9.1,0.4,4.8,0.6,14.4,0.2,7.4,0.4,2.6,0.3,0.7,0.5,2.6,0.0,3.3,0.1,4.7,0.5,5.2,0.3,0.3,0.1,0.9,0.0,7.2,2.3,0.2,0.2,2.6,0.6,4.1,0.4,6.0,0.1,2.1,0.0,1.0,0.0,1.3,0.0,0.5,0.0,1.1,0.0,0.8,0.0,0.2,0.0,0.4
94836_POS_SU,pos,Level 2,Lauryl diethanolamide,Anthropogenic,Surfactant / detergent,26.0,3.3,2.3,0.0,0.0,0.0,0.0,0.0,0.0,0.0,0.0,0.0,0.0,0.0,3.6,0.0,0.0,0.0,0.0,0.0,0.0,0.0,0.0,0.0,0.0,0.0,0.0,0.0,0.0,0.0,0.0,0.0,0.0,0.0,0.0,0.0,0.0,0.0,0.0,0.0,0.0,0.0,0.0,0.0,0.0,0.0,0.0,0.0,0.0,0.0,0.0,9.2,2.2,27.0,7.1,0.0,0.0,0.0,0.0,0.0,0.0,0.0,0.0,0.0,0.0,0.0,0.0,0.0,0.0,0.0,0.0,0.0,0.0,0.5,0.0,0.0,0.0,0.0,0.0,0.0,0.0,2.2,0.0,0.0,0.0,1.0,0.0,0.0,0.6,0.0,0.0,0.0,0.0,0.0,0.0,0.0,0.0,0.0,0.0,0.2,0.0,20.6,0.0,3.2,0.0,0.0,0.0,232.8,0.0,1.9,0.0,7.6,0.0,1.8,0.0,5.8,0.0,8.4,0.0,0.4,0.0,17.3,0.0,0.0,0.0,0.0,0.0,0.1,0.0,0.0,0.0,0.0,0.0,1.6,0.0,2.7,0.0,14.4,0.0,0.0,0.0,1.2,0.0,2.9,0.0,9.7,0.0,17.5,0.0,0.0,3748.6,2.3,0.0,1.3,5.6,0.0,0.0,4.7,0.0,0.0,0.0,255.1,2.9,0.2,0.0,0.0,0.0,1.5,0.0,0.7,0.0,24.5,0.0,0.0,0.0,0.0,0.3,10.7,0.0,1.5,0.0,1.3,0.0,0.0,0.0,1.1,0.0,0.0,0.0,0.0,3.7,10.6,0.0,8.9,38.2,9.1,0.0,1.7,9.6,1.6,0.2,0.0,8.0,2.3,0.6,3.9,0.0,0.0,0.0,0.0,0.0,0.8,0.0,0.0,0.0,0.0,0.0,0.0,0.0,0.0,0.0,4.4,0.0,0.0,0.0,0.0,0.0,0.0,0.0,0.0,0.0,9.0,0.0,0.0,0.0,1.6,6.9,0.0,0.0,0.0,0.0,0.0,0.0,0.0,0.0,0.3,0.0,0.0,0.0,0.0,0.0,1.6,0.0,0.0,0.0,0.0,0.0,0.0,0.0,0.0,0.0,0.0,0.0,7.0,0.0,7.7,0.0,0.0,0.0,0.0,0.0,6.7,0.0,2.8,0.0,1.7,0.0,0.0,0.0,21.6,0.0,73.6,0.0,16.5,0.0,72.1,0.0,0.4,0.0,12.3,0.0,0.0,0.0,0.0,7.2,1.6,0.0,0.0,0.0,15.3,0.0,0.0,0.0,0.0,0.0,0.0,0.0,0.0,0.0,2.5,0.0,0.0,0.0,6.7,0.0,4.7,0.0,6.3,0.0,0.1,0.0,0.0,0.8,0.0,0.0,0.0,9.6,0.0,1.5,0.0,6.2,0.0,0.0,0.0,0.0,0.0,0.0,0.0,12.5,0.0,17.9,0.0,9.6,0.0,0.0,4.4,5.2,2.8,0.0,0.0,0.0,0.0,0.3,0.0,5.5,0.0,3.5,0.0,0.0,0.0,0.6,0.0,1.2,0.0,1.2,0.0,0.0,0.0,4.1,0.0,0.0,0.0,0.0,0.0,0.0,0.0,0.0,0.0,0.4,0.0,0.0,3.3,0.0,0.2,0.0,0.0,0.0,0.0,0.0,0.0,0.0,0.0,0.0,0.0,0.0,0.9,0.0,0.0,0.0,0.0,0.0,0.0,0.0,1.5,0.0,1.6,0.0,0.0,0.0,0.0,0.0,0.0,0.0,0.0,0.0,0.0,0.0,0.0,0.0,2.6,0.0
96097_POS_SU,pos,Level 2,Thiamethoxam,Anthropogenic,Pesticide / biocide,1.7,0.0,0.0,0.0,0.0,0.0,0.0,0.0,0.0,0.0,0.0,0.0,0.0,0.0,0.0,0.0,0.0,0.0,0.0,0.0,0.0,0.0,0.0,0.0,0.0,0.0,0.0,0.0,0.0,0.0,0.0,0.0,0.0,0.0,0.0,0.0,0.0,0.0,0.0,0.0,0.0,0.0,0.0,0.0,0.0,0.0,0.0,0.0,0.0,0.0,0.0,0.0,0.0,0.0,0.0,0.0,0.0,0.0,0.0,0.0,0.0,0.0,0.0,0.0,0.0,0.0,0.0,0.0,0.0,0.0,0.0,0.0,0.0,0.0,0.0,0.0,0.0,0.0,0.0,0.0,0.0,0.0,0.0,0.0,0.0,0.0,0.0,0.0,0.0,0.0,0.0,0.0,0.0,0.0,0.0,0.0,0.0,0.0,0.0,0.0,0.0,0.0,0.0,0.0,0.0,0.0,0.0,0.0,0.0,0.0,0.0,0.0,0.0,0.0,0.0,0.0,0.0,0.0,0.0,0.0,0.0,0.0,0.0,0.0,0.0,0.0,0.0,0.0,0.0,0.0,0.0,0.0,0.0,0.0,0.0,0.0,0.0,0.0,0.0,0.0,0.0,0.0,0.0,0.0,0.0,0.0,0.0,0.0,0.0,0.0,0.0,0.0,0.0,0.0,0.0,0.0,0.0,0.0,0.0,0.0,0.0,0.0,0.0,0.0,0.0,0.0,0.0,0.0,0.0,0.0,0.0,0.0,0.0,0.0,0.0,0.0,0.0,0.0,0.0,0.0,0.0,0.0,0.0,0.0,0.0,0.0,0.0,0.0,0.0,0.0,0.0,0.0,0.0,0.0,0.0,0.0,0.0,0.0,0.0,0.0,0.0,0.0,0.0,0.0,0.0,0.0,0.0,0.0,0.0,0.0,0.0,0.0,0.0,0.0,0.0,0.0,0.0,0.0,0.0,0.0,0.0,0.0,0.0,0.0,0.0,0.0,0.0,0.0,0.0,0.0,0.0,0.0,0.0,0.0,0.0,0.1,0.0,0.0,0.0,0.0,0.0,0.0,0.0,0.0,0.0,0.0,0.0,0.0,0.0,0.0,0.0,0.0,0.0,0.0,0.0,0.0,0.0,0.0,0.0,0.0,0.0,0.0,0.0,0.0,0.0,0.0,0.0,0.0,0.0,0.0,0.0,0.0,0.0,0.0,0.0,0.0,0.0,0.0,0.0,0.0,0.0,0.0,0.0,0.0,0.0,0.0,0.0,0.0,0.0,0.0,0.0,0.0,0.0,0.0,0.0,0.0,0.0,0.0,0.0,0.0,0.0,0.0,0.0,0.0,0.0,0.0,0.0,0.0,0.0,0.0,0.0,0.0,0.0,0.0,0.0,0.0,0.0,0.0,0.0,0.0,0.0,0.0,0.1,0.0,0.0,0.0,0.0,0.0,0.0,0.0,0.0,0.0,0.0,0.1,0.0,0.0,0.0,0.0,0.3,0.0,0.3,0.0,0.0,0.0,0.0,0.0,0.0,0.1,0.0,2.5,0.0,0.0,0.0,0.0,0.0,0.0,0.0,0.0,0.0,0.0,0.0,0.0,0.0,0.0,0.0,0.0,0.0,0.0,0.0,0.0,0.0,0.0,0.0,0.0,0.0,0.0,0.0,0.0,0.0,0.0,0.0,0.0,0.0,0.0,0.0,0.0,0.0,0.0,0.0,0.0,0.0,0.0,0.0,0.0,0.0,0.0,0.0,0.0,0.0,0.0,0.0,0.0,0.0,0.0,0.0,0.0,0.0,0.0,0.0,0.0,0.0,0.0,0.0,0.0,0.0,0.0,0.0,0.0,0.0,0.0,0.0
96499_POS_SU,pos,Level 2,Ethylenediaminetetraacetic acid,Anthropogenic,Analytical / reagent / chemical standard,22.4,0.0,0.0,0.0,0.1,0.0,0.0,0.0,0.1,0.0,0.0,0.0,0.0,0.0,0.0,0.0,0.0,0.0,0.0,0.0,0.0,0.0,0.0,0.0,0.0,0.0,0.0,0.0,0.1,0.0,0.3,0.0,0.0,0.0,0.0,0.0,0.0,0.0,0.0,0.0,0.2,0.0,0.1,0.0,0.0,0.0,0.1,0.0,0.1,0.0,0.0,0.0,0.1,0.0,0.1,0.0,0.1,0.0,0.0,0.0,0.1,0.0,0.1,0.0,0.2,0.0,0.0,0.0,0.1,0.0,0.1,0.0,0.0,0.0,0.2,0.0,0.0,0.0,0.3,0.1,0.1,0.1,0.1,0.0,0.1,0.1,0.0,0.0,0.1,0.0,0.1,0.0,0.1,0.0,0.1,0.0,0.1,0.0,0.0,0.0,0.1,0.0,0.0,0.0,0.0,0.0,0.0,0.0,0.0,0.0,0.0,0.0,0.0,0.1,0.0,0.1,0.0,0.0,0.0,0.0,0.0,0.0,0.0,0.0,0.0,0.0,0.0,0.0,0.0,0.0,0.0,0.0,0.1,0.0,0.0,0.0,0.1,0.0,0.1,0.0,0.0,0.0,0.0,0.0,0.0,0.0,0.1,0.0,0.1,0.0,4.5,0.1,0.1,0.0,0.0,0.0,0.1,0.0,0.0,0.0,0.8,0.0,0.0,0.0,0.1,0.0,0.0,0.0,0.0,0.0,0.0,0.0,0.0,0.0,0.0,0.0,0.1,0.0,0.2,0.0,0.0,0.0,0.0,0.0,0.0,0.0,0.0,0.0,0.0,0.0,1.7,0.0,0.0,0.0,0.0,0.0,0.0,0.0,0.0,0.0,0.0,0.0,0.0,0.0,0.0,0.0,0.0,0.0,0.0,0.0,0.0,0.0,0.1,0.0,0.0,0.0,0.0,0.1,0.1,0.0,0.0,0.0,0.0,0.0,0.1,0.0,0.0,0.0,0.1,0.0,0.1,0.0,0.1,0.0,0.1,0.0,0.0,0.0,0.1,0.0,0.0,0.0,0.1,0.0,0.1,0.0,0.0,0.0,0.1,0.0,0.1,0.0,0.1,0.0,0.1,0.0,0.1,0.0,0.1,0.0,0.1,0.1,0.1,0.1,0.0,0.0,0.1,0.0,0.0,0.0,0.0,0.0,0.0,0.0,0.0,0.0,0.0,0.0,0.0,0.0,0.0,0.0,0.0,0.0,0.0,0.0,0.0,0.0,0.0,0.0,0.0,0.0,0.1,0.0,0.5,0.0,0.0,0.0,0.1,0.0,0.0,0.0,0.0,0.0,0.0,0.0,0.0,0.0,0.0,0.0,0.1,0.0,0.1,0.0,0.0,0.0,0.1,0.0,0.0,0.0,0.0,0.0,0.0,0.8,0.1,0.1,0.0,0.2,0.0,0.0,0.0,0.0,0.0,0.0,0.0,0.0,0.0,0.1,0.0,0.1,0.0,0.1,0.0,0.1,0.0,0.0,0.0,0.1,0.0,0.0,0.0,0.0,0.0,0.1,0.0,0.0,0.0,0.1,0.0,0.0,0.0,0.1,0.0,0.0,0.0,0.0,0.0,0.0,0.0,0.0,0.0,0.0,0.1,0.0,0.0,0.0,0.0,0.0,0.0,0.0,0.0,0.0,0.0,0.0,0.1,0.0,0.1,0.0,0.1,0.0,0.1,0.0,0.0,0.0,0.0,0.0,0.1,0.0,0.0,0.0,0.0,0.0,0.1,0.0,0.0,0.0,0.1,0.0,0.0,0.0,0.0,0.0,0.0,0.0,0.0,0.0,0.0,0.0,0.0,0.0,0.0
98286_POS_SU,pos,Level 2,5'-Methylthioadenosine,Natural,Metabolite / biomolecule,33.8,0.0,0.1,0.0,0.1,0.0,0.2,0.0,0.2,0.0,0.2,0.0,0.0,0.0,0.1,0.0,0.0,0.0,0.0,0.0,0.0,0.0,0.2,0.0,0.0,0.0,0.0,0.0,0.0,0.0,0.1,0.0,0.4,0.0,0.4,0.0,1.3,0.0,0.4,0.0,0.4,0.0,0.6,0.0,0.5,0.0,0.9,0.0,3.2,0.1,3.6,0.0,0.1,0.0,0.1,0.0,0.1,0.0,0.0,0.0,0.5,0.0,0.0,0.0,0.0,0.0,0.1,0.0,0.0,0.0,0.7,0.0,0.1,0.0,0.0,0.0,0.1,0.0,0.1,0.0,0.5,0.0,0.0,0.0,0.0,0.2,0.0,0.0,0.2,0.0,0.1,0.0,0.0,0.0,0.1,0.0,0.0,0.0,0.0,0.0,0.0,0.0,0.1,0.0,0.1,0.0,0.0,0.3,0.0,0.0,0.1,0.0,0.2,0.1,0.4,0.0,0.1,0.0,0.1,0.0,0.1,0.0,0.2,0.0,0.1,0.0,0.0,0.0,0.1,0.0,0.2,0.0,0.0,0.0,0.0,0.0,0.0,0.0,0.0,0.0,0.0,0.0,0.1,0.0,0.0,0.0,0.0,0.1,0.0,0.0,0.1,0.0,0.2,0.0,0.1,0.0,0.3,0.0,0.3,0.0,0.2,0.0,0.2,0.0,0.5,0.0,0.2,0.0,0.2,0.0,0.1,0.0,0.4,0.0,0.4,0.0,0.3,0.0,0.2,0.0,0.2,0.0,0.1,0.0,0.7,0.0,0.1,0.0,0.7,0.0,0.4,0.0,0.8,0.0,0.1,0.0,0.3,0.0,0.1,0.0,0.1,0.0,0.0,0.0,0.0,0.0,0.0,0.0,0.0,0.0,0.0,0.2,0.1,0.0,0.1,0.0,0.0,0.0,0.0,0.0,0.0,0.0,0.0,0.0,0.4,0.0,0.1,0.0,0.1,0.0,0.2,0.0,0.1,0.0,0.0,0.1,0.0,0.0,0.4,0.0,0.4,0.0,0.2,0.0,0.0,0.0,0.2,0.0,5.3,0.0,0.3,0.1,0.6,0.0,2.2,0.0,2.0,0.0,9.0,0.0,0.5,0.0,2.9,0.0,0.3,0.0,0.4,0.0,0.0,0.0,0.2,0.0,0.0,0.0,0.0,0.0,0.0,0.0,0.0,0.0,0.0,0.0,0.0,0.0,0.0,0.0,0.0,0.0,0.0,0.0,0.0,0.0,0.0,0.0,0.3,0.0,0.0,0.0,0.0,0.0,0.0,0.0,0.0,0.0,0.0,0.0,0.0,0.0,0.0,0.0,0.0,0.0,0.0,0.0,0.0,0.0,0.0,0.0,0.0,0.0,0.0,1.8,0.1,0.5,0.0,0.5,0.0,0.7,0.0,0.5,0.0,0.5,0.0,0.7,0.0,1.2,0.0,1.5,0.1,1.3,0.0,1.9,0.0,0.7,0.0,0.5,0.0,3.0,0.0,0.1,0.0,0.1,0.0,1.4,0.0,1.9,0.0,1.0,0.0,0.9,0.0,0.6,0.0,0.0,0.0,0.2,0.0,0.7,0.0,0.1,0.0,0.0,0.1,0.0,0.0,0.0,0.3,0.0,0.4,0.0,0.1,0.0,0.0,0.0,0.0,0.0,0.0,0.0,0.0,0.0,0.1,0.0,0.0,0.0,0.0,0.0,0.1,0.1,0.0,0.0,0.5,0.0,0.1,0.0,0.1,0.0,0.1,0.0,0.1,0.0,0.1,0.0,0.1,0.0,0.1,0.0,0.0,0.0,0.0,0.0,0.0
98300_POS_SU,pos,Level 2,N(6)-OH-Me-Adenosine,Natural,Metabolite / biomolecule,40.7,0.0,1.4,0.0,0.1,0.0,1.2,0.0,0.3,0.0,1.6,0.0,2.2,0.0,0.9,0.0,0.0,0.0,0.0,0.0,0.1,0.0,1.4,0.0,0.1,0.0,0.0,0.0,0.1,0.0,0.6,0.0,0.4,0.0,0.2,0.0,1.5,0.0,0.8,0.0,0.3,0.0,2.2,0.0,0.7,0.0,0.7,0.0,4.1,0.0,3.8,0.0,4.2,0.0,0.3,0.0,0.9,0.0,0.6,0.0,2.3,0.0,0.7,0.0,0.5,0.0,0.3,0.0,0.2,0.0,1.8,0.0,0.3,0.0,0.8,0.0,0.6,0.0,0.7,0.0,4.5,0.0,0.4,0.0,0.3,0.0,0.2,0.0,1.4,0.0,0.2,0.0,0.3,0.0,1.6,0.0,0.0,0.0,0.1,0.0,0.7,0.0,0.0,0.0,0.0,0.0,0.0,0.2,0.0,0.0,0.0,0.0,0.3,0.0,0.0,0.0,0.0,0.0,0.0,0.0,0.5,0.0,0.0,0.0,0.0,0.0,0.0,0.0,0.0,0.0,0.0,0.0,0.0,0.0,0.0,0.0,0.1,0.0,0.0,0.0,0.0,0.0,0.0,0.0,0.0,0.0,0.0,0.0,0.2,0.0,0.1,0.0,2.7,0.0,1.0,0.0,4.5,0.0,1.7,0.0,2.8,0.6,4.4,0.0,1.4,0.0,0.5,0.0,0.7,0.0,2.3,0.6,0.8,0.0,0.5,0.0,1.0,0.4,2.4,1.2,0.4,0.1,0.4,0.0,2.7,0.0,0.6,0.0,0.9,0.0,4.2,0.3,3.3,0.0,3.4,0.0,1.2,0.5,1.5,0.0,0.0,0.4,0.0,0.4,0.0,0.0,0.0,0.0,0.0,0.0,0.0,6.0,0.5,0.0,0.5,0.0,0.6,0.0,0.6,3.4,0.6,0.0,0.0,0.0,1.0,0.0,0.4,0.0,0.2,0.0,0.8,0.0,0.3,0.0,0.5,1.2,0.0,0.0,0.9,0.0,0.4,0.0,0.6,0.0,0.1,0.0,0.5,0.0,13.1,0.0,1.0,0.0,2.8,0.0,6.1,0.3,11.6,0.0,4.2,0.0,1.9,0.0,2.9,0.0,3.5,0.0,1.2,0.0,0.0,0.1,5.6,0.0,0.0,0.0,0.0,0.0,0.0,0.0,0.4,0.0,0.0,0.0,0.0,0.0,0.0,0.0,0.0,0.0,0.0,0.0,0.1,0.0,0.0,0.0,1.3,0.0,0.0,0.0,0.1,0.0,0.0,0.0,0.0,0.0,0.0,0.0,0.1,0.0,0.1,0.0,0.0,0.0,0.0,0.0,0.0,0.0,0.0,0.0,0.4,0.0,0.0,1.0,0.0,1.8,0.0,1.3,0.1,2.9,0.0,2.9,0.3,0.3,0.1,0.3,0.2,51.4,0.0,3.7,0.1,3.9,0.1,2.7,0.0,1.4,0.0,0.1,0.2,3.3,0.0,0.3,0.3,0.8,0.7,5.8,1.9,7.2,0.1,6.1,0.0,2.8,0.0,1.8,0.7,1.1,0.2,0.6,0.0,0.6,0.0,1.1,0.0,0.0,0.0,0.0,0.0,0.1,0.2,0.0,0.1,0.0,0.0,0.0,0.0,0.0,0.0,0.0,0.0,0.0,0.0,0.0,0.0,0.0,0.0,0.0,0.0,0.0,0.1,0.2,0.0,0.0,0.0,0.0,0.2,0.0,0.0,0.0,0.1,0.0,0.0,0.0,0.1,0.0,0.0,0.0,0.3,0.0,0.0,0.0,0.0,0.0,0.0
98695_POS_SU,pos,Level 2,"7,4-Di-O-methylapigenin",Natural,"Natural product – plant/fungal metabolites, terpenes, flavonoids, alkaloids, etc.",30.2,0.0,1.7,0.0,331.8,3.2,13.1,0.0,8.9,0.0,0.0,0.0,18.8,0.0,0.0,0.0,0.0,0.0,5.4,0.0,0.0,0.0,0.6,0.0,10.1,0.0,0.0,0.0,0.4,0.0,0.0,0.0,3.5,0.0,0.0,0.0,0.0,0.0,0.0,0.0,0.0,0.0,1.2,0.0,0.8,0.0,4.7,0.0,37.1,0.0,7.8,0.0,0.0,0.0,0.0,0.0,0.0,0.0,0.2,0.3,0.0,0.0,0.0,0.0,0.0,0.0,0.0,0.0,0.0,0.0,0.0,0.0,5.5,0.0,0.0,0.0,0.0,0.0,0.0,0.0,0.0,0.0,0.0,0.0,0.0,0.0,0.0,0.0,0.0,0.0,0.0,0.0,0.0,0.0,0.0,0.0,0.0,0.0,0.0,0.0,0.0,1.5,2.1,0.0,0.0,0.0,0.0,3.5,0.0,0.0,0.0,0.5,0.0,0.0,0.0,0.0,0.0,0.0,0.0,0.0,0.0,0.6,0.0,0.0,0.0,0.0,0.0,0.0,0.0,0.0,0.0,0.0,0.0,0.0,0.0,13.8,0.0,0.7,0.5,0.0,0.0,0.0,3.0,4.5,0.0,0.0,0.0,0.0,0.0,0.0,0.0,0.0,3.2,0.0,7.5,0.0,3.0,0.0,6.0,0.0,0.0,0.0,1.9,0.0,5.5,0.0,6.4,0.0,2.8,0.0,0.3,0.0,5.2,0.0,4.3,0.0,0.0,5.1,3.3,0.0,4.5,0.0,1.5,0.0,5.0,0.0,1.2,0.0,9.8,0.0,8.0,1.8,8.2,0.0,10.2,0.0,2.0,0.0,5.4,0.3,6.6,0.0,0.0,0.0,0.0,0.0,0.0,0.0,0.0,0.0,0.0,0.0,0.0,0.0,0.0,0.0,0.0,0.0,0.0,0.0,0.0,0.0,0.0,0.0,0.0,0.0,0.0,0.0,0.0,0.0,0.0,0.0,2.0,0.0,0.0,0.0,0.0,0.0,0.0,0.0,0.0,0.0,0.0,0.0,0.0,0.0,0.0,0.9,7.2,0.0,0.0,0.0,18.9,0.0,4.0,0.0,0.0,0.0,98.3,0.0,0.0,0.0,2.3,0.0,0.0,0.0,1.3,0.0,1.4,0.0,0.1,0.0,2.2,0.0,2.8,0.0,0.0,0.0,4.2,3.5,0.0,0.0,2.2,0.0,2.4,0.0,5.8,0.0,0.0,0.0,3.4,0.0,3.7,1.4,12.7,0.0,4.5,0.3,0.7,0.2,2.3,1.6,4.3,0.4,0.9,1.2,0.3,0.3,2.7,0.0,0.6,4.0,0.0,0.0,0.3,0.0,1.2,0.0,0.8,0.0,0.0,0.0,0.0,0.0,0.0,0.0,0.0,0.0,0.0,0.0,0.0,0.0,0.0,0.0,0.0,0.0,0.0,0.0,8.8,0.0,1.2,0.0,0.0,0.0,0.0,0.0,0.0,0.0,0.0,0.0,0.0,0.0,0.0,0.0,0.0,0.0,0.0,0.0,0.0,0.0,0.0,0.0,0.5,0.0,0.0,0.0,0.0,0.0,0.4,0.0,0.0,0.0,37.0,1.0,18.8,1.1,75.2,0.0,43.4,0.2,12.4,0.0,1.8,1.0,8.8,0.0,15.4,0.0,18.7,0.8,24.1,0.0,0.0,0.0,2.1,0.0,32.4,8.1,0.0,0.0,9.5,0.0,14.9,0.0,25.4,0.0,7.4,0.0,3.3,0.0,4.6,0.0,0.8,0.0,4.7,0.0,1.9,0.0,0.3,0.0,0.1
117896_POS_SU,pos,Level 2,Piperonyl butoxide,Anthropogenic,Pesticide / biocide,38.8,0.0,0.0,0.8,0.0,0.0,0.0,0.2,0.0,4.5,0.0,0.0,0.0,0.0,0.0,0.0,0.0,0.0,0.0,0.2,0.0,0.0,0.2,0.0,0.0,0.1,0.0,0.0,0.0,0.0,0.0,0.0,0.0,0.0,0.0,0.0,0.0,0.0,0.0,4.0,0.0,0.0,0.0,0.0,0.0,0.0,0.0,0.0,0.0,0.0,0.0,0.3,0.0,0.0,0.0,0.0,0.0,0.0,0.0,0.0,0.6,0.5,0.0,0.9,0.0,0.0,0.0,0.0,0.0,4.5,0.0,2.2,0.0,1655.4,4.2,0.0,0.0,0.4,1.1,3.4,0.0,1.0,0.0,12.7,31.6,0.0,0.0,0.1,0.4,1.8,0.0,0.0,0.1,2.8,0.0,0.0,0.0,1.2,0.0,16.6,0.6,0.0,0.0,0.0,0.0,67.5,0.0,12.2,0.0,0.3,0.0,407.0,0.0,64.8,0.0,0.0,0.0,0.0,0.0,0.6,0.0,8.4,0.0,1.2,0.0,0.8,0.0,44.3,0.0,0.0,0.0,0.0,0.0,0.0,0.0,0.0,0.0,0.0,0.0,0.0,0.0,0.0,0.0,0.0,0.0,0.0,0.0,0.0,0.0,7.9,0.0,0.0,0.0,0.0,0.0,0.0,0.0,0.0,0.0,0.0,0.0,0.0,0.0,0.0,0.0,0.0,0.0,0.0,0.0,0.0,0.0,0.0,0.0,0.0,0.0,0.0,0.0,0.0,0.0,0.0,0.0,3.7,0.0,3.1,0.0,3.5,16.7,1.7,0.0,3.7,1.4,3.0,0.0,0.0,0.0,0.0,0.0,0.0,0.0,0.0,0.0,0.0,1.3,2.5,0.0,0.0,0.0,0.0,0.0,0.0,0.0,2.2,0.0,0.8,0.0,3.9,0.0,4.7,0.0,0.4,0.0,2.1,0.0,1.7,0.0,0.0,4.4,0.3,0.0,0.7,0.0,9.8,0.0,0.0,0.0,0.2,9.7,0.5,0.5,1.3,0.0,1.6,0.1,1.3,0.6,2.8,0.4,0.5,0.0,2.4,0.2,4.7,0.0,2.7,0.3,0.0,0.0,5.7,0.9,0.6,0.0,0.7,0.5,4.4,0.1,0.6,0.0,0.8,0.0,0.3,0.0,0.0,0.0,0.0,0.0,0.5,0.0,0.0,0.0,3.0,0.0,0.0,0.0,0.0,0.0,0.0,0.0,0.0,0.0,0.0,0.0,0.0,0.0,0.0,0.0,0.0,0.0,0.0,0.0,0.0,0.0,0.0,0.0,0.0,0.0,0.0,0.0,0.0,0.0,0.0,0.0,0.0,0.0,0.0,0.0,3.0,0.0,1.4,0.0,0.0,0.0,2.3,4.8,0.3,1.4,0.7,7.5,0.9,5.5,1.6,10.8,0.3,1.6,0.9,4.0,1.5,0.0,2.7,0.5,0.5,0.0,0.3,0.0,0.0,0.0,4.2,0.0,3.2,1.2,3.4,1.8,0.2,2.9,4.9,5.7,0.3,2.6,1.2,2.4,1.5,3.8,0.1,3.0,3.8,0.6,0.0,1.3,0.3,0.0,1.6,0.9,1.7,0.0,0.0,0.0,0.9,0.8,5.1,0.4,0.3,0.0,1.5,0.0,0.0,0.0,1.3,0.0,0.5,0.3,0.0,0.3,1.7,0.7,1.4,0.1,0.7,0.0,0.0,1.1,0.6,0.0,2.6,0.0,1.9,0.2,0.0,0.4,0.2,0.0,0.5,0.6,0.7,0.0,0.7,0.0,0.0,0.0,0.0,0.2,0.0,0.1
120117_POS_SU,pos,Level 2,"3,6,9,12-Tetraoxatetracosan-1-ol",Anthropogenic,Alcohol / glycol / ether,21.4,0.0,1190.7,763.6,0.0,0.0,0.0,0.0,0.0,0.0,0.0,0.0,0.0,0.0,0.0,292.1,0.0,0.0,0.0,4577.7,0.0,0.0,0.0,139.6,0.0,0.0,0.0,1458.0,0.0,2835.5,696.2,0.0,0.0,3.8,0.0,0.0,0.0,387.4,932.6,0.0,0.0,421.6,0.0,1848.4,0.0,394.3,0.0,0.0,0.0,0.0,0.0,0.0,0.0,0.0,0.0,0.0,0.0,0.0,0.0,3548.5,0.0,0.0,0.0,0.0,0.0,0.0,0.0,0.0,0.0,0.0,0.0,71.9,66.5,19650.1,753.9,0.0,0.0,9169.7,0.0,0.0,0.0,393.0,0.0,0.0,0.0,1188.0,1081.9,3531.8,0.0,0.0,0.0,0.0,0.0,0.0,339.5,0.0,0.0,0.0,0.0,0.0,0.0,216.7,0.0,0.0,0.0,0.0,0.0,4664.9,0.0,0.0,0.0,0.0,0.0,0.0,0.0,4.5,0.0,0.0,0.0,0.0,0.0,0.0,0.0,0.0,0.0,0.0,0.0,0.0,0.0,0.0,0.0,0.0,0.0,0.0,0.0,0.0,0.0,0.0,0.0,0.0,12.1,0.0,0.0,0.0,0.0,0.0,0.0,0.0,0.0,0.0,0.0,478.3,1324.8,877.5,27491.4,30901.2,8042.3,3318.0,0.0,0.0,0.0,11959.6,2062.6,0.0,0.0,0.0,0.0,633.6,0.0,0.0,0.0,0.0,0.0,0.0,0.0,2586.9,0.0,0.0,0.0,860.7,0.0,318.3,0.0,360.2,247.6,0.0,67.8,0.0,0.0,0.0,0.0,0.0,0.0,7264.7,3573.3,0.0,272.7,555.7,0.0,979.7,0.0,0.0,0.0,0.0,0.0,3894.0,0.0,0.0,0.0,0.0,0.0,0.0,0.0,551.6,0.0,0.0,0.0,0.0,0.0,0.0,0.0,19.1,0.0,0.0,141.5,0.0,0.0,0.0,0.0,0.0,0.0,280.3,0.0,0.0,0.0,0.0,0.0,0.0,327.6,0.0,0.0,0.0,0.0,0.0,0.0,0.0,0.0,0.0,0.0,0.0,0.0,0.0,0.0,0.0,0.0,0.0,0.0,0.0,0.0,359.9,0.0,0.0,0.0,2664.1,600.8,0.0,0.0,0.0,0.0,0.0,0.0,0.0,0.0,0.0,0.0,0.0,0.0,0.0,0.0,0.0,0.0,0.0,0.0,0.0,0.0,1500.7,0.0,0.0,0.0,0.0,0.0,603.3,0.0,2366.7,2668.9,0.0,0.0,0.0,0.0,0.0,0.0,0.0,0.0,0.0,0.0,1183.4,0.0,0.0,0.0,241.2,0.0,0.0,0.0,4098.8,0.0,570.9,0.0,0.0,0.0,0.0,0.0,793.5,2956.1,0.0,0.0,0.0,4653.5,0.0,2267.9,0.0,1545.2,0.0,3942.1,0.0,1280.4,0.0,4789.2,0.0,0.0,0.0,479.6,0.0,0.0,0.0,0.0,0.0,0.0,6042.0,0.0,0.0,0.0,0.0,0.0,1339.5,459.6,2026.8,492.8,0.0,347.9,0.0,879.0,1435.0,1800.0,467.1,0.0,0.0,0.0,0.0,0.0,0.0,0.0,0.0,128.9,0.0,0.0,0.0,0.0,652.9,751.5,0.0,0.0,0.0,0.0,0.0,0.0,27.7,0.0,0.0,0.0,0.0,0.0,0.0,0.0,0.0,0.0,0.0,0.0,0.0,0.0,0.0,0.0,0.0,0.0,0.0,0.0,0.0,0.0,0.0,0.0,0.0,0.0,0.0,0.0,0.0,0.0,0.0,0.0,0.0,0.0,0.0,0.0
123993_POS_SU,pos,Level 2,"Bisphenol A (2,3-dihydroxypropyl) glycidyl ether",Anthropogenic,Industrial polymer / resin,61.7,42.305498,16.179339,0.0,27.328451,0.0,73.934847,214.996488,15.227824,92.965062,0.0,84.072942,0.0,162.85436,21.642017,34.133985,46.538733,80.142156,0.0,56.628558,54.94566,0.0,48.951489,9.821638,13.638222,32.148752,56.640309,0.0,6.915366,0.0,3.216807,0.0,0.0,0.347866,47.759573,5.217525,0.0,45.493647,1.920005,4.3373,12.951731,49.389657,33.959505,27.062828,12.418077,28.417303,19.06578,24.858147,38.027783,9.152965,49.168587,116.934822,29.531875,52.469636,50.862946,132.020229,19.673759,1168.941617,51.775831,135.619976,31.685736,22.74592,30.96653,27.993055,43.493615,47.522915,37.485109,32.118459,20.783211,26.839824,35.656347,128.597595,13.759077,139.111657,26.602621,31.136621,21.406641,78.721469,22.809285,4580.471517,46.925957,72.274409,17.129543,103.736374,28.41363,150.487729,23.947055,220.290059,70.28052,87.136547,19.465296,28.419169,30.217887,130.152429,32.982317,102.203908,25.413254,52.137585,54.332046,77.234928,24.438196,28.018773,26.257865,97.716971,0.67392,19.821766,2.590821,23.872461,59.306259,0.0,10.483545,0.0,1.293242,59.808539,14.50022,6.502495,9.256824,0.0,31.188295,5.329194,7.152207,59.023132,36.464841,32.493741,8.584701,17.932395,37.516775,83.790934,18.149567,12.149048,12.035758,27.072396,15.009488,22.007521,13.904919,60.734941,1.260329,8.444279,5.290409,29.794396,23.204361,20.710347,9.919581,0.0,62.274095,27.263157,28.382192,30.544573,31.578296,7.452912,30.566195,17.199424,0.0,15.530548,255.046579,14.972523,5.339196,81.379552,15.386013,0.0,7.937117,355.122404,8.435039,53.092506,0.0,0.0,3.082998,0.0,17.700504,0.0,0.0,0.0,5.584676,3.540737,0.0,0.0,0.0,0.0,0.0,0.0,0.0,3.422956,0.0,13.492194,0.0,0.0,0.0,11.620087,0.0,8.279616,9.006849,169.443682,22.609799,179.26,75.351806,194.848054,0.0,35.566984,281.686746,0.0,0.0,32.503794,99.573192,72.589649,43.519536,0.0,0.0,0.0,0.0,0.0,0.0,0.0,0.0,0.0,0.0,0.0,0.0,0.0,0.0,0.0,0.0,18.537998,10.118536,0.0,4.732095,38.6919,0.0,0.0,0.0,0.0,0.125676,69.594841,46.950888,0.0,0.0,46.757062,22.50661,46.707736,57.047815,0.0,0.0,0.0,17.397806,0.0,84.454932,80.839715,26.517965,0.0,6.100188,0.0,39.381491,0.0,0.0,1.747361,0.0,0.0,0.0,0.54254,0.0,13.11706,4.506655,9.668007,24.875363,21.335307,39.192985,49.792805,43.937126,34.22733,28.319792,0.0,14.108947,0.0,0.0,31.375064,36.449844,0.0,32.295243,15.009661,0.0,8.85969,0.0,0.0,0.0,0.0,0.0,0.0,0.0,0.0,0.0,0.0,0.0,0.0,13.314425,12.123448,0.0,0.0,53.247455,0.0,0.0,0.0,16.089783,0.0,0.0,0.0,10.172486,8.59586,0.0,0.0,15.800741,0.506466,13.459529,0.0,0.0,22.359991,1.433502,49.798896,18.714227,27.469868,0.0,0.0,13.251469,51.873896,60.163013,8.857923,39.327517,52.750415,13.786092,41.688988,67.739379,449.879844,30.101774,6647.097183,30.299926,342.016059,33.300739,72.685372,52.882451,618.168866,0.0,7.319221,55.363675,166.126999,21.37288,0.0,23.183802,3.079746,65.252023,126.341442,21.87224,40.397299,15.918237,43.89577,21.957844,23.51987,22.230028,41.266912,6.451978,0.0,14.024288,27.270311,13.826528,57.011217,0.0,60.133425,53.804988,113.046336,10.429241,110.740153,0.0,0.0,0.0,0.0,0.0,0.0,0.0,0.0,0.0,0.0,0.0,0.0,0.0,0.0,0.0,0.0,0.0,0.0,0.0,0.0,0.0,0.0,0.0,0.0,0.0,0.0,0.0,0.0,0.0,0.0,0.0,0.0,0.0,0.0,0.0,0.0,0.0,0.0,0.0,0.0,0.0,0.0,0.0,0.0,0.0,0.0,0.0,0.0,0.0,0.0,0.0,0.0,0.0
128980_POS_SU,pos,Level 2,Fluopyram,Anthropogenic,Pesticide / biocide,8.1,0.0,0.0,0.0,0.0,0.2,0.1,0.0,0.0,0.0,0.0,0.0,0.0,0.0,0.0,0.0,0.0,0.0,0.0,0.0,0.0,0.0,0.0,0.0,0.0,0.0,0.0,0.0,0.0,0.0,0.0,0.4,0.0,0.0,0.0,0.0,0.0,0.0,0.0,0.1,0.0,0.0,0.0,0.0,0.0,0.0,0.1,0.0,0.3,0.0,0.5,0.0,0.2,0.0,0.0,0.3,0.0,0.0,0.0,0.0,0.0,0.6,6.7,0.3,0.0,0.0,0.0,0.0,0.0,0.0,0.0,0.0,0.0,0.0,0.0,0.0,0.2,0.0,0.2,0.1,0.0,0.0,0.0,0.0,0.0,0.0,0.0,0.0,0.0,0.0,0.0,0.0,0.0,0.0,0.9,0.0,0.0,0.0,0.0,0.0,0.0,0.0,0.0,0.0,0.0,0.4,0.0,0.0,0.0,0.0,0.0,0.0,0.0,0.0,0.0,0.0,0.0,0.0,0.0,0.0,0.0,0.0,0.0,0.0,0.0,0.0,0.0,0.0,0.0,0.3,0.0,0.0,0.0,0.0,0.0,0.0,0.0,0.0,0.0,0.0,0.0,0.0,0.0,0.0,0.0,0.0,0.0,0.0,0.0,0.0,0.0,0.0,0.0,0.0,0.0,0.0,0.0,0.0,0.0,0.0,0.1,0.0,0.3,0.0,0.0,0.0,0.0,0.0,0.0,0.0,0.0,0.4,0.0,0.0,0.0,0.0,0.0,0.0,0.0,0.0,0.0,0.0,0.0,0.0,0.0,0.0,0.1,0.0,0.1,0.0,0.3,0.0,0.0,0.0,0.8,0.0,0.0,0.0,0.1,0.0,0.0,0.0,0.0,0.0,0.0,0.0,0.0,0.0,0.0,0.0,0.0,0.0,0.0,0.0,0.0,0.0,0.0,0.1,0.0,0.0,0.1,0.0,0.0,0.0,0.0,0.0,0.0,0.0,0.0,0.0,0.0,0.0,0.0,0.0,0.2,0.0,0.0,0.0,0.0,0.0,0.0,0.0,0.0,0.0,0.0,0.0,0.1,0.0,0.1,0.0,0.0,0.0,0.0,0.0,0.0,0.0,0.0,0.0,0.0,0.0,0.0,0.0,0.0,0.0,0.0,0.0,0.1,0.0,0.0,0.0,0.1,0.0,0.0,0.0,0.0,0.0,0.0,0.0,0.0,0.0,0.0,0.0,0.0,0.0,0.0,0.0,0.0,0.0,0.0,0.0,0.0,0.0,0.0,0.0,0.1,0.0,0.0,0.0,0.0,0.0,0.0,0.0,0.0,0.0,0.0,0.0,0.0,0.0,0.0,0.0,0.0,0.0,0.0,0.0,0.0,0.0,0.0,0.0,0.0,0.0,0.0,0.0,0.0,0.0,0.0,0.0,0.0,0.0,0.0,0.0,0.0,0.0,0.0,0.0,0.0,0.0,0.0,0.0,0.0,0.0,0.0,0.0,0.0,0.0,0.0,0.0,0.0,0.0,0.0,0.0,0.0,0.0,0.0,0.0,0.0,0.0,0.0,0.0,0.0,0.0,0.0,0.0,0.0,0.0,0.0,0.0,0.0,0.0,0.0,0.0,0.0,0.0,0.0,0.0,0.0,0.0,0.0,0.0,0.0,0.0,0.0,0.0,0.0,0.0,0.0,0.0,0.0,0.0,0.0,0.0,0.0,0.0,0.0,0.0,0.0,0.0,0.0,0.0,0.0,0.0,0.0,0.0,0.0,0.0,0.0,0.0,0.0,0.0,0.0,0.0,0.0,0.0,0.0,0.0,0.0,0.0,0.0,0.0,0.0,0.0,0.0
130358_POS_SU,pos,Level 2,Triethylene glycol bis(2-ethylhexanoate),Anthropogenic,Alcohol / glycol / ether,11.2,0.0,0.0,0.0,0.0,0.0,0.0,0.0,0.0,0.0,0.0,0.0,0.0,0.0,0.0,0.0,0.0,0.0,0.0,0.0,0.0,0.0,0.0,0.0,0.0,0.0,0.0,0.0,0.0,3.2,0.0,0.0,0.0,0.0,0.0,0.0,0.0,0.0,13.1,0.0,0.0,0.0,0.0,9.5,0.0,1.7,0.0,0.0,0.0,0.0,0.0,0.0,0.0,0.0,0.0,0.0,0.0,0.0,0.0,40.2,0.0,0.0,0.0,0.0,0.0,0.0,0.0,0.0,0.0,0.0,0.0,0.0,0.0,1226.4,4.5,0.0,0.0,116.6,0.0,0.0,0.0,0.0,0.0,0.0,0.0,9.6,32.5,10.9,0.0,0.0,0.0,0.0,0.0,0.0,0.0,0.0,0.0,0.0,0.0,0.0,0.0,0.0,0.0,12.8,0.0,0.0,0.0,33.2,0.0,0.0,0.0,145.3,0.0,0.0,0.0,0.0,0.0,0.0,0.0,0.0,0.0,0.0,0.0,0.0,0.0,0.0,0.0,0.0,0.0,0.0,0.0,0.0,0.0,0.0,0.0,0.0,0.0,0.0,0.0,0.0,0.0,0.0,0.0,0.0,0.0,0.0,0.0,0.0,0.0,0.0,0.0,0.0,0.0,0.0,197.4,92.2,17.6,0.0,0.0,0.0,0.0,31.1,52.0,0.0,0.0,0.0,0.0,92.1,0.0,0.0,27.9,0.0,0.0,0.0,0.0,13.8,0.0,0.0,0.0,9.3,0.0,0.0,0.0,7.3,0.0,0.0,0.0,0.0,0.0,0.0,0.0,0.0,0.0,22.5,28.0,0.0,0.0,0.0,0.0,17.3,0.0,0.0,0.0,0.0,0.0,7.7,0.0,0.0,0.0,0.0,0.0,0.0,0.0,2.1,0.0,0.0,0.0,0.0,0.0,0.0,0.0,0.0,0.0,0.0,0.0,0.0,0.0,0.0,0.0,0.0,0.0,0.0,0.0,0.0,0.0,0.0,0.0,0.0,4.4,0.0,0.0,0.0,0.0,0.0,0.0,0.0,0.0,0.0,0.0,0.0,0.0,0.0,0.0,0.0,0.0,0.0,4.6,0.0,0.0,0.0,0.0,0.0,0.0,2.0,21.2,0.0,0.0,0.0,0.0,0.0,0.0,0.0,0.0,0.0,0.0,0.0,0.0,0.0,0.0,0.0,0.0,0.0,0.0,0.0,0.0,0.0,0.0,0.0,0.0,0.0,0.0,0.0,0.0,30.0,2.4,0.0,0.0,0.0,0.0,0.0,0.0,0.0,0.0,0.0,0.0,0.0,0.0,0.0,0.0,0.0,0.0,0.0,0.0,0.0,0.0,0.0,0.0,0.0,0.0,0.0,0.0,3.4,0.0,0.0,0.0,0.0,50.2,0.0,0.0,0.0,3.2,0.0,33.3,0.0,0.0,0.0,6.5,0.0,18.0,0.0,0.0,0.0,0.0,0.0,0.0,0.0,0.9,110.4,0.0,0.0,0.0,0.0,0.0,12.8,0.0,0.0,0.8,0.0,0.0,0.0,0.0,30.6,0.0,0.0,0.0,0.0,0.0,0.0,0.0,0.0,0.0,0.0,2.1,0.0,0.0,0.0,0.0,0.0,0.0,0.0,0.0,0.0,0.0,0.0,0.0,0.0,0.0,0.0,0.0,0.0,0.0,0.0,0.0,0.0,0.0,0.0,0.0,0.0,0.0,0.0,0.0,0.0,0.0,0.0,0.0,0.0,0.0,0.0,0.0,0.0,0.0,0.0,0.0,0.0,0.0,0.0,0.0,0.0,0.0,0.0,0.0
134503_POS_SU,pos,Level 2,"4,5,9,9,13,20,20-heptamethyl-24-oxahexacyclo-tetracosan-10-ol",Natural,"Natural product – plant/fungal metabolites, terpenes, flavonoids, alkaloids, etc.",35.0,0.0,9.3,0.8,18.0,1.0,163.1,0.0,156.1,0.0,3.0,0.0,8.3,0.2,2.4,0.0,1.9,0.0,3.8,1.3,2.6,0.0,58.5,0.0,6.1,0.2,0.5,0.0,0.0,0.0,0.0,0.0,1.2,0.1,0.1,0.0,9.4,0.0,179.2,0.0,2.8,0.0,8.7,1.1,11.6,6.2,3.3,0.0,55.0,0.0,3.8,0.0,0.2,0.0,3.1,0.0,0.0,0.0,0.0,0.0,0.0,0.0,0.0,0.0,0.4,0.0,0.0,0.0,0.0,0.0,0.0,0.0,13.2,13.3,1.0,0.0,0.0,2.3,0.0,0.0,0.0,1.1,0.0,0.0,0.0,1.0,0.8,2.1,0.0,0.0,0.0,0.0,0.0,0.0,8.6,0.0,0.0,0.0,0.6,0.0,0.1,0.0,0.0,0.0,0.0,0.0,0.0,2.3,0.0,0.0,0.0,0.0,1.9,0.0,0.0,0.0,0.0,0.0,0.0,0.0,0.0,0.0,0.0,0.0,0.0,0.0,0.0,0.0,0.0,0.0,0.0,0.0,0.0,0.0,0.0,0.0,0.0,0.0,0.0,0.0,0.0,0.0,0.0,0.0,1.2,0.1,0.3,0.0,0.0,0.0,0.8,0.0,47.7,0.6,15.4,3.4,348.4,0.4,22.5,0.0,5.0,2.5,3.8,0.0,29.4,0.0,0.0,0.0,6.1,0.0,2.0,0.0,0.3,0.0,0.0,0.1,7.2,0.0,6.7,0.0,0.1,0.0,3.9,0.2,22.8,0.0,8.4,0.0,6.3,0.0,0.0,0.0,3.9,3.2,0.9,0.0,0.9,0.0,0.0,0.6,0.0,0.0,0.0,0.0,0.0,2.7,0.0,0.0,0.0,0.0,0.0,0.0,0.0,0.9,0.0,0.0,0.0,0.0,1.0,0.0,2.1,0.0,0.0,0.0,3.8,0.0,0.0,0.0,0.5,0.0,0.0,0.0,4.5,0.0,0.0,5.8,0.0,0.0,89.9,0.0,4.7,0.0,10.4,0.0,0.0,0.0,9.8,0.0,12.6,0.0,0.0,1.5,11.8,0.0,0.5,0.0,5.1,0.0,54.3,0.0,0.2,0.0,3.4,0.4,14.4,0.4,8.2,0.0,0.0,0.0,7.0,0.0,0.0,0.0,0.0,0.0,0.0,0.0,3.1,0.0,0.0,0.0,0.0,0.0,1.1,0.3,0.0,0.5,0.0,0.0,0.0,0.0,1.9,0.9,0.1,0.0,13.0,0.0,1.1,0.0,0.0,0.0,0.3,0.0,0.0,0.0,0.8,0.0,1.9,0.0,0.0,0.0,0.0,2.7,0.0,0.0,0.0,0.0,0.5,0.0,0.4,4.3,2.0,0.1,0.0,0.0,0.6,0.0,0.0,0.0,0.0,0.0,0.4,0.0,0.1,0.0,1.2,0.0,2.8,0.0,1.0,0.0,0.0,0.0,0.0,0.0,3.6,1.8,0.0,0.0,0.0,0.0,0.0,0.3,0.0,16.7,0.0,0.0,0.0,0.1,0.0,4.2,0.0,0.0,0.0,0.0,0.0,0.0,0.0,0.0,0.0,0.0,120.7,0.0,19.1,0.0,11.0,0.0,5.8,0.0,9.2,0.0,0.0,0.0,2.2,0.8,0.0,0.0,1.7,0.0,6.7,0.0,0.0,0.0,0.0,0.0,0.4,0.0,0.2,0.0,0.0,0.0,0.0,0.0,12.0,0.0,0.0,0.0,0.0,0.0,0.0,0.0,0.0,0.0,0.0,0.0,1.5,0.0,0.0,0.0,0.0
134857_POS_SU,pos,Level 2,3-Epilupeol,Natural,"Natural product – plant/fungal metabolites, terpenes, flavonoids, alkaloids, etc.",28.3,0.0,36.8,153.5,0.0,52.7,22.8,4.6,33.5,0.0,0.0,0.0,0.0,124.6,0.0,154.5,7.5,0.0,0.0,547.9,24.3,0.0,114.0,31.9,0.0,0.0,0.0,214.3,0.0,729.4,155.5,7.4,0.0,87.9,5.3,0.0,0.0,89.2,264.4,128.2,0.0,151.8,0.0,793.5,0.0,176.2,0.0,0.0,8.8,0.0,0.0,0.0,0.0,0.0,0.0,0.0,0.0,29.5,0.0,520.1,0.0,46.4,0.0,41.2,0.0,175.6,0.0,53.5,0.0,0.0,0.0,40.6,0.0,5010.1,12.7,0.0,0.0,396.7,0.0,21.6,0.0,0.0,0.0,122.6,0.0,5717.8,24.8,3952.4,0.0,0.0,0.0,0.0,0.0,0.0,19.6,15.2,0.0,18.3,0.0,0.0,0.0,157.1,0.0,0.0,0.0,0.0,0.0,1775.0,0.0,0.0,0.0,125.6,0.0,0.0,0.0,0.0,0.0,0.0,0.0,0.0,0.0,13.4,0.0,0.0,0.0,0.0,0.0,0.0,0.0,0.0,0.0,0.0,0.0,0.0,0.0,0.0,0.0,0.0,0.0,0.0,0.0,0.0,0.0,0.0,0.0,0.0,0.0,96.0,0.0,0.0,0.0,0.0,11.3,315.8,1637.3,1333.8,255.7,0.0,0.0,0.0,0.0,8.8,0.0,199.9,0.0,32.9,0.0,0.0,9.0,0.0,0.0,0.0,0.0,0.0,0.0,460.8,0.0,0.0,0.0,0.0,0.0,62.4,0.0,79.9,42.8,0.0,420.6,0.0,0.0,94.3,0.0,0.0,0.0,578.9,14.9,0.0,58.4,125.4,0.0,251.2,0.0,0.0,35.2,0.0,0.0,99.8,0.0,0.0,0.0,0.0,0.0,0.0,0.0,0.0,0.0,0.0,0.0,0.0,0.0,0.0,0.0,63.5,0.0,0.0,0.0,0.0,0.0,0.0,0.0,0.0,0.0,95.1,0.0,0.0,0.0,0.0,0.0,0.0,90.9,0.0,0.0,0.0,0.0,0.0,0.0,26.6,0.0,0.0,0.0,41.6,0.0,0.0,0.0,6.3,0.0,0.0,0.0,68.0,0.0,0.0,0.0,0.0,0.0,996.5,226.5,0.0,0.0,0.0,0.0,0.0,0.0,23.5,0.0,159.6,0.0,0.0,0.0,0.0,0.0,0.0,0.0,0.0,0.0,0.0,0.0,714.9,0.0,16.6,0.0,0.0,0.0,74.2,0.0,938.6,0.0,0.0,66.7,106.4,0.0,0.0,0.0,0.0,0.0,107.9,0.0,129.9,0.0,0.0,0.0,64.0,0.0,6.7,0.0,467.0,0.0,275.8,0.0,0.0,0.0,0.0,0.0,156.6,205.2,0.0,0.0,0.0,633.5,0.0,512.2,0.0,16.5,0.0,399.8,0.0,820.9,0.0,701.3,0.0,57.9,0.0,0.0,0.0,0.0,0.0,0.0,0.0,7.7,0.0,0.0,0.0,41.9,0.0,0.0,30.3,137.2,145.2,403.4,0.0,1.5,8.7,610.5,91.4,0.0,5.7,0.0,0.0,0.0,0.0,0.0,0.0,0.0,118.1,0.0,0.0,2.8,7.3,0.0,71.5,0.0,0.0,0.0,0.0,0.0,0.0,0.0,92.8,0.0,0.0,0.0,0.0,0.0,0.0,0.0,0.0,0.0,0.0,0.0,0.0,0.0,0.0,0.0,0.0,0.0,0.0,0.0,0.0,0.0,0.0,0.0,0.0,0.0,0.0,0.0,0.0,0.0,0.0,0.0,0.0,0.0,0.0,0.0
135662_POS_SU,pos,Level 2,Nonaethylene glycol,Anthropogenic,Alcohol / glycol / ether,73.3,0.0,0.2,0.0,0.4,0.0,1.6,2.2,3.3,0.5,2.1,7.5,11.7,3.3,21.4,0.0,49.7,4.5,2.2,0.6,2.3,0.7,440.2,0.0,0.8,1.2,7.6,1.3,3.9,0.0,7.4,0.0,168.1,0.8,4.6,0.0,1.6,3.9,3.3,15.8,8.5,9.1,15.7,2.9,3.8,0.0,0.0,0.6,1.8,0.9,5.1,3.3,0.0,2.6,1.7,0.0,0.0,8.2,0.7,0.0,2.8,0.3,0.0,1.0,2.4,0.0,0.0,3.4,0.0,2.7,0.0,12.3,0.6,1.9,2.0,2.0,0.0,0.0,0.0,4.0,0.2,15.1,0.0,0.7,0.0,433.8,0.0,0.0,0.0,0.5,0.0,0.0,0.4,2.1,2.0,3.3,0.0,6.4,1.1,5.2,23.2,5.9,0.0,4.2,0.0,12.4,0.0,28.4,0.3,5.6,4.6,15.4,0.0,10.7,0.0,18.3,1.7,8.0,1.0,2.4,12.8,6.2,1.1,87.5,2.1,4.3,0.0,9.1,0.0,20.0,0.0,5.5,3.4,169.4,11.9,14.0,0.9,19.7,2.0,2.3,8.2,17.7,0.0,8.1,0.0,49.2,0.0,39.4,1.8,2.4,21.5,7.4,7.3,4.2,5.4,3.2,14.0,18.3,8.1,2.1,15.8,24.6,14.9,12.6,3.6,1.3,1.5,4.7,3.8,3.8,0.0,11.7,0.6,5.0,1.0,4.2,26.9,6.9,0.2,2.5,4.7,14.8,0.1,8.6,6.2,6.7,9.1,4.3,3.4,10.0,24.7,27.4,11.4,1.8,9.2,16.2,4.0,4.9,14.3,10.9,8.1,15.4,5.9,18.6,3.4,0.9,0.0,0.0,0.0,0.0,0.0,6.2,0.3,5.6,0.0,0.0,0.0,0.0,0.0,3.4,0.0,5.4,0.0,0.8,0.0,0.0,0.0,1.4,0.0,17.6,0.2,3.2,0.0,0.0,0.0,0.0,0.1,0.4,0.0,0.0,0.0,1.2,0.0,0.0,0.0,1.9,0.0,0.0,0.1,0.1,2.0,1.1,0.0,2.9,0.0,1.7,0.0,1.6,0.0,9.7,0.0,0.0,0.0,46.3,0.0,5.1,0.0,0.0,1.2,0.5,0.0,3.0,0.0,2.4,0.0,10.1,0.8,2.4,0.0,0.4,0.0,5.5,0.2,40.2,2.9,6.9,0.0,6.3,0.0,3.6,1.9,1.6,0.5,0.0,999.3,1.1,0.0,0.3,0.0,3.4,0.0,1.0,0.0,0.0,0.0,0.0,0.0,0.0,0.0,2.4,0.0,0.1,0.0,11.8,0.0,5.7,0.0,0.0,0.0,0.0,0.0,3.2,8.2,9.6,2.8,1.3,11.5,2.3,7.6,2.0,8.7,2.3,8.3,67.7,13.6,24.0,11.2,42.5,32.2,11.0,10.8,24.2,6.9,2.2,7.4,2.4,2.2,70.1,5.0,24.0,7.0,0.9,12.4,23.6,13.8,23.4,3.6,68.1,1.7,1.4,3.1,2.5,97.4,5.0,14.1,1.2,1.5,5.8,5.3,5.2,3.5,4.6,4.4,1.4,0.4,3.1,5.6,10.8,54100.7,0.4,0.0,5.6,0.0,7.5,0.3,10.1,0.0,1.7,3.3,3.3,2.2,6.9,4.7,4.4,0.6,4.7,3.1,2.0,4.6,10.6,0.0,7.9,3.0,6.5,0.2,9.6,4.6,2.0,3.7,5.0,2.8,4.9,3.6,3.4,3.5,5.6,0.0,3.9,2.4,3.5,0.0
136194_POS_SU,pos,Level 2,Bis[2-(2-butoxyethoxy)ethyl] hexandioate,Anthropogenic,Plasticizer / polymer additive,15.7,0.0,0.0,0.0,0.0,0.0,0.0,0.0,0.0,0.0,0.0,0.0,0.0,0.0,0.0,0.0,0.0,0.0,0.0,0.0,0.0,0.0,0.0,0.0,0.0,0.0,0.0,0.0,0.0,0.0,0.0,0.0,0.0,0.0,0.0,0.0,0.0,0.0,0.0,0.0,0.0,0.0,0.0,0.0,0.0,0.0,0.0,0.0,0.0,0.0,0.1,0.0,0.0,0.2,0.0,0.1,0.0,0.0,0.0,0.0,0.0,0.0,0.0,0.0,0.0,0.0,0.0,0.0,0.0,0.0,0.0,0.1,0.0,0.0,0.0,0.0,0.0,0.0,0.0,0.0,0.0,0.0,0.0,0.0,0.0,0.1,0.0,0.0,0.0,0.0,0.0,0.0,0.0,0.0,0.0,0.0,0.0,0.0,0.0,0.0,0.0,1.7,0.0,0.0,0.0,0.0,0.0,0.1,0.0,0.2,0.0,0.0,0.0,0.0,0.0,0.0,0.0,0.0,0.0,0.0,0.0,0.2,0.1,0.0,0.0,0.0,0.0,0.0,0.0,0.0,0.0,0.0,0.0,0.0,0.0,0.0,0.1,0.0,0.0,0.0,0.0,0.0,0.0,0.0,0.0,0.0,0.0,0.0,0.7,0.0,0.1,0.0,0.0,0.0,0.0,0.0,0.0,0.0,0.0,0.0,0.0,0.6,0.3,0.0,0.2,0.0,0.0,0.1,0.0,0.0,0.0,0.3,0.5,0.0,0.2,0.0,0.0,0.0,0.0,0.0,0.0,0.0,0.1,0.0,0.0,0.0,0.0,0.0,3.0,0.0,0.2,0.0,0.0,0.0,0.2,0.0,0.0,0.0,0.0,0.0,0.0,0.0,0.0,0.0,0.0,0.0,0.0,0.0,0.0,0.0,0.0,0.0,0.0,0.0,0.0,0.0,0.0,0.0,0.0,0.0,0.0,0.0,0.0,0.0,0.0,0.0,0.0,0.0,0.0,0.0,0.0,0.0,0.0,0.0,0.0,0.0,0.0,0.0,0.0,0.0,0.0,0.1,0.0,0.0,0.0,0.0,0.0,0.0,0.1,0.0,0.0,0.0,0.2,0.0,0.1,0.0,3.5,0.0,0.4,0.0,0.2,0.0,0.3,0.0,0.0,0.0,0.4,0.0,0.0,0.0,0.3,0.0,0.0,0.0,0.0,0.0,0.0,0.0,0.0,0.0,0.0,0.0,0.0,0.0,0.0,0.0,0.0,0.0,0.0,0.0,0.0,0.0,0.0,0.0,0.0,0.0,0.0,0.0,0.0,0.0,0.0,0.0,0.0,0.0,0.0,0.0,0.0,0.0,0.0,0.0,0.0,0.0,0.0,0.0,0.0,0.0,0.0,0.0,0.0,0.0,0.0,5.5,0.2,0.6,0.0,0.0,0.0,0.3,0.0,0.4,0.0,0.1,0.0,0.2,0.0,0.3,0.0,0.0,0.0,0.0,0.0,0.0,0.0,0.1,0.0,0.0,0.0,0.4,0.0,0.0,0.0,0.0,0.0,0.3,0.0,0.1,0.0,0.4,0.0,0.0,0.0,0.0,0.0,0.0,0.0,0.0,0.0,0.0,0.0,0.0,0.0,0.0,0.0,0.2,0.0,0.2,0.1,0.2,0.1,0.0,0.0,0.1,0.0,0.0,0.0,0.0,0.0,0.0,0.0,0.0,0.0,0.0,0.0,0.1,0.0,0.0,0.0,0.0,0.1,0.1,0.1,0.0,0.0,0.2,0.1,0.2,0.1,0.1,0.0,0.1,0.0,0.1,0.0,0.0,0.0,0.1,0.0,0.0,0.1,0.0,0.0
139872_POS_SU,pos,Level 2,Decaethylene glycol,Anthropogenic,Alcohol / glycol / ether,59.0,0.0,0.0,0.0,0.0,0.0,0.0,0.2,0.0,0.0,0.1,0.4,0.5,0.1,0.8,0.0,1.8,0.2,0.0,0.0,0.1,0.1,18.8,0.0,0.0,0.0,0.4,0.0,0.2,0.0,0.2,0.0,5.6,0.0,0.2,0.0,0.1,0.1,0.1,0.7,0.4,0.5,0.6,0.1,0.1,0.0,0.0,0.0,0.1,0.0,0.2,0.1,0.0,0.2,0.0,0.0,0.0,0.4,0.0,0.0,0.1,0.0,0.0,0.1,0.2,0.0,0.0,0.2,0.0,0.2,0.0,0.5,0.0,0.1,0.1,0.1,0.0,0.0,0.0,0.2,0.0,0.7,0.0,0.1,0.0,13.9,0.0,0.0,0.0,0.0,0.0,0.0,0.0,0.1,0.1,0.2,0.0,0.3,0.0,0.2,0.8,0.3,0.0,0.3,0.0,0.6,0.0,1.2,0.0,0.2,0.2,0.7,0.0,0.6,0.0,0.7,0.0,0.4,0.0,0.2,0.6,0.3,0.0,3.8,0.1,0.2,0.0,0.3,0.0,1.0,0.0,0.3,0.2,7.8,0.6,0.6,0.0,0.9,0.1,0.1,0.4,0.7,0.0,0.3,0.0,1.9,0.0,1.9,0.1,0.1,0.9,0.3,0.2,0.2,0.1,0.1,0.4,0.6,0.2,0.0,0.4,0.7,0.4,0.4,0.1,0.0,0.0,0.1,0.1,0.1,0.0,0.6,0.0,0.2,0.0,0.1,1.0,0.1,0.0,0.0,0.1,0.5,0.0,0.4,0.1,0.2,0.2,0.3,0.1,0.3,1.1,0.7,0.3,0.0,0.2,0.6,0.1,0.1,0.5,0.4,0.3,0.6,0.1,0.6,0.2,0.0,0.0,0.0,0.0,0.0,0.0,0.3,0.0,0.2,0.0,0.0,0.0,0.0,0.0,0.1,0.0,0.2,0.0,0.0,0.0,0.0,0.0,0.1,0.0,0.8,0.4,0.2,0.0,0.0,0.0,0.0,0.0,0.1,0.0,0.0,0.0,0.0,0.0,0.0,0.0,0.1,0.0,0.0,0.0,0.0,0.1,0.0,0.0,0.2,0.0,0.3,0.0,0.0,0.0,0.4,0.0,0.0,0.0,1.9,0.0,0.2,0.3,0.0,0.1,0.0,0.0,0.1,0.0,0.1,0.0,0.4,0.1,0.1,0.0,0.0,0.0,0.2,0.0,1.7,0.1,0.2,0.0,0.2,0.0,0.1,0.0,0.0,0.0,0.0,49.0,0.0,0.0,0.0,0.0,0.1,0.1,0.0,0.0,0.0,0.0,0.0,0.0,0.0,0.0,0.1,0.0,0.0,0.0,0.5,0.0,0.3,0.0,0.0,0.0,0.3,0.0,0.1,0.3,0.5,0.1,0.0,0.9,0.0,0.4,0.1,0.3,0.1,0.3,2.5,0.5,0.8,1.0,1.6,1.8,0.5,0.5,1.0,0.4,0.1,0.3,0.1,0.1,2.6,0.3,1.0,0.4,0.0,0.4,0.9,0.7,0.9,0.2,2.1,0.1,0.1,0.1,0.1,3.6,0.2,0.9,0.1,0.1,0.2,0.2,0.2,0.1,0.2,0.1,0.1,0.0,0.1,0.2,0.4,3103.0,0.0,0.0,0.3,0.0,0.2,0.0,0.5,0.0,0.1,0.1,0.1,0.1,0.3,0.2,0.2,0.0,0.2,0.1,0.1,0.2,0.4,0.0,0.3,0.1,0.3,0.0,0.4,0.2,0.1,0.2,0.2,0.1,0.2,0.1,0.2,0.2,0.2,0.0,0.2,0.0,0.1,0.0
143747_POS_SU,pos,Level 2,"4,5,9,9,13,20,20-heptamethyl-24-oxahexacyclo[17.3.2.0<1,18>.0<4,17>.0<5,14>.0<8,13>]tetracos-10-yl acetate",Natural,"Natural product – plant/fungal metabolites, terpenes, flavonoids, alkaloids, etc.",65.2,0.0,12.3,0.0,3.3,0.0,1791.4,0.0,1.9,0.9,0.0,0.1,8.7,0.0,18.1,0.0,0.8,0.0,0.8,0.0,5.6,0.0,62.4,0.0,4.0,0.0,0.0,0.0,0.1,0.0,0.0,0.3,0.0,0.0,0.5,0.0,8.5,0.1,26.9,0.0,2.3,0.0,45.6,0.0,69.6,1.0,36.2,0.0,82.7,0.0,76.2,0.0,4.2,0.0,0.0,0.1,15.2,0.0,21.4,0.0,22.7,0.0,2.1,0.0,6.6,0.0,1.0,0.0,0.5,0.0,3.1,16.7,209.7,0.0,0.0,0.0,0.5,0.0,0.3,0.0,0.0,0.0,0.0,12.1,0.6,0.0,0.0,0.0,0.3,0.0,0.0,0.1,0.0,0.0,0.2,0.0,0.0,0.4,0.0,0.0,0.0,1.0,3.1,2.9,0.1,0.0,0.1,1.6,0.1,0.0,0.0,0.0,0.8,0.0,0.3,4.1,0.1,0.0,0.7,1.6,1.0,0.0,3.2,1.3,0.4,0.0,6.9,1.2,0.1,0.0,7.6,0.4,0.0,0.1,0.0,1.1,2.5,0.1,0.1,0.0,19.6,0.2,0.0,1.2,4.1,0.2,0.2,7.4,0.6,0.0,0.1,0.0,100.6,0.0,1.5,0.0,4.4,0.0,16.9,0.0,14.0,0.0,1.7,1.5,98.3,0.0,7.2,0.0,65.9,0.2,0.4,0.0,22.9,0.0,64.6,0.7,24.9,0.0,10.6,0.0,27.5,0.0,35.3,0.0,80.6,0.0,23.0,0.0,26.3,0.0,193.0,1.9,177.4,0.4,0.5,0.2,170.4,0.9,7.3,40.1,26.7,2.5,1.5,0.1,0.0,0.0,0.0,0.0,0.0,0.0,0.0,0.2,0.0,0.0,3.1,0.4,0.1,0.0,0.0,0.0,5.9,0.2,0.0,0.3,2.2,0.0,0.0,0.0,0.3,0.0,0.3,0.0,5.9,0.0,0.0,4.7,0.0,0.0,62.1,0.7,0.9,0.0,17.9,0.0,1.2,0.0,11.6,0.0,18.6,0.7,13.5,3.5,20.6,2.0,54.2,0.0,33.5,0.4,164.5,9.0,2.2,6.6,13.5,0.3,46.4,4.0,3.2,0.5,11.5,0.1,43.1,2.1,23.5,3.7,4.0,0.1,0.0,0.0,14.9,0.0,0.8,0.1,8.6,0.2,7.0,379.5,21.0,0.0,0.0,0.3,5.4,0.0,3.8,1.4,11.6,0.3,11.0,0.0,7.4,0.0,2.1,1.0,1.3,1.0,0.4,0.1,3.7,0.0,31.8,0.3,1.9,0.5,3.8,18.7,4.6,2.2,3.5,0.0,6.8,0.0,2.8,39.0,26.9,0.0,0.1,0.3,0.0,0.1,1.0,0.0,1.9,0.0,0.1,0.0,24.2,0.8,0.0,1.1,0.0,3.4,0.0,1.2,6.6,0.6,0.0,0.0,0.0,0.0,0.3,0.2,3.8,0.0,0.4,8.8,0.0,9.8,0.0,0.0,0.2,0.1,4.1,0.9,0.0,4.3,0.0,0.1,0.0,0.0,0.1,0.2,0.1,2.5,754.1,2.9,144.3,10.5,336.0,13.7,63.0,0.1,37.6,1.8,5.2,3.6,18.9,10.2,47.1,0.6,43.6,1.3,108.7,2.3,5.0,0.9,22.5,0.0,240.5,93.8,4.2,3.5,9.4,1.3,66.9,3.0,53.7,0.5,32.6,0.2,5.1,1.0,2.0,1.4,7.0,0.5,13.8,0.0,36.3,0.0,1.7,2.4,6.0
144388_POS_SU,pos,Level 2,Alpha-tocopheryl acetate,Natural,Food additive / flavor / vitamin,33.8,3.2,3.3,2.6,0.2,2.0,11.4,0.4,2.8,0.7,0.0,1.6,3.8,34.3,0.0,0.9,1.1,0.9,2.9,0.0,0.5,0.0,2.7,6.6,0.1,0.3,0.0,0.0,0.0,0.0,1.6,0.0,0.0,0.0,0.2,0.0,0.2,0.0,0.4,1.3,0.0,0.0,0.5,0.0,0.0,2.0,0.0,0.0,0.4,0.0,0.1,1.2,0.0,2.5,0.0,1.7,0.0,6.8,0.0,0.0,0.0,0.0,0.0,0.0,0.0,3.0,0.0,4.6,0.0,0.1,0.0,0.0,0.0,0.4,0.0,2.2,0.0,0.0,0.0,1.7,0.0,0.0,0.1,0.0,0.4,0.0,0.0,0.0,0.3,1.7,0.0,0.0,0.4,0.0,0.0,1.9,0.0,0.0,0.0,0.4,0.0,0.0,0.2,0.0,0.0,0.0,0.1,1.5,0.1,0.0,0.0,1.7,0.4,1.4,0.1,0.0,0.3,0.0,0.0,0.0,0.0,0.0,0.0,0.8,0.0,0.0,0.0,0.0,0.0,0.4,0.0,0.8,0.0,1.5,0.0,0.0,0.0,0.2,0.0,0.0,1.0,0.0,0.0,0.0,0.0,3.9,0.0,3.6,0.0,1.6,0.0,8.6,0.0,0.0,0.0,0.0,0.0,0.0,0.0,0.0,0.0,0.0,0.0,0.0,0.0,0.0,0.0,0.0,0.0,0.0,0.0,4.2,0.0,0.0,0.0,0.0,0.0,2.5,0.0,0.0,0.0,0.0,0.0,0.0,0.0,1.3,0.0,0.8,0.0,0.0,0.0,4.9,0.0,0.0,0.0,2.2,0.0,1.1,0.1,0.8,0.0,0.0,4.8,0.1,0.4,0.0,0.0,0.0,0.0,0.0,0.0,0.0,0.0,0.0,0.0,0.0,0.0,1.6,0.0,0.0,0.0,0.0,0.0,0.0,0.0,0.0,0.0,1.2,0.0,0.0,0.1,9.3,0.0,0.0,0.0,0.0,1.1,0.0,0.0,0.4,0.0,0.1,0.0,0.0,0.0,1.7,0.0,8.5,0.4,0.0,0.0,0.3,0.0,0.1,0.0,0.3,0.0,0.0,0.3,1.5,0.0,0.0,0.0,8.1,1.1,3.3,0.0,2.1,0.1,0.0,0.9,0.0,0.0,0.2,0.0,0.0,0.0,0.1,0.0,1.4,0.0,0.8,0.0,0.3,0.0,4.5,6.9,0.0,0.0,7.6,0.2,2.9,0.0,0.0,1.1,0.0,0.1,0.0,0.0,1.5,0.4,0.0,0.0,0.0,0.0,0.0,0.0,0.0,0.0,0.0,0.0,3.9,0.0,0.8,0.1,0.0,0.0,0.0,0.0,0.0,0.0,0.2,0.0,0.0,1.1,0.2,0.0,0.0,0.0,0.0,9.1,0.0,0.0,0.2,0.0,0.0,0.0,0.0,2.6,0.0,0.0,0.0,0.0,0.0,1.4,0.8,0.0,0.0,0.0,0.0,4.9,0.0,1.2,1.2,3.5,0.0,0.1,0.6,0.0,0.0,0.7,0.0,0.0,0.0,0.0,0.1,0.5,0.0,5.3,0.0,0.0,0.0,0.0,0.0,0.0,0.2,0.5,0.7,0.0,0.4,0.0,0.0,0.0,0.0,0.0,0.0,0.0,0.0,0.0,0.0,0.0,0.2,0.0,0.2,0.0,0.0,0.0,0.0,0.0,0.0,0.0,3.8,0.0,0.0,0.0,0.3,0.0,0.0,0.0,0.0,0.0,0.0,0.0,0.0,0.0,0.0,0.0,0.0,0.0,0.0,0.0
145200_POS_SU,pos,Level 2,1-Palmitoylglycerophosphocholine,Natural,Fatty acid / lipid,40.0,0.0,40.7,527.7,46.0,160.0,29.3,2.1,0.0,0.0,0.0,10.5,0.0,40.6,0.0,105.5,29.2,22.7,2.6,475.5,101.0,0.0,0.0,32.8,0.0,19.5,0.0,107.8,0.0,80.8,150.4,0.0,46.2,36.0,192.3,0.0,0.0,33.5,1402.2,1.3,42.0,76.6,67.4,194.2,6.8,149.0,145.1,30.5,259.1,0.0,203.9,0.0,10.7,0.0,0.0,0.0,25.3,0.0,0.0,23.6,0.0,0.0,69.2,0.0,3.6,0.0,0.0,0.0,0.0,0.0,0.0,0.0,14.0,705.0,173.0,0.0,0.0,271.6,10.0,0.0,0.0,70.2,0.0,17.1,4.0,383.2,67.3,60.5,0.0,0.0,0.0,0.0,0.0,0.0,48.8,0.0,28.8,0.0,0.0,0.0,0.0,12.6,0.0,0.0,0.0,0.0,0.0,1743.2,0.0,26.4,0.0,20.9,0.0,0.0,0.0,0.0,0.0,0.0,0.0,0.0,0.0,0.0,0.0,0.0,0.0,0.0,0.0,0.0,0.0,0.0,0.0,0.0,0.0,0.0,0.0,0.0,0.0,0.0,0.0,0.0,0.0,0.0,0.0,0.0,0.0,0.0,324.4,0.0,0.0,0.0,16.4,0.0,390.1,72.5,4074.8,463.6,4000.7,44.7,90.9,0.0,54.8,0.0,234.0,63.7,715.7,0.0,0.0,50.8,151.5,0.0,75.5,0.0,40.7,0.6,199.6,121.2,70.1,0.0,24.8,318.1,25.2,85.7,42.8,25.3,391.1,0.0,0.0,0.0,97.1,15.5,552.7,0.0,390.4,626.8,1935.8,0.0,845.6,0.0,11.5,95.9,0.0,0.0,16.8,0.0,0.0,114.7,0.0,0.0,0.0,0.0,0.0,0.0,0.0,83.2,6.5,0.0,3.2,0.0,32.3,0.0,0.0,98.5,0.0,0.0,5.7,0.0,0.0,0.0,0.0,0.0,0.0,61.4,25.5,0.0,0.0,415.0,0.0,0.0,1646.6,0.0,45.5,0.0,559.7,0.0,36.8,0.0,192.5,0.0,896.5,11.0,258.9,10.0,294.5,26.5,66.0,0.0,6793.6,0.0,133.5,14.4,307.2,0.0,788.7,1965.5,6174.5,44.6,294.5,0.0,0.0,0.0,2856.9,45.8,0.0,0.0,0.0,0.0,0.0,0.0,0.0,0.0,0.0,0.0,0.0,0.0,0.0,1784.8,0.0,0.0,0.0,0.0,0.0,10.9,0.0,63.3,12.9,0.0,0.0,0.0,0.0,0.0,0.0,0.0,0.0,18.5,0.0,0.0,0.0,0.0,0.0,0.0,0.0,0.0,0.0,936.1,0.0,44.6,0.0,0.0,0.0,0.0,0.0,768.4,172.2,29.7,0.0,0.0,352.5,23.9,253.8,401.2,45.7,17.0,118.1,0.0,100.9,54.6,352.3,0.0,0.0,0.0,0.0,16.9,0.0,0.0,0.0,0.0,63.1,524.9,0.0,0.0,25.1,15.6,0.0,164.8,3.2,908.4,9.0,8.7,0.0,52.9,38.2,806.1,30.9,172.4,0.0,0.0,0.0,0.0,0.0,0.0,0.0,0.0,51.9,0.0,25.6,0.0,0.0,26.1,0.0,0.0,0.0,0.0,0.0,0.0,0.0,29.7,0.0,0.0,0.0,0.0,0.0,0.0,0.0,0.0,0.0,0.0,0.0,0.0,0.0,0.0,0.0,0.0,0.0,0.0,0.0,0.0,25.0,0.0,0.0,0.0,0.0,0.0,0.0,0.0,0.0,0.0,0.0,0.0,0.0,0.0,0.0
145999_POS_SU,pos,Level 2,Undecaethylene glycol,Anthropogenic,Alcohol / glycol / ether,41.0,0.0,0.0,0.0,0.1,0.0,0.0,0.1,0.1,0.0,0.0,0.5,1.0,0.2,1.6,0.0,0.8,0.4,0.0,0.0,0.1,0.1,30.1,0.0,0.1,0.0,0.0,0.0,0.3,0.0,0.5,0.0,10.3,0.1,0.3,0.0,0.0,0.0,0.2,1.0,0.7,0.8,1.2,0.2,0.2,0.0,0.0,0.0,0.2,0.0,0.3,0.0,0.0,0.0,0.0,0.0,0.0,0.1,0.0,0.0,0.0,0.0,0.0,0.0,0.0,0.0,0.0,0.0,0.0,0.0,0.0,0.2,0.0,0.0,0.0,0.0,0.0,0.0,0.0,0.0,0.0,1.1,0.0,0.1,0.0,5.9,0.0,0.0,0.0,0.0,0.0,0.0,0.0,0.2,0.0,0.3,0.0,0.5,0.0,0.0,0.3,0.5,0.0,0.0,0.0,0.0,0.0,0.3,0.0,0.0,0.0,0.1,0.0,0.2,0.0,0.2,0.0,0.6,0.2,0.0,0.3,0.0,0.2,1.6,0.0,0.0,0.0,0.0,0.1,0.3,0.0,0.6,0.3,3.7,1.1,1.0,0.1,1.6,0.3,0.2,0.7,1.2,0.0,0.7,0.1,3.0,0.0,3.3,0.3,0.0,0.4,0.0,0.0,0.0,0.0,0.0,0.1,0.2,0.4,0.0,0.1,0.2,0.1,0.1,0.0,0.0,0.0,0.0,0.0,0.0,0.0,0.1,0.0,0.0,0.0,0.0,0.4,0.0,0.0,0.0,0.0,0.1,0.0,0.0,0.3,0.3,0.0,0.0,0.0,0.0,0.4,1.3,0.0,0.0,0.5,0.2,0.3,0.0,0.2,0.1,0.0,0.1,0.3,1.2,0.0,0.0,0.0,0.0,0.0,0.0,0.0,0.0,0.0,0.0,0.0,0.1,0.0,0.0,0.0,0.0,0.0,0.0,0.0,0.0,0.0,0.0,0.0,0.0,0.0,0.2,0.1,0.0,0.0,0.0,0.0,0.0,0.0,0.0,0.0,0.0,0.0,0.0,0.0,0.0,0.0,0.2,0.0,0.0,0.1,0.0,0.2,0.2,0.0,0.0,0.0,0.2,0.0,0.0,0.0,0.6,0.0,0.0,0.0,3.4,0.0,0.4,0.1,0.0,0.0,0.0,0.1,0.0,0.0,0.0,0.0,0.0,0.0,0.0,0.0,0.0,0.0,0.0,0.0,2.7,0.0,0.0,0.0,0.0,0.0,0.0,0.0,0.1,0.1,0.1,38.4,0.0,0.0,0.1,0.0,0.0,0.0,0.0,0.0,0.0,0.0,0.0,0.0,0.0,0.0,0.2,0.0,0.0,0.0,0.8,0.0,0.4,0.0,0.0,0.0,0.0,0.0,0.0,0.1,0.1,0.0,0.0,0.1,0.0,0.1,0.0,0.1,0.3,0.1,1.4,0.2,0.3,1.0,0.7,2.8,0.2,1.3,0.4,0.0,0.3,0.6,0.3,0.0,4.2,0.6,2.1,0.6,0.1,0.9,2.0,1.4,2.0,0.0,4.5,0.2,0.2,0.2,0.1,4.4,0.4,0.2,0.1,0.2,0.3,0.5,0.5,0.0,0.0,0.0,0.0,0.0,0.0,0.0,0.1,2038.4,0.0,0.1,0.0,0.0,0.0,0.0,0.7,0.0,0.0,0.0,0.3,0.0,0.1,0.0,0.0,0.1,0.0,0.0,0.0,0.4,0.8,0.0,0.1,0.0,0.5,0.1,0.7,0.4,0.0,0.1,0.4,0.4,0.0,0.0,0.3,0.4,0.3,0.1,0.0,0.0,0.3,0.0
148198_POS_SU,pos,Level 2,Melezitose,Natural,Food additive / flavor / vitamin,17.4,0.0,0.0,0.0,0.0,0.0,0.0,0.0,0.0,0.0,0.0,0.0,0.0,0.0,0.0,0.0,0.0,0.0,0.0,0.0,0.0,0.0,0.0,0.0,0.0,0.0,0.0,0.0,0.0,0.0,0.0,0.0,0.0,0.0,0.0,0.0,0.0,0.0,0.0,0.0,0.0,0.0,0.0,0.0,0.0,0.0,0.0,0.0,0.0,0.0,0.1,0.0,0.2,0.0,0.1,0.0,0.0,0.0,0.1,0.0,0.7,0.0,0.1,0.0,0.6,0.0,0.1,0.0,0.1,0.0,0.1,0.0,0.2,0.0,0.1,0.0,0.1,0.0,0.0,0.0,0.1,0.1,0.1,0.0,0.1,0.0,0.3,0.0,0.1,0.0,0.0,0.0,0.0,0.0,0.1,0.0,0.0,0.0,0.0,0.0,0.0,0.0,0.0,0.0,0.0,0.0,0.0,0.3,0.0,0.0,0.0,0.0,0.0,0.0,0.0,0.0,0.0,0.0,0.0,0.0,0.0,0.0,0.0,0.0,0.0,0.0,0.0,0.0,0.0,0.0,0.0,0.0,0.0,0.0,0.0,0.0,0.0,0.0,0.0,0.0,0.0,0.0,0.0,0.0,0.0,0.0,0.0,0.1,0.0,0.0,0.0,0.0,0.0,0.0,0.0,0.0,0.1,0.0,0.0,0.0,3.2,0.0,0.0,0.0,0.0,0.0,0.0,0.0,0.0,0.0,0.0,0.0,0.1,0.1,0.0,0.0,2.3,0.0,0.2,0.1,0.1,0.0,0.0,0.0,0.0,0.0,0.0,0.0,0.1,0.0,1.9,0.0,0.1,0.0,0.1,0.0,0.1,0.0,0.0,0.0,0.1,0.1,0.0,0.0,0.0,0.0,0.0,0.0,0.0,0.0,0.0,0.0,0.0,0.0,0.0,0.0,0.0,0.0,0.0,0.0,0.0,0.0,0.0,0.0,0.0,0.0,0.0,0.0,0.0,0.0,0.0,0.0,0.0,0.0,0.0,0.1,0.0,0.0,0.0,0.0,0.0,0.0,0.0,0.0,0.0,0.0,0.0,0.0,0.2,0.0,0.0,0.0,0.1,0.0,0.1,0.0,0.1,0.0,0.1,0.0,0.0,0.0,0.1,0.0,0.1,0.0,0.0,0.0,0.0,0.0,0.1,0.0,0.0,0.0,0.0,0.0,0.0,0.0,0.0,0.0,0.0,0.0,0.0,0.0,0.0,0.0,0.0,0.0,0.0,0.0,0.0,0.0,0.0,0.0,1.0,0.0,0.0,0.0,0.0,0.0,0.0,0.0,0.0,0.0,0.0,0.0,0.0,0.0,0.0,0.0,0.0,0.0,0.0,0.0,0.0,0.0,0.0,0.0,0.0,0.0,0.0,0.1,0.0,0.0,0.0,0.0,0.0,0.5,0.0,0.1,0.0,0.0,0.0,0.1,0.0,1.9,0.0,0.1,0.2,0.0,0.0,0.0,0.0,0.0,0.0,0.1,0.0,0.0,0.0,0.1,0.0,0.1,0.2,0.0,0.1,0.0,0.0,0.2,0.0,0.1,0.0,0.0,0.0,0.1,0.0,0.0,0.0,0.0,0.0,0.1,0.0,0.0,0.0,0.0,0.0,0.0,0.1,0.0,0.3,0.0,0.0,0.1,0.0,0.0,0.1,0.0,0.1,0.0,0.1,0.0,0.0,0.0,0.0,0.0,0.0,0.0,0.1,0.0,0.0,0.0,0.0,0.0,0.0,0.0,0.0,0.0,0.3,0.0,0.0,0.0,0.1,0.0,0.0,0.0,0.0,0.0,0.0,0.0,0.1,0.0,0.0
156429_POS_SU,pos,Level 2,Polidocanol,Anthropogenic,Surfactant / detergent,27.9,0.0,0.0,0.0,0.0,0.0,0.0,0.0,0.0,0.0,0.0,0.0,0.0,0.0,0.0,0.0,0.0,447.6,0.0,0.0,0.0,0.0,0.0,0.0,0.0,0.0,0.0,789.0,0.0,2461.0,0.0,0.0,0.0,0.0,0.0,0.0,0.0,58.7,248.3,329.4,0.0,0.0,0.0,773.3,0.0,139.4,0.0,0.0,0.0,0.0,0.0,4.4,0.0,0.0,0.0,0.0,0.0,0.0,0.0,518.5,0.0,246.0,0.0,0.0,0.0,0.0,0.0,0.0,0.0,0.0,0.0,0.0,0.0,5149.1,157.4,0.0,0.0,2016.1,0.0,0.0,0.0,90.2,0.0,0.0,0.0,525.4,152.7,926.9,0.0,0.0,0.0,0.0,0.0,0.0,0.0,0.0,0.0,0.0,0.0,0.0,0.0,130.3,0.0,1276.7,0.0,0.0,0.0,9015.6,0.0,216.6,0.0,501.9,0.0,0.0,0.0,0.0,0.0,0.0,0.0,89.0,0.0,0.0,30.6,0.0,0.0,0.0,0.0,0.0,0.0,0.0,0.0,0.0,0.0,0.0,0.0,0.0,0.0,0.0,0.0,0.0,0.0,0.0,0.0,0.0,0.0,0.0,0.0,0.0,0.0,0.0,1083.7,1122.2,577.2,1030.3,22040.8,26134.3,5057.7,5671.6,0.0,0.0,0.0,26043.7,4021.6,0.0,0.0,152.5,0.0,3834.3,0.0,0.0,112.4,23.2,0.0,0.0,0.0,1369.5,0.0,0.0,0.0,594.4,0.0,0.0,0.0,119.9,0.0,0.0,0.0,0.0,0.0,0.0,0.0,0.0,0.0,2328.9,2552.5,0.0,30.5,233.6,0.0,165.0,0.0,0.0,0.0,0.0,0.0,903.0,0.0,0.0,0.0,0.0,0.0,245.0,0.0,1461.5,0.0,0.0,0.0,0.0,0.0,0.0,0.0,0.0,0.0,0.0,569.2,0.0,0.0,0.0,0.0,0.0,0.0,388.9,0.0,0.0,0.0,130.7,0.0,0.0,1164.3,0.0,0.0,0.0,10.6,0.0,0.0,0.0,0.0,0.0,0.0,274.0,0.0,13.2,0.0,514.7,0.0,0.0,356.8,0.0,0.0,1055.9,0.0,4.6,0.0,10817.8,1770.1,257.5,0.0,709.8,0.0,0.0,611.7,652.3,0.0,73.5,0.0,0.0,0.0,0.0,0.0,0.0,0.0,0.0,0.0,0.0,0.0,672.8,0.0,265.9,0.0,0.0,0.0,1185.3,0.0,1177.5,715.3,0.0,0.0,0.0,0.0,0.0,0.0,0.0,0.0,50.0,0.0,749.9,0.0,0.0,0.0,186.6,0.0,0.0,0.0,3795.4,0.0,664.4,0.0,0.0,0.0,0.0,0.0,286.6,6590.2,0.0,0.0,0.0,12857.8,0.0,1487.2,300.6,939.3,88.3,2386.8,0.0,607.8,0.0,2355.3,0.0,0.0,0.0,789.7,0.0,52.9,0.0,0.0,0.0,1346.7,10164.6,0.0,0.0,63.5,0.0,176.5,506.5,2120.0,0.0,1913.5,80.4,1536.4,0.0,402.0,3775.2,1842.9,55.7,0.0,0.0,0.0,0.0,105.7,0.0,446.1,184.8,29.2,0.0,0.0,0.0,0.0,307.6,3993.1,0.0,0.0,0.0,0.0,146.8,0.0,602.2,0.0,0.0,0.0,0.0,0.0,0.0,0.0,0.0,271.2,0.0,228.8,0.0,39.6,0.0,0.0,0.0,0.0,423.4,0.0,0.0,0.0,0.0,0.0,0.0,0.0,0.0,0.0,0.0,0.0,0.0,32.8,0.0,0.0,50.2,0.0
158539_POS_SU,pos,Level 2,Narcissoside,Natural,"Natural product – plant/fungal metabolites, terpenes, flavonoids, alkaloids, etc.",11.7,0.0,0.0,0.0,0.0,0.0,0.1,0.0,0.0,0.0,0.0,0.0,0.0,0.0,0.0,0.0,0.0,0.0,0.0,0.0,0.0,0.0,0.0,0.0,0.0,0.0,0.0,0.0,0.0,0.0,0.0,0.0,0.0,0.0,0.0,0.0,0.0,0.0,0.0,0.0,0.0,0.0,0.0,0.0,0.0,0.0,0.2,0.0,0.4,0.0,0.0,0.0,0.1,0.0,0.0,0.0,0.1,0.0,0.0,0.0,0.0,0.0,0.0,0.0,0.0,0.0,0.0,0.0,0.0,0.0,0.0,0.0,0.1,0.0,0.0,0.0,0.0,0.0,0.0,0.0,0.0,0.0,0.0,0.0,0.0,0.0,0.0,0.0,0.0,0.0,0.0,0.0,0.0,0.0,0.0,0.0,0.0,0.0,0.0,0.0,0.0,0.0,0.0,0.0,0.0,0.0,0.0,0.0,0.0,0.0,0.0,0.0,0.0,0.0,0.0,0.0,0.0,0.0,0.0,0.0,0.0,0.0,0.0,0.0,0.0,0.0,0.0,0.0,0.0,0.0,0.0,0.0,0.0,0.0,0.0,0.0,0.0,0.0,0.0,0.0,0.0,0.0,0.0,0.0,0.0,0.0,0.0,0.0,0.0,0.0,0.0,0.0,0.1,0.0,0.0,0.0,0.0,0.0,0.1,0.0,0.0,0.0,0.1,0.0,0.0,0.0,0.0,0.0,0.0,0.0,0.0,0.0,0.0,0.0,0.2,0.0,0.0,0.0,0.0,0.0,0.0,0.0,0.0,0.0,0.0,0.0,0.0,0.0,0.0,0.0,0.0,0.0,0.0,0.0,0.0,0.0,0.0,0.0,0.0,0.0,0.0,0.0,0.0,0.0,0.0,0.0,0.0,0.0,0.0,0.0,0.0,0.0,0.0,0.0,0.1,0.0,0.0,0.0,0.1,0.0,0.1,0.0,0.0,0.0,0.1,0.0,0.0,0.0,0.0,0.0,0.0,0.2,0.1,0.0,0.1,0.1,0.0,0.0,0.6,0.0,0.4,0.0,0.2,0.1,0.3,0.0,0.3,0.0,0.4,0.1,4.9,0.5,1.0,0.4,0.4,0.0,0.3,0.1,1.0,0.4,0.7,0.4,0.8,0.3,0.9,0.0,1.0,0.0,0.4,0.3,0.4,0.0,0.0,0.0,0.0,0.0,0.0,0.0,0.0,0.0,0.0,0.0,0.0,0.0,0.0,0.0,0.0,0.0,0.0,0.0,0.0,0.0,0.0,0.0,0.0,0.0,0.0,0.0,0.0,0.0,0.0,0.0,0.0,0.0,0.0,0.0,0.0,0.0,0.0,0.0,0.0,0.0,0.0,0.0,0.0,0.0,0.0,0.0,0.0,0.0,0.0,0.0,0.0,0.2,0.0,0.0,0.0,0.0,0.0,0.0,0.0,0.0,0.0,0.0,0.0,0.0,0.0,0.0,0.0,0.0,0.0,0.0,0.0,0.0,0.0,0.8,0.0,0.2,0.5,0.0,0.0,0.0,0.0,0.0,0.0,0.0,0.0,0.0,0.0,0.0,0.0,0.0,0.0,0.0,0.0,0.0,0.0,0.1,0.0,0.0,0.0,0.0,0.0,0.0,0.0,0.0,0.0,0.0,0.0,0.0,0.0,0.0,0.0,0.0,0.0,0.0,0.0,0.0,0.0,0.0,0.0,0.0,0.0,0.0,0.0,0.0,0.0,0.0,0.0,0.0,0.0,0.0,0.0,0.0,0.0,0.0,0.0,0.0,0.0,0.0,0.0,0.0,0.0,0.0,0.0,0.0,0.0,0.0,0.0,0.0,0.0
159774_POS_SU,pos,Level 2,DG(18:0/18:1/0:0),Natural,Fatty acid / lipid,26.0,0.0,0.0,0.0,0.0,0.0,0.0,0.0,0.0,0.0,0.1,0.0,0.0,0.0,0.0,0.0,0.0,0.0,0.0,0.0,0.0,0.0,0.0,0.0,0.0,0.0,0.0,0.0,0.0,0.0,0.0,0.0,0.0,0.0,0.0,0.0,0.0,0.0,0.0,0.0,0.0,0.0,0.0,0.0,0.0,0.0,0.0,0.0,0.0,0.0,0.0,0.7,0.0,2.6,0.0,0.7,0.5,0.2,0.0,0.1,0.0,1.4,0.0,0.0,0.1,7.1,0.0,0.2,0.0,0.3,0.0,0.0,1.6,0.0,0.0,0.0,0.0,0.0,0.0,0.3,0.0,0.0,0.2,12.1,0.0,0.0,0.0,0.0,4.2,0.0,0.0,0.0,0.4,0.1,0.0,0.4,0.0,0.0,0.0,1.0,0.1,1.2,0.8,0.0,0.0,0.0,0.4,0.0,0.0,0.0,0.1,0.0,0.7,3.0,0.5,0.0,0.5,0.0,0.0,0.8,0.0,0.0,0.0,0.6,0.0,0.0,0.1,0.0,0.0,0.0,0.0,1.7,0.0,0.8,0.0,0.4,0.0,1.4,0.0,0.0,0.5,0.0,0.0,0.0,0.0,3.4,0.1,0.5,0.0,0.7,0.0,1.0,0.2,0.0,0.0,0.0,0.0,0.0,0.0,0.0,0.0,0.0,0.0,0.0,0.0,0.0,0.0,0.0,0.0,0.0,0.0,2.7,0.0,0.1,0.0,0.9,0.0,0.7,0.0,0.0,0.0,0.0,0.0,0.0,0.1,0.3,0.0,0.5,0.0,0.3,0.0,12.4,0.0,0.0,0.0,0.1,0.7,0.3,0.0,0.1,0.0,0.0,0.5,0.3,0.2,1.9,0.0,0.0,0.0,0.0,0.0,0.0,0.0,0.0,0.0,0.0,0.0,7.5,0.1,0.0,0.0,0.2,0.0,0.0,0.0,0.1,0.0,0.0,0.0,0.0,1.9,0.5,0.0,0.0,0.1,4.8,2.2,0.1,0.0,0.1,0.2,0.8,0.0,0.0,0.0,2.3,0.0,0.8,0.0,0.2,0.0,0.0,0.0,0.0,0.0,1.2,0.0,0.0,0.0,0.0,0.0,0.0,0.0,0.4,0.0,1.0,1.0,1.9,0.0,0.0,1.0,0.0,0.1,0.3,0.0,0.0,0.0,0.0,0.0,1.2,0.0,0.3,0.0,0.0,0.0,0.0,0.0,0.0,0.0,1.4,0.0,1.4,0.0,0.0,1.9,0.0,0.0,0.0,0.0,1.9,0.4,0.0,0.0,0.1,0.0,0.0,0.0,0.1,0.0,0.0,0.0,0.3,0.0,0.0,0.1,0.0,0.0,0.0,0.0,0.0,0.0,0.0,0.0,0.0,0.0,0.5,0.0,0.0,0.0,0.0,1.4,0.0,0.0,1.1,0.0,0.1,0.0,0.0,1.6,0.0,0.0,0.0,0.0,0.0,0.6,0.2,0.0,0.0,0.0,0.0,1.2,0.0,0.2,0.0,0.2,0.0,0.0,0.1,0.0,0.0,0.0,0.0,0.0,0.0,0.0,0.1,0.0,0.0,0.0,0.0,0.0,0.0,0.0,0.0,0.0,0.0,4.6,0.0,0.0,0.0,0.0,0.0,0.0,0.0,0.0,0.0,0.0,0.0,0.0,0.0,0.0,0.0,0.0,0.0,0.0,0.0,0.0,0.0,0.0,0.0,0.0,0.0,0.0,0.0,0.0,0.0,0.0,0.0,0.0,0.0,0.0,0.0,0.0,0.0,0.0,0.0,0.0,0.0,0.0,0.0,0.0
161002_POS_SU,pos,Level 2,TG(10:0/12:0/14:0),Natural,Fatty acid / lipid,30.2,0.9,0.0,5.1,0.0,0.0,0.0,0.0,0.0,0.0,0.0,0.0,1.9,0.0,0.0,0.0,0.0,0.0,0.0,0.0,0.0,0.0,3.9,2.8,0.0,0.0,0.0,0.0,0.0,3.0,0.0,0.0,0.0,0.0,0.0,0.0,0.0,0.0,0.0,0.0,0.0,0.0,0.0,0.0,0.0,0.0,0.0,0.0,0.0,0.0,0.0,2.0,0.0,3.0,0.0,9.3,0.7,3.3,1.2,0.0,16.3,4.7,0.0,0.3,0.5,2.7,0.0,0.0,0.0,0.0,0.1,4.4,0.9,0.0,0.0,17.2,1.2,0.0,0.6,0.2,0.0,0.0,0.6,16.3,0.6,0.0,0.0,0.0,1.2,0.0,0.0,4.0,6.5,0.0,0.9,0.8,0.4,0.3,0.0,0.3,0.0,1.1,1.5,0.3,0.0,0.0,0.0,1.0,0.3,0.1,0.0,0.0,1.4,7.7,0.0,0.0,1.0,0.0,0.0,11.9,0.0,0.0,0.0,0.7,0.0,0.0,0.0,0.0,0.0,0.2,0.0,2.8,0.0,1.9,0.0,0.3,0.0,18.1,0.0,0.0,6.9,0.0,0.0,0.0,0.0,5.3,0.0,4.5,0.0,0.9,0.0,37.2,0.5,0.0,0.0,0.0,0.6,0.0,2.9,0.0,0.0,0.0,0.0,2.5,0.9,6.8,0.0,0.0,3.3,1.5,0.0,447.7,5.0,0.2,4.4,8.4,0.0,2.2,0.0,0.0,2.2,0.0,0.0,12.0,0.0,2.3,1.4,3.9,0.0,0.0,2.7,11.5,0.0,0.0,0.0,0.8,0.3,2.7,2.0,2.6,0.0,0.0,0.1,0.0,10.1,10.2,0.0,0.0,0.0,0.0,0.0,0.0,0.0,0.0,0.0,1.4,0.0,0.0,0.0,0.0,0.0,0.0,0.0,0.0,0.0,0.0,0.0,0.7,0.0,0.0,1.0,0.9,0.0,0.0,0.0,0.0,2.0,0.0,1.0,0.0,0.0,0.4,0.0,0.0,0.0,0.0,0.0,1.2,0.0,0.1,0.0,0.0,0.0,0.0,0.0,0.0,1.5,0.0,0.0,0.0,0.0,0.0,0.0,0.0,0.8,0.0,0.0,0.4,0.0,0.0,0.4,0.0,0.0,0.0,0.0,0.0,0.0,0.0,0.0,2.0,0.0,2.4,0.0,0.0,0.0,21.1,1.3,0.0,0.0,3.7,0.0,1.0,0.0,0.0,0.0,0.0,0.0,0.0,0.0,4.4,0.0,0.0,0.0,0.0,0.0,0.0,0.0,0.0,0.0,0.0,0.0,0.0,0.0,0.0,0.0,0.0,0.0,0.0,0.0,0.0,0.0,0.0,0.3,0.0,0.0,0.5,0.0,0.0,0.0,0.0,1.0,0.0,0.0,2.1,0.9,0.0,0.0,0.0,6.3,0.0,0.0,0.0,0.4,0.0,0.0,2.0,0.0,0.0,0.0,0.0,0.5,0.0,0.0,0.0,0.3,22.7,0.0,9.6,0.4,0.0,0.0,0.0,0.0,0.0,0.0,1.5,0.0,0.0,0.1,0.0,0.0,0.0,0.7,0.0,0.0,0.0,1.8,0.5,0.0,0.1,0.0,0.0,0.0,0.0,0.0,0.0,0.0,0.0,0.0,0.1,0.0,0.0,0.0,0.0,0.0,0.0,0.8,0.0,0.0,0.0,0.0,2.3,0.0,0.0,0.0,0.0,0.0,0.0,0.0,0.0,0.0,0.0,0.0,0.0,0.0,0.0,0.0,0.0,0.0,0.0,0.0
163684_POS_SU,pos,Level 2,GalCer(d18:2/16:1),Natural,Fatty acid / lipid,55.2,0.3,10.7,0.0,0.3,1.5,8.7,0.0,16.1,0.0,0.9,0.0,0.0,8.8,7.0,0.0,0.8,0.0,0.0,0.0,2.3,0.0,0.0,0.0,1.3,0.0,1.0,0.0,4.5,0.0,0.0,2.8,6.1,0.2,11.7,0.0,9.7,0.1,10.8,0.0,2.6,0.0,6.7,0.0,8.3,1.1,9.3,0.0,20.4,0.6,25.5,0.0,4.3,0.0,2.3,0.0,0.7,0.0,34.5,0.0,19.8,0.0,1.3,0.0,2.9,0.0,1.0,0.0,0.7,0.0,1.5,5.4,1.5,0.0,0.0,0.0,0.0,0.0,0.0,0.0,0.0,0.0,0.0,0.0,0.0,0.0,0.0,0.0,0.0,0.0,0.6,0.0,0.0,0.0,0.0,0.0,0.7,0.0,0.3,0.0,0.1,0.0,0.9,0.2,1.4,0.0,0.0,5.3,0.3,0.0,0.3,0.0,0.6,0.7,1.1,0.0,0.1,0.0,0.2,0.0,2.1,0.0,4.0,0.0,1.0,0.0,1.3,0.2,1.0,0.0,2.0,0.0,0.8,0.0,0.0,0.0,0.4,0.0,0.5,0.0,11.7,0.0,0.3,0.0,1.7,0.0,3.2,5.9,1.4,0.2,0.0,0.0,15.1,0.0,0.3,0.0,0.0,0.0,2.5,0.1,4.0,0.0,0.4,0.6,7.3,0.4,1.3,0.0,11.1,0.0,0.0,0.0,2.6,0.1,5.1,0.0,1.6,0.0,4.0,0.0,12.8,0.4,3.5,0.0,19.2,0.0,2.0,0.0,5.9,0.1,12.1,0.3,18.2,0.0,0.0,0.0,14.8,0.0,2.1,0.7,1.7,1.1,0.4,0.0,0.0,0.0,0.0,0.0,0.0,0.0,0.0,0.1,1.7,0.0,3.5,2.1,2.6,0.0,0.8,0.0,3.3,1.1,0.5,0.5,6.1,0.0,0.9,0.0,3.5,0.0,1.4,1.7,4.6,0.0,4.0,4.0,0.1,1.2,30.6,2.7,5.4,0.0,28.2,0.9,3.0,0.1,19.0,0.4,18.5,2.0,13.8,6.1,29.7,7.8,57.7,1.5,20.0,0.8,36.0,5.4,29.4,3.6,22.8,3.1,52.7,16.9,15.3,0.0,2.3,0.4,50.4,0.0,0.0,0.0,0.0,0.0,1.4,0.0,0.0,0.0,0.0,0.0,0.2,0.0,0.1,3.1,0.8,0.0,0.0,0.0,0.2,0.0,0.4,0.0,0.0,0.0,0.4,0.0,0.0,0.0,0.0,0.0,0.1,0.0,0.0,0.0,0.0,0.0,1.4,0.0,0.1,0.0,0.0,0.0,0.0,1.1,0.0,0.0,0.0,0.0,0.0,75.6,16.8,3.4,0.0,0.7,0.0,16.6,1.7,1.6,0.6,2.6,0.9,1.5,1.1,25.0,2.8,11.9,0.0,20.1,0.0,10.3,0.0,21.3,0.0,1.6,0.0,0.0,0.3,3.7,1.0,2.1,0.4,32.5,1.4,37.7,0.4,3.1,0.0,12.9,6.3,18.4,0.0,0.4,0.6,0.5,0.0,2.1,0.0,2.2,0.0,0.0,0.0,0.5,0.9,0.0,0.8,0.0,0.4,0.0,0.8,0.0,0.1,2.1,0.6,0.0,1.1,0.0,0.3,0.0,0.7,0.2,0.1,0.0,2.0,0.0,3.1,1.9,0.0,0.0,0.5,0.0,1.6,0.1,0.7,0.0,0.0,0.0,0.9,0.1,0.3,0.1,1.1,0.0,0.8,0.0,0.0,0.0,0.7,0.0,0.0
166634_POS_SU,pos,Level 2,"3-[4,5-dihydroxy-6-(hydroxymethyl)-3-[(2S,3R,4R,5R,6S)-3,4,5-trihydroxy-6-methyloxan-2-yl]oxyoxan-2-yl]oxy-5-hydroxy-2-(4-hydroxyphenyl)-7-[3,4,5-trihydroxy-6-(hydroxymethyl)oxan-2-yl]oxychromen-4-one",Natural,"Natural product – plant/fungal metabolites, terpenes, flavonoids, alkaloids, etc.",6.7,0.0,0.0,0.0,0.0,0.0,0.0,0.0,0.0,0.0,0.0,0.0,0.0,0.0,0.0,0.0,0.0,0.0,0.0,0.0,0.0,0.0,0.0,0.0,0.0,0.0,0.0,0.0,0.0,0.0,0.0,0.0,0.0,0.0,0.0,0.0,0.0,0.0,0.0,0.0,0.0,0.0,4.0,0.0,0.0,0.7,2.3,0.0,0.0,0.2,0.0,0.0,0.0,0.0,0.4,0.0,0.0,0.0,0.0,0.0,0.0,0.0,0.0,0.0,0.0,0.0,0.0,0.0,0.0,0.0,0.0,0.0,0.0,0.0,0.0,0.0,0.1,0.0,0.0,0.0,0.0,0.0,0.0,0.0,0.0,0.0,0.0,0.0,0.0,0.0,0.0,0.0,0.0,0.0,0.0,0.0,0.0,0.0,0.0,0.0,0.0,0.0,0.0,0.0,0.0,0.0,0.0,0.0,0.0,0.0,0.0,0.0,0.0,0.0,0.0,0.0,0.0,0.0,0.0,0.0,0.0,0.0,0.0,0.0,0.0,0.0,0.0,0.0,0.0,0.0,0.0,0.0,0.0,0.0,0.0,0.0,0.0,0.0,0.0,0.0,0.0,0.0,0.0,0.0,0.0,0.0,0.0,0.0,0.0,0.0,0.0,0.0,0.1,0.0,0.0,0.0,0.0,0.0,0.0,0.0,0.0,0.0,0.0,0.0,0.0,0.0,0.0,0.0,0.0,0.0,0.0,0.0,0.0,0.0,0.0,0.0,0.0,0.0,0.0,0.0,0.0,0.0,0.0,0.0,0.0,0.0,0.0,0.0,0.0,0.0,0.0,0.0,0.0,0.0,0.0,0.0,0.0,0.0,0.0,0.0,0.0,0.0,0.0,0.0,0.0,0.0,0.0,0.0,0.0,0.0,0.0,0.0,0.0,0.0,0.1,0.0,0.0,0.0,0.2,0.0,0.2,0.0,0.1,0.1,0.0,0.0,0.0,0.0,0.0,0.0,0.0,0.0,2.8,0.0,0.0,1.3,0.0,0.1,0.0,0.0,0.1,0.0,0.4,0.0,0.5,0.0,0.0,0.0,0.5,0.0,0.8,0.0,0.4,0.0,0.0,0.0,0.0,0.0,0.0,0.1,0.3,0.0,0.0,0.0,0.3,0.0,0.4,0.0,0.1,0.0,0.1,0.0,0.0,0.0,0.0,0.0,0.0,0.0,0.0,0.0,0.0,0.0,0.0,0.0,0.0,0.0,0.0,0.0,0.0,0.0,0.0,0.0,0.0,0.0,0.0,0.0,0.0,0.0,0.0,0.0,0.0,0.0,0.0,0.0,0.0,0.0,0.0,0.0,0.0,0.0,0.0,0.0,0.0,0.0,0.0,0.0,0.0,0.0,0.0,0.0,0.0,0.0,0.0,0.0,0.0,0.0,0.0,0.0,0.0,0.0,0.0,0.0,0.0,0.0,0.0,0.0,0.0,0.0,0.0,0.0,0.0,0.0,0.0,0.0,0.0,0.1,0.0,0.0,0.0,0.0,0.0,0.0,0.0,0.0,0.0,0.0,0.0,0.0,0.0,0.0,0.0,0.0,0.0,0.0,0.0,0.0,0.0,0.0,0.0,0.0,0.0,0.0,0.0,0.0,0.0,0.0,0.0,0.0,0.0,0.0,0.0,0.0,0.0,0.0,0.0,0.0,0.0,0.0,0.0,0.0,0.0,0.0,0.0,0.0,0.0,0.0,0.0,0.0,0.0,0.0,0.0,0.0,0.0,0.0,0.0,0.0,0.0,0.0,0.0,0.0,0.0,0.0,0.0,0.0,0.0,0.0,0.0,0.0,0.0,0.0,0.0
166846_POS_SU,pos,Level 2,1-Hexadecanoyl-2-(9Z-octadecenoyl)-sn-glycero-3-phosphocholine,Natural,Fatty acid / lipid,28.1,0.0,0.6,0.9,0.0,1.1,2.9,0.0,0.6,0.0,0.0,0.0,0.0,12.1,0.9,0.0,0.2,0.0,0.1,0.0,0.0,0.0,1.1,0.0,0.0,0.0,0.0,1.6,0.0,0.0,0.0,0.0,0.7,0.0,0.0,0.0,0.0,0.3,0.0,0.0,0.0,0.0,0.0,0.0,0.0,0.0,0.0,0.0,0.0,0.0,3.0,1.3,0.0,2.5,0.0,0.0,0.1,0.0,1.3,0.0,0.2,1.7,0.0,0.0,0.0,0.4,0.0,0.2,0.0,0.0,0.0,0.2,0.4,0.0,0.0,0.0,0.0,0.0,0.3,0.2,0.0,0.0,0.0,12.8,0.1,0.0,0.0,0.0,0.2,0.0,0.0,1.1,0.0,0.0,0.6,0.0,0.0,0.1,0.0,0.0,0.0,1.7,0.0,0.0,0.0,0.0,0.0,23.8,0.0,1.1,0.0,0.0,0.0,9.7,0.0,0.9,0.0,0.0,0.0,0.2,0.0,0.0,0.3,0.0,0.0,0.0,0.0,0.0,0.0,0.0,0.0,0.0,0.0,0.0,0.0,0.8,0.0,0.2,0.0,0.0,0.1,0.0,0.0,0.0,0.0,0.0,0.0,2.6,0.0,0.0,0.0,0.0,0.3,0.0,0.0,0.0,0.1,0.0,0.0,0.0,0.0,0.1,0.0,0.1,0.7,0.1,0.0,0.0,0.4,0.0,0.0,0.0,0.0,0.0,0.1,4.1,0.0,0.0,0.0,0.0,0.0,1.2,0.2,15.1,0.8,0.0,0.2,0.0,0.0,0.8,1.3,0.0,0.6,0.0,0.0,0.0,0.7,0.1,0.0,2.9,0.0,0.0,0.2,0.0,0.0,10.9,0.0,0.0,0.0,0.0,0.0,0.0,0.0,0.0,0.0,0.0,0.0,0.0,0.0,0.0,0.0,0.0,0.0,0.0,0.0,0.0,0.0,0.0,0.0,0.0,0.0,0.4,0.0,0.0,0.0,0.0,1.1,0.0,1.3,0.0,0.8,0.0,0.1,0.0,0.0,0.0,0.0,0.0,18.1,0.0,1.7,0.0,1.7,0.0,6.2,0.0,1.5,0.0,2.0,0.3,6.3,0.0,3.7,0.0,0.0,0.0,5.3,0.0,0.0,0.0,0.9,0.6,0.7,0.5,0.0,0.0,0.0,0.4,0.0,0.0,0.0,0.0,0.0,0.0,0.0,0.3,3.3,0.0,0.0,0.8,0.0,0.0,0.0,0.0,2.5,0.0,0.0,0.0,0.0,0.0,0.0,0.0,0.7,0.2,0.0,0.0,0.0,0.0,0.0,2.5,0.0,0.0,0.0,2.5,0.0,1.2,0.1,0.0,0.0,0.0,0.0,17.1,0.6,0.0,0.0,0.1,0.0,0.0,0.5,0.0,0.2,0.0,0.2,0.0,1.0,0.0,2.7,0.0,0.0,1.7,0.0,0.2,1.1,0.7,0.0,0.0,0.0,0.0,0.0,0.0,0.0,0.0,0.0,1.6,0.0,0.6,0.0,0.1,0.0,0.3,0.1,1.4,0.0,0.0,0.0,0.0,0.0,0.0,0.0,0.0,0.0,0.0,2.2,0.0,0.0,0.0,0.0,4.9,0.0,0.0,0.0,0.0,0.0,0.0,0.0,0.0,0.0,0.0,0.0,0.0,0.0,0.0,0.0,0.0,0.1,0.0,0.0,0.2,0.0,0.0,0.0,0.0,0.0,0.0,0.0,0.0,0.0,0.0,0.0,0.0,0.0,0.0,0.0,0.0,0.0,0.0,2.3,0.0,0.0,0.0,0.0
167744_POS_SU,pos,Level 2,"1,2-Dilinoleoyl-sn-glycero-3-phosphocholine",Natural,Fatty acid / lipid,58.6,0.8,0.0,0.0,1.9,0.0,0.0,0.0,2.0,0.0,0.7,0.0,1.7,12.9,0.0,0.0,0.0,0.0,0.0,0.0,0.0,0.0,0.0,0.0,0.1,0.0,0.6,0.0,1.0,0.0,0.0,0.0,18.0,3.1,5.2,0.2,0.4,0.0,1.7,0.0,3.1,0.0,3.0,0.0,12.2,0.0,24.5,0.0,72.4,0.2,72.2,2.0,2.8,0.9,1.5,0.0,2.0,0.0,4.0,0.0,13.2,0.0,0.0,0.0,1.7,0.0,1.1,0.0,1.2,0.0,3.1,0.0,2.5,0.0,0.0,0.2,1.6,0.0,0.0,0.2,0.8,0.0,1.2,9.8,0.0,0.0,0.0,0.0,4.6,0.4,1.9,0.0,2.7,1.2,0.4,0.5,0.5,0.0,0.2,0.0,0.4,0.0,2.6,0.2,1.3,0.0,1.0,20.7,1.6,0.0,0.5,0.2,5.7,26.9,1.0,0.0,3.9,0.1,1.2,0.8,3.1,0.2,3.2,0.6,1.0,0.0,2.3,0.0,1.8,0.0,14.9,0.0,1.1,0.1,0.8,0.0,0.3,0.1,0.0,0.0,1.9,0.1,0.5,0.0,1.1,0.0,0.8,3.5,0.4,0.2,0.0,0.0,16.9,0.0,0.0,0.0,0.0,0.0,4.0,0.0,5.4,0.0,3.8,0.0,20.4,0.0,2.9,0.0,4.2,0.0,0.3,0.0,4.2,0.0,7.9,3.0,5.3,0.0,9.6,0.0,7.9,0.1,0.5,0.0,20.8,0.1,1.0,0.0,22.5,2.9,64.5,0.2,29.2,0.0,0.0,0.0,25.4,1.0,2.9,1.5,2.4,0.7,0.1,0.3,0.0,0.0,0.0,0.0,0.0,0.0,0.0,5.3,3.2,0.0,1.2,0.4,2.3,0.0,1.3,0.0,1.7,0.0,0.3,0.0,1.3,0.0,0.6,0.0,2.8,0.0,2.3,3.6,2.0,0.0,1.2,1.7,0.8,0.8,23.2,0.4,8.3,0.1,92.3,0.3,2.5,0.8,12.6,0.3,99.2,4.7,48.6,10.3,40.6,3.6,246.4,7.0,95.8,0.8,443.9,8.1,112.9,4.0,179.7,9.9,329.0,8.4,122.8,1.0,9.1,0.4,44.8,0.0,0.1,0.0,0.6,0.0,0.0,0.1,0.0,0.0,0.0,0.0,1.3,0.0,0.3,1.5,4.1,0.0,0.0,0.0,0.3,0.0,0.9,0.0,0.0,0.0,1.9,0.0,0.0,0.0,4.1,0.0,0.0,0.0,0.4,0.0,0.0,0.0,0.8,0.0,0.0,0.0,0.1,0.0,0.2,0.0,0.0,0.0,0.0,0.0,0.2,50.7,0.0,2.7,0.7,2.5,0.2,4.3,0.1,0.0,0.0,2.4,0.0,9.6,7.3,3.1,0.1,6.1,1.0,14.4,0.0,4.4,0.0,5.2,0.0,3.8,0.0,0.3,0.0,1.5,0.0,1.1,0.3,0.0,0.7,20.0,0.2,2.4,0.0,5.7,0.0,1.5,0.0,0.0,0.1,2.1,0.0,1.9,0.0,1.2,0.1,0.0,0.0,0.0,1.9,0.0,3.4,0.0,1.3,0.0,0.7,0.0,0.5,0.0,1.3,0.0,1.3,0.0,1.2,0.0,3.3,0.0,0.4,0.0,5.6,0.2,8.1,3.4,0.0,0.0,1.9,0.7,4.5,0.1,9.8,0.0,0.7,0.1,3.4,0.0,7.2,0.1,3.8,0.0,2.0,0.0,0.0,0.0,2.4,0.0,0.1
168674_POS_SU,pos,Level 1,Hydroquinone,Both,Redox / antioxidant,18.3,0.0,0.0,8.3,0.0,0.0,0.0,0.0,2.7,0.0,0.0,0.0,0.0,0.0,0.0,0.0,0.0,0.0,0.0,0.0,0.0,0.0,3.1,0.0,0.0,0.0,0.0,2.5,0.0,0.0,0.0,0.0,0.0,0.0,0.0,0.0,0.1,0.0,0.0,0.7,0.0,0.0,0.0,0.0,0.0,0.7,0.0,0.0,0.2,0.0,0.0,0.0,0.0,2.4,0.0,0.0,0.3,0.4,1.4,0.0,1.0,0.9,0.0,0.2,0.0,0.4,0.0,40.4,0.0,0.0,0.0,0.0,0.0,0.0,0.0,0.0,0.0,0.0,0.3,0.0,0.0,0.0,0.0,10.6,42.2,0.0,0.0,0.0,0.0,330.4,0.0,1.7,0.0,0.0,1.4,0.0,0.0,0.0,0.0,0.0,0.0,1.0,0.0,0.1,2.4,0.0,0.0,0.0,0.9,0.0,0.0,0.0,0.0,0.0,0.0,4.1,0.0,0.0,0.1,0.0,0.0,0.0,2.2,0.0,0.0,0.0,0.0,2.1,0.0,0.0,0.0,0.0,0.0,0.6,0.0,1.2,0.0,0.0,0.0,0.0,0.1,0.0,0.0,0.0,0.0,0.0,0.0,1.1,0.0,0.0,0.0,0.3,0.0,0.3,0.0,0.0,0.0,0.0,0.0,0.0,0.0,0.0,0.0,0.0,0.2,0.0,0.0,0.0,0.0,0.0,0.0,0.0,0.0,2.7,0.0,0.0,0.0,0.0,0.0,0.4,0.0,2.0,0.0,0.0,0.0,0.0,0.0,0.0,0.0,1.5,0.0,0.0,4.2,0.0,0.0,0.0,0.0,0.0,0.0,0.0,0.0,0.0,0.0,0.0,2.6,4.8,0.0,0.0,0.0,0.0,0.0,0.0,0.0,0.0,0.0,0.0,0.0,0.0,0.0,3.1,0.0,0.0,0.0,0.0,0.0,0.0,0.0,0.0,0.0,0.0,0.0,0.0,0.0,0.0,0.0,1.8,0.0,0.0,1.7,0.0,0.0,0.0,0.0,0.1,0.0,0.0,0.0,2.1,0.0,13.5,0.0,0.0,0.0,0.0,0.0,0.0,0.0,0.0,0.0,0.0,0.0,0.0,0.0,0.0,0.0,0.0,0.0,0.0,0.0,2.2,1.0,0.0,0.0,0.0,0.0,0.0,0.0,0.0,0.0,0.0,0.0,0.2,0.0,0.0,0.0,0.6,0.0,0.0,0.0,0.0,0.0,0.0,0.0,0.0,0.0,0.0,0.0,0.3,0.0,0.0,0.0,2.5,7.0,0.0,0.0,0.0,0.0,0.0,0.0,0.1,0.0,0.0,0.1,0.5,0.0,0.0,0.0,0.0,0.0,0.0,0.0,0.0,0.7,0.0,0.0,0.0,0.0,6.1,0.0,0.0,0.0,0.0,3.1,0.0,0.0,0.5,0.9,0.0,0.0,0.0,0.6,0.0,0.0,0.0,0.0,0.0,6.5,0.3,0.0,0.0,0.0,0.0,0.0,1.3,0.0,0.0,0.0,0.0,0.0,0.0,0.0,0.0,0.0,0.0,0.0,0.0,0.0,0.0,0.0,0.0,8.5,0.0,149.3,1.9,0.0,0.0,0.0,11.5,2.5,0.0,0.0,0.0,0.0,0.2,0.0,0.0,0.0,0.0,0.0,0.0,0.0,0.0,0.0,0.0,0.0,0.0,0.0,2.2,0.0,0.0,0.0,0.0,0.0,0.0,0.0,0.0,0.0,0.0,0.0,0.0,0.0,0.0,0.0,0.0,0.0,0.0,0.0,0.0,0.0,0.0,0.0
168736_POS_SU,pos,Level 1,Quinoline,Natural,"Natural product – plant/fungal metabolites, terpenes, flavonoids, alkaloids, etc.",28.8,0.1,0.0,0.0,0.3,0.0,0.0,0.0,0.0,0.0,0.0,0.0,2.1,0.0,0.0,0.0,0.0,0.0,1.9,0.0,0.0,0.0,0.0,0.0,0.0,0.0,0.0,1.4,0.1,0.0,0.0,0.0,0.0,0.8,0.3,0.2,0.2,0.0,0.3,0.0,0.0,0.0,0.2,0.0,0.0,0.0,0.0,0.0,0.0,0.0,0.0,0.0,0.1,1.7,0.1,0.1,0.6,0.1,5.0,0.0,6.2,1.2,0.0,0.2,0.2,0.0,0.0,0.1,1.3,0.0,0.0,9.6,0.0,0.1,0.1,0.0,0.0,0.4,0.7,0.1,0.0,0.0,0.0,8.2,0.2,8.3,0.0,0.0,0.0,2.4,60.4,1.1,0.0,0.0,0.0,1.6,0.2,0.0,0.1,0.0,0.1,0.0,0.0,0.0,0.0,0.3,0.0,0.0,0.0,5.4,0.0,0.0,0.0,0.3,0.0,0.0,0.0,0.3,0.0,4.2,0.0,0.0,0.1,0.0,0.0,0.0,0.0,0.4,0.5,0.0,0.0,0.0,0.1,0.1,0.0,0.0,0.2,0.0,0.0,0.6,0.3,0.0,0.0,0.0,0.1,0.0,0.0,0.2,0.5,0.0,0.0,0.5,0.0,0.0,0.1,0.0,0.0,0.0,0.0,0.0,0.0,0.1,0.0,0.0,2.8,0.0,0.0,0.0,0.0,0.0,0.0,0.0,0.0,0.1,9.4,0.0,0.0,0.0,0.0,0.0,1.5,1.3,0.6,0.0,0.1,0.0,0.0,0.0,0.0,0.0,0.3,0.0,0.1,4.2,0.0,0.0,0.0,0.2,0.0,0.0,0.0,0.0,0.0,0.0,0.0,0.0,0.0,0.0,0.0,0.0,0.0,0.0,0.0,0.0,0.0,0.0,0.0,0.0,0.0,0.0,2.4,0.0,0.0,0.0,0.0,0.0,0.0,0.0,0.1,0.0,0.0,0.0,0.2,0.0,0.1,0.0,0.0,0.0,0.0,0.1,0.0,0.0,0.9,0.0,1.3,0.0,0.0,0.0,0.3,0.1,1.3,0.0,0.0,0.0,0.0,0.1,0.0,0.0,0.0,0.0,0.0,0.0,0.0,0.0,0.0,0.0,0.0,0.0,0.0,0.0,22.1,0.0,0.0,0.2,0.0,0.0,0.1,0.0,0.0,0.0,0.0,0.0,0.2,0.0,0.3,0.0,0.0,0.0,0.0,0.0,0.0,3.2,0.0,0.0,0.7,0.0,0.0,0.1,0.3,0.0,0.0,0.1,2.5,4.2,0.0,0.0,0.0,0.0,0.0,0.0,0.0,0.0,0.0,2.8,0.0,0.5,0.0,0.0,0.0,0.0,0.0,0.0,1.2,0.0,0.0,0.0,0.0,0.0,32.0,0.0,0.0,0.0,0.0,0.0,1.3,0.0,2.5,0.0,0.0,0.0,0.0,0.0,1.1,0.0,0.0,0.0,0.0,0.2,0.1,0.0,0.0,0.0,0.0,0.0,0.0,0.8,0.0,0.0,0.0,0.0,0.6,0.4,0.0,0.2,0.0,0.0,0.0,0.0,0.0,0.0,0.0,0.0,1.1,12.4,0.1,0.0,0.0,0.8,0.0,0.4,0.0,0.0,0.0,0.0,0.0,0.0,0.0,0.0,0.0,0.0,0.0,0.0,0.0,0.1,0.2,0.0,0.0,0.1,1.0,0.0,0.0,0.0,0.1,0.0,0.0,0.0,0.1,0.0,0.0,0.0,0.0,0.0,0.0,0.0,0.0,0.0,0.4,0.0,0.0,0.1,0.1
54144_POS_SU,pos,Level 1,Caffeine,Natural,"Natural product – plant/fungal metabolites, terpenes, flavonoids, alkaloids, etc.",24.3,0.0,19.0,0.0,58.6,0.0,52.2,10.3,13.9,0.0,0.0,0.0,0.0,20.9,55.6,34.7,17.5,0.0,39.9,9.7,11.0,0.0,90.1,2.9,20.8,0.0,0.0,18.5,0.0,0.0,46.2,0.0,43.0,5.6,66.2,0.0,0.0,0.0,9.6,0.0,0.0,17.0,0.0,0.0,0.0,0.0,0.0,0.0,0.4,0.0,47.8,0.0,0.0,0.0,0.0,0.0,0.0,20.8,0.0,8.8,14.0,0.0,47.8,0.0,0.0,0.0,0.0,0.0,18.6,19.3,0.0,0.0,37.0,115.0,32.2,63.2,0.0,0.0,0.0,143.8,0.0,0.0,0.0,0.0,0.0,0.0,0.0,35.7,0.0,0.0,0.0,0.0,0.0,69.9,0.0,77.0,0.0,0.0,0.0,0.0,0.0,0.0,0.0,75.4,0.0,0.0,0.0,0.0,0.0,20.3,0.0,1.4,0.0,0.0,0.0,0.0,0.0,9.3,0.0,0.0,0.0,0.0,0.0,0.0,0.0,0.0,0.0,0.0,0.0,24.7,0.0,0.0,0.0,24.7,0.0,0.0,0.0,0.0,0.0,0.0,0.0,0.0,0.0,0.0,0.0,0.0,0.0,0.0,0.0,0.0,0.0,12.8,58.2,71.1,12.6,0.0,110.3,50.5,43.1,0.0,0.0,0.0,42.1,0.0,1.1,0.0,7.1,0.7,19.1,0.0,0.0,18.5,11.4,0.0,0.0,0.0,11.7,12.5,0.0,0.0,64.7,1.8,26.5,7.6,37.7,0.0,0.0,0.0,29.2,0.0,0.0,0.0,78.7,0.0,0.0,0.0,7.1,0.0,33.5,5.4,0.0,0.0,0.0,0.0,0.0,0.0,0.0,0.0,0.0,0.0,0.0,0.0,0.0,31.4,0.0,0.0,1.1,0.0,0.0,17.4,0.0,0.0,0.0,0.0,0.0,0.0,0.0,0.0,0.0,0.0,72.6,0.0,0.0,0.0,25.6,9.6,0.0,0.0,11.6,0.6,0.0,0.0,0.0,0.0,0.0,0.0,6.6,0.0,0.0,5.7,0.0,0.0,0.0,0.0,0.0,69.1,6.3,0.0,0.0,0.0,0.0,0.0,0.0,0.0,4.1,0.0,9.1,53.3,0.0,0.0,0.0,40.5,0.0,0.0,0.0,0.0,0.0,0.0,0.0,3.9,6.6,0.0,36.8,0.0,0.0,0.0,0.0,0.0,0.0,0.0,32.6,0.0,0.0,0.0,373.0,0.0,59.6,0.0,0.0,0.0,25.2,0.0,22.4,0.0,0.0,0.0,0.0,0.0,29.1,0.0,0.0,0.0,0.0,0.0,0.0,0.0,0.0,0.0,0.0,7.3,3.4,0.0,0.0,0.0,0.0,0.0,0.0,0.0,0.0,0.0,0.0,0.0,0.0,5.1,0.0,0.0,0.0,0.0,709.4,0.0,0.0,0.0,0.0,1.1,0.0,26.9,0.0,0.0,0.0,0.0,0.0,0.0,0.0,0.0,0.0,0.0,0.0,0.0,0.0,0.0,0.0,0.0,0.0,0.0,0.0,0.0,0.0,0.0,0.0,0.0,0.0,0.0,0.0,0.0,0.0,0.0,0.0,0.0,198.9,0.0,0.0,0.0,0.0,0.0,0.0,0.0,0.0,0.0,0.0,0.0,0.0,0.0,0.0,0.0,0.0,0.0,0.0,0.0,0.0,0.0,0.0,0.0,0.0,0.0,0.0,0.0,0.0,0.0,0.0,0.0,0.0,0.0,0.0,0.0,0.0,0.0,0.0,0.0,0.0,0.0,0.0
67148_POS_SU,pos,Level 1,Diphenyl sulfone,Anthropogenic,Industrial chemical,1.2,0.0,0.0,0.0,0.0,0.0,0.0,0.0,0.0,0.0,0.0,0.0,0.0,0.0,0.0,0.0,0.0,0.0,0.0,0.0,0.0,0.0,0.0,0.0,0.0,0.0,0.0,0.0,0.0,54.6,648.5,0.0,0.0,0.0,0.0,0.0,0.0,0.0,0.0,0.0,0.0,0.0,0.0,0.0,0.0,0.0,0.0,0.0,0.0,0.0,0.0,0.0,0.0,0.0,0.0,0.0,0.0,0.0,0.0,0.0,0.0,0.0,0.0,0.0,0.0,0.0,0.0,0.0,0.0,0.0,0.0,0.0,0.0,0.0,0.0,0.0,0.0,0.0,0.0,0.0,0.0,0.0,0.0,0.0,0.0,0.0,0.0,0.0,0.0,0.0,0.0,0.0,0.0,0.0,0.0,0.0,0.0,0.0,0.0,0.0,0.0,0.0,0.0,0.0,0.0,0.0,0.0,0.0,0.0,0.0,0.0,0.0,0.0,0.0,0.0,0.0,0.0,0.0,0.0,0.0,0.0,0.0,0.0,0.0,0.0,0.0,0.0,0.0,0.0,0.0,0.0,0.0,0.0,0.0,0.0,0.0,0.0,0.0,0.0,0.0,0.0,0.0,0.0,0.0,0.0,0.0,0.0,0.0,0.0,0.0,0.0,0.0,0.0,0.0,0.0,0.0,0.0,0.0,0.0,0.0,0.0,0.0,0.0,0.0,0.0,0.0,0.0,0.0,0.0,0.0,0.0,0.0,0.0,0.0,0.0,0.0,0.0,0.0,0.0,0.0,0.0,0.0,0.0,0.0,0.0,0.0,0.0,0.0,0.0,0.0,0.0,23352.4,0.0,0.0,0.0,0.0,0.0,0.0,0.0,0.0,0.0,0.0,0.0,0.0,0.0,0.0,0.0,0.0,0.0,0.0,0.0,0.0,0.0,0.0,0.0,0.0,0.0,0.0,0.0,0.0,0.0,0.0,0.0,0.0,0.0,0.0,0.0,0.0,0.0,0.0,0.0,0.0,0.0,0.0,0.0,0.0,0.0,0.0,0.0,0.0,0.0,0.0,0.0,0.0,0.0,0.0,0.0,0.0,0.0,0.0,0.0,0.0,0.0,0.0,0.0,14869.2,0.0,0.0,0.0,0.0,0.0,0.0,0.0,0.0,0.0,0.0,0.0,0.0,0.0,0.0,0.0,0.0,0.0,0.0,0.0,0.0,0.0,0.0,0.0,0.0,0.0,0.0,0.0,0.0,0.0,0.0,0.0,0.0,0.0,0.0,0.0,0.0,0.0,0.0,0.0,0.0,0.0,0.0,0.0,0.0,0.0,0.0,0.0,0.0,0.0,0.0,0.0,0.0,0.0,0.0,0.0,0.0,0.0,0.0,0.0,0.0,0.0,0.0,0.0,0.0,0.0,0.0,0.0,0.0,0.0,0.0,0.0,0.0,0.0,0.0,0.0,0.0,0.0,0.0,0.0,0.0,0.0,0.0,0.0,0.0,0.0,0.0,0.0,0.0,94.0,0.0,0.0,0.0,0.0,0.0,0.0,0.0,0.0,0.0,0.0,0.0,0.0,0.0,0.0,0.0,0.0,0.0,0.0,0.0,0.0,0.0,0.0,0.0,0.0,0.0,0.0,0.0,0.0,0.0,0.0,0.0,0.0,0.0,0.0,0.0,0.0,0.0,0.0,0.0,0.0,0.0,0.0,0.0,0.0,0.0,0.0,0.0,0.0,0.0,0.0,0.0,0.0,0.0,0.0,0.0,0.0,0.0,0.0,0.0,0.0,0.0,0.0,0.0,0.0,0.0,0.0,0.0,0.0,0.0,0.0,0.0,0.0,0.0,0.0,0.0,0.0
101744_POS_SU,pos,Level 1,Dipentyl phthalate,Anthropogenic,Plasticizer / polymer additive,35.7,1.4,21.4,57.7,0.0,21.1,3.0,15.6,0.0,0.0,0.0,0.0,0.0,21.0,0.0,1.0,7.7,0.0,0.0,1317.7,5.9,0.0,12.3,132.7,0.0,39.9,0.0,43.4,0.0,51.6,5.6,474.7,0.0,73.1,9.8,0.0,0.0,500.2,89.9,7.5,0.0,8.7,0.0,294.4,0.0,1398.0,0.0,270.2,0.0,0.0,0.0,15.7,0.0,0.0,8.6,16.4,23.3,1.2,0.0,122.1,0.0,8.5,0.0,29.2,0.0,8.8,0.0,6.8,0.0,0.0,0.0,47.2,0.0,735.3,97.9,0.0,0.0,260.3,0.0,90.4,0.0,0.0,0.0,11.6,15.6,102.7,82.7,644.7,0.0,0.0,0.0,36.0,0.0,0.0,282.2,15.9,16.8,0.0,0.0,0.0,0.0,538.7,0.0,0.0,0.0,3.5,0.0,117.3,0.0,158.1,0.0,41.1,0.0,0.0,0.0,0.0,0.0,0.0,0.0,0.0,0.0,0.0,0.0,0.0,0.0,0.0,0.0,0.0,0.0,17.5,0.0,25.7,0.0,0.0,0.0,24.1,0.0,0.0,0.0,0.0,0.0,0.0,0.0,0.0,0.0,3.6,0.0,0.0,0.0,0.0,0.0,0.0,0.0,56.7,37.0,310.4,75.0,8.7,0.0,0.0,0.0,16.7,18.0,0.0,0.0,0.0,0.0,9.0,0.0,0.0,11.3,0.0,0.0,0.0,0.0,169.2,0.0,0.0,0.0,7.3,0.7,21.2,0.0,35.7,0.0,0.0,0.0,0.0,0.0,0.6,7.1,0.0,0.0,92.4,29.2,0.0,20.6,5.0,0.0,169.7,0.0,0.0,0.0,0.0,0.0,32.9,0.0,0.0,0.0,0.0,0.0,0.0,0.0,46.7,0.0,0.0,0.0,0.0,0.0,0.0,0.0,7.0,0.0,0.0,0.0,0.0,0.0,1.2,0.0,0.0,0.0,0.0,0.0,0.0,0.0,0.0,0.0,0.0,7.6,0.0,0.0,0.0,0.0,0.0,0.0,0.0,0.0,0.0,0.0,0.0,0.0,0.0,0.0,0.0,0.0,0.0,0.0,0.0,0.0,0.0,0.0,0.0,0.0,0.0,30.7,10.8,34.4,0.0,0.0,0.0,0.0,0.0,0.0,0.0,0.0,0.0,0.0,1.0,0.0,5.7,0.0,0.0,0.0,0.0,0.0,11.6,0.0,128.6,0.0,0.0,40.3,10.6,0.0,90.9,234.1,0.0,0.0,23.4,0.0,0.0,0.0,9.9,0.0,60.4,0.0,74.2,0.0,4.8,0.0,74.4,0.0,0.0,0.0,196.5,0.0,1339.6,0.0,0.0,0.0,0.0,0.0,14.0,38.8,0.0,2.8,0.0,53.2,0.0,112.1,0.0,0.0,0.0,18.5,0.0,9.6,0.0,44.2,0.0,125.9,0.0,18.2,0.0,17.7,0.0,14.9,0.0,26.3,61.1,0.0,0.0,0.0,0.0,0.0,44.0,2.7,34.8,4.0,0.0,2.1,1.4,7.4,68.5,0.0,0.0,0.0,0.0,0.0,0.0,0.0,8.5,46.3,46.1,20.8,15.0,96.3,53.2,0.0,246.3,2.5,7.7,0.0,7.3,0.0,5.1,0.0,66.0,0.0,27.8,0.0,17.5,0.0,0.0,0.0,1254.3,44.5,0.0,0.0,0.0,1708.8,273.2,0.0,53.2,0.0,0.0,0.0,0.0,0.0,0.0,0.0,0.0,0.0,75.3,0.0,11.1,0.0,0.0,0.0,0.0,0.0,14.5,0.0
107218_POS_SU,pos,Level 1,Bis(2-ethylhexyl) phosphate,Anthropogenic,Flame retardant,2.1,0.0,0.0,0.0,0.0,0.0,0.0,0.0,0.0,0.0,0.0,0.0,0.0,0.0,0.0,0.0,0.0,0.0,0.0,0.0,0.0,0.0,0.0,0.0,0.0,0.0,0.0,0.0,0.0,0.0,0.0,0.0,0.0,0.0,0.0,0.0,0.0,0.0,0.0,0.0,0.0,0.0,0.0,0.0,0.0,0.0,0.0,0.0,0.0,0.0,0.0,0.0,0.0,0.0,0.0,0.0,0.0,0.0,0.0,0.0,0.0,0.0,0.0,0.0,0.0,0.0,0.0,0.0,0.0,0.0,0.0,0.0,0.0,0.0,0.0,0.0,0.0,0.0,0.0,0.0,0.0,0.0,0.0,0.0,0.0,0.0,0.0,0.0,0.0,0.0,0.0,0.0,0.0,0.0,0.0,0.0,0.0,0.0,0.0,0.0,0.0,0.0,0.0,0.0,0.0,0.0,0.0,0.0,0.0,0.0,0.0,0.0,0.0,0.0,0.0,0.0,0.0,0.0,0.0,0.0,0.0,0.0,0.0,0.0,0.0,0.0,0.0,0.0,0.0,0.0,0.0,0.0,0.0,0.0,0.0,0.0,0.0,0.0,0.0,0.0,0.0,0.0,0.0,0.0,0.0,0.0,0.0,0.0,0.0,0.0,0.0,0.0,0.0,0.0,0.6,0.0,0.0,2.1,0.0,0.0,0.0,216.3,0.0,0.0,0.0,0.0,0.0,0.0,0.0,0.0,0.0,0.0,16.3,0.0,0.0,0.0,0.0,0.0,0.0,2.3,0.0,0.0,0.0,0.0,0.0,0.0,0.0,0.0,0.0,0.0,0.0,0.0,3.1,0.0,27.7,0.0,0.0,2.0,0.4,0.0,0.0,0.0,0.0,0.0,0.0,0.0,0.0,0.0,0.0,0.0,0.0,0.0,0.0,0.0,0.0,0.0,0.0,0.0,0.0,0.0,0.0,0.0,0.0,0.0,0.0,0.0,0.0,0.0,0.0,0.0,0.0,0.0,0.0,0.0,0.0,0.0,0.0,0.0,0.0,0.0,0.0,0.0,0.0,0.0,0.0,0.0,0.0,0.0,0.0,0.0,0.0,0.0,0.0,0.0,0.0,0.0,0.0,0.0,0.0,0.0,0.0,0.0,0.0,0.0,0.0,0.0,0.0,0.0,0.0,0.0,0.0,0.0,0.0,0.0,0.0,0.0,0.0,0.0,0.0,0.0,0.0,0.0,0.0,0.0,0.0,0.0,0.0,0.0,0.0,0.0,0.0,0.0,0.0,0.0,0.0,0.0,0.0,0.0,0.0,0.0,0.0,0.0,0.0,0.0,0.0,0.0,0.0,0.0,0.0,0.0,0.0,0.0,0.0,0.0,0.0,0.0,0.0,0.0,0.0,0.0,0.0,0.0,0.0,0.0,0.0,0.0,0.0,0.0,0.0,0.0,0.0,0.0,0.0,0.0,0.0,0.0,0.0,0.0,0.0,0.0,0.0,0.0,0.0,0.0,0.0,0.0,0.0,0.0,0.0,0.0,0.0,0.0,0.0,0.0,0.0,0.0,0.0,0.0,0.0,0.0,0.0,0.0,0.0,0.0,0.0,0.0,0.0,0.0,0.0,0.0,0.0,0.0,0.0,0.0,0.0,0.0,0.0,0.0,0.0,0.0,0.0,0.0,0.0,0.0,0.0,0.0,0.0,0.0,0.0,0.0,0.0,0.0,0.0,0.0,0.0,0.0,0.0,0.0,0.0,0.0,0.0,0.0,0.0,0.0,0.0,0.0,0.0,0.0,0.0,0.0,0.0,0.0,0.0,0.0,0.0,0.0,0.0,0.0,0.0,0.0,0.0
111279_POS_SU,pos,Level 1,Bis(4-methyl-pentyl) phthalate,Anthropogenic,Plasticizer / polymer additive,13.6,0.0,0.0,0.0,0.0,0.0,0.0,0.0,0.0,0.0,0.0,0.0,0.0,0.0,0.0,0.0,0.0,0.0,0.0,5.0,0.0,0.0,0.0,0.6,0.0,0.0,0.0,3.1,0.0,0.0,0.0,0.0,0.0,0.0,0.0,0.0,0.0,0.0,0.0,0.0,0.0,0.0,0.0,0.0,0.0,2.0,0.0,3.9,0.0,0.0,0.0,0.0,0.0,0.0,0.0,0.0,0.0,0.0,0.0,5.7,0.0,0.0,0.0,0.0,0.0,0.0,0.0,0.0,0.0,0.0,0.0,0.0,0.0,54.5,13.0,0.0,0.0,24.0,0.0,4.1,0.0,0.0,0.0,0.0,0.0,62.9,4.8,2.3,0.0,0.0,0.0,0.0,0.0,0.0,1.3,0.0,0.0,0.0,0.0,0.0,0.0,3.0,0.0,0.0,0.0,0.0,0.0,0.0,0.0,0.0,0.0,0.0,0.0,0.0,0.0,0.0,0.0,0.0,0.0,0.0,0.0,0.0,0.0,0.0,0.0,0.0,0.0,0.0,0.0,0.0,0.0,0.0,0.0,0.0,0.0,0.0,0.0,0.0,0.0,0.0,0.0,0.0,0.0,0.0,0.0,0.0,0.0,0.0,0.0,0.0,0.0,0.0,0.0,0.0,17.5,30.5,13.9,0.0,0.0,0.0,0.0,14.2,21.5,0.0,0.0,0.0,0.0,13.6,0.0,0.0,9.6,0.0,0.0,0.0,0.0,3.6,0.0,0.0,0.0,9.4,0.0,0.0,0.0,0.0,0.0,0.0,0.0,0.0,0.0,0.0,0.0,0.0,0.0,7.9,25.6,0.0,0.1,0.0,0.0,0.0,0.0,0.0,0.0,0.0,0.0,9.9,0.0,0.0,0.0,0.0,0.0,0.0,0.0,0.6,0.0,0.0,0.0,0.0,0.0,0.0,0.0,0.0,0.0,0.0,0.0,0.0,0.0,0.0,0.0,0.0,0.0,0.0,0.0,0.0,0.0,0.0,0.0,0.0,8.1,0.0,0.0,0.0,0.0,0.0,0.0,0.0,0.0,0.0,0.0,0.0,0.0,0.0,0.0,0.0,0.0,0.0,2.9,0.0,0.0,5.3,0.0,0.0,0.0,0.0,8.7,0.0,0.0,0.0,0.0,0.0,2.6,0.0,0.0,0.0,0.0,0.0,0.0,0.0,0.0,0.0,0.0,0.0,0.0,0.0,0.0,0.9,2.5,0.0,0.0,0.0,0.0,0.0,0.0,34.7,1.8,0.0,1.2,3.0,0.0,0.0,0.0,0.0,0.0,0.0,0.0,0.0,0.0,0.0,0.0,0.0,0.0,0.0,0.0,9.0,0.0,1.3,0.0,0.0,0.0,0.0,0.0,0.0,1.3,0.0,0.0,0.0,0.7,0.0,0.0,0.0,0.0,0.0,0.0,0.0,0.0,0.0,0.0,0.0,4.8,0.0,0.0,0.0,0.0,0.0,0.0,0.0,1.3,13.5,0.0,0.0,0.0,0.0,0.0,1.2,0.0,1.8,0.0,0.0,0.0,0.0,0.0,3.6,0.0,0.0,0.0,0.0,0.0,0.0,0.0,0.0,2.7,0.0,9.9,0.0,2.4,0.0,0.0,1.6,0.0,0.0,0.0,0.0,0.0,0.0,0.0,0.0,0.0,5.3,0.0,0.0,0.0,0.0,0.0,0.0,0.0,0.0,0.0,0.0,0.1,0.0,0.0,0.0,0.0,0.0,0.0,0.0,0.0,0.0,0.0,0.7,0.0,0.0,0.0,0.0,0.0,0.0,0.0,0.0,0.0,0.0,0.0
111280_POS_SU,pos,Level 1,Dihexyl phthalate,Anthropogenic,Plasticizer / polymer additive,17.1,0.0,0.0,3.2,0.0,0.0,0.0,0.0,0.0,0.0,0.0,0.0,0.0,0.0,0.0,0.0,0.0,0.0,0.0,9.6,0.0,0.0,0.0,1.7,0.0,0.0,0.0,0.0,0.0,0.0,0.0,0.0,0.0,0.0,0.0,0.0,0.0,0.0,0.0,0.0,0.0,0.0,0.0,0.0,0.0,21.7,0.0,113.5,0.0,0.0,0.0,0.0,1.5,0.0,0.0,2.8,16.7,0.0,0.0,60.5,0.0,9.9,0.0,0.0,0.0,0.0,0.0,0.0,0.0,0.0,0.0,14.2,0.0,1430.2,21.8,0.0,0.0,66.2,0.0,26.0,0.0,0.0,0.0,22.9,2.8,91.2,11.9,241.7,0.0,0.0,0.0,28.5,0.0,0.0,103.2,25.2,1.9,0.0,1.3,0.0,0.0,0.0,0.0,0.0,0.0,0.0,0.0,3.0,0.0,0.0,0.0,0.0,0.0,0.0,0.0,0.0,0.0,0.0,0.0,0.0,0.0,0.0,0.0,0.0,0.0,0.0,0.0,0.0,0.0,0.0,0.0,0.0,0.0,0.0,0.0,1.2,0.0,0.0,0.0,16.2,0.0,0.0,0.0,0.0,0.0,0.0,0.0,0.0,0.0,0.0,0.0,0.0,0.0,0.0,4.6,56.8,39.7,0.0,0.0,0.0,0.0,0.0,0.0,0.0,0.0,0.0,0.0,0.0,0.0,0.0,1.5,0.0,0.0,0.0,0.0,23.2,0.0,0.0,0.0,0.0,0.0,0.2,0.0,0.0,0.0,0.0,0.0,0.0,0.0,0.0,0.0,0.0,0.0,16.9,0.3,0.0,0.0,0.0,0.0,29.9,0.0,0.0,0.0,0.0,0.0,3.0,0.0,0.0,0.0,0.0,0.0,0.0,0.0,0.0,0.0,0.0,0.0,0.0,0.0,9.3,0.0,2.2,0.0,14.2,0.0,0.0,0.0,21.9,0.0,0.0,0.0,0.0,0.0,0.0,0.0,0.0,0.0,0.0,0.0,0.0,0.0,0.0,0.0,0.0,0.0,0.0,0.0,0.0,0.0,0.0,0.0,0.0,0.0,0.0,0.0,0.0,0.0,0.0,0.0,0.0,0.0,0.0,0.0,0.0,5.7,0.0,0.0,0.0,0.0,0.0,0.0,0.0,0.0,0.0,0.0,2.2,0.0,0.0,0.0,0.0,0.0,0.0,0.0,0.0,0.0,3.0,0.0,3.8,0.0,0.0,0.0,0.9,0.0,36.4,0.0,0.0,0.0,0.4,0.0,5.1,0.0,0.0,0.0,1.9,0.0,32.2,0.0,19.9,0.0,0.0,0.0,0.0,0.0,43.5,0.0,8.2,0.0,0.0,0.0,0.0,0.0,0.0,0.0,0.0,0.0,0.0,16.7,0.0,12.7,0.0,0.0,0.0,0.0,0.0,0.0,0.0,0.0,0.0,9.0,0.0,0.0,0.0,42.9,0.0,10.8,0.0,0.0,29.1,0.0,0.0,0.0,0.0,0.0,0.0,0.0,0.0,0.0,0.0,0.0,0.0,0.0,18.0,0.0,0.0,0.0,0.0,0.0,0.0,0.0,0.0,0.0,21.1,0.0,0.0,0.0,0.0,0.0,69.2,0.0,22.9,0.0,26.1,0.0,0.0,0.0,183.8,0.0,25.3,0.0,0.0,0.0,0.0,0.0,44.9,0.0,0.0,0.0,0.0,0.0,0.0,0.0,4.1,0.0,0.0,0.0,0.0,0.0,0.0,0.0,0.0,0.0,0.0,0.0,9.4,0.0,13.0,0.0,0.0,0.0,0.0,0.0
119738_POS_SU,pos,Level 1,Octocrylene,Anthropogenic,UV filter / cosmetic preservative,38.3,0.0,1.5,28.2,0.0,8.4,0.0,3.4,0.0,0.0,0.0,12.2,0.0,18.0,0.0,15.9,0.0,0.0,0.0,93.6,0.1,0.0,0.0,15.5,0.0,3.6,0.0,5.8,0.0,11.3,0.0,0.0,0.0,11.1,0.0,0.0,0.0,49.7,0.0,24.8,0.0,18.4,0.0,49.6,0.0,32.1,0.0,9.2,0.0,0.0,0.0,30.8,1.8,4.7,32.1,11.3,34.0,24.0,8.4,99.8,1.4,44.9,22.4,26.0,16.1,13.1,2.8,72.6,0.0,0.0,0.0,60.0,3.7,1476.8,192.5,15.7,5.1,64.9,25.1,29.5,13.5,6.0,3.3,14.8,61.2,51.7,250.6,676.1,4.8,3.1,12.8,20.5,0.0,3.6,164.2,29.8,57.4,31.8,7.7,0.0,11.5,1.9,0.0,0.0,0.0,14.4,0.0,116.4,0.0,12.0,0.0,7.3,0.0,0.0,0.0,4.3,0.0,0.0,0.0,0.0,0.0,0.0,0.0,0.0,0.0,6.0,0.0,0.0,0.0,0.0,0.0,0.0,0.0,3.9,0.0,2.6,0.0,0.0,0.0,0.0,1.4,2.7,0.0,0.0,0.0,5.2,0.0,9.4,0.0,0.0,0.0,0.4,0.0,1.0,7.6,61.6,0.0,0.0,0.0,0.0,0.0,0.0,0.0,4.4,0.0,0.0,0.0,0.0,0.0,0.0,0.4,0.0,0.0,0.0,0.0,19.6,0.0,0.0,0.0,0.0,0.0,2.1,0.0,0.0,0.0,0.0,0.0,0.0,0.0,7.2,0.0,0.0,0.0,18.9,2.2,0.0,0.0,0.0,0.0,40.3,0.0,5.3,23.0,0.0,0.0,30.3,0.0,0.0,0.0,0.0,0.0,0.0,0.0,5.0,0.0,0.0,0.0,0.0,0.0,0.0,0.0,3.2,0.0,1.6,0.0,0.0,0.0,7.4,0.0,0.0,0.0,2.6,0.0,0.0,0.0,0.0,0.0,0.0,3.4,3.1,0.0,0.0,2.6,1.2,0.0,4.1,0.0,1.5,0.0,0.3,0.0,0.0,0.0,2.0,0.0,0.0,0.0,6.6,0.0,0.0,0.0,0.0,0.0,18.0,1.5,4.4,0.0,0.0,0.0,0.0,0.0,2.0,0.0,11.7,0.0,0.0,0.0,0.3,0.0,0.0,0.0,0.0,0.0,0.0,0.0,41.4,0.0,2.9,0.0,0.0,0.0,12.7,0.0,135.4,37.9,0.0,0.0,9.6,0.0,0.0,0.0,0.0,0.0,17.8,0.0,22.4,0.0,5.0,0.0,3.5,0.0,3.4,0.0,11.0,0.0,0.0,0.0,0.0,0.0,0.0,0.0,2.1,9.0,2.5,2.2,0.0,2.8,0.0,3.4,0.0,0.0,0.0,0.8,0.0,8.1,0.0,38.5,0.0,11.8,0.0,0.0,0.0,2.2,0.0,3.1,0.0,9.7,0.0,0.0,0.0,0.0,0.0,0.0,3.7,13.5,1.7,16.1,0.0,11.1,0.1,3.7,14.8,1.6,0.0,2.9,0.0,0.0,0.0,0.0,0.0,0.0,3.1,1.5,0.0,5.6,21.1,1.3,6.2,1.9,0.9,0.0,0.0,0.0,0.0,0.0,27.3,0.0,0.0,0.0,11.7,0.0,4.7,0.0,0.0,0.0,3.6,0.0,0.0,0.0,0.0,0.0,0.0,0.0,0.0,0.0,0.0,0.0,0.0,0.0,0.0,0.0,0.0,0.0,0.0,0.0,2.7,0.0,0.0,0.0,0.0,0.0
119998_POS_SU,pos,Level 1,2-ethylhexyl diphenyl phosphate,Anthropogenic,Flame retardant,30.0,17.2,4.3,0.0,0.0,14.0,0.0,0.0,0.0,0.0,0.0,2.5,0.0,0.0,0.0,13.6,5.0,0.0,0.0,226.4,0.0,0.0,0.0,0.2,0.0,0.0,0.0,6.5,0.0,1.0,0.0,0.0,0.0,0.0,0.0,0.0,0.0,0.6,2.8,0.0,0.0,3.2,0.0,659.1,0.0,0.2,0.0,9.5,0.0,0.0,0.0,0.0,0.0,4.5,30.7,0.0,0.0,0.0,0.0,46.4,0.0,0.0,1.1,0.0,0.0,0.0,0.0,0.0,0.0,0.0,0.0,0.0,0.0,381.3,31.9,0.0,7.2,66.0,0.0,15.1,0.0,0.0,0.0,0.0,8.5,2.9,14.5,31.2,0.0,0.0,0.0,0.0,0.0,0.0,3.1,0.0,0.0,0.0,0.0,0.0,0.0,0.0,0.0,0.0,0.0,29.4,0.0,170.2,0.0,2.1,0.0,25.4,0.0,29.1,0.0,0.0,0.0,13.1,0.0,0.0,0.0,76.8,0.0,9.8,0.0,0.0,6.8,0.0,0.0,2.4,0.0,0.9,0.0,208.7,0.0,0.0,0.0,0.0,0.0,8.6,0.0,0.0,0.0,0.0,0.0,0.0,0.0,0.4,1.9,0.0,0.0,0.0,0.0,0.0,838.1,32.3,17.9,0.0,0.0,0.0,0.0,52.8,0.0,0.0,0.0,0.0,0.0,0.0,0.0,0.0,0.0,0.0,0.0,0.0,0.0,1.3,0.0,0.0,0.0,0.0,0.0,6.4,0.0,0.0,0.0,0.0,0.0,0.0,0.0,0.0,0.0,0.0,0.0,45.8,24.7,0.0,0.0,0.0,0.0,0.0,0.0,0.0,0.0,0.0,0.0,40.2,0.0,0.0,0.0,0.0,0.0,20.0,21.5,1.1,0.0,24.4,57.5,0.0,22.1,0.0,18.5,22.6,19.0,31.6,0.0,0.0,0.0,0.0,25.8,0.0,0.0,0.0,9.6,0.0,47.9,151.1,14.1,0.0,0.0,31.0,24.6,0.0,0.0,36.0,0.0,0.0,0.0,0.0,0.0,0.0,0.0,58.5,32.8,0.0,0.0,0.0,45.8,0.0,0.0,0.0,0.0,0.0,0.0,0.0,52.6,2.0,0.0,0.0,0.0,15.7,0.0,0.0,0.0,3.8,19.7,0.0,0.0,0.0,0.0,0.0,0.0,0.0,0.0,0.0,0.0,11.0,0.0,34.2,0.0,0.0,0.0,0.0,0.0,100.6,2.5,0.0,0.0,11.0,0.0,0.0,0.0,0.0,0.0,6.2,0.0,2.5,0.0,0.0,0.0,5.9,0.0,0.0,0.0,25.3,0.0,0.0,0.0,1.6,0.0,0.0,0.0,0.6,0.0,0.0,5.2,0.0,89.2,0.0,12.4,0.0,0.0,0.0,26.4,0.0,10.5,0.0,10.7,0.0,1.6,0.0,0.0,0.0,164.7,0.0,1.5,2.5,0.0,29.6,0.9,0.0,0.0,0.0,0.0,12.9,6.8,0.0,0.0,0.0,0.0,0.0,2.2,21.0,0.0,0.0,0.0,0.0,0.0,0.0,0.0,0.0,0.0,22.0,7.4,3.3,16.2,26.8,0.0,17.9,23.0,0.0,0.0,5.4,0.0,9.7,125.3,4.4,2.4,0.4,0.0,0.0,0.0,24.4,0.0,2.3,0.0,1.8,0.0,0.0,7.8,0.0,0.0,1.4,0.0,0.0,0.0,19.4,0.0,0.0,0.0,0.0,0.0,0.0,0.0,0.0,0.0,0.0,0.0,0.0,0.0,0.0,0.0
129476_POS_SU,pos,Level 1,Tris(2-butoxyethyl) phosphate,Anthropogenic,Flame retardant,42.1,0.0,0.0,7.2,0.0,4.6,0.0,5.0,2.4,0.1,0.0,33.8,3.9,10.9,0.0,11.3,2.4,0.8,0.0,1.1,0.0,0.0,0.1,1.1,1.3,0.0,0.0,0.0,0.0,1.6,0.0,1.6,0.0,3.5,0.0,0.0,0.0,0.1,0.0,14.6,0.8,0.0,3.1,0.0,0.0,0.0,0.0,1.1,0.0,0.0,0.0,0.0,0.0,0.0,0.0,0.0,0.0,0.0,0.0,0.0,0.0,0.0,0.0,0.0,0.0,0.0,0.0,0.9,0.0,0.0,0.0,3.8,0.0,1.1,0.0,9.4,0.0,1.2,0.0,0.0,0.0,0.0,0.5,3.1,0.0,13.5,0.0,0.0,0.0,0.0,1.6,2.5,11.4,0.0,5.2,0.3,0.0,0.8,0.2,4.2,2.7,9.0,0.0,0.0,0.0,0.8,0.0,2.4,0.0,0.0,0.0,0.0,0.0,0.0,0.0,4.1,0.0,15.2,0.2,0.6,0.9,1.5,0.0,0.0,0.0,0.0,0.0,0.0,0.0,0.3,0.0,0.0,0.0,104.8,0.1,1.6,0.0,0.5,0.0,0.0,0.0,0.0,0.0,0.0,0.0,2.2,0.0,5.6,0.0,0.0,6.1,0.3,0.0,0.4,1.4,0.0,0.0,1.8,0.0,0.0,3.9,2.2,0.0,0.0,0.0,10.6,0.4,0.0,0.7,0.0,0.0,6.9,0.0,0.0,0.0,0.0,0.0,3.7,0.9,0.0,0.0,0.0,0.0,0.1,0.0,0.0,0.5,0.7,0.0,0.0,1.0,0.5,0.0,7.0,2.4,0.5,0.0,0.0,0.0,0.0,0.0,2.3,0.0,0.0,0.0,0.0,0.0,0.0,0.0,0.0,0.0,4.9,0.0,0.0,0.0,0.0,0.0,0.0,0.2,74.5,0.0,24.6,0.0,0.0,6.6,0.0,0.0,0.0,0.0,2.2,0.0,3.2,1.2,0.0,0.0,1.2,19.8,0.0,5.7,0.0,0.0,0.3,0.0,0.0,0.0,0.0,0.0,0.0,0.0,0.0,0.0,1.9,0.0,0.0,0.5,0.0,0.0,0.0,0.0,1.4,0.0,0.0,1.8,9.2,0.0,0.0,0.0,0.0,0.5,0.0,0.0,1.1,0.0,79.0,0.0,27.4,9.2,0.0,0.0,0.0,0.0,2.0,0.0,4.7,0.0,0.0,0.0,0.8,0.0,0.0,0.0,0.0,0.0,0.0,2.5,0.0,0.0,0.0,0.0,0.4,0.0,1.5,1.8,0.0,0.0,0.0,0.0,0.0,0.0,2.3,0.0,0.9,0.0,6.1,0.0,0.0,0.0,0.4,0.0,0.0,0.0,1.4,0.0,5.7,2.4,0.4,0.0,0.0,0.0,0.0,1.6,0.0,0.9,0.0,0.9,0.9,10.3,0.0,1.9,0.0,3.5,0.0,3.0,0.0,0.0,0.0,2.1,8.9,0.0,0.0,0.5,0.0,0.0,0.0,0.0,0.0,0.5,0.0,0.5,0.0,0.0,0.0,8.0,0.0,1.4,0.0,0.0,0.0,6.3,1.8,1.3,0.0,2.5,0.9,0.3,0.8,1.3,2.7,5.9,1.1,0.0,3.0,1.7,0.5,0.0,11.2,0.0,0.8,3.0,3.8,0.1,5.9,1.4,3.2,0.5,0.8,0.0,8.7,32.7,48.8,17.3,6.1,2.1,3.5,3.4,7.8,6.6,1.7,0.0,1.8,1.3,2.8,3.3,13.7,3.8,6.2,0.6,8.4,5.3,7.1,1.9
9381_NEG_SU,neg,Level 1,2-Hydroxybenzimidazole,Anthropogenic,Redox / antioxidant,69.8,0.0,0.1,0.1,0.0,0.0,0.0,0.0,0.0,0.0,0.0,0.9,0.8,1.7,0.7,0.0,0.0,0.0,1.3,0.0,0.0,1.1,2.4,1.0,0.1,1.6,0.0,3.7,0.0,1.4,3.3,0.8,1.0,0.0,0.3,0.0,0.0,1.8,1.8,0.4,0.5,1.5,1.8,0.6,0.8,1.4,1.1,1.8,0.1,1.3,0.0,0.6,0.0,0.0,0.0,1.0,0.0,0.5,0.0,0.0,0.4,0.0,0.0,0.0,0.4,0.0,0.0,0.0,0.0,0.0,0.0,0.0,0.9,2.2,0.2,0.0,0.0,0.0,0.8,3.2,0.3,0.3,0.0,1.9,0.3,1.2,0.2,0.8,0.0,0.2,0.0,0.9,0.0,0.2,2.3,0.4,0.8,0.0,0.1,1.4,0.0,0.4,2.4,1.9,2.3,2.6,0.1,0.4,1.6,0.4,0.1,0.0,0.1,7.4,0.8,0.4,0.9,3.9,1.1,0.1,4.0,1.8,0.5,0.0,0.0,25.4,1.1,0.4,0.8,0.8,0.0,0.6,2.2,1.7,2.2,1.0,0.9,0.2,2.4,1.9,4.0,0.1,1.1,0.8,1.6,0.4,0.1,2.7,0.8,0.6,1.6,4.0,0.1,4.1,21.5,0.9,0.3,2.0,1.1,1.8,1.3,3.6,1.6,1.3,0.0,5.0,7.1,0.0,0.0,0.0,0.0,0.8,2.9,0.7,0.4,2.7,0.6,0.0,0.0,0.0,6.0,0.7,2.2,3.8,16.9,0.0,2.4,0.0,17.8,0.0,0.0,7.4,0.8,3.5,5.1,3.6,0.0,2.1,11.1,3.6,0.0,2.4,3.0,0.3,0.5,0.4,0.0,0.0,0.0,0.0,0.0,0.2,3.4,1.4,2.0,2.6,1.3,0.0,0.0,1.4,0.4,0.8,0.6,1.6,1.3,0.7,1.4,2.9,1.6,0.0,1.3,0.0,1.6,0.2,2.9,2.9,0.0,0.6,2.2,0.1,0.8,0.4,1.5,1.4,3.9,2.4,1.3,1.6,1.6,1.2,1.9,0.9,0.3,0.1,3.1,3.4,0.0,0.0,0.0,0.0,0.1,1.1,0.0,0.6,1.6,0.7,3.0,0.0,2.0,1.0,1.1,0.0,0.0,0.0,0.7,2.9,0.4,0.3,0.8,0.4,0.0,0.0,1.4,0.5,0.0,0.0,0.0,0.5,3.4,0.8,2.0,0.2,0.0,0.3,0.0,0.0,0.4,0.4,0.0,1.4,0.2,1.1,1.0,0.0,0.9,0.2,0.4,0.0,0.3,0.0,0.0,0.0,0.0,0.0,0.6,0.4,1.0,0.0,0.0,0.0,0.0,0.0,13.7,0.6,0.5,2.7,2.9,0.6,0.0,0.6,3.2,0.0,11.3,0.3,1.0,0.6,0.0,2.7,0.0,0.0,3.5,0.0,0.4,0.1,0.0,2.5,0.3,8.0,0.5,5.8,0.6,0.0,1.9,9.2,1.2,10.2,0.0,3.6,0.5,0.2,0.0,6.4,2.9,1.3,6.6,0.0,1.9,0.0,0.5,0.7,0.2,4.2,3.2,0.8,0.0,3.7,3.6,4.2,2.0,0.1,0.0,0.9,0.0,0.0,0.0,0.0,0.1,0.2,0.0,1.1,0.0,0.0,0.0,0.0,0.2,0.0,0.0,2.1,2.8,4.9,1.9,3.8,5.1,3.9,1.3,1.7,1.7,1.4,1.3,5.0,1.6,2.8,1.6,4.3,1.6,4.2,2.0,5.4,5.4,1.4,1.7
30318_NEG_SU,neg,Level 1,"2,4-Dichlorophenoxyacetic acid",Anthropogenic,Pesticide / biocide,9.3,0.0,0.0,0.0,0.0,0.0,0.0,0.0,0.0,0.0,0.0,0.0,0.0,0.0,0.0,0.0,0.0,0.0,0.0,0.0,0.0,0.0,0.0,0.0,0.0,0.0,0.0,0.0,0.0,0.0,0.0,0.0,0.0,0.0,0.0,0.0,0.0,0.0,0.0,0.0,0.0,0.0,0.0,0.0,0.0,0.0,0.0,0.0,0.0,0.0,0.0,0.0,0.0,0.0,0.0,0.0,0.0,0.0,0.0,0.0,0.0,0.0,0.0,0.0,0.0,0.0,0.0,0.0,0.0,0.0,0.0,0.0,0.0,0.0,0.0,0.0,0.0,0.0,0.0,0.0,0.0,0.0,0.0,0.0,0.0,0.0,0.0,0.0,0.0,0.0,0.0,0.0,0.0,0.0,0.0,0.0,0.0,0.0,0.0,0.0,0.0,0.0,0.0,0.0,0.0,0.0,0.0,0.0,0.0,0.0,0.0,0.0,0.0,0.0,0.0,0.0,0.0,0.0,0.0,0.0,0.0,0.0,0.0,0.0,0.0,0.0,0.0,0.0,0.0,0.0,0.0,0.0,0.0,0.0,0.0,0.1,0.0,0.0,0.0,0.0,0.0,0.0,0.0,0.0,0.0,0.0,0.0,0.0,0.0,0.0,0.0,0.0,0.1,0.0,0.0,0.0,0.1,0.0,0.1,0.0,0.3,0.0,0.1,0.0,0.0,0.0,0.1,0.0,0.0,0.0,0.0,0.0,0.0,0.0,0.0,0.0,0.0,0.0,0.0,0.0,0.0,0.0,0.0,0.0,0.1,0.0,0.0,0.0,0.0,0.0,0.0,0.0,0.0,0.0,0.0,0.0,0.0,0.0,0.0,0.0,0.0,0.0,0.0,0.0,0.0,0.0,0.0,0.0,0.0,0.0,0.0,0.0,0.0,0.0,0.0,0.0,0.0,0.0,0.0,0.0,0.0,0.0,0.0,0.0,0.0,0.0,0.0,0.0,0.0,0.0,0.0,0.0,0.0,0.0,0.0,0.0,0.0,0.0,0.0,0.0,0.0,0.0,0.0,0.0,0.0,0.0,0.0,0.0,0.0,0.0,0.0,0.0,0.0,0.0,0.0,0.0,0.0,0.0,0.0,0.0,0.0,0.0,0.0,0.0,0.0,0.0,0.0,0.0,0.0,0.0,0.0,0.0,0.0,0.0,0.0,0.0,0.0,0.0,0.0,0.0,0.0,0.0,0.0,0.0,0.0,0.0,0.0,0.0,0.0,0.0,0.0,0.0,0.0,0.0,0.0,0.0,0.0,0.0,0.0,0.0,0.0,0.0,0.0,0.0,0.0,0.0,0.0,0.0,0.0,0.0,0.0,0.0,0.0,0.0,0.0,0.0,0.0,0.0,0.0,0.0,0.0,0.0,0.0,0.0,0.0,0.0,0.0,0.0,0.0,0.0,0.0,0.0,0.0,0.0,0.0,0.0,0.0,0.2,0.0,0.0,0.0,0.0,0.0,0.0,0.0,0.0,0.0,0.0,0.0,0.0,0.0,0.0,0.0,0.0,0.0,0.0,0.0,0.0,0.0,0.0,0.0,0.0,0.0,0.0,0.0,0.0,0.0,0.0,0.0,0.0,0.0,0.6,0.6,0.0,0.0,0.6,0.8,0.6,0.5,0.0,0.0,0.0,0.0,0.0,0.0,0.0,0.0,0.0,0.0,0.0,0.0,0.0,0.0,0.0,0.0,0.0,0.0,0.3,0.5,0.4,0.6,0.6,0.6,0.7,0.3,0.6,0.3,0.3,0.4,0.6,0.5,0.7,0.4,0.6,0.6,0.4,0.6,0.7,1.5,0.6,0.4
20611_NEG_SU,neg,Level 1,"2,4-dinitroaniline",Anthropogenic,Industrial chemical,96.0,0.7,2.9,1.9,9.1,1.4,6.2,0.3,4.5,1.2,5.3,1.3,17.5,2.1,4.0,1.3,5.3,0.3,6.3,1.9,3.5,2.0,3.4,0.0,3.8,0.2,6.7,0.6,11.1,0.2,8.3,0.9,2.8,1.5,5.1,1.8,5.3,1.8,3.1,1.7,7.4,2.2,12.4,1.0,4.1,3.1,5.1,0.6,4.9,0.9,3.3,1.0,3.2,3.2,6.5,2.0,7.0,2.2,7.8,3.3,4.1,1.1,2.3,1.7,7.5,0.7,3.6,1.0,6.3,0.5,1.3,3.5,3.3,1.1,3.7,0.8,1.3,2.1,6.0,5.6,3.7,7.7,5.6,4.5,8.3,1.9,1.5,2.6,6.6,2.7,2.7,1.7,6.6,1.1,5.3,1.4,2.1,1.1,3.2,1.7,4.6,3.7,9.0,2.3,8.1,0.4,2.2,26.7,5.9,1.0,2.7,2.5,4.1,1.2,3.9,1.0,4.9,0.4,11.9,1.3,6.9,6.0,8.0,3.6,3.4,0.7,4.4,1.2,3.5,0.8,5.5,3.3,6.7,3.0,0.8,1.7,4.1,2.2,4.3,1.3,5.3,0.7,1.8,0.8,7.8,1.9,5.1,8.6,8.5,0.5,4.7,1.4,6.5,0.5,2.5,0.9,6.4,0.9,9.3,0.5,11.7,1.7,3.5,3.0,6.6,0.0,6.2,1.3,6.1,1.8,7.1,0.6,1.3,1.6,4.2,0.7,7.7,0.0,0.7,2.4,6.7,2.2,2.9,1.7,4.0,0.8,3.4,0.7,8.7,0.5,4.5,13.2,9.0,0.2,4.3,3.9,2.4,3.4,13.5,3.5,4.7,3.6,0.6,1.1,0.0,0.2,0.0,0.0,0.0,0.0,0.0,1.0,9.0,0.8,3.1,0.5,2.0,0.0,0.8,1.5,1.9,1.3,5.8,4.0,2.8,0.7,3.5,0.7,5.7,0.8,3.8,1.8,7.3,0.4,3.2,2.8,0.4,3.0,6.0,0.7,2.4,0.7,5.8,3.1,5.1,0.7,5.9,2.8,4.8,0.4,5.6,0.0,3.7,0.1,2.5,0.0,1.7,0.8,5.7,0.4,5.8,0.0,2.8,0.9,2.4,0.3,1.9,0.3,2.7,0.8,1.7,1.0,1.4,1.2,3.2,4.6,2.1,1.7,0.8,1.1,1.2,0.9,2.4,0.8,2.2,0.5,1.5,0.4,5.5,1.0,2.6,3.6,1.9,1.3,0.7,0.7,4.4,3.0,0.6,0.5,1.5,0.4,0.8,0.4,1.6,0.0,0.1,0.0,1.7,0.8,1.1,0.8,5.1,0.5,2.7,0.0,0.9,0.3,1.3,0.0,2.0,8.3,1.8,7.5,2.1,7.5,4.7,17.7,2.0,13.3,3.7,5.5,0.7,8.5,5.1,22.2,2.9,7.5,4.6,12.8,6.5,9.0,2.5,8.1,0.7,28.4,0.4,26.5,4.9,11.2,2.0,9.7,1.9,11.7,5.3,6.8,5.9,20.9,2.0,10.2,2.8,13.5,2.7,6.3,1.9,6.3,3.5,4.9,2.1,13.7,4.1,3.5,3.7,1.1,1.5,1.1,7.2,1.3,7.2,1.4,1.1,0.5,3.0,0.4,2.0,1.5,5.4,1.4,3.5,1.9,2.9,0.7,1.2,0.2,1.4,0.2,2.8,3.6,0.7,1.5,3.5,3.3,5.3,1.5,1.7,2.4,3.6,0.2,1.1,1.6,1.4,0.8,0.9,2.3,4.0,1.0,2.6,0.8,2.3,1.3,3.4
27866_NEG_SU,neg,Level 1,3-Phenoxybenzoic acid,Anthropogenic,Pesticide / biocide,6.9,0.0,0.0,0.0,0.0,0.0,0.0,0.0,0.0,0.0,0.0,0.0,0.0,0.6,0.0,0.0,0.0,0.0,0.0,0.0,0.0,0.0,0.0,0.0,0.0,0.0,0.0,0.0,0.0,0.0,0.0,0.0,0.0,0.0,0.0,0.0,0.0,0.0,0.0,0.0,0.0,0.0,0.0,0.0,0.0,0.0,0.0,0.0,0.0,0.0,0.0,0.0,0.0,34.9,0.0,0.0,0.0,0.1,0.0,0.0,0.0,0.0,0.0,0.0,0.0,0.0,0.0,0.0,0.0,0.0,0.0,0.0,0.0,0.0,0.0,0.0,0.0,0.0,0.0,0.0,0.0,0.0,0.0,0.0,0.0,0.0,0.0,0.0,0.0,4.3,0.0,8.2,0.0,0.0,0.0,0.0,0.0,0.0,0.0,0.0,0.0,0.0,0.0,10.3,0.0,0.6,0.0,0.0,0.0,0.0,0.0,1.0,0.0,0.0,0.0,0.6,0.0,0.0,0.0,0.0,0.0,0.0,0.0,1.1,0.0,0.0,0.0,0.0,0.0,0.0,0.0,0.0,0.0,0.0,0.0,11.0,0.0,0.0,0.0,0.0,0.0,0.0,0.0,0.0,0.0,0.0,0.0,1.9,0.0,0.0,0.0,0.0,0.0,0.0,0.0,0.0,0.0,0.0,0.0,0.0,0.3,0.0,0.0,0.0,0.0,0.0,0.0,0.0,0.0,0.0,0.0,3.7,0.0,0.0,0.0,0.0,0.0,0.0,0.0,10.6,0.0,1.3,0.0,2.3,0.0,0.0,0.0,0.0,0.0,0.0,0.0,0.0,0.5,0.0,0.0,4.0,0.0,0.0,0.0,0.0,0.0,0.0,0.0,0.0,0.0,0.0,0.0,0.0,0.0,0.0,0.0,0.0,0.0,0.0,0.0,0.0,0.0,0.0,0.0,0.0,0.0,0.0,0.0,0.0,0.0,0.0,0.0,2.0,0.0,0.0,5.6,0.0,0.0,0.0,0.0,0.0,0.0,0.0,0.0,0.0,0.0,0.0,0.0,0.0,0.0,0.0,0.0,0.0,0.0,0.0,0.0,0.0,0.0,0.0,0.0,3.6,0.0,0.0,0.0,0.0,0.0,0.0,0.0,0.0,0.0,0.3,0.0,0.0,0.0,0.0,0.0,0.0,0.0,0.0,0.0,0.0,0.0,0.0,0.0,0.0,0.0,0.0,0.0,0.0,0.0,0.0,0.0,0.0,0.0,0.0,0.0,0.0,0.0,0.0,0.1,0.0,0.0,0.0,0.0,0.0,0.0,0.0,0.0,0.0,0.0,0.0,0.0,0.0,0.0,0.0,0.0,0.0,0.0,0.0,0.0,0.0,0.0,0.0,0.0,0.0,0.0,0.0,0.0,0.0,0.0,0.0,0.0,0.0,0.0,0.0,1.3,0.0,0.0,0.0,0.0,0.0,0.0,0.0,0.0,0.0,0.0,0.0,2.8,0.0,0.0,0.0,0.0,5.0,0.0,0.0,0.0,0.0,0.0,0.0,0.0,0.0,0.0,0.0,0.0,0.0,0.0,0.0,0.0,0.0,0.0,0.0,0.0,0.0,0.0,0.0,0.0,0.0,0.0,0.0,0.0,0.0,0.0,0.0,0.0,0.0,0.0,0.0,0.0,0.0,0.0,0.0,0.0,0.0,0.0,0.0,0.0,0.0,0.0,0.0,0.0,0.0,0.0,0.0,0.0,8.7,0.0,0.0,0.0,0.0,0.0,0.0,0.0,0.0,0.0,0.0,0.0,0.0,0.0,0.0,0.0,0.0,0.0,4.1,0.0,0.0,0.0
23806_NEG_SU,neg,Level 1,"3,5,6-Trichloro-2-pyridinol",Anthropogenic,Pesticide / biocide,6.2,0.0,0.0,0.4,0.0,0.0,0.0,0.0,0.0,0.0,0.0,0.1,0.0,0.0,0.0,0.0,0.0,0.0,0.0,0.0,0.0,0.0,0.0,0.0,0.0,0.0,0.0,0.2,0.0,0.1,0.0,0.6,0.0,0.0,0.0,0.0,0.0,0.0,0.0,0.0,0.0,0.0,0.0,0.0,0.0,0.0,0.0,0.0,0.0,0.0,0.0,0.0,0.0,0.0,0.0,0.0,0.0,0.0,0.0,0.0,0.0,0.5,0.0,0.0,0.0,0.0,0.0,0.0,0.0,0.0,0.0,0.0,0.0,0.0,0.0,0.0,0.0,0.1,0.6,0.2,0.0,5.9,0.0,0.1,0.0,0.0,0.0,0.1,0.0,0.0,0.0,0.0,0.0,0.2,0.3,0.0,0.0,0.0,0.0,0.0,0.0,0.0,0.0,0.0,0.0,0.0,0.0,0.0,0.0,0.0,0.0,0.0,0.0,0.0,0.0,0.0,0.0,0.0,0.0,0.0,0.0,0.0,0.0,0.0,0.0,0.0,0.0,0.0,0.0,0.0,0.0,0.0,0.0,0.0,0.0,0.0,0.0,0.0,0.0,0.0,0.0,0.0,0.0,0.1,0.0,0.0,0.0,0.0,0.0,0.0,0.0,0.0,0.0,0.0,0.0,0.0,0.0,0.0,0.0,0.0,0.0,0.1,0.0,0.0,0.0,0.0,0.0,0.0,0.0,0.0,0.0,0.0,0.0,0.0,0.0,0.0,0.0,0.0,0.0,0.0,0.0,0.1,0.0,0.0,0.0,0.0,0.0,0.0,0.0,0.0,0.0,0.0,0.0,0.0,0.0,0.0,0.0,0.0,0.0,0.1,0.0,0.0,0.0,0.0,0.0,0.0,0.0,0.0,0.0,0.0,0.0,0.1,0.0,0.0,0.0,0.0,0.0,0.0,0.0,0.0,0.0,0.0,0.0,0.0,0.0,0.0,0.0,0.0,0.0,0.0,0.0,0.0,0.0,0.0,0.0,0.0,0.0,0.0,0.0,0.0,0.0,0.0,0.0,0.0,0.0,0.0,0.0,0.0,0.0,0.0,0.0,0.0,0.0,0.0,0.0,0.0,0.0,0.0,0.0,0.2,0.0,0.0,0.0,0.0,0.0,0.0,0.0,0.0,0.0,0.0,0.0,0.0,0.0,0.0,0.0,0.0,0.0,0.0,0.0,0.0,0.0,0.8,0.0,0.0,0.0,0.0,0.0,0.0,0.0,0.0,0.0,0.0,0.0,0.0,0.0,0.0,0.0,0.0,0.0,0.0,0.0,0.0,0.0,0.0,0.0,0.0,0.0,0.0,0.0,0.0,0.0,0.0,0.0,0.0,0.0,0.8,0.0,0.0,0.0,0.0,0.0,0.0,0.0,0.0,0.0,0.0,0.0,0.0,0.0,0.0,0.0,0.0,0.7,0.0,0.0,0.0,0.0,0.1,0.0,0.0,0.0,0.0,0.0,0.0,0.0,0.0,0.0,0.0,0.0,0.0,0.0,0.0,0.0,0.0,0.0,0.1,0.0,0.0,0.0,0.0,0.0,0.0,0.0,0.0,0.0,0.0,0.0,0.0,0.0,0.0,0.0,0.0,0.0,0.0,0.0,0.0,0.0,0.0,0.0,0.0,0.0,0.0,0.0,0.0,0.0,0.0,0.0,0.0,0.0,0.0,0.0,0.0,0.0,0.2,0.0,0.0,0.0,0.0,0.0,0.0,0.0,0.0,0.0,0.0,0.0,0.0,0.0,0.0,0.0,0.0,0.0,0.0,0.0,0.0,0.0,0.0,0.0,0.0,0.0,0.0,0.0
22966_NEG_SU,neg,Level 1,4-Methyl hippuric acid,Anthropogenic,Metabolite / biomolecule,79.8,0.1,0.1,0.1,0.0,0.1,0.1,0.0,0.0,0.1,0.0,0.2,0.1,0.0,0.2,0.0,0.0,0.2,0.0,0.2,0.0,0.0,0.3,0.0,0.0,0.0,0.0,0.5,0.3,0.4,0.5,0.0,0.2,0.4,0.1,0.0,2.0,0.0,0.0,0.2,0.0,0.0,0.1,0.0,0.0,0.1,0.4,0.0,2.1,0.2,0.0,0.2,0.2,0.1,0.1,0.1,0.3,0.3,0.3,0.1,0.2,0.0,0.1,0.6,0.1,0.0,0.1,0.6,0.1,0.2,0.3,0.1,0.0,0.0,0.3,0.1,0.1,0.3,1.6,2.0,1.3,0.6,1.9,0.2,0.3,2.2,0.9,0.2,0.3,0.1,0.2,0.1,0.5,0.2,0.6,0.2,0.4,0.0,0.1,0.5,0.1,0.6,0.8,1.0,1.0,0.5,0.0,0.6,0.3,0.4,0.1,0.8,0.3,0.7,0.4,0.2,0.5,0.7,0.3,0.5,1.2,0.3,0.5,0.9,0.2,3.4,0.3,0.9,0.4,0.9,0.1,0.7,2.9,0.4,0.4,1.2,0.4,0.3,0.6,0.1,1.1,0.4,0.1,1.1,0.6,0.5,0.3,3.9,0.7,0.3,0.6,0.2,0.2,1.6,0.1,0.0,0.5,0.8,0.4,0.0,0.5,0.6,0.7,0.3,2.0,0.0,0.0,0.2,0.0,0.3,0.0,0.3,0.1,0.0,0.3,0.3,0.2,0.0,0.2,0.5,0.9,0.5,0.2,0.3,0.7,0.0,0.4,0.0,0.0,0.1,0.2,3.4,0.7,0.9,1.0,0.1,0.4,0.4,1.0,0.2,0.1,0.2,0.6,0.4,0.0,0.1,0.0,0.0,0.0,0.0,0.0,5.5,0.9,0.2,1.4,1.5,0.7,0.8,0.1,0.6,0.6,0.3,0.6,0.1,0.7,0.2,0.5,1.9,0.6,0.5,2.5,0.3,1.2,0.6,0.5,2.1,0.6,0.5,0.7,0.3,0.4,0.3,0.8,0.4,0.8,0.8,0.7,0.4,1.1,0.6,0.9,0.5,1.2,1.0,1.1,1.1,0.6,0.5,0.9,0.3,1.4,0.4,0.8,1.1,1.5,0.8,1.5,0.4,0.7,0.5,0.8,10.4,1.5,0.5,0.3,1.1,0.1,0.4,0.1,0.5,0.0,0.6,3.0,0.3,0.0,0.4,0.0,0.2,1.3,0.1,0.7,0.0,0.3,0.4,4.0,0.2,0.2,0.3,0.0,0.4,0.0,0.4,0.3,0.0,0.1,0.0,0.1,0.2,0.5,0.4,0.0,0.1,0.0,0.8,0.4,0.4,0.1,0.2,0.2,1.0,0.0,0.9,4.4,4.3,0.2,0.5,0.4,0.3,0.6,1.9,0.9,0.2,0.0,0.6,0.0,1.2,0.1,0.2,5.1,1.0,0.7,0.4,0.2,0.1,0.3,0.5,0.3,7.4,0.0,0.1,0.0,0.2,0.2,1.2,0.6,1.4,0.0,1.5,0.2,0.1,0.0,0.3,0.3,0.3,0.2,0.7,0.0,1.5,0.2,1.1,0.0,0.2,0.1,0.0,0.0,0.0,0.2,0.1,0.1,0.0,0.8,0.1,0.0,0.2,0.0,0.3,0.0,0.1,0.0,0.1,0.1,0.0,0.0,0.0,0.0,0.0,0.0,0.1,0.1,0.1,2.1,0.2,1.8,0.2,0.0,0.1,0.4,0.1,0.0,0.1,0.2,0.2,0.0,0.0,0.1,0.1,0.1,0.2,3.1,0.2,0.0
10477_NEG_SU,neg,Level 1,4-Nitrophenol,Anthropogenic,Industrial chemical,97.9,37.6,87.0,139.5,245.3,92.0,298.9,45.4,143.9,56.9,183.2,22.1,258.3,123.0,294.9,47.8,345.2,39.0,398.9,44.8,372.5,101.5,468.9,8.1,251.1,60.8,151.1,88.8,271.6,59.1,301.3,37.0,235.1,183.8,257.7,47.1,302.2,55.0,179.7,59.5,313.1,54.7,481.5,43.8,162.3,124.8,321.2,83.4,93.2,63.8,184.5,69.5,260.3,178.9,362.3,95.7,38.8,174.3,260.1,136.3,296.2,53.2,176.6,173.8,424.1,46.1,45.6,60.8,205.7,30.5,85.6,150.7,90.1,201.6,239.9,55.9,58.2,159.9,318.9,376.4,185.2,372.7,178.2,178.9,297.8,135.1,88.8,255.1,209.4,78.0,47.0,254.9,236.5,88.8,156.4,146.4,57.4,143.9,67.7,39.3,28.5,166.0,227.2,157.7,190.2,64.0,80.2,33.1,270.5,61.2,71.4,57.9,143.6,44.4,110.8,29.8,133.8,22.1,202.4,84.5,162.5,179.4,122.8,129.5,82.6,58.2,135.9,112.8,86.9,54.2,75.8,111.1,137.3,51.4,102.7,362.7,161.1,60.9,189.6,63.1,299.6,21.2,52.5,66.6,178.5,55.1,188.9,105.9,217.7,24.9,219.9,35.6,179.3,66.2,183.7,33.1,289.6,70.4,174.2,9.2,256.4,211.2,136.5,71.3,130.6,16.7,190.1,81.2,156.0,80.8,96.4,117.1,118.0,34.0,161.6,105.9,293.7,16.4,49.9,79.3,236.2,129.6,262.5,58.0,182.5,29.6,117.4,61.1,147.8,81.4,195.4,0.0,304.0,101.7,270.8,59.8,117.5,100.2,270.4,190.1,197.0,122.5,109.9,106.3,17.5,17.4,0.0,0.0,0.0,0.0,0.0,19.2,355.4,20.2,491.5,50.5,141.5,0.0,233.8,66.2,294.2,37.2,335.8,51.1,652.1,40.9,147.0,40.8,240.0,55.8,751.5,48.8,503.8,106.5,348.3,385.1,40.9,41.6,310.6,46.1,160.9,34.3,294.6,65.4,345.8,55.1,386.4,21.9,177.6,33.4,268.7,66.8,155.8,76.6,192.6,107.1,162.0,100.4,225.2,52.9,183.4,25.8,146.2,99.6,173.6,77.7,255.5,41.3,145.7,50.3,134.8,23.9,63.9,42.4,83.8,38.3,41.1,38.9,58.5,16.1,30.5,21.3,142.3,18.5,52.1,16.1,69.9,18.5,26.0,20.3,169.8,29.6,187.7,36.2,324.8,40.0,165.2,29.3,95.4,39.3,185.2,20.1,130.4,9.4,81.3,11.5,191.9,12.6,190.3,37.8,130.7,11.6,126.2,60.7,89.2,14.9,111.2,43.6,211.0,29.2,114.5,296.1,199.8,212.2,112.1,89.5,202.3,505.2,157.6,386.9,419.4,119.6,45.1,237.4,154.3,454.6,151.7,282.0,0.0,204.3,215.4,306.9,133.1,217.8,0.0,569.1,127.5,509.2,166.6,201.0,135.2,238.9,137.0,270.0,379.0,164.0,98.9,231.9,129.0,254.9,150.9,342.8,140.0,211.2,168.3,88.7,129.4,72.8,124.2,275.5,269.4,18.6,5.1,34.8,1.3,40.5,21.5,122.0,13.2,21.2,15.5,23.2,10.1,26.4,13.6,48.5,14.1,26.2,25.5,25.2,20.2,38.1,31.2,34.6,7.0,28.1,19.0,13.1,34.2,57.0,25.7,95.9,39.6,26.7,22.8,45.2,29.2,46.8,14.2,48.2,9.9,53.7,9.0,34.7,31.4,47.8,15.8,18.0,39.9,29.5,16.5
15877_NEG_SU,neg,Level 1,Acesulfam,Anthropogenic,Sweetener,18.3,0.0,1.2,0.0,0.0,0.0,0.0,0.0,0.0,0.0,2.2,0.0,1.0,6.6,0.0,0.0,0.0,0.0,0.0,0.0,0.0,0.0,0.0,0.0,0.0,0.5,0.0,0.0,0.0,0.1,0.0,0.0,0.0,0.0,0.0,0.0,0.0,0.0,0.0,0.0,0.0,0.0,0.0,0.0,0.0,0.0,0.0,0.0,0.0,0.0,0.0,0.0,0.0,0.0,0.0,0.0,0.0,0.0,0.0,0.0,0.0,0.0,0.0,0.0,0.0,0.3,0.0,0.0,0.0,0.0,0.0,0.0,0.0,0.0,0.0,0.0,0.0,0.0,0.0,0.0,0.0,0.0,0.0,0.0,0.0,35.9,0.0,0.0,0.0,0.0,0.0,0.0,0.0,0.0,0.0,0.0,0.0,0.0,0.0,2.9,0.0,0.0,0.0,0.0,0.0,0.0,0.0,44.9,0.0,0.7,0.0,4.9,0.0,76.6,0.0,0.0,0.0,0.7,0.0,0.0,0.0,0.0,0.0,1.5,0.0,1.0,0.0,0.9,0.0,0.0,0.0,1.0,0.0,4.3,0.0,0.0,0.0,0.0,0.0,0.0,0.0,0.5,0.0,0.0,0.0,6.1,0.0,15.1,0.0,0.5,0.0,0.0,0.0,0.0,0.0,0.0,0.0,0.0,0.0,0.0,0.0,0.0,0.0,0.0,0.0,0.0,0.0,0.1,0.0,0.0,0.0,0.0,0.0,0.0,0.0,0.0,0.0,0.0,0.0,0.0,0.0,0.0,0.0,0.0,0.0,0.0,0.0,0.0,0.0,0.0,0.0,0.0,0.0,0.0,0.0,0.0,0.0,0.1,1.2,0.0,0.0,0.0,0.0,0.0,0.0,0.0,0.0,0.0,0.0,0.0,0.0,0.0,0.0,0.0,0.0,0.0,0.0,0.0,0.0,0.0,0.0,0.0,0.0,0.0,0.0,0.0,0.0,0.0,0.0,0.0,0.0,0.0,0.0,0.0,0.0,0.0,0.0,0.0,0.0,0.0,0.0,0.2,0.0,0.0,0.0,0.0,0.0,0.0,0.0,0.0,0.0,0.0,0.0,0.0,0.0,0.0,0.0,0.0,0.0,0.0,0.0,0.0,0.0,0.0,0.0,0.5,0.0,0.0,0.0,0.0,0.0,0.0,0.0,0.0,0.0,0.0,0.0,0.0,0.0,0.0,0.0,0.0,0.0,0.0,0.0,1.0,0.0,0.0,0.0,0.0,0.0,0.0,0.0,0.0,0.0,0.0,0.0,0.0,0.0,0.0,0.0,0.0,0.0,0.0,0.0,0.0,0.0,0.0,0.0,0.0,0.0,0.0,0.0,3.8,0.0,0.0,0.0,0.0,0.0,0.0,0.0,2.6,1.0,0.0,0.0,0.8,0.0,0.0,0.1,0.0,1.8,0.0,0.0,0.0,9.5,0.0,0.8,0.0,0.0,7.6,0.9,0.0,0.0,0.0,0.0,0.0,0.0,0.2,0.0,0.0,0.0,0.0,0.0,0.0,0.0,0.0,2.2,0.0,0.0,0.3,0.0,0.0,0.5,0.0,0.0,1.9,0.0,0.0,0.2,4.5,0.0,2.5,1.2,0.0,0.0,2.4,2.3,2.7,1.2,0.0,0.0,0.0,0.0,1.4,0.0,0.0,0.0,0.0,0.0,0.0,0.0,0.0,0.0,0.0,0.0,0.0,0.0,0.6,1.4,2.1,1.4,2.6,1.3,3.1,0.9,2.2,1.0,1.7,0.6,1.2,1.1,2.7,0.4,1.7,0.9,1.5,1.3,2.3,4.3,2.0,0.8
35392_NEG_SU,neg,Level 1,Bentazon,Anthropogenic,Pesticide / biocide,17.1,0.0,0.0,0.0,0.0,0.0,0.0,0.0,0.0,0.0,0.0,0.0,0.0,0.0,0.0,0.0,0.0,0.0,0.0,0.0,0.0,0.0,0.0,0.0,0.0,0.0,0.0,0.0,0.0,0.0,0.0,0.0,0.0,0.0,0.0,0.0,0.0,0.0,0.0,0.0,0.0,0.0,0.5,0.0,0.0,0.0,0.0,0.0,0.0,0.0,0.0,0.3,0.0,0.1,0.1,0.0,0.0,0.0,0.1,0.0,0.1,0.0,0.0,0.0,0.5,0.0,0.0,0.0,0.0,0.0,0.0,0.0,0.0,0.0,0.1,0.0,0.0,0.0,0.0,0.0,0.0,0.0,0.0,0.0,0.0,0.0,0.0,0.0,0.0,0.0,0.0,0.0,0.0,0.0,0.0,0.0,0.0,0.0,0.0,0.0,0.0,0.0,0.0,0.0,0.0,0.0,0.0,0.0,0.0,0.0,0.0,0.0,0.0,0.0,0.0,0.0,0.0,0.0,0.0,0.0,0.0,0.0,0.0,0.0,0.0,0.0,0.0,0.0,0.0,0.0,0.0,0.0,0.0,0.0,0.0,0.0,0.0,0.0,0.0,0.0,0.0,0.0,0.0,0.0,0.0,0.0,0.0,0.0,0.0,0.0,0.0,0.0,0.1,0.0,0.4,0.5,0.0,0.0,0.1,0.5,0.0,0.0,0.0,0.0,0.0,0.1,0.3,0.0,0.0,0.0,0.0,0.0,0.5,0.0,0.6,0.1,0.0,0.0,0.0,0.2,0.2,0.0,0.3,0.2,0.0,0.0,0.0,0.0,0.0,0.0,0.0,0.8,1.8,0.0,0.0,0.2,0.0,0.0,3.8,0.0,0.1,0.0,0.0,0.0,0.0,0.0,0.0,0.0,0.0,0.0,0.0,0.0,0.0,0.0,0.0,0.0,0.0,0.0,0.0,0.0,0.0,0.0,0.0,0.0,0.0,0.0,0.0,0.0,0.0,0.0,0.0,0.0,0.0,0.0,0.0,0.0,0.0,0.0,0.0,0.0,0.0,0.0,0.0,0.0,0.0,0.0,0.0,0.0,0.0,0.0,0.0,0.0,0.0,0.0,0.0,0.0,0.0,0.0,0.0,0.0,0.0,0.0,0.0,0.0,0.0,0.0,0.0,0.0,0.0,0.0,0.0,0.0,0.0,0.0,0.1,0.0,0.0,0.0,0.0,0.0,0.0,0.0,0.0,0.0,0.0,0.0,0.0,0.0,0.0,0.0,0.0,0.0,0.0,0.0,0.2,0.0,0.0,0.0,0.0,0.0,0.0,0.0,0.0,0.0,0.0,0.0,0.0,0.0,0.0,0.9,0.0,0.0,0.0,0.0,0.0,0.0,0.0,0.0,0.0,0.0,0.0,0.0,0.0,0.0,0.0,0.0,0.0,0.0,0.0,39.6,0.0,0.0,0.1,0.0,0.0,0.0,0.0,0.1,0.0,0.0,0.0,0.2,0.0,0.0,0.0,0.0,0.0,5.9,0.4,0.2,0.0,0.0,0.0,0.0,0.0,0.0,0.0,0.0,0.0,0.0,0.0,0.3,0.5,0.1,0.0,0.0,0.9,0.0,0.0,0.3,0.3,0.5,0.2,0.0,0.0,0.4,0.5,0.4,0.4,0.0,0.0,0.0,0.0,0.0,0.0,0.0,0.0,0.0,0.0,0.0,0.0,0.0,0.0,0.0,0.0,0.0,0.0,0.1,0.2,0.5,0.2,0.3,0.1,0.3,0.0,0.4,0.2,0.3,0.1,0.2,0.1,0.3,0.1,0.4,0.2,0.2,0.2,0.4,0.4,0.4,0.1
50479_NEG_SU,neg,Level 1,"Bis(1,3-dichloro-2-propyl) phosphate",Anthropogenic,Plasticizer / polymer additive,8.6,0.0,0.0,0.0,0.0,0.0,0.0,0.0,0.0,0.0,0.0,0.0,0.0,0.0,0.0,0.0,0.0,0.0,0.0,0.0,0.0,0.0,0.0,0.0,0.0,0.0,0.0,0.0,0.0,0.0,0.0,0.0,0.0,0.0,0.0,0.0,0.0,0.0,0.0,0.0,0.0,0.0,0.0,0.0,0.0,0.0,0.0,0.0,0.0,0.0,0.0,0.0,0.0,0.0,0.0,0.0,0.0,0.0,0.0,0.0,0.0,0.0,0.0,0.0,0.0,0.0,0.0,0.0,0.0,0.0,0.0,0.0,0.0,0.0,0.0,0.0,0.0,0.0,0.0,0.0,0.0,0.0,0.0,0.0,0.0,0.0,0.0,0.0,0.0,0.0,0.0,0.0,0.0,0.0,0.0,0.0,0.0,0.0,0.0,0.0,0.0,0.0,0.0,0.0,0.0,0.0,0.0,0.0,0.0,0.0,0.0,0.0,0.0,0.0,0.0,0.0,0.0,0.0,0.0,0.0,0.0,0.0,0.0,0.0,0.0,0.0,0.0,0.0,0.0,0.0,0.0,0.0,0.0,0.0,0.0,0.0,0.0,0.0,0.0,0.0,0.0,0.0,0.0,0.0,0.0,0.0,0.0,0.0,0.0,0.0,0.0,0.0,0.0,0.0,0.2,0.0,0.0,0.0,0.0,0.0,0.0,0.1,0.0,0.0,0.0,0.0,0.0,0.0,0.2,0.0,0.0,0.0,0.0,0.0,0.0,0.0,0.0,0.0,0.0,0.0,0.0,0.0,0.0,0.0,0.0,0.0,0.0,0.0,0.0,0.0,0.0,0.1,0.0,0.0,0.0,0.0,0.0,0.0,0.1,0.0,0.0,0.0,0.0,0.0,0.0,0.0,0.0,0.0,0.0,0.0,0.0,0.0,0.0,0.0,0.0,0.0,0.0,0.0,0.0,0.0,0.0,0.0,0.0,0.0,0.0,0.0,0.0,0.0,0.0,0.0,0.0,0.0,0.0,0.0,0.0,0.0,0.0,0.0,0.0,0.1,0.0,0.0,0.0,0.0,0.0,0.0,0.0,0.0,0.0,0.0,0.0,0.0,0.0,0.0,0.0,0.0,0.0,0.0,0.0,0.0,0.0,0.0,0.0,0.0,0.0,0.0,0.0,0.0,0.0,0.0,0.0,0.0,0.0,0.0,0.0,0.0,0.0,0.0,0.0,0.0,0.0,0.0,0.0,0.0,0.0,0.0,0.0,0.0,0.0,0.0,0.0,0.0,0.0,0.0,0.0,0.0,0.0,0.0,0.0,0.0,0.0,0.0,0.0,0.0,0.0,0.0,0.0,0.0,0.0,0.0,0.0,0.0,0.0,0.0,0.0,0.0,0.0,0.0,0.0,0.0,0.0,0.0,0.0,0.0,0.0,0.0,0.0,0.0,0.0,0.0,0.0,0.0,0.0,0.0,0.0,0.0,0.0,0.0,0.0,0.0,0.0,0.0,0.0,0.0,0.0,0.0,0.0,0.0,0.0,0.0,0.0,0.0,0.0,0.0,0.0,0.0,0.0,0.0,0.0,0.0,0.0,0.0,0.0,0.0,0.0,0.0,0.0,0.0,0.0,0.0,0.0,0.1,0.1,0.0,0.0,0.1,0.2,0.2,0.3,0.0,0.0,0.0,0.0,0.0,0.0,0.0,0.0,0.0,0.0,0.0,0.0,0.0,0.0,0.0,0.0,0.0,0.0,0.1,0.1,0.2,0.2,0.1,0.2,0.1,0.1,0.1,0.1,0.1,0.1,0.1,0.1,0.1,0.1,0.1,0.1,0.1,0.1,0.1,0.4,0.1,0.1
67332_NEG_SU,neg,Level 1,Chlorantraniliprole,Anthropogenic,Pesticide / biocide,4.5,0.0,0.0,0.0,0.0,0.0,0.0,0.0,0.0,0.0,0.0,0.0,0.0,0.0,0.0,0.0,0.0,0.0,0.0,0.0,0.0,0.0,0.0,0.0,0.0,0.0,0.0,0.0,0.0,0.0,0.0,0.0,0.0,0.0,0.0,0.0,0.0,0.0,0.0,0.0,0.0,0.0,0.0,0.0,0.0,0.0,0.0,0.0,0.0,0.0,0.0,0.0,0.0,0.0,0.0,0.0,0.0,0.0,0.0,0.0,0.0,0.1,0.2,0.0,0.0,0.0,0.0,0.0,0.0,0.0,0.0,0.0,0.0,0.0,0.0,0.0,0.0,0.0,0.0,0.0,0.0,0.0,0.0,0.0,0.0,0.0,0.0,0.0,0.0,0.0,0.0,0.0,0.0,0.0,0.0,0.0,0.0,0.0,0.0,0.0,0.0,0.0,0.0,0.0,0.0,0.0,0.0,0.0,0.0,0.0,0.0,0.0,0.0,0.0,0.0,0.0,0.0,0.1,0.0,0.0,0.0,0.0,0.0,0.0,0.0,0.0,0.0,0.0,0.0,0.0,0.0,0.0,0.0,0.0,0.0,0.0,0.0,0.0,0.0,0.0,0.0,0.0,0.0,0.0,0.0,0.0,0.0,0.0,0.0,0.0,0.0,0.0,0.0,0.0,0.6,0.0,0.0,0.0,0.0,0.0,0.0,0.0,0.0,0.0,0.0,0.1,0.0,0.1,0.0,0.0,0.0,0.0,0.1,0.0,0.7,0.9,0.0,0.0,0.0,0.0,0.0,0.0,0.1,0.6,0.0,0.0,0.0,0.0,0.0,0.0,0.0,2.4,0.3,0.0,0.0,0.0,0.0,0.0,0.0,0.0,0.0,0.0,0.0,0.0,0.0,0.0,0.0,0.0,0.0,0.0,0.0,0.0,0.0,0.0,0.0,0.0,0.0,0.0,0.0,0.0,0.0,0.0,0.0,0.0,0.0,0.0,0.0,0.0,0.0,0.0,0.0,0.0,0.0,0.0,0.0,0.0,0.0,0.0,0.0,0.0,0.0,0.5,0.0,0.0,0.0,0.0,0.0,0.0,0.0,0.0,0.0,0.0,0.0,0.0,0.0,0.0,0.0,0.0,0.0,0.0,0.0,0.0,0.0,0.0,0.0,0.0,0.0,0.0,0.0,0.0,0.0,0.0,0.1,0.0,0.0,0.0,0.0,0.0,0.0,0.0,0.0,0.0,0.0,0.0,0.0,0.0,0.0,0.0,0.0,0.0,0.0,0.0,0.0,0.0,0.0,0.0,0.0,0.0,0.0,0.0,0.0,0.0,0.0,0.0,0.0,0.0,0.0,0.0,0.0,0.0,0.0,0.0,0.0,0.0,0.0,0.0,0.0,0.0,0.0,0.0,0.0,0.0,0.0,0.0,0.0,0.0,0.0,0.0,0.0,0.0,0.0,0.0,0.0,0.0,0.0,0.0,0.0,0.0,0.0,0.0,0.0,0.0,0.0,0.1,0.0,0.0,0.1,0.7,0.0,0.0,0.0,0.0,0.0,0.6,0.0,0.0,0.0,0.0,0.0,0.0,0.0,0.0,0.0,0.0,0.0,0.0,0.0,0.0,0.0,0.0,0.0,0.0,0.0,0.0,0.0,0.0,0.0,0.0,0.0,0.0,0.0,0.0,0.0,0.0,0.0,0.0,0.0,0.0,0.0,0.0,0.0,0.0,0.0,0.0,0.0,0.0,0.0,0.0,0.0,0.0,0.0,0.0,0.0,0.0,0.0,0.0,0.0,0.0,0.0,0.0,0.0,0.0,0.0,0.0,0.0,0.0,0.0,0.0,0.0,0.0,0.0
37008_NEG_SU,neg,Level 1,Chlorothalonil-4-hydroxy,Anthropogenic,Pesticide / biocide,11.2,0.0,0.0,0.3,0.0,0.0,0.0,0.0,0.0,0.0,0.0,0.0,0.0,0.0,0.0,0.0,0.0,0.0,0.0,0.0,0.0,0.0,0.0,0.0,0.0,0.0,0.0,0.0,0.0,0.0,0.0,0.0,0.0,0.0,0.0,0.0,0.0,0.0,0.0,0.0,0.0,0.0,0.0,0.0,0.0,0.0,0.0,0.0,0.0,0.0,0.0,0.0,0.0,0.0,0.0,0.0,0.0,0.0,0.0,0.0,0.0,0.0,0.0,0.0,0.0,0.0,0.0,0.0,0.0,0.0,0.0,0.0,0.0,0.0,0.0,0.0,0.0,0.0,0.0,0.0,0.0,0.0,0.0,0.0,0.0,0.1,0.0,62.4,0.1,0.0,0.0,0.0,0.0,0.1,0.1,0.0,0.0,0.0,0.0,0.1,0.0,0.1,0.0,0.1,0.0,0.2,0.0,0.4,0.0,0.0,0.0,0.0,0.0,0.0,0.0,0.0,0.0,0.0,0.1,0.0,0.0,0.0,0.0,0.0,0.1,0.0,0.0,0.1,0.0,0.4,0.0,0.0,0.1,0.0,0.0,0.0,0.0,0.0,0.0,0.3,0.0,0.0,0.0,0.9,0.0,0.0,0.0,0.0,0.0,0.0,0.1,0.1,0.0,0.0,0.0,0.0,0.0,0.0,0.2,0.0,0.2,0.3,0.0,0.5,0.0,0.0,0.0,0.0,0.0,0.0,0.0,0.0,0.0,0.1,0.0,0.0,0.0,0.0,0.0,0.0,0.0,0.2,0.1,0.0,0.1,0.0,0.1,0.0,0.1,0.0,0.1,0.0,0.2,0.3,0.1,0.0,0.0,0.1,0.1,0.0,0.0,0.0,0.0,0.1,0.0,0.0,0.0,0.0,0.0,0.0,0.0,0.0,0.0,0.0,0.0,0.0,0.0,0.0,0.0,0.0,0.0,0.0,0.0,0.0,0.0,0.0,0.0,0.0,0.0,0.0,0.0,0.0,0.0,0.0,0.0,0.0,0.0,0.0,0.0,0.0,0.0,0.0,0.0,0.0,0.0,0.0,0.0,0.0,0.0,0.0,0.0,0.0,0.0,0.0,0.0,0.0,0.0,0.0,0.0,0.0,0.0,0.0,0.0,0.0,0.1,0.0,0.1,0.0,0.0,0.0,0.0,0.0,0.0,0.0,0.0,0.0,0.0,0.0,0.0,0.0,0.0,0.0,0.0,0.0,0.0,0.0,0.0,0.0,0.0,0.0,0.0,0.2,0.0,0.0,0.0,0.0,0.0,0.0,0.0,0.0,0.0,0.0,0.0,0.0,0.0,0.0,0.0,0.0,0.0,0.6,0.0,0.2,0.0,0.0,0.0,0.0,0.0,0.0,0.0,0.0,0.0,0.0,0.0,0.0,0.0,0.0,0.0,0.0,0.0,0.0,0.0,0.0,0.0,0.0,0.0,0.0,0.0,0.0,0.0,0.0,0.0,0.1,0.0,0.0,0.0,0.0,0.0,0.1,0.0,0.0,0.0,0.0,0.0,0.0,0.0,0.0,0.0,0.0,0.0,0.0,0.0,0.0,0.1,0.0,0.3,0.0,0.0,0.0,0.0,0.1,0.0,0.0,0.0,0.0,0.0,0.0,0.0,0.0,0.0,0.0,0.0,0.0,0.0,0.0,0.0,0.0,0.0,0.0,0.0,0.0,0.0,0.0,0.0,0.0,0.0,0.0,0.0,0.0,0.0,0.0,0.0,0.0,0.0,0.0,0.0,0.0,0.0,0.0,0.0,0.0,0.0,0.0,0.0,0.0,0.0,0.0,0.0,0.0,0.0,0.0,0.0
25806_NEG_SU,neg,Level 1,Dexpanthenol,Anthropogenic,Pharmaceutical,24.8,0.0,0.0,0.0,0.0,0.0,0.0,0.0,0.0,0.0,0.0,0.0,0.0,0.686739,0.0,0.0,0.0,0.0,0.0,0.0,0.0,0.0,0.0,0.0,0.0,0.0,0.0,11.811809,0.0,0.0,0.0,0.0,0.0,0.0,0.0,0.0,0.0,0.0,0.0,23.120722,0.0,0.0,0.0,0.0,0.0,0.0,0.0,0.0,0.0,0.0,0.0,0.0,0.0,3.17955,0.0,0.0,0.0,0.0,0.0,0.0,0.0,0.0,0.0,0.0,0.0,0.0,0.0,0.0,0.0,0.0,0.0,0.0,0.0,0.0,0.0,0.0,0.0,0.0,0.0,5.288994,0.0,50.109136,0.0,0.0,0.0,8.050529,0.0,0.0,0.0,0.0,0.0,0.0,0.0,0.0,0.0,0.0,0.0,16.476112,0.0,9.517869,0.0,0.0,0.0,0.0,0.0,0.0,0.0,33.757633,0.0,0.0,0.0,58.765882,0.0,0.0,93.942934,0.564148,0.0,25.673551,0.0,0.0,0.0,0.0,0.0,0.0,0.0,0.0,0.0,0.0,0.0,0.0,0.0,0.0,0.0,0.0,0.0,4.754438,0.0,0.0,0.0,0.0,0.0,0.0,0.0,0.0,0.0,0.0,0.0,84.470964,0.0,0.0,0.0,0.0,0.0,0.0,0.0,0.0,0.0,0.0,0.0,5.580735,0.0,50.892794,0.0,0.0,0.0,3.990387,0.0,0.0,0.0,0.0,0.0,0.0,4.122731,0.0,6.408412,0.0,0.0,15.483814,0.0,0.0,11.013845,0.0,0.0,9.286497,41.76039,0.0,1.259007,0.0,0.0,6.951742,0.0,61.098564,2.198482,18.331633,0.0,31.395557,0.0,0.0,45.557766,5.169166,0.0,0.0,0.0,0.0,0.0,17.318971,0.0,0.0,0.0,0.0,0.0,2.039583,0.0,12.497906,0.0,5.136948,0.0,27.70047,0.0,0.0,0.0,29.915685,0.0,22.072618,0.0,0.0,0.0,26.027595,0.0,2.046805,0.0,45.336592,0.0,22.193931,0.0,26.273309,0.0,0.0,0.0,14.454924,0.0,12.679032,0.0,7.099765,3.042828,0.0,4.13708,0.0,0.0,8.016366,0.0,9.500094,0.0,2.128602,0.0,0.0,0.0,38.47274,0.0,3.844497,0.0,0.0,0.0,519.339864,0.0,14.299528,0.0,13.071625,0.216862,150.820941,0.0,0.0,0.0,1.004915,0.0,13.569754,0.0,0.0,0.0,1.488835,0.0,19.876657,0.0,0.0,0.0,10.405436,0.0,0.0,0.0,18.86797,0.0,35.401225,0.0,0.425363,0.0,20.134531,0.0,0.0,0.0,19.39605,0.0,17.802011,0.0,0.0,0.0,0.0,0.0,0.0,0.0,2.492779,0.0,1.887348,0.0,7.925349,0.0,10.405097,0.0,0.0,0.0,0.0,0.0,0.0,8.303019,0.0,0.0,0.0,3.235877,0.0,0.0,29.934377,7.209733,0.0,0.0,131.381307,0.0,17.327373,0.0,14.68574,0.0,7.814491,58.003641,0.0,0.0,0.0,0.0,0.0,0.0,0.0,131.408894,1.726615,0.0,12.868324,0.0,0.0,0.0,29.664692,0.0,0.18714,4.231481,0.0,0.0,1.382045,0.0,31.577547,0.0,3.509942,0.0,0.0,0.0,0.746859,86.519839,0.0,0.0,0.0,0.0,0.0,0.0,0.0,0.0,0.0,0.0,0.0,0.0,6.76881,0.0,159.653005,0.0,0.0,0.0,0.0,0.0,35.866611,0.0,4.993666,0.0,2.203802,0.0,3.592799,0.0,0.0,0.0,34.537642,0.0,0.0,0.0,12.183952,0.0,0.0,0.0,0.0,0.0,0.0,0.0,0.0,0.0,0.0,0.0,0.0,0.0,38.176567,0.0
37849_NEG_SU,neg,Level 1,Diphenyl phosphate,Anthropogenic,Flame retardant,17.4,0.0,0.0,0.0,0.0,72.0,0.0,11.4,4.6,0.0,0.0,0.0,0.0,76.4,0.0,0.0,0.0,0.0,0.0,0.0,0.0,0.0,0.0,0.0,0.0,0.0,0.0,2.5,0.0,0.0,0.0,14.4,0.0,0.0,0.0,4.7,0.0,0.0,0.0,0.0,310.9,0.0,4.3,0.0,0.0,0.1,0.0,8.8,0.0,44.5,37.1,6.0,15.0,0.0,0.0,0.0,0.0,0.0,0.0,3.9,0.0,0.0,0.0,0.0,0.0,0.0,0.0,0.0,0.0,0.0,0.0,0.0,0.0,0.1,2.6,0.0,0.0,0.0,0.0,0.6,0.0,1.0,0.0,0.0,0.0,0.0,0.0,0.0,0.0,0.0,0.0,0.0,0.0,0.0,0.0,0.0,0.0,0.0,0.0,0.0,0.0,4.2,0.0,0.0,0.0,0.0,0.0,0.0,0.0,0.0,0.0,0.0,0.0,0.0,0.0,0.0,6.6,0.0,0.0,0.0,0.0,0.0,0.0,0.0,0.0,0.0,0.0,0.0,0.0,0.0,0.0,0.0,0.0,17.2,0.0,18.8,0.0,0.0,0.0,0.0,0.0,0.0,0.0,0.0,0.0,0.0,0.0,0.0,0.0,0.0,0.0,0.0,0.0,1.2,0.0,0.0,0.0,5.1,0.0,0.0,1.8,38.5,0.0,0.0,0.0,0.0,8.9,0.0,0.1,20.7,0.0,0.0,0.0,0.0,0.0,0.0,0.0,0.0,0.0,7.2,6.2,15.7,0.0,1.3,15.0,0.0,0.0,0.0,0.0,3.4,1.7,32.7,0.0,9.6,10.3,0.0,0.0,1.4,10.7,0.0,0.0,0.0,4.2,2.9,0.0,0.0,0.0,0.0,0.0,0.0,0.0,0.0,12.4,0.0,0.0,0.0,0.0,0.0,0.0,0.0,0.0,0.0,0.0,0.0,0.0,0.0,0.0,0.0,0.0,0.0,0.0,0.0,0.0,0.0,0.0,0.0,0.0,0.0,0.6,0.0,0.0,0.0,0.0,0.0,0.0,0.0,0.0,0.0,0.0,0.0,0.0,0.2,0.0,0.0,0.0,0.0,0.0,0.0,0.0,0.0,0.0,0.0,0.0,0.0,0.0,0.0,0.0,0.0,0.0,0.0,0.0,0.0,0.0,0.0,0.0,0.0,0.0,0.0,0.0,0.0,0.0,0.0,0.0,0.0,0.1,0.0,0.0,0.0,0.0,0.0,0.0,2.6,0.0,0.0,0.0,0.0,0.0,0.0,0.0,0.0,0.0,0.0,0.0,0.0,0.0,0.0,0.0,0.0,0.0,0.0,0.0,0.0,0.0,0.0,0.0,0.0,0.0,0.0,0.0,0.0,0.0,0.0,0.0,0.0,0.0,0.0,0.0,1.3,0.0,0.0,0.0,0.0,4.1,2.0,0.0,26.8,0.8,1.2,0.0,1.2,9.3,4.0,7.8,0.2,1.6,0.8,0.0,1.7,0.0,0.6,0.0,0.0,0.0,0.0,2.2,2.4,0.0,2.2,0.0,0.0,0.0,0.0,0.0,6.1,6.6,0.0,0.0,0.0,1.1,0.0,0.0,0.0,0.0,0.0,0.0,0.0,0.0,0.0,0.0,0.0,0.0,0.0,0.0,0.0,0.0,4.2,0.0,0.0,0.0,0.0,0.0,0.0,0.0,0.0,0.0,0.0,0.0,0.0,0.0,0.0,0.0,0.0,0.0,0.0,0.0,0.0,0.0,0.0,0.0,0.0,0.0,0.0,0.0,0.0,0.0,3.8,0.0,0.0,0.0,0.0,0.0
17964_NEG_SU,neg,Level 1,Gabapentin,Anthropogenic,Pharmaceutical,20.5,0.0,0.0,0.7,0.0,3.8,0.0,0.0,0.0,0.0,0.0,0.0,0.0,6.0,0.0,1.3,0.0,1.0,0.0,0.2,0.0,0.5,0.0,0.0,0.0,5.6,0.0,1.0,0.0,1.6,0.0,1.3,0.0,1.5,0.0,1.1,0.0,1.1,0.0,0.0,0.0,1.5,0.0,0.3,0.0,0.3,0.0,0.1,0.0,0.6,0.0,3.4,0.0,0.5,0.0,0.0,0.0,0.2,0.0,0.3,0.0,0.0,0.0,0.0,0.0,2.0,0.0,0.0,0.0,0.1,0.0,0.2,0.0,0.0,0.0,0.0,0.0,0.0,0.0,3.1,0.0,0.1,0.0,0.0,0.0,0.0,0.0,0.0,0.0,0.0,0.0,0.0,0.0,0.0,0.0,0.0,0.0,0.0,0.0,0.0,0.0,0.7,0.0,0.8,0.0,0.0,0.0,0.0,0.0,0.0,0.0,0.0,0.0,0.0,0.0,0.0,0.0,0.0,0.0,0.0,0.0,0.0,0.0,0.0,0.0,0.0,0.0,0.6,0.0,0.0,0.0,0.0,0.0,0.0,0.0,0.0,0.0,0.0,0.0,0.0,0.0,0.0,0.0,0.0,0.0,0.0,0.0,2.3,0.0,0.0,0.0,6.8,0.2,0.9,0.0,3.7,0.0,2.4,0.0,0.0,0.0,0.0,2.3,0.0,0.0,0.7,0.0,13.0,0.0,0.0,0.0,5.5,0.0,0.0,0.0,0.2,0.0,4.2,0.0,0.4,0.0,0.0,0.0,0.3,0.0,0.5,0.2,5.5,0.0,0.0,0.0,0.9,0.0,0.8,0.0,0.0,0.0,0.0,0.0,7.7,0.0,0.0,3.7,0.0,4.3,1.7,0.0,0.0,0.0,0.0,0.0,0.0,0.0,0.0,0.0,0.0,0.0,0.0,0.0,0.0,0.0,0.0,0.0,0.0,0.0,0.0,0.0,0.0,0.0,0.0,0.0,0.0,0.0,0.0,0.0,0.0,0.0,0.0,0.0,0.0,0.0,0.0,0.0,0.0,0.0,0.0,0.0,0.0,0.0,0.0,0.0,0.0,0.0,0.0,0.0,0.0,0.0,0.0,0.0,0.0,0.0,0.0,0.0,0.0,0.0,0.0,0.0,0.0,0.0,0.0,0.0,0.0,0.0,0.0,0.0,0.0,0.0,0.0,0.0,0.0,0.0,0.0,0.0,0.0,0.0,0.0,0.0,0.0,0.0,0.0,0.0,0.0,0.0,0.0,0.0,0.0,0.0,0.0,0.0,0.0,0.0,0.0,0.0,0.0,0.0,0.0,0.0,0.0,0.0,0.0,0.0,0.0,0.0,0.0,0.0,0.0,0.0,0.0,0.0,0.0,0.0,0.0,0.0,0.0,0.3,0.0,0.0,0.0,0.0,0.0,0.0,0.0,0.7,0.0,1.9,0.0,3.8,0.0,0.0,0.0,4.2,0.0,0.0,0.0,0.0,0.0,0.0,0.6,0.0,0.0,0.5,0.0,0.0,0.0,0.0,0.0,0.0,0.0,0.0,0.0,0.0,0.1,0.3,0.0,0.0,0.0,0.0,0.0,0.6,0.0,0.0,0.0,0.0,0.0,0.0,0.3,0.0,0.2,0.0,0.2,0.0,1.4,0.0,0.6,0.0,0.1,0.0,0.2,0.0,0.9,0.0,0.0,0.0,0.1,0.0,0.5,0.0,0.0,1.0,0.4,0.0,1.7,0.0,0.3,0.0,0.2,0.0,2.3,0.0,0.1,0.0,0.4,0.0,0.0,0.0,0.3,0.0,0.4,0.5,1.0,0.0
37916_NEG_SU,neg,Level 1,Gemfibrozil,Anthropogenic,Pharmaceutical,16.7,0.0,0.0,0.0,0.0,0.0,0.0,0.0,0.0,0.0,0.0,0.0,0.0,0.8,0.0,0.0,0.0,0.0,0.0,0.0,0.0,0.0,0.0,0.0,0.0,0.0,0.0,0.0,0.0,0.0,0.0,0.0,0.0,0.1,0.0,0.0,0.0,1.3,0.0,0.0,0.0,0.0,0.0,0.0,0.0,0.0,0.0,0.0,0.0,0.0,0.0,0.0,0.0,0.0,0.0,0.0,0.0,0.0,0.0,0.0,0.0,0.2,0.0,0.0,0.0,0.0,0.0,3.1,0.0,0.0,0.0,0.0,0.0,0.0,0.0,0.0,0.0,0.0,0.0,0.0,0.0,0.0,0.0,0.0,0.0,1.0,0.0,1.1,0.0,0.0,0.0,0.0,0.0,0.0,0.0,0.0,0.0,0.0,0.0,1.0,0.0,3.6,0.0,0.0,0.0,6.1,0.0,0.0,0.0,0.0,0.0,2.2,0.0,0.0,3.6,0.0,0.0,0.0,0.0,2.9,3.8,0.0,0.0,0.0,0.0,0.0,0.0,0.0,0.0,0.0,0.0,0.0,0.0,3.9,5.0,0.1,0.0,0.0,0.0,0.0,0.0,5.2,0.0,3.9,5.6,4.6,4.2,9.1,5.6,4.4,3.0,0.0,0.0,4.3,3.8,4.9,3.1,4.9,0.0,4.6,0.0,0.0,0.0,0.3,0.0,0.0,0.0,0.0,4.3,4.0,0.0,0.0,0.0,0.0,0.0,0.1,0.0,0.0,0.0,0.0,0.0,0.0,0.0,0.0,0.0,0.0,0.0,0.0,0.0,0.0,0.0,0.0,0.0,0.0,0.0,0.0,0.0,1.7,0.0,0.3,0.0,0.0,0.2,0.0,0.0,0.0,0.0,0.0,0.0,0.0,0.0,0.0,0.0,0.0,0.0,0.0,0.0,0.0,0.0,0.0,0.0,0.0,0.0,0.0,0.0,0.0,0.0,0.0,0.0,0.0,0.6,1.5,0.0,0.0,0.0,0.0,0.0,0.0,0.0,0.6,0.0,0.0,0.0,0.0,0.0,0.0,0.2,0.0,0.0,0.0,0.0,0.0,0.0,0.0,0.0,0.0,0.0,0.0,0.0,0.0,0.0,0.0,0.0,0.6,0.0,0.0,0.0,0.0,0.0,0.0,0.0,0.0,0.0,0.0,0.0,0.0,0.0,0.0,0.0,0.0,0.0,0.0,0.0,0.0,0.0,0.0,0.0,0.0,0.0,0.0,0.0,0.0,0.0,0.0,1.1,0.0,0.0,0.0,0.0,0.0,0.0,0.0,0.0,0.0,0.0,0.0,0.0,0.0,0.0,0.0,0.0,0.0,0.0,0.0,0.0,0.0,0.0,0.0,0.0,26.2,0.0,0.0,0.0,0.0,0.0,0.0,0.0,0.0,0.0,0.0,0.0,0.0,0.0,0.0,0.0,0.0,0.0,0.0,19.3,0.0,0.0,0.0,0.0,0.0,0.0,1.6,0.0,0.7,0.0,0.0,0.0,0.0,0.0,0.0,0.0,0.0,0.0,0.0,0.2,0.0,0.0,0.0,0.0,0.0,0.0,0.0,0.0,0.0,0.0,0.0,0.0,12.9,12.7,13.9,0.0,0.0,0.0,0.0,0.0,0.0,0.0,0.0,0.0,0.0,0.0,0.0,0.0,12.4,0.0,0.0,0.0,0.0,0.0,0.0,12.5,0.0,14.4,10.1,14.9,0.0,13.9,0.0,0.0,0.0,0.0,0.0,0.0,0.0,11.8,0.0,0.0,16.6,10.1,13.9,13.7,16.1,13.2,17.4,21.4,18.6,12.0
45717_NEG_SU,neg,Level 1,Mono(2-ethyl-5-hydroxyhexyl) phthalate,Anthropogenic,Plasticizer / polymer additive,9.5,0.0,0.0,0.0,0.0,0.0,0.0,0.0,0.0,0.0,0.1,0.0,0.0,0.0,0.0,0.0,0.0,0.0,0.0,0.0,0.0,0.0,0.0,0.0,0.0,0.0,0.0,0.1,0.0,0.0,0.1,0.0,0.0,0.0,0.0,0.0,0.0,0.0,0.0,0.0,0.0,0.0,0.1,0.0,0.0,0.0,0.0,0.1,0.0,0.0,0.0,0.0,0.0,0.0,0.1,0.0,0.0,0.1,0.1,0.0,0.2,0.0,0.1,0.0,0.1,0.0,0.0,0.0,0.1,0.0,0.0,0.0,0.0,0.0,0.0,0.0,0.0,0.2,0.1,0.2,0.1,0.0,0.0,0.0,0.1,0.1,0.0,0.1,0.1,0.1,0.1,0.0,0.0,0.1,0.0,0.0,0.0,0.0,0.0,0.0,0.1,0.1,0.0,0.0,0.0,0.0,0.0,0.0,0.0,0.0,0.0,0.0,0.0,0.0,0.0,0.0,0.1,0.0,0.0,0.0,0.0,0.0,0.2,0.0,0.0,0.0,0.0,0.0,0.0,0.0,0.0,0.0,0.0,0.0,0.0,0.0,0.0,0.0,0.0,0.0,0.1,0.0,0.0,0.0,0.0,0.0,0.0,0.0,0.0,0.0,0.0,0.0,0.1,0.0,0.0,0.0,0.0,0.0,0.0,0.0,0.0,0.0,0.0,0.0,0.0,0.0,0.0,0.0,0.0,0.0,0.0,0.0,0.0,0.0,0.0,0.0,0.0,0.0,0.0,0.1,0.0,0.1,0.0,0.0,0.0,0.0,0.0,0.0,0.0,0.0,0.0,0.1,0.0,0.1,0.1,0.1,0.0,0.1,0.1,0.0,0.0,0.0,0.2,0.0,0.0,0.0,0.0,0.0,0.0,0.0,0.0,0.0,0.0,0.0,0.0,0.0,0.0,0.0,0.0,0.0,0.0,0.0,0.0,0.0,0.0,0.0,0.0,0.0,0.0,0.0,0.0,0.0,0.0,0.0,0.0,0.0,0.0,0.0,0.0,0.0,0.0,0.0,0.0,0.0,0.0,0.0,0.0,0.0,0.0,0.0,0.0,0.0,0.0,0.0,0.0,0.0,0.0,0.0,0.0,0.0,0.0,0.0,0.0,0.0,0.0,0.0,0.0,0.0,0.0,0.0,0.0,0.0,0.0,0.0,0.0,0.0,0.0,0.0,0.0,0.0,0.0,0.0,0.0,0.0,0.0,0.0,0.0,0.0,0.0,0.0,0.0,0.0,0.0,0.0,0.0,0.0,0.0,0.0,0.0,0.0,0.0,0.0,0.0,0.0,0.0,0.0,0.0,0.0,0.0,0.0,0.0,0.0,0.0,0.0,0.0,0.0,0.0,0.0,0.0,0.0,0.0,0.0,0.0,0.0,0.0,0.0,0.0,0.0,0.0,0.0,0.0,0.0,0.0,0.0,0.0,0.0,0.0,0.0,0.0,0.0,0.0,0.0,0.0,0.0,0.0,0.0,0.0,0.0,0.0,0.0,0.0,0.0,0.0,0.0,0.0,0.1,0.0,0.0,0.0,0.0,0.0,0.0,0.0,0.0,0.0,0.0,0.0,0.0,0.0,0.0,0.0,0.0,0.0,0.0,0.0,0.0,0.0,0.0,0.0,0.0,0.0,0.0,0.0,0.0,0.0,0.0,0.0,0.0,0.0,0.0,0.0,0.0,0.0,0.0,0.0,0.0,0.1,0.0,0.0,0.0,0.0,0.0,0.0,0.0,0.0,0.0,0.0,0.0,0.0,0.0,0.0,0.0,0.0,0.0,0.0,0.0,0.0,0.0,0.0,0.0,0.0
36421_NEG_SU,neg,Level 1,N-lauroylethanolamine,Anthropogenic,Surfactant / detergent,44.5,0.4,0.0,0.0,0.0,0.0,0.0,0.9,0.0,0.0,0.0,0.0,0.0,0.0,0.0,0.0,0.0,0.0,0.0,0.0,0.0,0.0,0.0,0.0,0.0,0.0,0.0,0.6,0.0,1.7,0.0,0.0,0.0,0.6,0.0,0.0,0.0,0.2,0.0,0.8,0.0,0.1,0.0,0.0,0.0,0.0,0.1,2.5,0.0,0.0,0.0,0.2,0.0,1.0,1.5,0.6,0.7,0.6,0.1,0.5,0.5,0.6,0.0,0.0,0.0,0.2,0.0,0.4,0.0,0.2,0.0,0.0,0.0,0.0,0.0,1.7,0.0,0.9,0.0,0.8,0.0,1.6,0.9,0.0,0.3,1.4,0.0,0.0,0.4,0.0,0.0,0.0,0.1,5.0,0.5,0.4,0.3,0.5,0.6,0.0,0.6,1.2,0.0,0.3,0.0,0.0,0.0,8.5,0.0,0.0,0.0,4.1,0.0,0.9,0.4,0.0,0.9,0.4,0.0,0.0,0.0,14.5,0.0,1.3,0.0,0.2,0.0,0.0,0.0,0.2,0.0,0.8,0.0,0.0,0.0,0.2,0.0,1.5,0.0,0.0,0.0,0.0,0.0,0.5,0.0,0.2,0.0,28.1,0.0,0.6,56.0,0.6,0.0,2.0,4.5,0.9,0.0,24.9,0.6,0.0,0.0,198.6,1.3,1.7,1.0,0.0,0.0,4.6,0.0,0.0,0.0,43.0,0.0,0.4,0.0,0.2,0.0,3.0,0.0,2.7,0.0,1.8,0.0,4.7,7.3,0.9,0.0,0.2,0.0,1.8,0.2,2.2,0.2,1.1,11.4,1.6,1.5,3.1,5.0,1.7,0.4,0.1,1.4,0.5,5.5,0.0,0.0,0.0,0.0,0.0,0.0,6.8,0.0,0.2,0.0,0.8,0.0,0.4,0.0,2.5,0.0,0.9,0.0,1.6,0.0,0.0,0.0,1.1,0.0,0.0,0.0,3.6,0.0,0.0,0.0,0.4,1.0,0.0,0.0,1.3,0.0,0.1,0.0,0.9,0.0,1.0,0.0,0.0,0.0,1.2,0.3,1.5,0.0,0.0,0.0,0.0,0.5,1.2,0.0,1.3,0.0,0.0,0.0,33.7,0.0,0.9,0.0,0.0,0.0,0.0,0.0,0.3,0.8,1.9,0.0,1.0,0.0,0.0,0.0,0.0,0.0,3.9,0.0,1.5,0.0,9.1,0.0,0.2,0.0,1.4,0.0,0.0,0.0,0.0,0.9,0.1,0.0,0.0,0.0,0.0,0.0,0.0,0.0,10.0,0.0,0.0,0.0,0.4,0.0,0.0,0.0,0.0,0.0,0.5,0.0,0.9,0.0,0.0,0.0,0.0,0.0,0.0,1.9,0.0,0.0,0.0,0.3,0.1,0.4,0.5,1.7,0.0,0.3,0.0,4.5,0.0,0.5,2.1,2.3,0.0,3.7,0.0,0.0,0.0,0.0,0.9,1.1,5.1,0.0,0.4,0.1,0.0,0.0,0.0,1.4,0.0,0.0,1.1,1.3,0.0,0.1,0.0,4.6,0.0,2.6,0.0,0.1,0.0,1.6,0.4,0.0,0.1,0.4,0.0,0.0,0.0,0.5,3.2,16.2,0.0,0.0,1.2,0.0,0.9,0.0,1.0,0.0,0.0,1.2,0.0,0.0,1.1,0.4,0.0,0.1,0.0,1.2,0.4,1.1,0.4,0.0,0.0,0.5,2.2,0.0,0.4,0.0,0.0,0.0,0.1,0.0,0.0,0.0,0.4,0.1,0.2,0.0,0.7,0.9,0.2,0.2
32452_NEG_SU,neg,Level 1,Oxybenzone,Anthropogenic,UV filter / cosmetic preservative,71.7,2.6,0.0,4.5,0.0,1.3,0.0,20.5,0.0,2.1,0.0,1.3,0.0,8.5,0.5,0.1,0.0,5.8,0.1,2.7,0.0,2.3,0.1,2.4,0.0,8.8,0.0,4.6,0.0,1.6,0.0,15.3,0.0,4.1,0.0,1.5,0.0,62.5,0.0,6.3,0.0,3.6,0.0,0.4,0.0,8.7,0.0,0.7,0.0,12.2,0.0,24.4,0.1,6.6,0.0,411.0,0.8,118.8,2.5,27.0,0.9,16.0,0.0,19.1,0.8,1.0,0.2,14.2,0.6,101.0,0.1,28.1,0.1,455.3,1.5,10.2,0.0,5.7,0.0,82.0,0.1,113.6,0.5,4.7,0.0,14.4,0.0,32.9,0.4,3.0,0.0,23.5,0.4,102.3,0.0,183.5,0.5,5.1,0.1,21.3,0.0,8.3,0.5,18.6,0.6,17.3,0.1,8.7,0.4,12.8,0.1,29.4,0.8,30.8,0.4,12.4,0.9,7.4,0.2,3.1,0.1,9.8,0.8,6.2,0.3,14.4,0.5,4.2,0.1,12.6,0.3,10.4,0.7,28.6,1.1,6.9,0.5,17.3,0.3,6.2,1.6,56.7,0.4,8.6,0.8,16.3,0.3,112.2,2.9,23.2,1.3,5.7,0.0,0.2,0.0,2.9,0.1,0.6,0.0,0.5,0.0,1.2,0.0,0.9,0.0,13.8,0.0,2.8,0.0,6.5,0.0,28.2,0.0,2.5,0.0,6.4,0.0,6.2,0.0,11.2,0.0,7.5,0.0,10.9,0.0,3.8,0.0,2.2,0.0,1.6,0.0,1.3,0.0,20.9,11.4,52.8,0.3,16.6,4.1,9.8,0.0,7.5,10.7,6.7,10.7,0.4,0.0,0.0,0.0,0.0,0.0,3.1,0.0,2.1,0.0,1.9,0.0,12.2,0.0,3.7,0.0,40.8,0.3,15.7,0.1,3.5,0.0,15.0,0.0,1.5,0.3,5.6,0.7,26.9,0.4,0.1,10.8,11.5,1.0,0.5,0.0,4.2,0.0,1.2,0.3,6.5,0.0,4.8,0.0,3.1,0.0,5.2,0.0,1.9,0.0,0.1,0.0,3.3,0.0,2.3,0.0,0.2,0.0,2.5,1.7,14.5,0.8,29.0,3.3,0.8,0.0,3.8,0.0,14.8,0.0,27.2,7.6,6.6,0.0,7.1,0.0,6.3,0.0,18.7,0.0,2.8,0.0,47.8,0.9,8.3,0.1,3.9,0.0,6.0,4.0,4.0,0.0,4.8,0.0,1.6,0.1,6.3,0.0,4.5,0.0,35.4,0.0,17.5,0.4,5.3,0.0,4.3,0.0,6.2,0.0,8.0,0.0,4.5,0.0,5.7,0.0,0.0,2.7,0.0,3.1,0.0,22.5,0.0,6.7,0.9,9.9,0.0,5.1,0.3,3.7,0.6,1.8,0.0,0.1,0.0,1.9,0.8,10.5,0.0,5.6,2.5,15.3,0.3,4.8,0.5,13.4,0.0,20.9,0.9,22.6,0.0,0.5,0.0,2.9,0.0,1.2,0.0,3.2,0.0,6.9,0.4,12.8,0.1,5.2,0.0,0.8,19.4,0.5,2.8,0.0,6.3,0.4,20.7,0.4,18.7,0.0,36.8,0.0,27.3,0.0,124.6,0.0,8.2,0.0,5.9,0.0,7.1,7.7,64.5,109.3,15.1,0.0,0.1,198.3,1014.2,2.6,8.2,0.4,140.1,0.9,9.7,14.0,8.3,0.3,5.8,0.1,124.8,22.7,9.8,0.3,1.0,0.2,7.9,0.1,0.5,0.0
13069_NEG_SU,neg,Level 1,Paracetamol,Anthropogenic,Pharmaceutical,53.1,0.5,0.7,2.1,0.0,5.2,0.0,0.8,0.0,1.2,0.2,0.0,0.0,3.3,0.0,1.9,0.4,2.5,0.1,1.2,0.0,2.0,0.7,0.0,0.0,0.3,0.0,2.3,0.0,4.9,0.1,0.5,0.0,0.7,0.0,0.0,0.2,0.7,0.0,2.0,0.0,0.2,0.0,0.0,0.0,0.4,0.7,0.0,0.0,0.6,0.0,7.9,0.0,0.4,0.1,0.3,0.0,0.4,0.0,0.0,0.2,0.0,0.7,0.3,0.0,0.2,0.0,0.0,0.0,1.7,0.0,2.7,0.0,0.3,0.0,0.2,0.0,0.0,0.1,3.5,0.0,0.0,0.0,0.0,0.0,0.0,0.0,0.0,0.0,0.0,0.0,0.1,0.0,0.0,0.2,1.6,0.0,0.5,0.0,3.5,0.0,0.0,0.0,0.5,0.9,1.4,0.0,210.2,0.5,1.2,0.0,3.4,0.0,2.5,0.0,0.0,0.0,1.6,0.0,0.3,0.3,5.2,0.0,2.6,0.0,29.0,0.0,0.8,0.2,1.5,0.0,1.7,0.0,4.6,0.0,4.0,0.0,0.2,0.0,0.3,0.1,0.5,0.0,0.3,0.2,2.4,0.0,11.5,0.0,1.2,0.0,2.9,10.2,1.0,0.0,0.3,0.5,1.4,0.8,0.1,2.5,0.7,0.1,0.4,0.0,0.0,0.2,0.0,0.0,0.0,0.0,1.7,0.0,2.3,0.6,0.0,0.0,0.0,0.0,1.3,0.5,0.6,0.0,0.5,0.1,0.0,0.3,0.0,0.0,0.1,0.3,4.3,0.5,1.5,0.4,0.3,0.0,1.2,6.5,1.2,0.0,7.3,1.5,2.8,0.4,0.0,0.0,0.0,0.0,0.0,0.0,5.5,0.0,0.1,0.4,2.3,0.0,0.5,0.0,2.9,0.3,1.4,0.2,0.3,0.3,0.6,0.0,0.6,0.0,1.7,4.7,2.3,0.2,70.2,0.5,0.1,0.3,0.2,0.7,0.4,0.0,1.7,9.6,0.2,0.2,28.9,0.1,0.3,0.3,0.4,0.5,2.0,0.3,8.4,0.1,5.6,0.3,1.3,0.0,0.0,0.1,0.2,0.0,1.3,0.4,2.0,2.0,0.2,0.3,0.0,0.1,1.5,0.0,11.1,0.0,0.0,0.0,2.7,4.0,0.1,0.0,0.1,0.0,0.0,0.0,2.9,0.0,2.3,0.0,1.0,0.7,0.4,2.4,0.7,7.3,0.0,0.0,0.3,0.0,2.4,0.0,0.0,0.0,0.0,0.0,1.4,0.0,0.0,0.0,0.2,0.0,2.4,0.0,265.1,2.6,1.0,0.0,0.0,0.0,1.8,0.0,2.7,1.7,0.0,0.4,1.4,0.0,0.0,0.0,1.7,4.9,0.2,0.0,0.5,4.4,1.4,11.5,0.0,33.8,9.4,1.4,0.1,0.0,0.0,0.0,3.3,0.0,2.1,0.0,0.0,0.2,0.2,3.0,0.0,1.2,0.7,4.1,1.1,1.5,0.0,1.4,0.5,0.0,0.0,0.1,1.2,0.2,0.0,1.2,7.6,0.0,0.0,0.0,0.0,0.0,0.0,0.0,0.0,0.0,0.0,0.0,0.0,0.0,0.0,0.0,0.1,0.0,0.0,0.0,0.0,0.0,0.7,0.0,0.3,0.0,0.3,0.0,0.0,0.0,0.0,0.0,0.0,0.0,0.0,0.0,0.0,0.0,0.0,0.0,0.0,0.0,0.0,0.0,0.0,0.0,0.0,0.0,0.0,0.0,1.2,0.0
40359_NEG_SU,neg,Level 1,Pentachlorophenol,Anthropogenic,Pesticide / biocide,11.2,0.0,0.0,0.0,0.0,0.0,0.0,0.2,0.0,0.0,0.0,0.0,0.0,3.4,0.0,0.0,0.0,0.0,0.0,0.0,0.0,0.0,0.1,0.0,0.0,0.0,0.0,0.0,0.0,0.0,0.0,0.0,0.0,0.0,0.0,0.2,0.0,0.1,0.0,0.0,0.0,0.0,0.0,0.0,0.0,0.0,0.0,0.4,0.0,0.4,0.0,0.0,0.0,0.0,0.0,0.2,0.0,0.0,0.0,0.0,0.0,0.0,0.0,0.0,0.0,0.0,0.0,0.0,0.0,0.0,0.0,0.0,0.0,0.0,0.0,0.0,0.0,0.0,0.0,0.0,0.0,0.0,0.0,0.0,0.0,0.0,0.0,0.0,0.0,0.0,0.0,0.0,0.0,0.0,0.0,0.0,0.0,1.0,0.0,0.0,0.0,0.0,0.0,0.0,0.0,9.0,0.0,0.0,0.0,0.0,0.0,18.1,0.0,0.0,0.0,0.0,0.0,0.1,0.0,0.0,0.0,0.0,0.0,0.0,0.0,0.0,0.0,0.1,0.0,0.0,0.0,0.0,0.0,0.1,0.0,0.0,0.0,0.0,0.0,0.5,0.0,0.8,0.0,0.0,0.1,0.0,0.0,0.0,0.0,0.0,0.0,0.1,0.0,0.0,0.3,0.0,0.0,0.3,0.0,0.0,0.0,1.9,0.0,0.0,0.0,0.0,0.0,0.0,0.0,0.0,0.0,0.0,0.0,0.0,0.0,0.1,0.0,0.0,0.0,0.0,0.0,0.0,0.0,0.0,0.0,0.0,0.0,0.0,0.0,0.0,0.0,0.0,0.0,0.6,0.3,0.6,0.0,0.1,0.3,0.0,0.0,0.6,0.5,0.0,0.0,0.0,0.0,0.0,0.0,0.0,0.0,0.0,0.0,0.0,0.0,0.0,0.0,0.7,0.0,0.2,0.0,0.0,0.0,0.0,0.0,0.0,0.0,0.6,0.0,0.0,0.0,0.0,0.0,0.0,0.0,0.0,0.0,0.0,0.0,0.0,0.0,0.0,0.0,0.0,0.0,0.0,0.0,0.0,0.0,0.0,0.0,0.0,0.0,0.0,0.0,0.0,0.0,0.0,0.0,0.0,0.0,0.0,0.0,0.0,0.0,0.0,0.0,0.0,0.0,0.0,0.0,0.0,0.0,0.0,0.0,0.0,0.0,0.0,0.0,0.0,0.0,0.0,0.0,0.0,0.0,0.1,0.0,0.1,0.0,0.0,0.0,0.0,0.0,0.0,0.0,0.0,0.0,0.0,0.0,0.0,0.0,0.0,0.0,0.0,0.0,0.0,0.0,0.0,0.0,0.0,0.0,0.0,0.0,0.0,0.0,0.1,0.0,0.0,0.0,0.0,0.0,0.0,0.0,0.0,0.0,0.0,0.0,0.0,0.0,0.0,0.0,0.0,0.0,0.0,0.0,0.0,0.0,0.0,0.0,0.0,0.5,0.0,0.0,0.0,0.0,0.0,0.0,0.0,0.0,0.0,0.0,0.0,0.0,0.0,0.0,0.0,0.0,0.0,0.1,0.0,0.0,0.0,0.0,0.0,0.0,0.0,0.3,0.0,0.0,0.0,0.0,0.0,0.0,0.0,0.0,0.0,0.0,0.0,0.0,0.0,0.0,0.0,0.0,0.0,0.0,5.7,0.0,17.3,0.0,0.0,0.0,0.0,0.0,7.5,2.4,3.2,0.0,0.0,0.1,0.0,0.0,0.0,0.0,0.0,0.0,0.0,0.0,0.0,0.0,0.0,0.0,0.0,0.0,0.0,0.0,0.4,0.0,0.1,0.0,3.7,0.0
27804_NEG_SU,neg,Level 1,Perfluoro-n-butanoic acid,Anthropogenic,PFAS,83.3,0.1,1.7,0.3,1.1,0.4,2.5,0.2,1.0,0.2,1.8,0.0,0.0,0.0,1.1,0.1,0.8,0.2,1.1,0.0,0.9,0.1,1.3,0.0,1.0,0.2,0.9,0.1,1.0,0.9,1.1,0.1,0.8,0.1,0.8,0.4,0.8,0.1,0.4,0.0,0.9,0.1,1.0,0.0,0.7,0.1,0.5,0.0,1.2,0.0,0.6,0.3,2.6,0.7,2.2,0.4,3.1,1.2,2.1,0.9,2.4,0.3,3.7,0.1,1.9,0.1,2.0,0.2,2.2,0.2,2.8,0.8,3.0,0.9,2.1,0.7,1.6,0.5,2.3,1.5,1.1,1.1,1.6,0.2,1.1,0.2,1.1,0.6,3.0,0.3,1.2,0.4,2.2,0.1,3.2,0.1,1.7,0.2,1.7,1.4,1.9,0.2,1.4,0.2,2.0,0.0,0.4,0.0,0.8,0.0,0.6,0.1,1.5,0.0,1.3,0.1,1.1,0.0,0.8,0.0,1.3,0.0,1.4,0.2,1.1,0.0,1.2,0.4,1.7,0.2,0.7,0.1,1.3,0.1,0.3,0.0,1.3,0.0,1.3,0.0,1.6,0.0,0.8,0.0,0.6,0.0,0.8,0.1,1.0,0.1,1.6,0.1,1.2,0.4,0.6,0.1,1.5,0.2,0.9,0.0,1.8,0.1,1.0,0.3,1.4,0.0,1.0,0.3,1.8,0.2,0.9,0.4,1.7,0.3,11.6,0.0,1.4,0.3,1.4,0.4,2.9,0.4,0.6,0.3,3.5,0.3,1.5,0.4,2.0,0.5,2.4,9.6,3.0,0.2,1.2,0.5,1.8,0.6,6.5,0.7,0.8,0.3,0.2,0.4,0.0,0.0,0.0,0.0,0.0,0.0,0.0,0.0,0.7,0.0,1.1,0.0,0.6,0.0,0.9,0.0,1.2,0.1,0.5,0.0,0.8,0.0,0.6,0.0,0.6,0.1,1.5,0.0,1.1,0.0,1.0,1.2,0.0,0.0,1.9,0.1,0.8,0.2,2.0,0.3,0.7,0.3,0.9,0.1,1.2,0.0,1.5,0.1,0.9,0.0,1.2,0.1,2.1,0.1,1.0,0.0,1.2,0.1,1.4,0.3,1.0,0.1,1.0,0.1,0.4,0.3,1.3,0.4,0.8,0.1,1.1,0.1,0.2,0.1,1.0,0.0,0.1,0.0,1.3,0.0,1.2,0.0,1.1,0.0,0.0,0.0,1.9,0.0,1.1,0.2,3.3,0.0,2.1,0.0,1.7,0.0,1.3,0.0,1.7,0.1,0.5,0.0,1.0,0.0,1.3,0.1,1.2,0.0,0.9,0.4,1.1,0.1,0.8,0.1,0.7,0.0,1.1,7.0,0.7,1.6,0.2,3.4,0.3,2.0,0.1,5.5,0.7,0.8,0.1,1.6,0.3,3.6,0.0,2.2,4.3,23.1,0.6,2.7,0.1,1.2,1.3,2.9,0.1,3.4,0.2,1.2,0.5,1.7,0.4,1.4,1.0,1.4,0.1,2.6,0.4,1.5,0.1,3.2,0.5,0.5,0.1,5.5,0.4,1.6,0.1,20.5,0.5,0.1,1.6,0.5,1.4,0.1,3.0,0.0,1.2,0.2,1.7,0.3,1.2,0.8,1.4,0.7,1.0,0.2,2.2,0.4,1.7,0.2,0.7,0.0,0.7,0.1,1.6,0.9,0.2,0.2,0.7,0.3,1.3,0.3,0.8,1.2,0.9,0.2,0.7,0.2,0.6,0.0,0.5,0.1,0.9,0.1,0.7,0.0,0.6,0.0,0.4
49765_NEG_SU,neg,Level 1,Perfluoro-n-hexanoic acid,Anthropogenic,PFAS,24.3,0.1,0.0,0.0,0.0,0.0,0.1,0.0,0.0,0.0,0.0,0.0,0.0,0.1,0.0,0.0,0.0,0.0,0.0,0.0,0.0,0.0,0.0,0.0,0.0,0.0,0.0,0.0,0.0,0.5,0.0,0.0,0.0,0.0,0.0,0.0,0.0,0.0,0.0,0.1,0.0,0.0,0.0,0.0,0.0,0.0,0.0,0.0,0.0,0.0,0.0,0.0,0.1,0.1,0.0,0.0,0.0,0.0,0.0,0.0,0.1,0.0,0.0,0.0,0.0,0.0,0.0,0.0,0.0,0.0,0.0,0.2,0.0,0.0,0.0,0.0,0.0,0.0,0.0,0.0,0.0,3.2,0.1,0.0,0.0,0.0,0.0,0.0,0.0,0.0,0.0,0.0,0.0,0.0,0.0,0.0,0.0,0.0,0.0,0.2,0.0,0.1,0.0,0.1,0.0,0.0,0.0,0.1,0.0,0.0,0.0,0.0,0.0,0.1,0.0,0.0,0.0,0.0,0.1,0.0,0.1,0.0,0.1,0.1,0.1,0.0,0.1,0.1,0.0,0.0,0.0,0.0,0.1,0.1,0.1,0.0,0.1,0.0,0.0,0.0,0.1,0.0,0.0,0.0,0.0,0.0,0.1,0.0,0.2,0.0,0.1,0.0,0.0,0.1,0.0,0.0,0.0,0.1,0.0,0.0,0.0,0.0,0.0,0.1,0.1,0.0,0.0,0.1,0.0,0.0,0.0,0.1,0.0,0.1,0.0,0.1,0.0,0.1,0.0,0.1,0.1,0.0,0.0,0.0,0.0,0.0,0.2,0.0,0.1,0.1,0.1,0.4,0.1,0.0,0.1,0.0,0.0,0.2,0.1,0.0,0.1,0.1,0.1,0.0,0.0,0.0,0.0,0.0,0.0,0.0,0.0,0.0,0.0,0.0,0.0,0.0,0.0,0.0,0.0,0.1,0.0,0.0,0.0,0.0,0.0,0.0,0.0,0.0,0.0,0.0,0.1,0.0,0.1,0.0,0.0,0.0,0.0,0.0,0.1,0.0,0.0,0.0,0.1,0.0,0.0,0.0,0.1,0.0,0.0,0.0,0.0,0.0,0.0,0.0,0.0,0.0,0.0,0.0,0.0,0.0,0.0,0.0,0.0,0.0,0.1,0.1,0.0,0.0,0.1,0.1,0.0,0.0,0.0,0.0,0.1,0.0,0.0,0.0,0.0,0.1,0.0,0.0,0.0,0.0,0.0,0.0,0.0,0.0,0.0,0.0,0.0,0.0,0.0,0.0,0.1,0.0,0.0,0.0,0.0,0.0,0.0,0.0,0.0,0.0,0.0,0.0,0.0,0.0,0.0,0.0,0.0,0.0,0.0,0.0,0.0,0.0,0.0,0.0,0.0,0.0,0.0,0.1,0.1,0.0,0.0,0.0,0.0,0.0,0.0,0.0,0.0,0.0,0.0,0.1,0.3,0.1,0.0,0.0,0.8,0.0,0.0,0.0,0.0,0.0,0.1,0.0,0.0,0.2,0.0,0.1,0.0,0.2,0.1,0.0,0.0,0.0,0.0,0.1,0.1,0.0,0.0,0.0,0.1,0.0,0.1,0.3,0.1,0.1,0.0,0.2,0.1,0.0,0.0,0.2,0.0,0.0,0.1,0.0,0.0,0.0,0.0,0.1,0.1,0.0,0.1,0.4,0.0,0.1,0.1,0.0,0.1,0.0,1.2,0.0,0.0,0.0,0.0,0.0,0.1,0.0,0.0,0.1,0.0,0.1,0.0,0.1,0.0,0.0,0.0,0.0,0.0,0.0,0.0,0.0,0.0,0.1,0.0,0.0,0.0,0.0,0.0
20015_NEG_SU,neg,Level 1,Propylparaben,Anthropogenic,UV filter / cosmetic preservative,63.3,0.1,0.0,3.5,0.0,2.0,0.0,5.8,0.0,16.2,0.0,0.5,0.0,2.3,0.0,0.1,0.0,1.0,0.0,0.6,0.1,6.8,0.0,0.0,0.0,0.0,0.0,1.5,0.0,1.7,0.0,6.4,0.0,2.5,0.0,0.7,0.0,3.9,0.0,0.8,0.0,1.0,0.3,0.1,0.0,2.2,0.0,0.7,0.0,17.1,0.0,0.9,0.0,23.7,0.0,2.2,0.0,1.3,0.0,2.5,0.1,6.5,0.0,0.5,0.0,0.1,0.0,1.5,0.0,1.4,0.0,5.4,0.0,0.6,0.0,0.3,0.0,0.9,0.0,5.1,0.0,2.3,0.0,2.2,0.0,0.6,0.0,0.6,0.0,0.6,0.0,2.0,0.0,1.0,0.0,2.3,0.0,0.8,0.0,7.7,0.0,2.7,0.0,4.5,0.0,10.7,0.0,2.5,0.0,11.7,0.0,18.6,0.0,7.2,0.0,0.4,2.3,2.5,0.0,1.8,0.2,6.2,0.0,24.6,0.0,2.0,0.0,3.8,0.0,6.9,0.0,40.8,0.0,25.8,0.2,4.9,0.0,5.0,0.0,0.9,0.2,10.9,0.0,2.9,0.1,6.1,0.1,50.0,0.2,5.0,0.1,0.9,0.6,5.3,2.8,3.7,0.3,1.4,0.7,0.8,0.0,19.6,0.0,1.7,0.0,2.1,0.4,2.5,0.0,11.5,0.0,1.9,0.2,0.1,0.4,3.6,0.0,0.5,0.0,1.5,0.2,2.8,0.4,2.4,0.3,0.5,0.4,0.9,0.4,1.1,0.0,42.8,1.2,7.9,0.2,29.3,0.0,1.3,2.5,1.3,0.3,3.1,16.2,6.4,0.1,0.3,0.0,0.0,0.0,0.0,0.0,6.0,0.6,2.9,0.0,3.7,0.0,1.0,0.0,1.2,0.0,9.4,0.5,4.8,0.0,2.4,0.0,3.4,0.1,1.6,3.4,11.7,0.0,1.8,0.2,0.0,1.4,5.5,0.1,1.9,0.0,3.3,0.2,3.9,1.4,2.5,0.1,3.6,0.0,2.3,0.0,1.2,0.0,5.7,0.0,1.3,0.0,0.9,0.0,1.5,0.0,0.4,0.0,69.0,0.3,8.6,0.5,1.3,0.5,1.5,0.0,0.6,0.0,5.9,0.0,3.7,0.9,21.3,3.8,35.0,16.5,11.9,0.0,7.2,1.9,12.9,0.2,9.7,7.3,16.0,6.6,8.3,0.1,1.4,1.3,1.1,0.0,1.1,0.0,0.9,0.0,3.4,0.0,2.1,0.0,13.3,0.0,11.1,0.0,2.6,0.0,5.6,0.0,19.7,0.0,81.2,0.0,57.5,0.0,0.9,0.0,0.1,0.2,0.0,3.1,0.0,3.8,0.0,0.3,0.0,1.5,0.0,1.4,0.1,12.5,0.4,5.3,0.0,19.0,0.0,2.7,0.0,2.9,0.0,2.7,1.0,4.6,3.8,3.8,0.2,2.6,0.0,2.9,0.0,4.4,0.0,0.6,0.0,2.2,0.0,1.6,0.0,1.3,0.0,1.7,0.0,1.4,0.0,2.6,0.0,0.4,8.9,0.0,35.9,0.0,5.0,0.1,13.0,0.4,5.1,0.0,7.9,0.0,7.4,0.0,16.1,0.0,8.3,0.0,2.5,0.0,4.3,0.5,11.2,0.0,10.5,0.0,0.0,18.9,6.3,0.0,11.8,0.0,4.0,0.0,2.7,0.0,1.2,0.0,14.0,0.0,3.9,0.0,7.0,0.0,6.7,0.0,161.3,6.3,16.8,0.0
61686_NEG_SU,neg,Level 1,Sucralose,Anthropogenic,Sweetener,18.6,0.0,0.0,0.0,0.0,0.0,0.0,0.0,0.0,0.0,0.4,0.0,0.0,0.0,0.0,0.0,0.0,0.0,0.0,0.0,0.0,0.0,0.0,0.0,0.0,0.1,0.0,0.0,0.0,0.0,0.0,0.0,0.0,0.0,0.0,0.0,0.0,0.0,0.0,0.0,0.0,0.0,0.0,0.0,0.0,0.0,0.0,0.0,0.0,0.0,0.0,0.0,0.0,0.0,0.0,0.1,0.0,0.0,0.0,0.0,0.0,0.0,0.0,0.2,0.0,0.1,0.0,0.0,0.0,0.0,0.0,0.0,0.0,0.0,0.0,0.0,0.0,0.0,0.0,0.0,0.0,0.0,0.0,0.0,0.0,0.0,0.0,0.0,0.0,0.0,0.0,0.0,0.0,0.0,0.0,0.0,0.0,0.0,0.0,0.8,0.0,0.0,0.0,62.7,0.4,6.2,0.0,12.6,0.0,0.4,0.0,0.0,0.1,15.1,0.2,24.8,0.0,0.5,0.1,0.0,0.2,0.0,0.1,0.9,0.1,4.1,0.0,0.1,0.0,0.1,0.0,0.3,0.1,29.1,1.7,0.1,0.0,0.0,0.0,0.0,0.0,0.7,0.0,0.0,0.0,2.8,0.0,7.7,0.0,0.2,0.0,0.0,0.0,0.0,0.0,0.0,0.0,0.0,0.0,0.0,0.0,0.0,0.0,0.0,0.0,0.0,0.0,0.0,0.0,0.0,0.0,0.0,0.0,0.0,0.0,0.0,0.0,0.0,0.0,0.0,0.0,0.0,0.0,0.0,0.2,0.0,0.0,0.0,0.0,0.0,0.0,0.0,0.0,0.0,0.0,0.0,0.0,0.0,0.0,0.0,0.0,0.0,0.0,0.0,0.0,0.0,0.0,0.0,0.0,0.0,0.0,0.1,0.0,0.0,0.0,0.0,0.0,3.7,0.0,0.0,0.0,0.4,0.0,0.0,0.0,0.0,0.0,0.0,0.0,0.0,0.0,0.0,0.0,1.8,0.0,0.0,0.0,0.0,0.0,0.0,0.0,0.0,0.0,0.0,0.0,0.0,0.0,0.0,0.0,0.0,0.0,0.0,0.0,0.0,0.0,0.0,0.0,0.0,0.0,0.0,0.0,0.0,0.0,15.4,0.0,0.0,0.0,0.0,0.0,0.0,0.0,0.0,0.0,0.0,0.0,0.0,0.0,0.1,0.0,0.4,1.0,0.0,0.0,0.0,0.0,0.2,0.0,1.4,0.7,0.0,0.1,0.0,0.0,0.0,0.0,0.0,0.0,0.0,0.0,0.0,0.0,0.0,0.0,0.0,0.0,0.1,0.0,0.0,0.0,0.0,0.0,0.0,0.0,0.0,0.0,0.0,0.0,0.0,0.0,2.4,0.0,0.0,0.0,0.0,0.0,0.0,0.0,0.0,0.0,0.0,0.0,0.0,0.0,0.0,2.8,0.0,0.1,0.0,0.0,0.0,0.0,0.0,0.0,0.0,0.0,0.0,0.0,0.0,0.0,0.0,0.0,0.0,0.0,0.0,0.0,0.0,0.0,0.0,0.1,0.0,0.0,0.0,0.0,0.0,0.0,0.0,0.0,0.0,0.0,0.0,0.0,0.8,0.7,0.0,0.0,0.4,1.1,0.0,0.6,0.0,0.0,0.0,0.0,0.8,0.0,0.0,0.0,0.0,0.0,0.0,0.0,0.0,0.0,0.0,0.0,0.0,0.0,0.2,0.0,0.2,0.3,1.8,0.4,0.4,0.4,0.2,0.5,0.2,0.4,1.0,0.4,0.9,0.3,0.0,0.4,0.0,0.4,1.2,1.3,0.3,0.5
4798_NEG_SU,neg,Level 1,Trifluoroacetic acid,Anthropogenic,PFAS,33.8,0.0,13.2,0.0,7.5,32.0,21.1,0.0,0.0,7.6,8.6,0.0,10.7,187.8,0.0,0.0,2.5,0.0,0.5,0.9,0.0,2.6,0.0,0.0,0.0,0.0,0.0,0.0,0.0,0.0,0.0,0.0,0.0,0.0,0.0,0.0,0.0,0.0,0.0,0.0,0.0,0.0,7.3,0.0,0.0,0.0,0.0,12.7,0.0,0.0,6.2,0.7,46.1,0.0,21.3,6.4,5.5,8.0,12.2,0.0,19.1,0.0,66.2,0.0,8.6,0.0,3.4,0.0,7.8,0.0,19.5,0.0,9.8,0.0,10.4,0.0,0.0,0.0,12.1,110.8,1.7,0.0,0.0,0.0,0.0,14.3,0.0,0.0,18.9,0.0,0.0,0.0,13.2,0.0,17.8,18.1,0.0,0.0,0.0,3.9,0.0,0.0,1.6,0.0,0.0,0.0,0.0,0.0,0.0,0.0,0.0,0.0,0.0,0.0,0.0,0.0,0.0,0.0,0.0,0.0,0.0,0.0,0.0,0.0,0.0,5.7,0.0,0.0,0.0,0.0,0.0,0.0,0.0,0.0,0.0,27.5,0.0,0.0,0.0,0.0,4.1,0.0,0.0,22.3,0.0,0.0,0.0,0.0,0.0,0.0,0.0,0.0,10.2,2.5,10.1,0.0,16.6,0.0,6.8,0.0,17.9,0.0,0.2,0.0,13.3,0.0,2.4,0.0,3.6,0.0,8.1,0.0,18.9,0.0,32.9,0.0,6.0,0.0,1.5,0.0,21.0,0.0,5.5,0.0,8.6,0.0,0.0,0.6,1.6,0.0,11.5,0.0,28.2,0.0,0.0,0.0,1.8,0.0,95.6,0.0,0.0,0.0,0.0,2.3,0.0,0.0,0.0,0.0,0.0,0.0,0.0,0.0,3.5,0.0,0.0,0.0,0.0,0.0,0.0,17.7,0.0,0.0,0.0,0.0,0.0,0.0,0.0,0.0,0.0,0.0,57.5,0.0,0.0,0.0,9.8,27.1,0.0,0.0,16.9,0.0,5.4,0.0,6.4,0.0,0.0,0.0,0.0,0.0,2.5,0.0,6.0,0.0,0.0,0.0,4.3,85.9,5.0,0.0,0.0,0.0,1.1,0.0,1.2,0.0,2.9,0.0,24.5,0.0,0.0,0.0,4.8,0.0,0.0,0.0,0.0,0.0,0.0,0.0,0.0,0.0,0.0,0.0,0.0,0.0,0.0,0.0,0.0,0.0,0.0,0.0,0.0,0.0,0.0,0.0,329.0,5.3,0.0,5.1,0.0,0.0,0.0,0.0,0.0,0.0,0.0,0.0,0.0,0.0,0.0,0.0,0.0,0.0,0.0,0.0,0.0,0.0,0.0,0.0,0.0,2.7,0.0,249.1,50.4,53.8,9.2,128.8,7.7,46.2,0.0,160.6,86.4,13.8,0.0,62.5,98.2,130.6,39.6,47.7,2538.2,631.9,23.4,52.5,0.0,13.2,0.0,205.7,0.0,52.1,0.0,32.2,9.1,48.2,0.0,27.1,10.2,14.7,51.4,68.3,0.0,6.8,0.0,63.5,0.0,0.0,0.0,62.9,0.0,12.6,2.9,352.8,0.0,5.9,17.0,0.0,11.8,0.0,48.2,0.0,18.5,0.0,8.6,3.7,7.2,0.0,3.6,1.5,6.8,0.0,8.0,0.0,7.2,0.0,0.0,0.0,0.0,0.0,4.1,0.0,0.0,0.0,0.0,0.0,0.0,0.0,0.0,0.0,0.0,0.0,0.0,0.0,0.6,0.0,0.0,0.0,0.0,0.0,0.0,0.0,0.0,0.0,0.0
6584_NEG_SU,neg,Level 2,3-hydroxybenzaldehyde,Natural,"Natural product – plant/fungal metabolites, terpenes, flavonoids, alkaloids, etc.",90.7,206.4,19.5,154.1,60.9,127.2,79.2,539.3,73.7,166.4,66.8,143.6,69.3,244.9,105.2,33.1,61.7,126.4,86.8,95.7,50.8,1179.0,130.1,175.6,64.3,252.7,56.8,334.1,52.7,235.0,166.1,103.2,52.9,81.5,63.8,155.4,98.5,276.1,68.4,192.8,75.7,112.7,51.3,93.3,99.1,256.0,457.5,190.1,42.4,248.4,264.7,228.5,50.7,190.2,29.5,98.9,0.0,233.2,30.8,231.6,65.7,40.0,56.7,44.4,80.1,2.1,11.6,115.2,15.1,145.4,1.6,57.7,5.7,544.5,19.4,183.4,4.2,97.0,60.8,380.3,0.0,303.1,2.6,116.8,22.1,89.8,1.0,217.1,10.5,60.2,0.0,208.6,11.9,130.9,45.3,513.4,19.6,154.6,7.5,263.9,0.0,207.1,111.6,364.0,86.6,209.7,0.0,0.0,267.7,254.0,0.0,251.9,37.1,207.0,43.8,128.6,40.4,151.6,71.8,46.1,236.8,196.2,54.1,147.5,7.5,632.2,68.2,72.1,26.9,147.0,52.2,95.0,136.7,89.1,171.8,420.1,75.0,79.4,115.1,113.9,249.5,60.7,18.1,171.1,100.3,312.7,66.8,232.9,78.1,237.0,101.0,95.1,26.2,146.3,86.3,69.6,18.2,136.5,17.3,2.7,50.5,173.0,81.7,74.6,49.4,109.4,296.4,82.1,119.4,83.5,27.4,377.3,56.9,65.9,38.3,74.9,59.3,142.6,54.5,100.5,180.9,25.8,69.3,167.4,84.4,65.3,108.4,97.8,85.3,135.3,51.5,312.3,209.2,108.9,177.6,122.7,52.8,104.6,196.2,210.5,37.6,84.5,137.6,105.1,67.6,35.9,0.0,0.0,0.0,0.0,0.0,102.3,87.1,214.7,272.7,222.6,83.8,124.0,0.0,75.5,42.3,74.8,59.6,90.0,123.9,68.4,80.3,988.2,55.3,63.3,262.2,107.6,98.4,229.1,144.4,234.8,87.1,67.5,109.0,248.2,31.6,115.2,112.8,325.5,366.6,200.3,79.1,68.3,50.4,154.7,183.5,214.3,46.9,121.4,142.6,605.8,14.0,41.7,39.2,80.3,36.3,149.1,76.6,169.3,143.9,182.6,328.5,102.6,229.4,152.8,85.9,153.8,46.0,37.5,45.8,17.0,94.7,37.5,27.1,137.6,2.6,29.0,52.6,57.8,2.8,16.9,24.9,134.1,48.2,16.1,147.3,67.1,22.6,112.1,0.0,96.6,131.6,54.4,49.1,129.3,308.5,180.7,64.1,101.8,61.8,183.2,46.2,51.4,134.3,48.9,16.0,10.5,5.7,122.1,58.3,122.2,77.6,64.9,52.8,312.9,31.9,47.0,190.1,52.1,23.3,0.0,160.7,66.3,44.5,47.4,266.7,0.0,117.5,0.0,103.3,25.6,34.3,44.3,0.0,16.6,98.9,64.6,63.1,61.7,0.0,784.9,45.0,110.4,102.7,79.6,130.0,0.0,247.9,56.8,53.0,243.8,58.9,160.3,55.3,210.0,65.5,81.1,123.1,0.0,225.5,0.0,35.0,40.5,247.3,111.8,0.0,72.5,10.5,70.6,6.7,53.3,63.9,33.4,30.0,0.0,0.0,225.4,5.5,38.9,0.0,22.3,29.8,99.9,0.0,125.9,32.9,17.4,0.0,199.3,0.0,9.3,0.2,0.0,91.7,106.5,0.0,24.5,8.3,70.8,0.0,32.8,0.0,54.5,0.0,260.6,0.0,60.3,0.0,84.3,0.0,95.4,0.0,40.0,33.5,42.7,0.0
9830_NEG_SU,neg,Level 2,4-Hydroxyacetophenone,Anthropogenic,Industrial chemical,68.8,306.8,26.8,475.2,0.0,15.3,0.0,620.8,0.0,251.4,0.0,324.3,0.0,462.4,63.5,0.0,4.0,863.7,180.6,84.1,0.0,978.8,36.3,108.7,567.0,304.4,777.8,1381.7,229.8,319.5,237.5,123.4,925.0,134.4,131.7,228.0,37.0,1414.4,0.0,890.7,38.4,387.6,1188.3,19.9,36.5,683.6,253.7,615.6,468.9,375.2,106.7,142.7,0.0,1271.8,0.0,1376.3,0.0,391.2,0.0,114.7,21.7,17.7,84.6,215.1,109.7,134.2,0.0,105.5,0.0,242.0,0.0,72.0,0.0,560.5,18.3,122.2,0.0,40.4,44.6,830.4,0.0,594.6,0.0,402.9,0.0,129.5,0.0,313.9,0.0,511.9,0.0,826.6,0.0,156.7,0.0,362.8,0.0,158.4,0.0,363.4,0.0,496.9,477.1,250.3,489.2,485.2,198.7,268.5,338.8,592.1,150.8,133.8,0.0,270.2,321.3,525.4,673.2,538.8,63.4,11.1,104.5,703.2,192.3,179.1,110.8,420.5,455.7,109.5,232.8,203.6,303.8,147.1,829.1,204.1,164.9,1176.4,226.6,94.1,337.8,461.9,329.8,310.7,278.7,339.5,517.1,533.8,597.0,1508.0,271.9,355.4,507.3,421.2,196.7,237.5,489.7,116.6,0.0,215.3,0.0,245.0,0.0,784.8,22.9,108.6,0.0,54.8,314.8,62.2,0.0,0.0,0.0,360.4,0.0,31.9,0.0,128.4,0.0,25.5,0.0,41.6,421.9,0.0,187.5,192.2,181.3,159.8,32.3,430.8,0.0,34.0,0.0,0.0,252.6,640.6,655.4,447.9,0.0,143.5,841.3,302.1,0.0,247.8,572.2,171.0,25.1,124.5,0.0,0.0,0.0,0.0,0.0,190.2,0.0,2193.0,78.5,192.7,3.3,0.0,0.0,0.0,0.0,1114.8,0.0,379.8,170.8,229.4,66.7,551.4,0.0,453.3,246.1,657.8,141.9,2204.8,35.9,258.3,79.2,413.9,142.3,344.2,0.0,1726.1,130.3,2163.4,422.8,641.7,102.3,590.4,40.5,197.8,858.6,1072.5,0.0,1909.2,5.7,1494.5,0.0,596.2,0.0,393.4,9.4,2935.1,150.3,1237.4,669.2,507.5,2032.0,60.7,646.4,8630.8,100.6,0.0,0.0,267.7,42.3,0.0,112.9,164.1,83.2,238.7,0.0,82.9,0.0,0.0,0.0,155.3,0.0,667.5,0.0,182.7,212.1,63.1,23.6,828.5,0.0,88.0,177.6,87.7,0.0,756.8,262.8,592.0,111.7,755.9,4.4,236.1,0.0,177.0,70.1,197.0,0.0,0.0,0.0,277.7,0.0,270.4,35.8,1298.9,12.8,1254.1,0.0,0.0,189.1,0.0,19.8,0.0,257.3,0.0,0.0,0.0,643.0,0.0,119.4,0.0,893.9,34.8,0.0,0.0,0.0,0.0,146.6,0.0,122.9,0.0,0.0,413.8,145.8,0.0,189.0,182.0,628.9,52.3,360.3,0.0,155.8,0.0,143.8,42.6,0.0,0.0,2237.5,0.0,343.0,0.0,1003.8,0.0,209.7,0.0,166.8,65.3,0.0,34.6,0.0,91.7,0.0,370.6,0.0,111.1,0.0,45.1,0.0,175.6,0.0,116.3,0.0,219.0,0.0,18.6,0.0,403.6,0.0,0.0,29.4,265.6,0.0,0.0,0.0,0.0,66.6,205.9,0.0,883.0,0.0,251.0,0.0,262.3,0.0,0.0,0.0,713.9,0.0,65.7,0.0,83.5,0.0,203.1,0.0,126.8,6.1,0.0,0.0
10245_NEG_SU,neg,Level 2,4-Hydroxybenzoic acid,Natural,"Natural product – plant/fungal metabolites, terpenes, flavonoids, alkaloids, etc.",75.0,3.2,7.6,4.9,2.9,18.4,9.9,18.6,0.0,7.8,4.2,3.2,7.3,54.7,4.2,1.2,3.0,22.6,2.6,3.4,2.6,10.8,12.2,8.0,8.7,3.1,0.0,50.2,4.8,10.8,5.0,40.2,0.0,15.2,0.0,5.6,1.4,8.6,0.0,4.2,2.0,1.7,4.3,0.2,0.0,13.0,3.6,1.0,0.0,7.1,0.0,8.0,2.1,7.1,1.9,18.5,0.0,27.0,0.0,1.8,1.8,21.3,36.8,60.0,1.6,1.5,0.0,28.1,0.0,36.6,0.0,13.7,0.0,13.9,1.8,2.8,0.0,16.9,2.7,126.0,0.0,68.6,1.0,9.2,0.0,8.8,0.0,21.4,0.0,33.3,0.0,14.8,0.4,18.4,0.0,9.4,0.0,4.8,0.0,297.1,0.0,17.1,1.6,22.3,2.7,25.2,0.0,28.2,0.5,10.8,0.0,36.6,0.0,12.7,0.0,19.5,1.6,22.3,1.5,0.0,4.8,13.0,0.0,95.0,0.9,91.3,2.2,5.7,1.1,13.0,0.0,7.5,8.8,13.4,5.0,44.2,0.0,5.6,4.6,0.0,17.4,7.4,0.0,83.0,0.0,10.5,1.5,57.2,5.8,11.3,5.0,6.5,4.6,4.3,26.2,24.4,3.9,11.0,0.0,13.1,0.4,14.7,10.4,0.0,4.9,6.7,8.1,12.6,0.0,0.5,0.0,19.9,4.1,18.7,12.5,2.0,0.0,0.1,4.5,6.6,11.2,3.5,2.1,8.6,2.2,11.3,0.3,0.1,3.2,10.6,2.4,877.5,11.5,55.4,20.4,56.4,1.4,13.5,177.2,2.6,0.9,0.3,69.1,46.4,0.0,2.6,0.0,0.0,0.0,0.0,0.0,3.2,1.3,4.1,4.4,14.9,0.0,785.8,0.0,31.1,3.8,10.1,1.8,10.3,7.9,1.2,0.0,0.0,0.0,30.0,15.5,73.5,12.2,63.4,6.9,10.8,9.2,21.0,10.4,7.3,0.0,10.4,8.1,17.7,7.3,12.4,0.9,12.2,2.7,8.4,7.8,8.2,2.6,26.5,2.6,6.6,2.8,38.9,0.0,2.6,0.6,5.8,3.1,150.3,8.7,29.7,49.7,4.1,18.4,16.8,4.7,4.9,0.0,66.9,1.7,13.8,20.1,12.2,3.7,5.2,0.0,33.7,0.0,6.8,0.0,0.0,0.0,7.0,0.0,5.6,20.6,0.0,0.0,15.1,125.1,6.1,2.5,13.7,0.0,5.0,6.4,30.8,4.3,0.0,2.3,4.9,0.6,4.2,1.1,8.8,0.0,0.0,0.0,11.2,0.0,5.1,2.7,1.6,0.4,21.9,0.0,0.0,14.7,0.1,0.3,8.0,10.5,0.0,12.9,22.0,74.5,0.0,0.0,3.4,208.7,11.7,38.0,0.0,437.0,94.1,15.9,0.0,5.1,0.0,626.9,5.0,1.3,8.6,14.7,1.1,4.0,26.5,14.7,2.8,22.1,0.0,37.0,4.6,2.1,0.0,0.5,2.3,4.3,1.9,49.2,0.0,4.9,0.0,5.1,70.5,3.5,17.5,0.0,4.9,0.0,6.3,0.0,14.5,0.0,2.5,0.0,21.0,0.0,6.4,0.0,26.8,0.0,17.7,0.0,17.9,0.0,4.7,0.0,18.9,0.0,9.9,0.0,0.0,4.5,8.7,0.0,13.5,0.0,5.8,0.0,6.0,0.0,0.0,0.0,8.2,0.0,2.9,0.0,0.3,0.0,8.1,0.0,8.6,4.8,13.1,0.0
10266_NEG_SU,neg,Level 2,"2,4-Dihydroxybenzaldehyde",Natural,"Natural product – plant/fungal metabolites, terpenes, flavonoids, alkaloids, etc.",61.0,26.3,7.6,6.1,0.0,0.0,0.0,3.1,0.0,0.4,0.0,11.2,0.4,14.2,0.0,1.8,0.0,2.1,1.8,0.0,1.0,1884.8,0.9,5.6,2.7,10.0,0.5,12.8,0.0,0.5,0.0,18.2,8.1,3.4,7.3,21.0,9.0,23.8,8.0,9.6,9.8,0.4,40.7,5.7,11.0,13.0,17.0,12.1,0.0,30.7,1.8,23.1,0.0,45.8,0.0,0.0,0.0,1.9,0.0,0.0,0.8,0.0,6.5,0.0,12.2,0.0,1.9,0.0,0.0,9.2,0.0,1.1,0.0,4.8,0.0,0.0,0.0,0.0,0.0,28.6,0.0,4.8,1.4,0.0,0.0,8.9,0.0,8.2,0.0,5.2,0.0,8.1,0.0,0.0,0.0,9.1,0.0,0.5,0.0,24.0,0.0,6.5,0.5,2.3,0.3,19.2,0.0,7.3,23.9,1.9,0.0,0.0,0.0,0.0,1.9,0.0,0.0,0.0,5.3,0.0,1.4,5.1,0.0,13.5,0.0,4.6,0.0,0.0,0.0,7.1,0.0,0.2,0.9,3.0,6.5,48.6,0.0,0.0,0.0,0.0,3.7,0.0,0.8,5.7,3.0,8.8,0.0,9.5,0.0,1.2,0.0,0.4,4.0,0.0,9.9,0.0,2.9,5.1,1.3,2.9,7.7,0.0,3.0,0.0,0.0,12.7,25.1,5.4,6.1,2.7,0.0,11.0,0.0,7.3,0.7,0.0,4.2,0.0,7.3,0.0,8.0,0.0,0.4,3.8,1.3,0.0,0.0,0.0,1.9,0.0,0.0,59.8,11.1,2.6,4.2,0.3,0.0,2.2,2.7,2.5,1.4,2.5,6.6,34.5,1.4,3.7,0.0,0.0,0.0,0.0,0.0,9.8,0.0,13.0,13.3,15.4,0.0,0.0,0.0,22.1,13.3,3.3,2.1,14.0,3.8,14.1,0.0,41.3,4.7,22.8,59.7,6.0,11.9,14.8,27.7,21.4,9.7,7.9,7.2,23.8,8.7,4.9,9.9,24.4,26.6,13.0,0.0,3.9,0.0,14.0,33.7,18.9,0.0,6.8,11.9,141.9,7.8,2.9,4.1,3.6,10.8,19.7,12.9,20.7,15.0,39.7,123.7,6.7,22.8,6.8,10.6,12.8,0.0,0.2,11.7,1.5,0.0,0.0,0.0,5.9,1.0,1.5,3.8,15.0,0.0,0.0,0.0,8.9,9.5,1.2,12.7,4.0,0.0,1.0,0.0,2.2,0.0,0.2,4.1,128.2,28.1,9.2,0.0,9.5,8.3,10.9,0.0,0.0,0.0,5.2,1.8,0.0,0.0,0.0,0.0,7.0,12.3,0.0,5.4,90.3,0.0,1.0,8.9,3.6,0.0,0.0,0.0,0.0,0.0,0.3,3.3,0.0,0.0,0.0,0.0,15.4,0.0,4.8,1.0,0.0,0.0,0.9,0.0,0.0,0.0,144.8,0.0,0.0,8.6,6.1,1.3,1.8,10.2,2.4,0.0,0.0,0.0,0.0,0.0,1.4,0.0,0.5,0.0,0.0,2.1,5.5,7.7,0.0,5.3,7.8,0.0,4.1,3.0,0.0,0.0,2.8,3.1,0.9,7.9,9.5,0.0,1.9,0.8,0.0,0.2,0.0,7.9,0.0,0.0,12.9,3.1,0.6,0.0,4.8,0.0,0.0,0.4,0.0,2.8,21.6,2.2,3.2,1.7,6.4,0.0,0.0,0.0,0.0,0.0,16.7,0.0,4.2,0.0,14.7,0.0,0.0,0.0,0.0,2.2,0.0,3.2
11562_NEG_SU,neg,Level 2,1-Naphthol,Natural,"Natural product – plant/fungal metabolites, terpenes, flavonoids, alkaloids, etc.",30.2,0.0,0.0,0.0,0.0,0.0,0.0,1.0,0.0,0.0,0.0,0.0,0.0,0.1,0.0,0.0,0.0,0.0,0.0,0.1,0.0,0.7,0.0,0.2,0.0,0.2,0.0,0.1,0.0,0.4,0.0,0.2,0.3,0.1,0.0,0.0,0.0,0.1,0.0,0.0,0.0,0.0,0.0,0.0,0.0,0.0,0.5,0.0,0.0,0.0,0.0,0.1,0.0,0.0,0.0,0.1,0.0,0.0,0.0,0.0,0.0,0.0,0.0,0.0,0.0,0.0,0.0,0.0,0.0,0.0,0.0,0.3,0.0,0.0,0.0,0.0,0.0,0.0,0.0,0.5,0.0,0.0,0.0,0.0,0.0,0.0,0.0,0.4,0.0,0.0,0.0,0.1,0.0,1.0,0.0,0.3,0.0,0.0,0.0,0.3,0.0,0.0,0.0,0.4,0.0,1.6,0.0,0.0,0.0,0.6,0.0,0.6,0.0,0.8,0.0,0.5,0.0,0.0,0.0,0.0,0.0,0.2,0.0,0.2,0.0,1.3,0.0,0.1,0.0,0.3,0.0,0.0,0.0,0.2,1.0,0.3,0.0,0.0,0.0,0.0,0.0,0.4,0.0,0.3,0.0,0.0,0.1,2.2,0.0,0.0,0.0,0.0,0.0,0.0,0.0,0.0,0.0,0.0,1.9,0.0,0.0,0.0,0.0,0.0,0.0,0.0,0.1,0.0,0.0,0.0,0.0,0.2,0.0,0.0,0.0,0.1,0.0,0.0,0.0,0.0,0.0,0.0,0.0,0.0,0.0,0.0,0.0,0.0,0.0,0.0,0.0,0.0,0.0,0.7,0.0,0.0,0.0,0.0,0.0,0.0,0.0,0.1,0.2,0.0,0.0,0.0,0.0,0.0,0.0,0.0,0.0,0.6,0.0,1.4,0.5,0.7,0.0,0.0,0.0,0.3,0.0,0.5,0.0,0.6,0.0,0.3,0.0,10.8,0.0,0.2,0.7,0.8,0.0,0.5,0.0,0.1,0.4,0.1,0.0,0.3,0.0,0.5,0.0,0.7,0.0,0.9,0.0,0.0,0.0,0.0,0.0,0.0,0.0,0.7,0.1,0.0,0.0,0.0,0.0,0.2,0.0,0.1,0.0,1.4,0.0,0.5,0.0,0.4,0.1,0.0,0.0,0.0,0.0,0.4,0.0,0.2,0.0,0.0,0.0,0.1,0.0,0.4,0.1,0.0,0.0,0.0,0.0,0.6,0.0,0.3,0.0,0.0,0.0,0.0,0.4,0.0,0.1,0.2,0.0,0.6,0.1,0.3,0.0,0.3,0.0,0.6,0.0,0.5,0.5,0.1,0.0,0.0,0.0,0.1,0.0,1.3,0.0,0.1,0.1,0.4,0.0,0.0,0.1,0.0,0.2,0.0,0.0,0.0,0.0,0.0,0.1,0.0,0.0,0.0,1.0,0.0,0.0,0.0,4.1,0.0,0.0,0.0,0.3,0.0,0.0,0.0,0.0,0.0,0.0,0.0,0.1,0.0,0.0,0.0,0.0,0.0,0.0,0.0,0.0,0.0,0.0,0.0,0.0,0.0,0.0,0.0,0.0,0.0,0.0,0.0,0.0,0.4,0.0,0.6,0.0,0.9,0.1,1.9,0.0,0.0,0.0,0.5,0.0,0.0,0.0,0.5,0.0,1.7,0.0,0.4,0.0,0.2,0.0,0.7,0.0,0.2,0.0,0.1,1.1,0.5,0.2,0.9,0.2,0.5,0.1,0.9,0.1,0.0,0.0,0.0,0.0,0.0,0.0,0.0,0.0,0.0,0.0,0.0,0.0,0.0,0.0
12230_NEG_SU,neg,Level 2,4-Cyanobenzoic acid,Both,Redox / antioxidant,32.4,0.0,0.0,0.0,0.0,0.0,0.0,0.0,0.0,0.0,0.0,0.0,0.0,0.0,0.0,0.0,0.0,0.0,0.0,0.0,0.0,0.0,0.0,0.0,0.0,0.0,0.0,0.0,0.0,0.0,0.0,0.0,0.0,0.0,0.0,0.0,0.0,0.0,0.0,0.0,0.0,0.0,0.0,0.0,0.0,0.0,0.0,0.0,0.0,0.0,0.0,0.0,0.0,0.0,0.0,0.0,0.0,0.0,0.0,0.0,0.0,0.0,0.0,0.0,0.0,0.0,0.0,0.0,0.0,0.0,0.0,0.0,0.0,0.0,0.0,0.0,0.0,0.0,0.0,0.0,0.0,0.0,0.0,0.0,0.0,0.0,0.0,0.0,0.0,0.0,0.0,0.0,0.0,0.0,0.0,0.0,0.0,0.0,0.0,0.0,0.0,0.0,13.0,7.7,0.0,130.5,0.0,0.0,5.0,21.9,0.0,1.0,0.0,0.0,0.0,0.0,0.0,56.2,4.7,10.2,8.4,0.0,0.0,0.0,12.2,7.2,0.0,3.7,0.0,37.0,0.0,1.7,0.0,0.0,2.7,78.6,0.0,0.0,1.6,0.0,6.0,43.3,0.4,8.5,1.3,0.0,0.0,12.0,0.0,0.0,0.0,0.0,0.0,0.0,0.0,0.0,0.0,0.0,0.0,0.0,0.0,0.0,0.0,0.0,0.0,0.0,0.0,0.0,0.0,0.0,0.0,0.0,0.0,0.0,0.0,0.0,0.0,0.0,0.0,0.0,0.0,0.0,0.0,0.0,0.0,0.0,0.0,0.0,0.0,0.0,0.0,45.9,0.0,0.0,0.0,0.0,0.0,0.0,0.0,0.0,0.0,0.0,0.0,0.0,0.0,0.0,0.0,0.0,0.0,0.0,0.0,27.0,0.0,50.1,51.7,60.7,44.5,0.0,14.8,112.5,78.2,5.0,23.1,0.0,0.0,0.0,0.0,14.1,42.8,15.3,106.0,0.0,0.5,45.3,111.7,0.0,0.0,11.7,0.0,136.4,16.2,108.1,0.0,46.8,0.0,0.0,0.0,49.7,0.0,80.4,0.0,37.5,153.5,68.2,20.4,126.4,93.4,16.4,27.8,4.5,22.3,14.2,0.0,7.1,0.4,6.5,45.4,0.0,32.5,56.5,36.0,170.5,0.0,6.1,0.0,319.5,2.0,44.7,109.0,10.8,17.8,18.4,16.0,22.1,39.4,78.3,13.8,58.9,1.6,16.8,111.1,12.6,38.5,4.0,649.0,24.7,69.7,184.6,107.2,62.3,36.5,50.1,54.2,0.0,0.0,0.0,37.2,2.0,11.0,32.4,15.6,5.3,2.1,2.3,0.0,12.3,0.0,6.1,26.1,25.8,0.0,0.0,0.0,0.0,0.0,0.0,0.0,0.0,0.0,0.0,0.0,0.0,0.0,0.0,0.0,0.0,0.0,0.0,19.4,0.0,0.0,0.0,0.0,0.0,0.0,0.0,0.0,0.0,0.0,0.0,0.0,0.0,0.0,0.0,0.0,0.0,0.0,0.0,0.0,0.0,0.0,0.0,0.0,0.0,0.0,0.0,0.0,0.0,0.0,0.0,0.0,0.0,13.5,1.4,0.0,5.4,9.3,0.0,3.1,13.0,0.0,0.0,0.0,50.1,0.0,20.0,12.9,0.0,1.5,69.9,0.0,0.0,2.7,0.0,13.1,0.0,9.2,0.0,0.0,25.2,0.0,0.0,0.0,0.8,0.0,0.0,1.2,0.0,0.0,20.8,11.0,2.4,6.3,18.0,14.7,1.4,0.0,0.0,23.0,1.0,0.0
12781_NEG_SU,neg,Level 1,Trifluoromethanesulfonic acid,Anthropogenic,PFAS,20.5,0.0,6569.2,0.0,0.0,573.2,4581.1,366.7,600.8,1471.9,2879.0,0.0,1814.0,10385.8,773.8,0.0,1820.5,0.0,0.0,2080.4,0.0,0.0,123.8,0.0,0.0,926.4,217.8,0.0,0.0,0.0,0.0,0.0,477.5,0.0,159.7,0.0,0.0,0.0,0.0,0.0,0.0,186.7,545.8,0.0,0.0,0.0,0.0,0.0,0.0,0.0,664.0,0.0,0.0,0.0,0.0,0.0,0.0,0.0,0.0,137.9,0.0,0.0,2670.7,0.0,0.0,0.0,0.0,0.0,0.0,0.0,0.0,0.0,0.0,0.0,0.0,88.4,0.0,0.0,0.0,11075.4,0.0,0.0,0.0,0.0,0.0,0.0,0.0,163.3,306.9,0.0,0.0,0.0,0.0,0.0,0.0,0.0,0.0,0.0,0.0,28677.4,0.0,452.7,0.0,416.2,0.0,0.0,0.0,6.8,0.0,0.0,0.0,1269.0,0.0,0.0,0.0,0.0,0.0,0.0,0.0,0.0,0.0,0.0,0.0,0.0,0.0,0.0,0.0,2320.2,0.0,0.0,0.0,0.0,246.3,0.0,0.0,5151.9,0.0,0.0,0.0,0.0,534.9,0.0,0.0,0.0,447.9,0.0,0.0,0.0,0.0,0.0,1666.9,0.0,0.0,1656.6,4745.5,0.0,0.0,866.2,0.0,0.0,0.0,5023.9,0.0,0.0,0.0,0.0,0.0,0.0,978.4,0.0,0.0,0.0,0.0,0.0,0.0,0.0,0.0,0.0,0.0,0.0,1598.5,929.2,0.0,0.0,895.6,0.0,0.0,0.0,0.0,0.0,869.1,10310.0,1839.6,9772.6,2612.5,7181.0,419.2,2533.0,31384.3,0.0,0.0,0.0,2896.3,18124.6,0.0,0.0,0.0,0.0,0.0,0.0,0.0,0.0,0.0,0.0,0.0,0.0,0.0,0.0,0.0,0.0,0.0,0.0,0.0,0.0,0.0,76.4,0.0,0.0,0.0,0.0,5280.9,0.0,0.0,0.0,0.0,0.0,0.0,0.0,270.6,0.0,0.0,0.0,0.0,0.0,0.0,0.0,0.0,0.0,0.0,0.0,0.0,0.0,0.0,0.0,0.0,8324.5,0.0,0.0,0.0,0.0,0.0,0.0,0.0,0.0,0.0,3521.5,2011.0,0.0,0.0,0.0,0.0,0.0,0.0,0.0,0.0,0.0,0.0,0.0,0.0,0.0,0.0,0.0,0.0,0.0,0.0,0.0,0.0,0.0,0.0,0.0,0.0,0.0,0.0,0.0,0.0,0.0,267.0,0.0,0.0,0.0,0.0,0.0,0.0,0.0,0.0,0.0,0.0,0.0,0.0,0.0,0.0,0.0,0.0,0.0,0.0,0.0,0.0,0.0,0.0,0.0,0.0,9738.4,1094.8,0.0,0.0,2356.3,0.0,0.0,0.0,4479.8,9319.7,0.0,0.0,2333.0,25685.1,960.1,6511.5,0.0,17956.3,35792.7,4729.0,0.0,0.0,0.0,0.0,6180.4,0.0,249.1,0.0,0.0,0.0,722.0,80.9,0.0,921.4,0.0,9958.3,1498.5,0.0,0.0,0.0,0.0,3149.4,0.0,0.0,23161.4,0.0,0.0,3115.3,78407.0,0.0,0.0,0.0,0.0,0.0,0.0,0.0,0.0,0.0,0.0,0.0,0.0,0.0,0.0,0.0,0.0,0.0,0.0,0.0,0.0,0.0,0.0,0.0,0.0,0.0,0.0,0.0,0.0,0.0,0.0,0.0,0.0,0.0,0.0,0.0,0.0,0.0,0.0,0.0,0.0,0.0,0.0,0.0,0.0,0.0,0.0,0.0,0.0,0.0,0.0,0.0
13273_NEG_SU,neg,Level 1,Methyl 4-Hydroxybenzoate,Anthropogenic,UV filter / cosmetic preservative,64.3,2.0,0.5,5.7,0.5,5.8,1.9,25.1,0.9,16.4,0.1,3.2,0.0,11.2,0.4,2.5,0.0,6.0,0.3,3.6,0.0,15.5,1.8,0.6,0.0,6.9,0.0,4.1,0.0,8.7,0.0,19.2,0.0,9.1,0.0,4.7,0.8,16.8,0.0,2.9,0.9,4.8,2.6,0.7,0.7,19.1,2.7,4.7,5.8,23.2,8.9,8.5,0.0,503.7,0.0,5.0,0.0,184.1,8.0,670.6,1.5,9.9,0.0,109.3,0.6,2.0,0.0,9.7,0.0,8.0,0.5,16.5,0.0,6.5,0.0,226.6,0.0,2.7,0.0,343.5,0.0,11.4,0.0,83.5,0.0,8.4,0.0,7.4,0.0,20.3,0.0,8.6,0.0,1.0,0.0,10.6,0.0,159.0,0.5,21.5,0.0,5.1,0.0,30.9,0.0,21.2,0.0,14.8,0.0,8.4,0.0,15.3,0.2,27.9,0.0,1.5,0.0,2.2,0.0,3.0,2.3,14.0,0.0,15.1,0.0,5.9,0.9,3.8,0.0,23.7,0.0,66.3,0.0,8.2,0.0,8.9,0.0,3.7,0.0,4.5,0.0,15.2,0.0,2.5,0.0,21.8,0.0,37.0,0.0,16.4,0.0,0.3,0.0,13.9,0.0,2.0,0.0,8.3,0.0,0.0,0.0,7.3,0.0,1.2,0.0,2.0,0.0,0.7,0.0,8.8,0.0,33.7,0.0,12.1,0.0,18.8,0.0,2.1,0.0,10.2,0.0,2.0,0.0,4.7,4.3,6.2,0.1,4.5,1.6,0.5,0.0,92.1,5.4,1.9,0.5,0.3,1.3,2.4,0.2,8.2,0.7,4.9,13.0,3.0,0.1,0.0,0.0,0.0,0.0,0.0,0.0,3.5,0.0,4.2,0.0,21.6,0.0,5.9,0.0,13.6,0.0,37.5,0.0,4.0,0.0,3.2,0.0,14.0,0.0,1.2,0.9,43.4,0.0,9.8,0.0,0.0,8.2,0.2,0.0,0.0,0.0,6.6,0.0,16.7,4.4,3.2,0.0,4.2,1.3,1.0,0.0,1.5,0.0,25.9,1.5,3.2,0.0,3.3,3.7,4.4,0.0,0.0,0.4,79.4,0.0,12.1,5.3,1.8,0.0,0.1,0.0,9.3,0.0,16.4,0.0,6.1,0.0,6.7,0.0,20.8,4.9,29.6,0.0,6.3,0.0,8.9,0.0,24.6,0.9,8.5,0.0,12.4,0.0,3.1,14.2,0.1,0.0,3.4,0.0,2.9,0.0,4.1,0.0,5.2,0.0,16.4,0.0,5.0,0.0,13.2,0.0,3.7,0.0,27.4,0.0,91.1,0.0,62.9,0.0,0.4,0.0,2.0,5.2,0.0,26.3,0.7,32.6,0.1,12.7,0.0,13.1,0.0,12.6,1.2,80.1,7.9,10.9,0.9,89.6,1.0,9.7,0.4,44.9,1.5,3.3,8.5,14.9,4.1,26.7,0.0,8.7,0.2,41.8,0.0,27.9,4.6,4.3,1.7,18.6,0.9,3.7,1.6,2.8,0.0,9.6,0.0,1.9,0.0,8.3,0.0,9.7,36.7,0.5,61.7,0.0,16.3,5.7,56.2,2.0,33.5,0.0,16.2,0.0,14.1,0.0,36.9,0.0,21.6,0.0,11.6,0.1,16.4,10.0,29.4,0.0,21.0,0.0,0.0,246.3,17.1,0.0,34.4,0.0,10.6,0.0,21.8,1.9,4.3,0.0,93.1,0.0,13.3,0.0,10.3,0.0,30.8,0.0,120.1,32.6,19.8,0.0
18208_NEG_SU,neg,Level 2,4-Methylbenzenesulfonic acid,Anthropogenic,Industrial chemical,41.0,0.0,0.0,0.0,1.1,4.0,0.7,6.5,0.0,1.9,5.6,0.0,0.0,18.3,0.0,0.0,0.0,0.0,0.0,0.0,0.0,2.8,4.8,0.0,0.0,0.0,0.0,2.9,0.0,0.0,4.9,0.0,1.1,0.0,0.0,3.7,0.0,0.0,0.0,0.0,0.0,2.0,2.3,0.0,0.0,0.0,0.0,0.0,1.6,1.1,0.0,5.8,0.0,0.0,0.0,0.0,0.0,0.0,0.0,0.0,0.0,0.0,1.0,0.0,0.0,0.0,0.0,0.0,0.0,0.8,14.8,0.0,0.1,5.0,0.0,0.0,0.0,0.0,0.0,26.1,0.0,0.7,0.0,0.0,0.0,1.2,0.0,0.0,0.0,0.0,0.0,0.0,0.0,1.3,0.0,1.5,0.0,0.0,0.0,21.6,0.0,0.0,0.0,6.9,0.0,3.0,0.0,10.4,0.4,0.1,0.0,4.6,0.0,0.0,0.6,0.0,0.0,1.0,0.0,0.0,0.0,0.2,0.0,10.1,0.0,4.3,0.0,0.3,0.0,11.9,0.0,12.8,0.0,1.3,0.0,12.2,0.0,0.3,0.0,0.0,3.1,2.0,0.0,0.4,1.3,1.0,1.7,13.7,0.6,1.2,6.7,10.1,0.9,1.0,0.0,0.0,2.9,4.3,2.5,0.3,0.0,23.0,0.0,6.7,0.0,3.0,0.7,0.0,2.4,0.0,0.0,2.2,0.0,0.0,3.1,0.0,0.0,4.9,0.0,0.0,0.0,3.1,0.0,3.0,0.8,0.0,0.0,0.0,0.3,3.0,1.3,0.0,4.9,10.7,3.0,17.5,1.7,3.0,51.8,0.0,0.1,0.0,0.2,71.9,0.0,0.0,0.0,0.0,0.0,0.0,0.0,0.9,7.1,0.3,0.0,1.2,0.0,0.0,0.0,3.4,0.0,0.0,0.0,5.6,0.0,0.0,0.0,0.0,0.0,0.0,8.2,2.5,0.0,0.0,0.8,0.0,0.0,0.0,0.0,2.0,0.0,2.5,0.0,0.0,0.0,0.0,0.0,2.1,0.0,2.1,0.0,0.0,0.0,0.5,0.0,15.1,0.0,15.2,0.0,120.0,1.3,0.0,0.0,2.2,0.0,5.7,0.0,0.0,0.0,0.0,0.0,0.0,0.0,0.7,0.0,0.0,0.0,1.2,0.1,17.4,0.0,0.0,2.9,0.0,0.0,73.2,47.4,5.7,0.0,0.0,2.1,5.7,0.0,1.6,63.1,0.6,0.7,0.0,0.3,0.8,0.0,0.0,0.0,0.0,0.0,0.0,0.0,1.2,0.0,26.5,0.0,0.0,6.8,3.2,0.0,0.0,0.0,0.0,0.0,7.0,0.0,16.0,0.9,0.0,0.2,1.9,0.0,2.8,0.0,12.6,18.5,0.0,0.0,0.1,0.0,2.2,24.8,0.0,86.7,3.5,7.6,0.0,1.7,0.0,0.0,6.5,0.0,6.7,0.0,0.0,0.1,2.6,1.3,0.1,0.4,0.0,0.0,3.3,0.0,0.0,1.0,0.0,2.1,0.0,0.0,19.9,0.0,0.0,5.9,65.0,0.0,0.0,0.0,0.0,0.0,1.3,0.2,0.0,7.1,0.0,0.0,0.0,0.0,0.5,0.0,4.5,0.0,11.0,0.0,1.6,0.0,1.1,0.0,0.0,0.0,0.0,0.0,0.0,0.0,1.7,0.0,0.0,0.0,5.4,0.0,2.5,0.0,28.2,0.0,3.5,0.0,6.3,0.0,3.2,0.0,0.0,0.0,2.9,0.0,8.3,0.0
19564_NEG_SU,neg,Level 2,Methyl 4-hydroxycinnamate,Natural,Food additive / flavor / vitamin,80.7,1.5,0.3,0.1,0.4,0.0,2.9,0.1,1.0,0.4,1.3,0.0,0.1,0.1,0.2,0.0,0.1,0.2,0.1,0.0,0.2,0.4,0.8,0.1,0.2,0.2,0.1,0.2,0.3,0.5,0.9,0.1,0.5,0.9,0.9,0.2,1.8,0.1,0.5,0.0,0.6,0.1,0.7,0.1,1.0,0.1,1.7,0.3,8.1,0.1,14.5,6.8,0.5,0.1,0.9,0.0,0.2,0.1,0.5,0.0,0.7,0.0,1.9,0.0,0.5,0.0,0.1,0.0,0.2,0.1,0.7,0.1,0.8,0.0,0.2,0.0,0.2,0.0,0.3,0.5,0.1,0.3,1.1,0.0,0.2,0.3,0.0,0.0,0.4,1.3,0.2,0.1,0.4,0.0,0.3,0.1,0.1,0.2,0.6,0.2,0.3,0.0,1.6,0.4,0.2,0.0,0.0,1.3,0.2,0.1,0.2,0.2,0.5,0.1,0.1,0.0,0.7,0.1,0.5,0.1,0.5,0.2,0.6,0.2,0.6,0.4,1.1,0.1,0.2,0.1,1.7,0.2,0.1,0.0,0.1,0.1,0.6,0.1,0.3,0.1,0.6,1.2,0.4,0.2,0.4,0.0,0.7,0.4,0.5,0.3,0.4,0.1,1.7,0.3,1.8,0.0,5.0,0.3,2.5,0.0,6.8,0.2,2.1,0.0,4.7,0.0,5.5,0.2,2.9,0.2,2.6,0.6,5.4,0.0,5.8,0.1,3.9,0.0,7.1,0.4,4.3,0.2,2.0,0.1,9.0,0.0,3.2,0.2,11.3,0.2,8.1,2.9,14.8,0.4,5.3,0.2,5.2,0.2,4.9,0.2,3.2,0.1,0.8,0.1,0.0,0.2,0.0,0.0,0.0,0.0,0.0,0.0,0.3,0.3,0.6,0.2,0.2,0.2,0.2,0.4,0.5,0.4,0.0,0.0,0.4,0.0,0.1,0.1,1.0,0.0,1.9,0.1,0.4,0.1,0.4,0.5,0.1,0.0,0.9,0.1,1.4,0.0,1.3,0.1,0.5,0.3,1.0,0.0,7.7,0.2,1.5,0.3,4.4,0.3,6.9,0.5,6.3,0.0,6.6,0.2,3.0,0.1,6.6,1.0,1.3,0.7,7.8,0.2,0.5,0.2,5.4,0.0,0.1,0.0,0.1,0.0,0.0,0.1,0.3,0.4,0.7,0.2,0.1,0.0,0.3,0.4,0.2,0.0,0.0,0.1,0.3,0.0,0.1,0.0,1.1,0.0,0.2,0.0,0.1,0.0,0.0,0.2,0.1,0.1,0.1,0.1,0.2,0.0,0.2,0.2,0.1,0.0,0.0,0.3,0.0,0.2,0.1,0.0,0.2,0.1,0.1,4.1,0.1,3.0,0.1,1.7,0.2,4.0,0.2,4.2,0.3,1.1,0.1,1.8,0.1,15.0,0.0,5.7,2.6,3.4,0.0,3.7,0.0,5.8,0.2,2.5,0.1,3.8,0.0,0.4,0.2,2.9,0.2,7.6,0.4,7.0,0.1,3.3,0.1,3.3,0.0,4.7,0.3,0.5,0.1,2.2,0.0,1.9,0.2,4.8,0.0,0.0,5.5,0.1,2.3,0.1,4.5,0.3,11.0,0.0,1.3,0.1,0.1,0.5,0.8,0.1,0.6,0.1,0.2,0.0,2.2,0.1,0.0,0.0,0.2,0.0,1.5,0.7,0.5,0.1,0.5,0.1,1.0,0.5,1.4,0.1,0.6,0.0,0.2,0.2,0.8,0.0,0.1,0.0,0.6,0.0,0.1,0.1,0.1,0.2,0.1
20849_NEG_SU,neg,Level 1,"2,4-Dinitrophenol",Anthropogenic,Pesticide / biocide,95.2,1.3,29.9,2.9,37.5,33.8,52.5,1.0,12.2,1.2,50.4,1.2,45.8,3.8,22.3,1.7,70.7,1.4,70.4,1.6,96.9,3.4,42.5,0.7,45.1,1.2,25.9,2.4,95.8,3.9,121.1,1.0,79.7,4.2,40.4,2.2,176.9,2.4,61.1,1.4,121.3,3.4,176.0,3.2,99.0,5.6,86.7,2.4,40.9,4.6,54.9,2.0,26.9,2.9,22.4,2.3,8.2,6.6,21.5,2.2,19.0,3.0,30.3,1.2,31.7,0.3,7.9,1.4,11.5,0.1,7.8,3.0,12.7,3.2,16.2,0.6,4.2,2.3,59.4,10.2,25.3,6.5,20.3,5.0,44.8,2.1,14.7,6.6,51.0,2.1,14.3,12.8,48.3,1.6,56.3,3.0,8.9,4.0,9.5,1.7,5.2,0.7,15.1,0.9,15.0,2.1,8.7,0.2,13.7,0.5,4.1,1.2,6.4,0.3,5.1,0.1,4.6,1.1,6.7,0.1,5.8,0.8,6.3,1.4,3.4,0.8,6.9,0.4,5.2,0.3,4.1,0.5,4.6,0.3,0.6,0.3,9.1,0.5,8.4,0.2,13.6,0.1,2.2,1.0,6.0,0.5,10.1,1.1,13.4,0.2,11.6,0.8,24.4,0.8,27.2,1.5,42.8,0.4,24.9,0.3,48.8,1.8,28.4,1.1,44.1,0.4,25.7,2.6,31.5,1.4,18.6,2.0,27.5,0.1,41.9,0.7,18.5,1.1,24.3,2.4,38.8,2.6,16.6,1.1,34.4,0.5,9.3,1.5,42.1,1.3,22.2,5.6,49.8,3.3,25.8,1.0,22.8,1.8,75.9,6.6,12.9,1.9,1.5,4.2,0.1,0.2,0.0,0.0,0.0,0.0,0.0,1.0,24.0,0.1,38.3,1.1,11.6,0.2,36.3,0.3,27.7,0.5,11.9,2.6,53.7,1.1,26.0,0.4,18.7,2.4,63.2,2.5,51.1,5.6,17.8,30.4,1.2,1.3,48.0,2.1,17.7,0.3,54.2,3.9,22.9,2.0,23.2,0.5,34.7,1.1,30.1,3.0,15.2,3.2,32.2,0.1,35.8,1.8,20.8,1.3,33.5,0.4,46.6,3.3,25.7,0.8,25.8,0.6,7.0,1.9,24.9,0.0,11.7,0.3,12.1,0.1,0.9,1.2,6.6,0.0,0.0,0.2,8.1,0.3,9.8,0.2,5.3,0.2,0.0,0.0,23.3,0.0,10.1,0.8,5.2,0.0,17.9,0.0,7.5,0.3,7.8,0.4,6.5,0.0,8.2,0.0,7.7,0.0,9.6,0.2,12.3,0.0,12.8,0.6,6.7,0.0,11.1,0.4,14.8,0.0,12.8,115.6,10.2,42.0,3.3,83.8,5.3,46.3,2.8,111.9,13.8,8.8,1.2,20.7,11.0,52.9,4.2,49.0,2.4,256.4,17.0,44.1,1.6,17.8,0.9,49.3,0.9,38.7,3.4,7.3,2.5,30.5,2.2,37.4,8.0,18.8,2.8,41.6,1.3,16.3,2.0,56.5,2.4,7.4,1.7,28.4,2.1,12.3,2.9,121.0,5.3,1.0,1.0,0.0,0.8,0.5,2.1,0.7,0.9,0.2,1.6,0.1,1.5,0.3,1.2,0.6,3.2,0.1,5.0,0.4,2.0,0.1,1.0,0.6,0.9,0.4,5.0,1.9,0.7,1.6,3.0,1.4,4.9,1.0,2.8,1.4,5.2,0.4,2.1,0.6,2.4,6.3,1.9,0.8,3.7,0.5,2.3,1.0,2.5,0.9,2.2
21807_NEG_SU,neg,Level 2,Azelaic acid,Natural,Fatty acid / lipid,78.1,0.0,295.7,703.7,227.0,98.2,355.1,342.8,936.3,0.0,784.5,0.0,255.0,602.0,418.5,0.0,400.4,351.6,796.5,273.6,314.4,264.2,372.3,0.0,376.0,163.3,982.9,0.0,793.6,330.3,4550.7,0.0,0.0,400.0,1442.5,392.3,516.3,515.5,2239.5,458.8,1030.3,0.0,1406.1,614.2,1476.1,719.7,813.7,554.7,733.0,0.0,1147.7,381.2,253.6,310.1,213.4,410.0,72.7,913.2,149.5,239.2,531.5,200.0,502.4,241.6,767.6,38.3,213.1,224.3,153.6,397.5,185.1,327.3,57.7,629.3,368.3,157.8,163.4,21.4,306.2,518.5,116.3,589.6,43.9,378.4,146.2,588.5,5.3,492.8,201.7,439.3,198.1,490.8,227.7,248.9,748.7,272.3,99.1,320.3,107.4,233.3,100.9,521.2,0.0,0.0,0.0,0.0,0.0,0.0,0.0,0.0,0.0,0.0,0.0,0.0,0.0,0.0,0.0,0.0,0.0,0.0,0.0,0.0,0.0,0.0,0.0,0.0,0.0,0.0,0.0,0.0,0.0,0.0,0.0,0.0,0.0,23.9,0.0,0.0,0.0,0.0,0.0,0.0,0.0,0.0,0.0,0.0,0.0,0.0,0.0,0.0,0.0,1148.4,511.9,153.8,1037.2,262.5,633.8,112.4,383.8,157.6,927.8,3376.2,4012.9,275.5,1038.8,513.6,1594.2,917.2,1671.8,169.6,213.8,459.0,641.8,45.3,238.0,206.8,2349.5,272.3,355.9,666.9,1714.4,1096.9,771.7,646.0,1270.6,190.5,1466.0,331.2,781.4,343.4,1237.6,729.9,2005.8,706.1,1434.4,412.3,594.8,246.2,1482.5,2089.2,819.4,185.5,836.6,211.6,40.7,0.0,0.0,0.0,0.0,0.0,0.0,536.5,61.9,443.9,149.3,62.8,52.6,0.0,42.1,277.1,203.0,219.0,81.1,439.2,150.5,258.7,147.7,308.1,191.0,0.0,429.4,333.7,375.8,712.9,330.1,1169.8,0.0,0.0,392.0,637.9,78.4,0.0,163.3,0.0,0.0,124.1,172.5,0.0,338.0,100.4,442.3,0.0,223.5,535.3,401.8,2045.2,274.1,0.0,437.5,0.0,0.0,0.0,0.0,2624.9,0.0,957.7,0.0,0.0,0.0,0.0,0.0,866.2,36.0,471.3,197.4,323.2,640.0,541.9,938.2,438.1,20.6,69.4,804.2,418.0,63.8,513.3,22.3,172.7,142.3,365.4,1585.9,365.7,677.5,553.1,0.0,33.7,498.7,729.8,239.3,195.3,313.9,1666.3,655.8,405.1,232.5,169.8,68.5,216.4,116.1,564.5,198.9,65.7,84.3,768.4,34.1,210.1,247.1,1944.0,268.3,2433.8,75.0,186.8,371.4,550.3,295.6,219.3,304.9,369.9,536.1,258.6,1185.5,0.0,195.4,386.8,325.8,362.8,72.7,436.1,0.0,227.4,493.3,455.2,211.5,299.3,0.0,1099.9,0.0,686.0,390.3,1159.2,488.5,175.8,393.2,670.3,252.5,692.1,102.6,1061.6,329.0,182.3,125.8,415.8,539.8,200.1,679.8,4.1,250.3,329.2,89.5,318.6,286.1,226.3,263.1,230.5,44.0,402.4,260.1,0.0,248.3,171.2,31.9,810.4,194.1,579.7,111.1,156.0,226.6,119.4,194.1,489.2,357.9,173.2,177.5,496.2,141.9,66.2,342.9,123.0,506.3,404.6,70.9,397.8,339.6,318.0,133.0,133.0,92.4,108.1,25.7,455.0,59.0,211.3,77.5,187.1,0.0,166.7,0.0,285.6,224.1,34.5,38.6
21834_NEG_SU,neg,Level 2,5-Hydroxydecanoic acid,Natural,Fatty acid / lipid,78.3,0.7,0.0,1.9,0.0,1.9,0.4,2.0,0.7,1.4,0.0,0.3,0.0,2.7,0.0,1.0,1.5,2.0,1.0,2.4,0.2,1.3,0.0,0.3,0.0,2.8,0.0,0.2,0.0,3.0,0.7,1.0,0.0,3.2,0.3,0.9,0.7,5.6,0.0,1.9,0.2,1.5,1.6,1.8,0.4,1.8,0.6,1.0,0.1,1.3,0.8,2.6,1.0,5.2,1.9,7.3,1.1,4.4,1.4,8.2,1.1,5.0,1.4,2.6,3.1,2.2,0.3,5.3,0.0,1.6,1.1,7.2,0.8,2.7,1.5,2.2,0.0,0.9,0.5,7.1,0.8,2.8,0.7,1.3,0.2,197.0,0.1,4.1,0.6,3.5,0.0,3.6,1.0,54.4,1.8,3.9,0.0,1.4,0.5,70.3,0.1,0.0,0.0,3.9,0.0,0.8,0.0,2.1,0.0,1.8,0.0,2.8,0.0,2.9,0.0,1.4,2.1,0.2,0.0,1.7,0.7,2.8,2.4,1.8,0.0,1.1,0.4,2.5,0.1,2.2,0.0,0.5,1.6,2.0,0.3,0.7,0.3,2.8,0.4,0.2,0.8,0.7,0.0,0.0,0.3,0.4,0.9,5.9,1.2,1.8,0.5,2.3,0.4,8.0,1.0,2.2,1.8,4.3,0.9,0.0,1.3,9.4,0.8,4.9,1.7,2.5,2.1,5.0,0.0,3.4,0.2,14.8,0.6,5.4,0.3,2.6,0.0,4.9,0.1,16.4,0.3,5.2,0.3,7.0,1.2,1.2,1.1,2.4,1.9,6.0,1.4,73.8,2.9,15.3,5.2,4.7,1.5,14.7,7.7,4.3,1.0,4.4,7.9,3.7,1.4,1.2,0.0,0.0,0.0,0.0,0.0,0.8,0.0,13.1,0.0,1.7,0.0,15.2,0.0,9.4,0.0,6.0,0.0,0.9,0.0,2.1,0.0,1.5,0.0,0.8,0.3,2.5,0.2,1.1,0.2,0.0,0.6,0.7,0.4,1.4,0.0,2.7,0.0,0.4,0.0,1.3,0.5,1.5,1.3,3.2,0.7,0.6,0.0,2.6,0.0,1.5,2.0,0.6,0.1,1.0,0.2,0.2,0.0,1.6,0.0,6.3,1.8,3.6,0.2,3.7,0.3,6.1,0.0,3.4,0.4,0.5,1.6,2.1,0.0,5.6,0.0,3.2,0.0,0.9,0.1,1.3,0.0,2.0,0.0,1.1,0.6,4.8,0.0,2.1,0.9,2.2,0.0,1.8,0.0,6.1,0.0,2.6,0.0,1.1,0.7,4.3,0.0,1.2,0.0,1.3,0.0,2.7,0.0,3.1,0.0,1.3,0.0,0.4,0.0,1.9,0.0,0.4,2.8,1.4,0.5,0.8,2.5,1.0,1.1,0.4,1.9,0.4,2.5,0.6,3.3,0.7,1.6,1.2,5.5,0.6,3.6,1.8,2.9,1.6,4.4,1.7,3.1,1.8,0.7,1.9,2.9,0.2,2.6,1.5,2.9,1.1,2.0,1.1,1.4,1.4,2.5,1.3,6.3,0.9,2.8,0.5,1.8,1.5,2.3,4.0,1.8,1.2,0.0,3.0,0.0,2.0,0.3,2.7,0.8,0.7,0.0,3.1,0.3,4.7,0.0,2.4,0.0,2.8,0.3,1.8,0.1,3.0,2.0,1.9,0.0,2.7,0.0,0.0,3.8,1.1,0.0,1.3,0.3,1.3,0.0,3.1,0.0,1.1,0.0,1.2,0.0,0.3,0.0,0.0,0.0,0.0,0.0,0.9,0.6,0.4,0.0
23199_NEG_SU,neg,Level 2,tert-Butyl 4-hydroxybenzoate,Anthropogenic,UV filter / cosmetic preservative,34.0,0.0,0.0,0.4,0.0,0.1,0.0,0.3,0.0,0.1,0.0,2.0,0.3,0.3,0.0,0.0,0.0,0.5,0.0,0.0,0.0,0.4,0.0,0.0,0.0,3.3,0.0,0.0,0.2,0.7,0.0,0.1,0.0,0.0,0.0,0.0,0.0,0.0,0.0,2.0,0.0,1.6,0.0,0.0,0.0,0.0,0.0,0.0,0.0,0.0,0.0,5.5,0.0,0.0,0.0,0.0,0.0,0.1,0.1,0.1,0.0,2.1,0.0,0.3,0.0,0.0,0.2,0.0,0.0,1.0,0.0,0.3,0.0,0.1,0.0,0.2,0.0,0.0,0.0,1.5,0.0,0.0,0.0,1.9,0.0,0.7,0.0,0.0,0.0,0.5,0.0,0.0,0.0,0.9,0.0,0.3,0.0,0.0,0.0,0.5,0.0,2.0,0.1,3.4,0.1,5.2,0.0,0.0,0.0,1.3,0.0,2.7,0.0,2.5,0.0,2.0,0.0,15.3,0.0,0.5,0.0,0.7,0.0,242.2,0.0,36.0,0.2,5.1,0.0,6.3,0.0,0.7,0.0,1.3,0.2,2.3,0.0,2.6,0.0,1.8,0.3,1.6,0.0,3.2,0.0,0.0,0.0,0.5,0.1,0.0,0.0,0.0,0.0,0.0,0.0,0.0,0.0,0.0,0.0,0.0,0.0,0.0,0.0,0.8,0.0,2.2,0.0,0.0,0.0,0.0,0.0,0.4,0.0,0.0,0.0,0.3,0.0,0.0,0.0,0.0,0.0,0.0,0.0,0.0,0.0,0.0,0.0,0.0,0.0,0.0,0.0,0.0,0.0,0.0,0.0,0.0,0.0,0.1,0.0,0.0,0.0,0.0,0.0,0.0,0.0,0.0,0.0,0.0,0.0,0.0,0.0,0.6,0.0,0.4,0.0,1.0,0.0,0.0,0.0,0.4,0.0,1.1,0.1,0.0,0.0,0.0,0.0,0.0,0.0,0.1,0.6,0.3,0.0,4.5,0.0,0.0,0.1,2.2,0.0,0.2,0.0,1.0,0.0,9.9,0.0,0.0,0.0,0.0,0.0,0.2,0.0,0.4,0.0,0.0,0.0,0.3,0.0,4.4,0.0,1.6,0.0,0.0,0.0,0.2,0.0,1.5,0.8,0.6,0.0,0.0,0.0,0.0,0.0,0.0,0.0,0.3,0.0,0.0,0.0,0.4,0.0,0.6,0.0,0.1,0.0,0.2,0.2,0.4,0.1,0.3,0.0,0.0,0.0,0.3,1.9,0.0,0.0,0.2,0.0,0.0,0.2,0.0,0.0,0.0,0.0,0.0,0.0,0.0,0.0,0.7,0.0,0.0,0.0,0.1,0.0,0.1,0.0,0.0,0.0,0.2,0.0,0.3,0.0,0.0,0.8,0.0,0.7,0.0,14.9,0.0,0.2,0.0,0.0,0.0,0.0,0.0,0.6,0.0,6.7,0.0,0.0,0.0,0.0,0.0,0.0,0.4,0.0,0.0,0.5,0.2,2.3,0.0,9.0,0.0,0.9,0.0,0.1,0.0,0.1,0.1,7.1,0.0,1.8,0.0,1.5,0.0,0.0,0.0,3.7,0.0,0.0,0.5,0.0,0.6,0.0,0.0,0.0,7.1,0.0,0.0,0.0,0.0,0.0,0.0,0.0,0.3,0.0,0.9,0.0,0.7,0.0,0.3,0.0,81.5,0.0,0.0,0.0,0.0,1.2,1.0,0.0,0.0,0.0,3.4,0.0,0.2,0.0,0.0,0.0,0.2,0.0,0.1,0.0,0.8,0.0,0.0,0.0,0.0,0.0,0.1,0.0
23648_NEG_SU,neg,Level 2,"Methyl 2,4-dihydroxy-3,6-dimethylbenzoate",Natural,"Natural product – plant/fungal metabolites, terpenes, flavonoids, alkaloids, etc.",72.4,0.0,22.2,0.0,42.1,0.0,64.0,0.0,74.7,0.0,12.8,0.0,8.2,3.1,26.4,0.0,5.1,0.0,17.3,0.0,9.0,0.0,20.6,0.0,42.0,1.8,3.8,1.1,1.3,0.4,13.2,10.4,0.0,0.0,5.9,0.0,18.8,0.8,19.7,0.0,20.2,0.7,37.1,0.0,22.1,0.0,13.3,0.0,51.5,0.0,60.7,3.5,2.7,0.0,15.8,2.2,6.5,0.1,4.5,0.0,5.5,20.9,5.8,7.5,14.2,0.0,4.2,3.0,0.3,0.0,8.8,0.6,4.6,0.1,4.3,0.0,0.0,0.0,4.5,37.6,5.7,6.2,0.0,0.0,0.9,3.4,0.0,0.0,2.0,2.6,0.6,4.5,1.5,1.5,9.1,25.2,0.0,0.0,25.6,14.0,0.0,28.3,5.5,158.9,0.3,6.4,0.0,4.3,1.2,54.3,1.8,218.8,28.1,3.4,10.0,0.0,8.8,0.2,3.7,0.0,64.3,8.1,14.8,34.2,0.0,8.0,0.5,7.8,4.3,74.6,38.2,6.1,0.0,12.0,0.0,29.2,12.3,7.7,9.4,22.5,14.6,48.9,0.9,2.8,10.8,37.0,2.8,270.0,2.7,0.7,17.9,0.0,31.0,0.0,7.0,0.0,75.6,0.0,67.2,0.0,59.1,0.1,62.3,5.5,34.2,0.0,17.5,0.0,42.7,3.1,12.6,11.6,66.1,0.0,50.9,0.0,49.0,1.2,49.1,1.1,44.1,7.0,3.6,0.0,54.4,0.0,17.8,0.0,62.1,1.2,87.0,0.0,140.5,0.0,27.2,0.6,31.5,6.3,13.4,0.6,19.9,2.9,0.0,0.0,0.0,0.0,0.0,0.0,0.0,0.0,0.0,0.7,13.3,0.0,4.3,3.2,0.2,2.7,7.3,0.8,4.1,3.3,0.0,0.8,16.5,0.0,4.4,7.5,12.4,0.1,13.0,44.7,14.5,7.3,0.0,16.6,3.8,1.1,28.1,0.0,16.6,2.6,75.8,0.0,7.1,0.7,2.1,0.0,53.6,1.0,18.6,20.3,18.6,0.0,33.7,2.4,10.8,0.0,22.9,0.0,14.2,0.0,23.5,11.7,9.3,2.8,8.0,7.9,0.0,0.0,22.5,0.0,51.3,1.9,67.7,0.0,0.0,1.6,44.5,0.0,0.0,0.0,46.6,0.0,80.7,2.3,46.6,0.0,0.0,2.1,61.1,0.0,192.4,3.2,35.9,0.7,86.6,0.0,62.3,4.2,141.6,1.3,30.9,2.8,68.3,135.9,56.7,8.4,152.8,0.0,40.5,0.1,13.8,3.3,40.0,3.8,49.4,0.0,17.0,0.0,42.2,2.2,21.6,0.0,0.0,0.0,0.0,2.1,0.0,0.5,5.7,0.0,0.0,0.0,0.3,3.0,0.0,0.1,0.0,5.1,0.0,9.0,0.0,4.3,0.8,4.3,2.7,9.9,0.0,0.0,0.0,0.0,0.5,3.6,1.0,26.4,0.0,0.1,0.0,0.9,0.0,1.4,0.0,0.0,0.0,3.5,0.0,0.0,0.0,0.0,0.0,9.6,61.7,29.0,96.3,16.5,119.2,16.4,205.9,3.8,131.3,7.5,29.7,11.9,52.3,94.4,99.6,4.3,59.0,7.9,236.8,35.1,1.6,24.3,0.4,17.6,98.6,81.0,5.0,9.1,25.4,55.4,450.2,20.0,101.8,3.9,18.1,26.6,61.4,2.2,77.1,3.4,16.6,2.1,42.7,1.9,31.0,16.3,19.0,57.6,9.0
25115_NEG_SU,neg,Level 2,Decanedioic acid,Natural,Fatty acid / lipid,20.7,0.0,0.2,0.0,0.0,0.6,0.3,0.1,0.4,0.9,0.9,0.0,0.7,1.3,0.0,0.2,0.6,0.0,0.0,0.0,0.0,0.0,1.3,0.0,0.0,0.3,0.0,0.0,0.2,0.0,0.0,0.0,0.0,0.0,0.0,0.0,0.0,0.0,0.0,0.0,0.0,0.0,0.3,0.0,0.3,0.0,0.0,0.0,0.0,0.0,0.0,0.1,0.3,0.0,0.0,0.0,0.0,0.0,0.0,0.0,0.3,0.0,0.5,0.1,0.1,0.0,0.0,0.0,0.0,0.4,0.1,0.2,0.0,0.2,0.0,0.0,0.1,0.0,0.1,2.9,0.0,0.0,0.0,0.0,0.0,0.2,0.0,0.0,0.1,0.0,0.0,0.0,0.0,0.1,0.0,0.0,0.0,0.0,0.0,2.1,0.0,0.0,0.0,0.0,0.0,0.0,0.0,0.0,0.0,0.0,0.0,0.2,0.0,0.0,0.0,0.0,0.0,0.0,0.0,0.0,0.0,0.0,0.0,0.0,0.0,0.0,0.0,0.0,0.0,0.0,0.0,0.0,0.0,0.0,0.0,1.1,0.0,0.0,0.0,0.0,0.0,0.0,0.0,0.0,0.0,0.0,0.0,0.0,0.0,0.0,0.0,0.0,0.0,0.0,0.0,0.0,0.0,0.0,0.0,0.0,0.0,0.0,0.0,0.0,0.0,0.0,0.1,0.0,0.0,0.0,0.0,0.0,0.0,0.0,0.0,0.2,0.0,0.0,0.0,0.0,0.0,0.0,0.0,0.0,0.0,0.0,0.0,0.0,0.3,0.0,0.3,505.3,1.2,0.5,0.4,0.4,0.0,0.3,2.8,0.1,0.0,0.0,0.0,1.3,0.0,0.0,0.0,0.0,0.0,0.0,0.0,0.0,0.0,0.0,0.0,0.0,0.0,11.1,0.4,2.2,0.0,0.1,0.0,0.0,0.0,0.1,0.0,0.0,0.0,0.0,1.9,0.0,0.0,0.0,0.0,0.0,0.0,0.0,0.2,0.0,0.0,0.0,0.0,0.0,0.0,0.0,0.0,0.0,0.0,0.0,0.0,0.0,0.0,0.0,0.0,2.3,0.0,0.0,0.0,0.0,0.0,0.0,0.0,0.0,0.0,0.1,1.5,0.4,0.0,0.0,0.0,0.2,0.0,0.1,0.0,0.0,0.0,0.0,0.0,0.0,0.0,0.0,0.5,0.0,0.0,0.0,0.0,0.0,0.0,0.0,0.0,0.3,0.0,0.0,7.5,0.0,0.1,0.0,0.0,0.1,0.0,0.0,0.0,0.0,0.0,0.0,0.0,0.0,0.0,0.0,0.0,0.0,0.0,0.0,0.0,0.0,0.0,0.0,0.0,0.0,0.0,0.8,0.0,0.1,0.0,0.9,0.0,0.1,0.0,0.9,0.8,0.0,0.0,0.2,3.0,1.9,0.4,0.0,28.1,7.7,0.1,0.0,0.0,0.0,13.5,1.7,0.0,0.0,0.0,0.0,0.0,0.8,0.0,0.0,0.0,0.0,1.9,0.4,0.0,0.0,0.0,0.4,0.0,0.0,0.0,0.0,0.0,0.0,0.0,4.8,0.0,0.0,0.0,0.0,0.0,0.0,0.0,0.0,0.0,0.0,0.0,0.0,0.0,0.0,0.0,0.0,0.0,0.0,0.1,0.0,0.0,0.0,0.0,0.0,0.0,0.0,0.0,0.0,0.0,0.0,0.0,0.0,0.0,0.0,0.0,0.0,0.0,0.0,0.0,0.0,0.0,0.0,0.0,0.0,0.0,0.0,0.0,0.0,0.0,0.0,0.0
36656_NEG_SU,neg,Level 2,Uridine,Natural,Amino acid / peptide / nucleoside,60.5,0.0,1.2,0.0,0.4,0.0,1.6,0.0,1.1,0.0,1.5,0.1,1.7,0.0,1.1,0.0,0.1,0.0,0.1,0.0,0.2,0.0,0.5,0.0,1.3,0.0,0.1,0.2,1.2,0.1,2.1,0.2,7.7,0.2,6.4,0.0,3.4,0.0,2.6,0.1,6.7,0.0,10.4,0.1,7.1,0.1,13.1,0.0,32.0,0.0,39.2,0.1,7.0,0.1,2.8,0.1,2.7,0.1,3.6,0.0,8.5,0.0,3.9,0.1,3.4,0.0,3.4,0.0,0.9,0.1,21.2,0.0,2.8,0.0,1.5,0.2,5.2,0.0,3.8,0.1,2.5,0.0,1.1,0.1,0.9,0.1,1.6,0.0,1.7,0.0,4.1,0.0,0.6,1.6,2.6,0.0,0.9,0.0,0.7,0.0,0.7,0.0,0.6,0.0,0.8,0.0,0.4,4.0,0.3,0.0,1.7,2.0,1.3,4.5,5.3,0.0,0.5,0.0,0.4,1.1,1.2,0.0,0.9,0.2,0.1,0.0,0.2,0.2,0.0,0.0,1.7,0.0,0.3,0.2,0.0,0.4,0.8,0.0,0.2,0.0,0.7,0.0,0.3,0.0,0.4,0.1,0.2,1.1,0.2,0.0,1.1,0.0,10.8,0.2,2.8,0.0,16.7,0.0,8.4,0.3,10.4,0.8,10.1,0.3,5.8,0.0,3.6,0.3,3.3,0.2,4.4,0.8,6.0,0.0,10.7,0.1,8.0,0.5,7.0,1.3,7.1,0.8,1.7,0.1,13.1,0.0,1.6,0.0,8.9,0.3,14.8,0.0,14.0,0.1,11.4,0.6,5.5,0.7,13.8,0.0,1.5,1.6,0.8,0.0,0.1,0.0,0.0,0.0,0.0,0.0,0.0,2.8,0.1,0.0,2.7,0.1,0.4,0.0,1.3,0.0,2.1,0.0,0.0,0.0,5.3,0.0,0.6,0.0,0.3,0.0,2.8,0.0,2.4,0.0,0.0,3.6,0.0,0.1,3.1,0.0,1.7,0.1,8.5,0.0,2.8,0.0,2.4,0.0,66.1,0.1,11.1,0.6,13.1,0.2,28.4,0.0,13.1,0.0,25.9,0.0,19.7,0.0,20.8,1.9,12.4,0.0,11.5,0.0,0.5,0.0,18.0,0.0,0.0,0.0,0.0,0.0,0.0,0.0,0.0,0.0,0.0,0.0,0.0,0.0,0.0,0.3,0.0,0.0,0.0,0.0,0.0,0.0,0.0,0.0,0.9,0.0,0.0,0.0,0.0,0.0,0.0,0.0,0.0,0.0,0.0,0.0,0.0,0.0,0.0,0.0,0.0,0.0,0.0,0.1,0.4,0.0,0.0,0.0,0.0,0.0,0.0,88.9,1.8,9.4,0.0,13.9,0.2,11.9,0.1,27.7,4.4,5.1,0.4,4.6,1.6,84.6,0.0,13.9,5.1,462.8,1.0,19.3,0.0,11.7,0.0,18.6,0.5,45.6,0.0,2.0,1.2,14.3,1.0,17.0,2.1,18.1,2.1,21.8,0.0,4.9,0.1,13.1,0.5,2.1,0.2,11.8,0.0,20.6,0.1,37.2,0.0,0.0,0.5,0.0,1.3,0.0,3.9,0.0,1.1,0.0,1.0,0.0,0.2,0.0,0.1,0.1,0.4,0.0,0.2,0.1,0.3,0.0,0.1,0.0,0.0,0.0,1.7,0.7,0.0,0.0,5.0,0.0,6.2,0.2,0.8,0.0,0.3,0.0,1.0,0.0,0.1,0.0,0.3,0.0,0.1,0.0,0.0,0.0,0.2,0.0,0.1
36685_NEG_SU,neg,Level 2,Brassylic acid,Natural,Fatty acid / lipid,71.4,0.1,0.0,0.6,0.6,0.4,0.6,0.4,0.4,0.0,0.5,0.6,0.1,0.8,0.7,0.2,0.6,1.4,0.8,0.8,0.5,0.3,0.4,0.0,0.7,0.0,0.2,1.7,1.1,0.9,2.1,0.3,2.1,2.2,0.2,0.4,0.0,1.0,0.3,0.3,0.3,0.2,3.0,0.8,0.5,0.8,0.8,2.0,0.7,0.0,0.6,0.9,0.7,1.4,1.4,0.7,0.1,1.5,0.5,0.0,2.0,0.0,1.4,0.8,1.4,0.4,0.8,0.9,0.7,1.1,0.6,1.0,0.0,0.7,1.4,0.0,0.3,0.0,3.7,3.2,0.7,1.1,0.0,0.0,0.3,0.9,0.0,0.8,0.7,0.0,0.2,0.3,0.7,1.3,1.2,0.4,0.0,0.5,0.0,0.0,0.0,1.6,0.0,1.6,0.1,0.3,0.0,3.7,0.0,0.5,0.0,1.3,0.0,0.6,0.0,0.0,1.0,0.2,0.0,0.3,0.0,1.2,0.0,0.0,0.0,0.5,0.0,0.6,0.0,1.4,0.0,1.1,0.7,0.4,0.0,0.0,1.1,0.2,0.7,0.0,1.0,1.0,0.0,1.7,0.6,0.8,0.3,5.7,0.0,0.4,0.9,0.7,0.8,0.0,2.8,0.0,1.0,0.8,1.1,0.0,0.5,11.0,2.4,0.0,2.3,0.5,1.3,1.2,0.0,0.0,0.0,0.0,0.9,0.0,0.1,0.0,0.6,0.4,0.3,1.1,1.6,0.9,0.5,0.4,1.3,0.2,0.7,0.0,1.4,0.0,0.7,60.9,1.2,2.7,2.5,1.0,0.2,0.0,3.4,1.5,0.9,0.0,4.2,0.9,0.0,0.8,0.0,0.0,0.0,0.0,0.0,0.2,1.5,0.2,0.0,0.7,0.6,0.0,0.0,1.6,0.4,0.5,0.1,0.8,0.0,1.0,0.0,0.0,0.1,0.3,1.3,0.8,0.2,0.7,0.8,0.0,0.5,0.0,1.0,0.7,0.1,0.1,0.6,0.0,1.2,0.4,0.3,0.0,0.5,0.0,0.4,0.8,0.7,0.0,0.6,1.1,0.7,0.9,0.9,0.0,0.1,0.0,0.5,2.3,0.3,2.1,2.2,0.5,0.6,0.9,0.5,0.1,0.0,1.5,0.0,0.3,1.2,1.0,0.3,0.4,0.0,0.6,0.2,0.5,0.0,0.0,0.0,0.1,0.0,0.0,0.8,0.0,0.8,0.6,5.3,0.0,0.1,0.6,0.0,0.0,0.0,0.9,0.5,0.7,0.0,0.0,0.0,0.3,0.0,0.4,0.3,0.0,0.0,0.7,0.0,0.2,0.2,0.3,0.2,2.4,0.0,0.4,0.3,0.5,0.3,0.1,0.3,0.8,0.5,0.1,1.8,0.0,0.7,0.7,0.9,1.2,0.6,0.1,12.9,0.2,0.1,0.6,1.1,0.2,3.0,0.0,0.1,1.0,0.5,0.9,0.2,0.4,0.2,0.7,0.5,1.1,0.0,0.6,0.9,0.0,0.2,0.5,1.0,0.4,1.2,0.0,0.6,0.4,0.0,0.5,0.7,0.6,0.4,0.0,0.0,0.0,0.2,1.0,0.2,0.6,0.0,1.4,0.1,1.4,0.2,2.5,0.4,2.2,1.4,0.6,1.1,0.5,0.9,1.0,0.0,0.0,0.4,0.4,1.0,0.0,0.0,1.1,0.8,1.2,0.3,0.0,0.2,0.0,0.0,0.0,0.0,0.0,0.0,0.5,0.1,0.0,0.0,0.3,0.0,0.0,0.0
37844_NEG_SU,neg,Level 2,Bisphenol S,Anthropogenic,Industrial chemical,56.2,3.8,0.0,1.9,0.0,0.1,0.0,4.7,0.0,0.4,0.0,0.3,0.0,8.3,0.0,0.0,0.0,0.3,0.0,8.7,0.0,4.3,0.9,0.0,0.0,0.4,0.0,2.8,0.0,12.9,2.2,0.0,0.0,6.8,0.0,0.0,0.0,1.6,0.0,1.6,0.8,0.0,0.0,1.3,0.0,5.6,2.6,2.1,0.0,0.0,0.0,9.0,0.0,10.3,0.0,2.4,0.0,3.0,5.4,0.0,0.0,1.6,0.0,10.0,2.3,1.1,0.0,0.9,2.1,0.6,0.0,3.3,0.0,0.0,0.0,0.0,0.0,0.3,1.1,3.6,0.0,2.4,0.0,1.6,0.0,2.9,0.0,0.8,4.2,0.0,7.6,9.4,1.9,2.7,0.0,2.4,0.1,1.4,0.0,10.1,0.1,2.3,0.0,0.7,0.0,0.3,0.0,14.5,0.0,1.5,0.0,6.6,0.0,2.6,0.0,0.0,0.0,1.2,0.0,0.0,1.3,12.0,0.0,1.0,0.0,0.0,0.0,2.9,0.0,0.0,0.0,1.1,0.0,5.5,0.8,17.6,0.0,2.0,0.0,0.3,0.0,0.7,0.0,0.0,0.0,0.7,0.0,10.2,0.0,0.0,0.0,2.3,4.6,3.3,0.0,0.0,1.4,1.5,0.7,0.0,2.9,22.6,0.0,4.9,0.1,1.2,0.0,0.6,0.0,1.2,0.0,3.4,1.5,0.0,2.1,0.0,0.0,0.0,0.0,0.0,0.0,1.9,0.0,2.6,1.1,0.4,1.0,2.0,0.0,1.9,0.0,0.0,3.3,4.3,0.8,1.5,1.9,2.5,2.1,1.0,1.6,7.5,1.9,3.8,1.2,0.0,0.0,0.0,0.0,0.0,0.0,9.0,0.0,2.3,0.0,3.4,0.0,0.0,0.0,2.6,0.9,0.6,1.2,1.7,0.7,0.0,0.8,0.1,2.0,0.0,1.8,5.2,0.5,8.0,0.0,0.4,2.7,0.6,2.0,1.4,0.0,6.9,0.0,1.7,0.0,2.4,0.4,1.4,0.0,0.3,3.7,1.4,1.0,2.0,0.0,8.3,0.0,3.2,0.0,0.0,0.0,0.4,0.0,5.0,4.9,4.7,1.3,2.4,0.2,0.0,0.0,1.4,0.0,0.3,0.0,1.0,0.1,1.1,0.0,1.1,0.0,0.6,0.5,0.0,0.0,4.6,1.0,1.1,5.1,1.9,1.4,7.2,0.0,0.2,9.4,2.6,0.0,0.0,0.0,1.0,0.0,4.8,0.0,1.3,0.0,0.0,0.0,1.7,0.0,2.7,1.3,0.1,0.0,8.0,0.0,2.5,0.0,1.5,0.0,0.0,0.0,3.4,4.1,0.0,3.0,4.4,2.9,0.0,4.8,1.3,9.7,2.2,1.6,0.5,1.0,0.3,0.2,0.0,0.0,9.8,1.7,0.0,0.0,1.4,0.0,3.5,4.4,5.2,1.4,0.2,4.2,0.0,5.9,0.2,4.7,0.0,0.5,1.3,4.0,0.0,1.5,1.4,1.5,0.2,31.3,0.6,3.1,0.0,3.7,7.7,1.3,0.0,0.0,6.7,0.0,0.0,0.0,0.0,0.0,0.0,0.0,4.0,45.8,0.6,4.2,2.0,0.0,0.0,0.0,2.0,0.0,0.7,0.0,0.0,0.0,2.6,0.0,0.0,1.0,2.8,0.0,2.2,0.0,1.2,0.0,5.5,0.0,39.4,0.0,0.0,0.0,0.7,0.0,0.2,0.0,0.2,0.0,0.0,0.0,0.1,0.0
40135_NEG_SU,neg,Level 2,"9-(2,3-dihydroxypropoxy)-9-oxononanoic acid",Natural,Fatty acid / lipid,93.6,4.0,2.3,13.0,1.0,14.1,14.7,7.4,6.5,3.7,5.3,5.6,0.0,30.1,1.8,3.9,7.0,18.3,2.1,8.0,1.1,19.2,0.0,0.0,0.0,22.0,2.1,19.6,7.1,27.5,22.7,2.4,0.0,48.6,10.8,14.2,15.7,21.7,6.5,19.3,13.0,12.1,11.2,17.4,7.7,40.5,32.4,40.3,4.8,5.4,12.1,11.3,1.5,10.5,4.9,4.7,2.0,10.0,2.6,0.0,20.6,5.5,0.8,14.5,7.4,6.1,1.6,3.9,2.2,16.8,4.8,10.9,1.1,21.5,6.5,1.0,0.4,0.0,2.4,20.6,2.6,9.2,5.3,4.3,2.4,3.8,0.0,14.5,14.5,5.2,2.1,5.8,12.3,1.8,12.7,5.5,0.0,10.5,1.8,10.7,4.3,16.2,24.7,38.0,14.8,6.4,1.3,121.2,13.8,5.6,2.0,22.5,14.4,4.9,11.4,30.2,23.2,8.0,8.3,24.9,29.7,32.9,23.5,33.0,0.2,12.9,1.9,23.9,5.5,9.7,2.3,26.8,38.2,8.2,3.4,18.8,14.7,22.8,11.7,0.7,28.7,8.9,0.0,20.0,7.6,36.2,14.6,73.2,26.8,23.2,11.4,10.2,0.6,26.0,1.9,3.2,15.7,25.7,15.0,0.0,14.0,111.7,14.3,21.5,13.8,2.5,14.8,34.8,4.9,24.7,3.9,43.7,17.8,3.8,6.0,15.0,11.8,11.0,2.6,197.4,4.9,424.0,9.1,37.5,14.7,5.5,20.9,6.7,21.9,16.9,23.4,0.0,25.0,95.1,29.9,2.2,18.8,31.0,25.3,34.2,35.2,34.6,25.8,30.9,1.7,5.1,0.0,0.0,0.0,0.0,0.0,9.0,2.9,6.4,0.0,23.6,4.3,0.0,2.0,24.4,0.0,17.9,2.4,8.5,2.4,9.0,1.7,2.6,3.2,3.0,25.3,10.8,2.5,6.8,7.0,20.9,6.0,7.1,17.5,10.4,0.6,3.9,0.6,0.1,2.0,4.5,3.7,0.0,15.4,9.2,10.7,7.8,0.7,26.7,6.7,34.0,1.8,5.4,6.1,9.3,8.2,0.0,6.4,150.5,35.3,85.9,35.8,11.7,1.9,14.9,2.9,21.0,1.9,29.0,2.5,10.9,12.0,17.2,3.5,18.1,0.0,11.4,28.8,7.2,11.8,496.5,1.8,1.9,0.0,5.0,10.9,14.9,11.0,33.8,84.6,13.2,1.0,3.5,5.9,7.7,1.7,20.4,2.7,18.8,15.5,5.4,0.4,0.0,2.0,10.2,3.0,11.5,2.7,65.6,2.1,15.8,2.1,24.5,2.4,33.6,2.2,94.8,39.7,6.7,13.4,15.8,24.5,19.2,21.3,40.3,86.0,0.5,5.9,9.7,11.9,19.0,9.1,17.2,0.0,20.5,12.7,17.3,69.4,10.8,0.0,14.6,7.3,12.6,11.0,9.2,51.1,3.0,17.7,16.0,24.8,29.3,13.2,12.5,12.9,19.9,15.6,11.8,21.5,46.2,14.8,7.2,6.0,10.7,17.5,30.4,11.9,9.6,6.2,6.7,5.4,15.8,54.0,33.1,50.0,3.4,5.1,19.0,6.0,75.3,4.5,23.2,1.9,13.4,6.8,21.0,17.5,107.8,12.7,14.3,4.9,15.1,5.8,6.4,54.4,10.9,1.1,34.7,5.5,40.5,5.5,14.8,4.7,8.8,3.0,14.7,7.6,12.9,23.0,7.6,4.2,2.9,0.4,18.9,13.7,11.3,4.1
40626_NEG_SU,neg,Level 2,Anisomycin,Anthropogenic,Antibiotic / antimicrobial,68.1,0.3,0.1,0.6,0.0,0.7,0.0,0.4,0.1,0.3,0.2,0.1,0.0,0.3,0.2,0.8,0.2,0.4,0.2,1.1,0.0,1.2,0.0,0.0,0.0,0.5,0.0,0.0,0.2,2.1,0.1,1.0,0.0,1.0,0.0,0.6,0.1,0.6,0.0,0.7,0.1,0.4,0.1,0.4,0.0,0.3,0.1,0.4,0.0,0.4,0.0,0.5,0.0,1.3,0.1,2.0,0.1,1.3,0.1,1.9,0.1,1.6,0.0,1.2,0.1,0.2,0.0,1.1,0.1,0.7,0.0,1.6,0.1,2.5,0.1,0.7,0.0,1.0,0.3,2.0,0.1,2.4,0.3,1.5,0.5,0.8,0.1,3.7,0.7,0.6,0.1,0.6,0.5,1.3,0.1,0.7,0.1,0.8,0.3,0.7,0.2,0.9,0.1,1.3,0.3,0.4,0.0,0.0,0.0,0.4,0.0,0.7,0.2,0.4,0.1,0.3,0.6,0.2,0.2,0.2,0.2,0.4,0.1,0.7,0.0,1.3,0.0,1.0,0.0,0.7,0.0,1.0,0.3,1.2,0.5,0.7,0.0,0.6,0.0,0.4,0.2,0.1,0.0,0.2,0.3,0.3,0.1,7.7,0.2,0.6,0.0,0.1,0.0,0.1,0.1,0.2,0.0,0.1,0.0,0.0,0.0,0.4,0.0,0.6,0.0,0.2,0.0,0.2,0.0,0.4,0.0,0.9,0.0,0.1,0.0,0.2,0.0,0.1,0.0,0.4,0.0,0.4,0.0,0.3,0.0,0.4,0.0,0.9,0.0,0.3,0.1,0.6,0.0,0.2,0.1,0.5,0.0,3.5,0.3,1.9,0.1,0.4,0.6,0.3,0.0,0.1,0.0,0.0,0.0,0.0,0.0,0.2,0.1,0.2,0.0,0.4,0.1,0.5,0.0,0.2,0.1,0.5,0.2,0.3,0.1,0.2,0.0,0.1,0.1,0.2,0.0,0.5,0.0,0.5,0.1,0.1,0.7,0.5,0.4,0.6,0.1,0.0,0.2,0.5,0.1,0.5,0.2,0.7,0.1,0.3,0.1,1.4,0.1,0.7,0.0,0.0,0.0,0.3,0.1,0.2,0.0,0.1,0.1,0.8,0.1,0.0,0.0,0.8,0.3,0.2,0.0,0.3,0.0,0.7,0.0,0.4,0.3,0.4,0.0,0.8,0.0,0.9,0.0,0.7,0.0,0.4,0.0,0.6,0.1,0.2,0.0,0.3,0.0,0.5,0.0,0.7,0.0,0.2,0.0,0.8,0.0,0.2,0.0,0.2,0.1,0.1,0.0,0.4,0.0,0.7,0.0,0.3,0.0,0.7,0.3,0.1,0.0,0.3,0.0,0.1,0.0,0.0,0.6,0.1,0.7,0.1,0.4,0.2,0.5,0.0,1.6,0.1,0.0,0.0,1.1,0.0,1.0,0.0,1.0,0.0,1.1,0.0,0.5,0.0,0.8,0.0,1.0,0.1,0.4,0.3,1.0,0.0,1.3,0.0,2.5,0.0,0.8,0.0,0.4,0.1,1.1,0.1,0.6,0.2,0.6,0.2,0.5,0.0,0.9,0.2,1.1,0.1,0.0,0.2,0.0,0.3,0.0,0.0,0.0,0.1,0.0,0.3,0.0,0.1,0.0,0.5,0.0,0.3,0.0,0.3,0.0,0.0,0.0,0.2,0.0,0.2,0.0,0.0,0.5,0.3,0.0,0.4,0.1,0.3,0.0,0.3,0.0,0.0,0.0,0.5,0.0,0.2,0.0,0.2,0.0,0.1,0.0,0.3,0.0,0.8,0.1
40838_NEG_SU,neg,Level 2,Lauryl sulfate,Anthropogenic,Surfactant / detergent,51.0,99.1,0.0,62.7,0.0,0.0,0.0,74.3,0.0,96.7,9.6,0.0,0.0,85.5,0.0,0.0,0.0,0.0,0.0,0.0,0.0,94.7,0.0,0.0,0.0,117.8,0.0,187.5,0.0,141.3,0.0,72.0,0.0,313.4,55.5,48.7,0.0,77.9,0.0,325.4,0.0,135.6,160.6,38.6,0.0,98.4,30.9,138.6,0.1,60.6,0.0,222.4,0.0,224.2,0.0,126.2,0.0,0.0,0.0,3.3,34.0,25.0,0.0,0.0,30.7,14.7,0.0,18.8,0.0,0.0,0.2,50.3,0.0,0.0,0.0,21.0,0.0,0.0,0.0,464.6,0.0,48.1,0.0,20.6,0.0,429.5,0.0,0.0,21.2,0.0,0.0,16.4,99.3,21.9,64.0,45.6,0.0,163.8,87.7,766.9,0.0,0.0,0.0,0.0,0.0,0.0,0.0,1728.7,0.0,0.0,0.0,419.9,0.0,230.6,0.0,0.0,0.0,0.0,0.0,0.0,0.0,469.6,0.0,194.9,0.0,0.0,0.0,0.0,0.0,175.3,31.1,107.8,75.3,478.6,0.0,456.5,0.0,291.8,0.0,0.0,0.0,190.6,0.0,388.9,0.0,0.0,0.0,0.0,0.0,88.6,3687.2,153.6,0.0,0.0,0.0,0.0,0.0,0.0,0.0,0.0,16.7,0.0,0.0,0.0,0.0,40.6,0.0,0.0,0.0,0.0,0.0,0.0,0.0,0.0,118.5,274.7,0.0,12.6,0.0,0.0,0.0,257.7,0.0,1290.0,79.9,329.6,2357.1,611.1,67.2,322.0,36.4,310.9,0.0,66.9,68.5,20.1,30.8,178.8,37.8,253.9,32.3,180.1,68.2,170.0,44.2,73.2,0.0,0.0,0.0,0.0,0.0,480.6,0.0,0.0,0.0,150.4,0.0,0.0,0.0,0.0,0.0,17.1,0.0,48.9,0.0,0.0,231.3,0.0,0.0,12.9,0.0,890.5,0.0,593.7,0.0,0.0,1002.0,125.2,0.0,36.2,0.0,140.3,0.0,76.5,152.2,568.3,0.0,30.4,0.0,81.6,0.0,493.4,0.0,366.9,0.0,35.3,0.0,535.4,0.0,2.8,0.0,0.0,0.0,1881.2,0.0,166.7,0.0,86.4,0.0,0.0,0.0,95.4,61.5,32.7,0.0,3.8,0.0,0.0,0.0,171.2,0.0,274.4,0.0,31.8,0.0,448.8,0.0,6.1,0.0,143.4,76.9,149.7,0.0,61.3,555.7,27.2,0.0,0.0,0.0,428.0,0.0,0.0,0.0,41.8,0.0,45.1,0.0,0.0,60.2,68.2,0.0,0.0,77.1,300.0,0.0,410.0,0.0,2.1,0.0,0.0,0.0,119.4,231.7,0.0,112.7,160.8,1009.1,51.5,344.1,15.2,726.0,0.0,159.4,113.7,221.8,146.3,139.5,91.3,1473.6,0.0,178.0,0.0,0.0,156.3,25.6,155.5,0.0,468.2,0.0,22.0,230.5,0.0,265.7,0.0,335.2,22.1,437.8,96.0,266.9,14.6,340.8,53.5,54.3,123.0,212.0,150.3,211.8,0.0,331.8,345.3,174.7,135.9,68.2,0.0,0.0,67.4,63.0,281.7,51.1,0.0,0.0,106.9,0.0,199.4,101.9,79.5,0.0,90.2,94.1,140.7,69.9,322.4,227.5,40.2,0.0,57.1,0.0,10.2,95.3,46.0,0.0,224.9,20.2,223.0,0.0,205.0,0.0,0.0,0.0,105.2,0.0,0.0,0.0,83.2,0.0,1.0,0.0,167.6,86.0,290.2,0.0
41146_NEG_SU,neg,Level 2,58-63-9,Anthropogenic,Miscellaneous,70.7,0.0,0.7,0.4,0.1,0.3,0.8,0.0,0.3,0.0,0.3,0.3,0.4,0.0,0.3,0.1,0.2,0.0,0.3,0.3,0.2,0.0,0.4,0.0,0.4,0.7,0.0,1.3,0.3,0.1,0.2,0.1,0.6,0.1,0.3,0.0,1.2,0.2,0.7,0.0,0.7,0.0,1.9,0.0,1.0,0.0,1.2,0.1,2.2,0.0,1.9,0.8,3.6,0.5,0.8,0.2,1.2,0.1,0.6,0.0,6.9,0.0,0.7,0.5,1.3,0.0,1.7,0.5,1.1,0.1,6.5,0.2,0.7,0.7,0.6,0.0,1.9,0.0,0.9,0.4,1.2,0.6,0.6,0.1,0.4,1.3,1.2,0.1,1.5,0.0,3.3,0.0,0.6,0.9,1.2,0.0,0.3,0.1,0.2,0.1,0.4,0.2,0.3,0.1,0.2,0.0,0.0,6.5,0.0,0.0,0.4,1.3,0.8,2.3,2.7,0.0,0.6,0.0,0.5,1.0,0.1,0.3,1.4,0.5,1.6,0.0,0.0,0.3,0.0,0.0,0.8,0.0,0.4,0.4,0.0,0.0,0.0,0.2,0.0,0.0,0.1,0.0,0.1,0.1,0.0,0.2,0.1,1.8,0.0,0.1,0.7,0.1,0.9,0.2,0.4,0.0,2.8,1.1,0.8,0.1,1.0,1.5,3.6,0.8,13.1,0.0,0.6,0.1,1.0,0.1,0.7,3.4,1.0,0.3,1.2,0.2,0.7,0.4,1.3,1.7,1.1,0.1,0.2,0.4,2.3,0.1,0.2,0.0,1.3,0.1,1.6,0.0,1.0,0.7,1.1,0.0,1.8,0.0,2.6,0.1,0.2,0.6,0.2,0.0,0.5,0.0,0.0,0.0,0.0,0.0,0.0,3.3,0.7,0.1,0.2,1.1,0.1,1.8,0.2,0.0,0.2,2.5,0.1,0.1,0.9,0.0,0.1,0.0,0.2,0.1,0.0,1.0,0.3,0.2,0.0,0.9,0.1,0.0,0.3,0.0,0.3,0.6,1.2,0.0,0.3,0.1,0.0,0.0,5.8,0.0,0.7,0.5,1.0,0.3,1.6,0.0,0.9,0.2,1.8,0.8,1.0,0.2,2.1,1.3,3.5,0.0,0.2,0.8,0.0,0.0,0.9,0.3,0.0,0.5,0.0,0.1,0.0,0.1,0.0,0.1,0.0,0.0,0.0,0.0,0.2,0.7,0.0,0.0,0.0,0.1,0.0,0.1,0.0,1.1,0.0,0.0,0.0,0.0,0.0,0.5,0.0,0.0,0.4,0.2,0.0,0.0,0.0,0.0,0.0,0.1,0.0,0.1,0.0,0.3,0.6,0.3,0.0,0.0,0.0,0.0,0.0,4.0,1.3,3.0,0.3,1.3,0.5,1.6,0.6,3.8,3.4,1.4,0.4,1.5,3.4,4.1,4.6,3.5,0.1,236.6,2.7,3.0,0.2,0.9,0.0,1.8,0.7,7.0,0.3,0.8,0.9,1.6,1.1,3.0,0.6,8.7,3.4,3.9,0.0,0.8,0.1,18.5,0.7,1.2,0.2,1.7,0.4,6.1,0.7,7.0,0.4,0.0,0.7,0.0,0.4,0.1,3.3,0.0,1.4,0.0,0.6,0.0,0.0,1.7,0.2,0.1,0.8,0.0,0.3,0.0,0.2,1.3,0.0,0.2,0.0,0.5,12.2,0.5,0.2,0.0,0.7,0.1,21.0,1.0,0.7,0.0,13.4,0.0,2.8,0.0,0.8,0.0,0.3,0.0,0.1,0.0,0.4,0.2,0.0,0.0,0.0
44334_NEG_SU,neg,Level 2,Sakuranetin,Natural,"Natural product – plant/fungal metabolites, terpenes, flavonoids, alkaloids, etc.",25.0,0.0,0.5,0.0,0.0,0.0,0.0,0.0,0.0,0.0,0.0,0.0,0.0,1.1,0.0,0.4,1.5,0.4,0.0,0.0,0.9,0.0,0.0,0.0,2.1,0.1,0.6,0.5,0.8,0.0,0.0,0.3,1.0,0.4,0.0,0.0,0.0,0.0,2.0,0.0,0.0,0.3,0.0,0.1,2.1,0.0,5.8,0.0,34.2,0.0,1.0,0.0,0.0,0.0,5.6,0.0,0.0,0.0,0.0,0.0,1.0,0.0,0.0,0.0,0.0,0.0,0.0,0.0,0.0,0.0,0.0,0.0,0.4,0.0,0.0,0.0,0.0,0.0,0.0,0.0,0.0,0.0,0.0,0.0,0.0,0.0,0.0,0.0,0.0,0.0,0.0,0.0,0.0,0.0,0.0,0.0,0.0,0.0,0.0,0.0,0.0,0.0,0.0,0.0,0.0,0.0,0.0,0.0,0.6,0.0,0.0,0.0,0.0,0.0,0.0,0.0,0.0,0.0,0.7,0.0,0.0,0.0,0.0,0.0,0.0,0.0,1.0,0.0,0.6,0.0,0.1,0.0,0.0,0.0,0.0,0.0,0.0,0.0,2.2,0.0,0.0,0.0,0.7,0.0,0.0,0.0,0.9,0.0,0.0,0.0,0.0,0.0,2.1,0.0,0.0,0.0,0.5,0.0,0.0,0.0,0.0,0.0,4.7,0.0,0.8,0.0,1.5,0.0,2.3,0.0,0.0,0.0,2.2,0.0,1.5,0.0,0.0,0.0,0.0,0.0,1.5,0.0,1.2,0.0,1.6,0.0,0.7,0.0,3.2,0.0,0.0,0.0,4.0,0.0,2.4,0.0,0.4,0.0,0.7,1.4,3.9,0.0,0.0,0.0,0.0,0.0,0.0,0.0,0.0,0.0,0.0,0.0,0.0,0.0,0.0,0.0,0.0,0.0,0.0,0.0,0.0,0.0,0.0,0.0,0.0,0.0,0.0,0.0,0.0,0.0,0.0,0.0,1.4,0.0,0.0,0.0,0.0,0.0,0.0,0.0,0.0,0.0,0.1,0.0,0.0,0.0,0.0,0.0,4.4,0.0,0.1,0.0,4.5,0.0,0.0,0.0,0.0,0.0,110.4,0.0,1.0,0.0,0.0,0.0,2.5,0.0,0.0,0.0,0.0,0.0,0.0,0.0,0.0,0.0,2.0,0.0,0.0,0.0,0.4,0.0,0.0,0.0,0.3,0.0,0.0,0.0,6.4,0.0,0.0,0.0,1.5,0.0,1.3,0.0,0.9,0.0,0.8,0.0,1.7,0.0,0.9,0.9,0.2,0.0,10.8,0.0,0.9,0.0,2.5,0.0,1.0,0.0,0.0,0.0,0.0,0.0,0.0,0.0,2.5,0.0,0.0,0.0,0.0,0.0,0.0,0.0,0.0,0.0,0.0,0.0,0.0,0.0,0.0,0.3,0.0,0.0,0.0,0.2,5.8,0.0,0.0,0.0,0.0,1.2,0.0,2.8,0.0,0.0,0.0,0.1,0.0,0.1,0.0,0.0,0.0,0.0,0.0,0.0,0.0,0.0,0.0,0.0,0.0,0.0,0.0,0.0,0.0,0.0,0.0,0.0,0.0,0.0,18.7,0.0,20.3,0.5,131.5,0.0,19.8,0.0,16.4,0.0,1.3,1.9,8.6,0.0,22.6,0.0,37.7,1.4,18.2,0.0,0.0,0.0,0.0,0.0,32.5,6.2,0.0,0.0,12.8,0.0,16.4,0.0,19.9,0.0,4.0,0.0,0.5,0.0,3.9,0.0,0.0,0.0,2.7,0.0,0.0,0.0,0.0,0.0,0.0
45754_NEG_SU,neg,Level 2,Myristyl sulfate,Anthropogenic,Surfactant / detergent,67.9,28.7,0.0,14.4,0.0,0.0,0.0,17.0,0.0,14.8,0.0,10.6,0.0,24.0,0.0,0.0,0.0,11.9,0.0,9.0,0.0,40.9,0.0,0.0,0.0,20.4,0.0,114.1,0.0,32.3,0.0,13.0,0.0,142.2,7.6,9.6,0.0,11.5,0.0,67.5,0.0,21.2,9.6,17.5,0.0,14.4,0.0,37.8,0.0,0.0,0.0,84.8,0.0,111.0,0.0,30.1,10.0,68.2,0.0,32.0,17.0,24.5,0.0,28.4,26.1,41.3,0.0,44.7,0.0,59.4,10.9,33.0,0.0,32.2,0.0,30.0,0.0,26.0,0.0,143.7,0.0,76.5,5.2,25.0,0.0,174.9,0.0,21.3,22.3,12.1,0.0,15.1,32.0,24.0,22.5,42.2,0.0,92.3,19.7,263.5,4.3,356.4,0.0,12.2,0.0,0.0,0.0,463.1,0.0,3.0,0.0,157.0,0.0,69.4,0.0,0.0,0.0,0.2,0.0,0.0,0.0,194.5,0.0,44.6,0.0,0.0,0.0,11.4,0.0,41.4,0.0,63.6,30.7,118.1,0.0,140.4,0.0,74.8,0.0,0.2,0.0,42.3,0.0,27.9,0.0,40.8,7.6,318.6,14.3,26.4,4980.1,119.9,0.0,73.6,36.8,18.3,11.2,141.2,0.0,0.0,0.4,2142.2,23.5,163.5,9.1,4.7,0.0,153.9,17.2,30.5,17.7,1828.3,0.0,1.6,0.0,20.4,0.0,118.7,0.0,119.8,0.0,98.2,0.0,681.3,9.6,207.8,351.6,321.3,17.3,174.3,2.1,48.4,0.0,54.2,205.2,50.2,25.4,48.1,51.8,89.7,20.4,60.6,17.4,37.9,27.4,0.0,0.0,0.0,0.0,0.0,0.0,152.1,0.0,38.2,0.0,83.5,0.0,17.0,0.0,57.1,0.0,28.1,0.0,27.5,0.0,0.0,53.2,3.7,0.0,6.4,4.2,928.2,0.0,193.2,4.9,2.8,201.1,54.5,24.6,36.7,0.0,62.2,0.0,38.5,20.2,139.9,8.8,0.1,0.0,101.7,0.1,159.3,0.0,103.7,2.6,131.1,0.0,149.2,10.8,36.4,0.0,0.0,0.0,377.6,0.0,88.5,28.8,22.9,0.0,0.0,0.0,66.3,13.2,82.3,0.0,16.1,0.0,2.6,0.0,74.1,0.0,216.8,10.5,77.1,0.0,226.5,1.0,42.0,0.0,70.6,5.6,117.0,4.5,52.5,0.0,30.6,1.9,0.0,0.0,179.8,0.0,15.5,18.7,38.6,0.0,20.3,0.0,0.0,12.3,34.7,4.1,11.3,9.3,134.2,0.0,146.9,0.0,29.1,0.0,21.1,0.0,46.5,105.4,0.0,60.8,64.3,826.7,16.5,153.6,27.8,297.7,0.0,114.4,19.5,111.2,27.0,60.5,34.6,146.2,6.9,720.2,0.0,31.9,37.2,32.7,56.9,103.2,364.8,0.0,6.3,120.4,0.0,75.8,0.0,91.7,11.4,98.8,38.8,76.7,12.9,84.9,11.9,194.3,27.3,61.7,19.9,50.1,0.0,143.0,124.2,26.9,49.4,19.6,14.0,9.5,43.8,35.8,150.6,13.0,0.0,0.0,43.8,9.5,65.6,8.9,40.3,1.1,34.7,32.1,44.8,26.1,106.7,53.6,59.8,0.0,28.2,11.5,17.7,31.9,16.7,27.9,95.6,25.4,116.9,16.3,88.7,14.6,10.5,0.0,33.5,33.0,15.9,7.4,25.0,0.0,24.0,5.9,77.8,27.5,67.9,3.2
46476_NEG_SU,neg,Level 2,12-Hydroxyoctadec-9-enoic acid,Natural,Fatty acid / lipid,45.7,0.0,9.0,43.4,27.0,32.9,56.3,28.7,87.7,0.0,121.4,0.0,60.7,344.3,311.8,12.2,98.1,333.8,178.4,248.5,24.5,10.1,640.1,13.7,18.2,306.7,114.7,397.3,70.7,147.1,801.1,230.5,356.5,123.5,96.8,158.3,0.0,134.1,163.4,98.5,106.5,395.7,456.4,118.4,129.8,182.2,64.8,398.4,9.6,137.7,154.0,118.7,0.0,0.0,0.0,0.0,23.8,47.9,0.0,0.0,38.4,0.0,93.7,7.5,0.0,0.0,0.0,0.0,32.6,7.1,9.8,0.0,56.8,0.0,151.5,23.1,0.0,1.5,299.1,251.0,7.2,36.8,34.0,0.0,0.0,0.0,0.0,24.3,65.6,0.0,0.0,0.0,0.0,0.0,67.3,0.0,0.0,0.0,0.0,125.2,12.3,0.0,0.0,114.9,0.0,0.0,0.0,2360.3,0.0,0.0,0.0,79.4,0.0,244.8,0.0,0.0,0.0,0.0,0.0,0.0,0.0,30.7,0.0,0.0,0.0,0.0,0.0,86.5,0.0,0.0,0.0,0.0,0.0,252.6,0.0,64.9,0.0,0.0,0.0,0.0,0.0,0.0,0.0,0.0,0.0,0.0,0.0,523.2,0.0,0.0,0.0,6215.0,6.3,0.0,0.0,0.0,0.0,152.2,0.0,16.0,43.6,2081.1,18999.2,0.0,1.8,47.8,14.7,5649.6,48.2,45.1,5443.4,0.0,0.0,33.7,56.8,0.0,157.5,55.0,0.0,2229.5,112.9,303.6,0.0,335.9,140.3,0.0,0.0,985.8,0.0,97.0,162.8,1167.4,119.7,855.7,20137.8,158.1,10.4,93.4,359.6,107.3,106.2,0.0,1307.6,268.4,1711.4,184.8,0.0,0.0,0.0,0.0,0.0,0.0,15.1,39.8,0.0,440.3,244.5,0.0,424.7,458.8,0.0,133.6,0.0,0.0,0.0,26.1,0.0,49.9,26.5,0.0,41.5,0.0,0.0,0.0,74.0,83.3,0.0,0.0,35.0,49.5,0.0,70.8,79.5,34.3,0.0,0.0,29.6,57.5,0.9,21.6,0.0,0.0,117.5,341.4,49.2,1012.1,188.3,412.8,193.0,49.3,0.0,0.0,44.6,865.9,49.2,441.6,77.9,19.2,0.0,0.0,0.0,0.0,0.0,0.0,0.0,0.0,0.0,0.0,0.0,0.0,0.0,0.0,0.0,0.0,0.0,22.4,0.0,0.0,0.0,0.0,0.0,19.3,0.0,0.0,593.0,0.0,0.0,0.0,0.0,0.0,0.0,0.0,0.0,0.0,0.0,0.0,0.0,0.0,0.0,0.0,0.0,0.0,0.0,0.0,0.0,138.1,0.0,276.6,0.0,85.5,0.0,50.0,0.0,0.0,0.0,0.0,0.0,50.0,54.8,0.0,289.6,0.0,36.5,39.6,34.5,197.0,9.7,0.0,369.9,12.9,1421.2,14.4,207.7,0.0,0.0,0.0,49.8,1687.5,0.0,0.0,49.2,0.0,4.2,149.3,37.1,87.0,0.0,136.5,0.0,0.0,0.0,0.0,41.4,0.0,77.7,0.0,0.0,15.4,0.0,0.0,0.0,0.0,111.7,0.0,0.0,0.0,0.0,0.0,136.3,0.0,0.0,0.0,0.0,2.6,0.0,0.0,0.0,7.7,0.0,0.0,182.1,0.0,0.0,0.0,0.0,0.0,6.2,0.0,0.0,0.0,0.0,0.0,0.0,58.7,0.0,0.0,0.0,0.0,0.0,0.0,0.0,0.0,0.0,0.0,0.0,0.0,0.0,0.0,0.0,0.0,0.0
49537_NEG_SU,neg,Level 1,N-MeFBSA-M,Anthropogenic,PFAS,33.8,0.1,0.0,0.8,0.0,0.0,0.0,0.9,0.0,0.9,0.0,13.3,0.0,0.4,0.0,0.1,0.0,3.0,0.0,0.0,0.0,1.0,0.0,0.1,0.0,2.5,0.0,0.1,0.0,1.8,0.0,1.3,0.0,0.3,0.0,30.9,0.0,0.3,0.0,0.4,0.0,0.5,0.0,0.3,0.0,0.6,0.1,0.8,0.0,0.3,0.0,0.4,0.0,0.3,0.0,0.0,0.0,0.0,0.0,0.0,0.0,0.1,0.0,0.0,0.0,0.0,0.0,0.1,0.0,0.0,0.0,0.0,0.0,0.0,0.0,0.0,0.0,0.3,0.0,4.1,0.7,1.1,0.0,0.0,0.0,0.1,0.0,0.0,0.1,0.7,0.0,0.0,0.0,0.5,0.0,0.0,0.0,0.0,0.0,0.1,0.0,0.0,0.0,0.1,0.0,0.2,0.0,0.0,0.0,0.1,0.0,0.0,0.0,0.0,0.0,0.0,0.0,0.0,0.0,0.7,0.0,0.0,0.0,0.0,0.0,0.0,0.0,0.0,0.0,0.0,0.0,0.0,0.0,0.1,0.0,0.0,0.0,0.0,0.0,0.0,0.0,0.0,0.0,0.0,0.0,0.0,0.0,0.9,0.0,0.0,0.0,0.0,0.0,0.1,0.0,0.2,0.0,0.5,0.0,0.1,0.0,0.2,0.0,1.1,0.0,0.4,0.0,0.1,0.0,0.1,0.0,0.0,0.0,0.6,1.6,0.6,0.0,0.1,0.0,0.1,0.0,0.2,0.0,1.7,0.2,0.1,0.1,0.5,0.0,0.0,0.0,0.2,0.0,0.2,0.0,0.5,0.0,0.2,0.0,0.0,0.0,0.1,0.0,0.1,0.2,0.2,0.0,0.0,0.0,0.0,0.0,0.1,0.0,0.5,0.0,0.1,0.0,0.0,0.0,0.0,0.0,1.4,0.0,0.0,0.0,0.5,0.0,0.6,0.0,0.1,0.0,0.2,0.0,0.0,0.0,0.0,0.3,0.4,0.0,0.2,0.0,0.6,0.0,0.0,0.0,0.0,0.0,0.2,0.0,0.0,0.0,0.3,0.0,0.0,0.0,0.0,0.0,0.0,0.0,0.3,0.0,0.1,0.0,0.0,0.0,0.0,0.0,0.1,0.0,0.1,0.0,1.8,0.0,0.0,0.0,0.3,0.2,0.0,0.0,3.8,0.3,0.1,0.0,0.2,0.0,0.0,0.0,1.4,0.3,0.1,0.0,0.4,0.0,0.2,0.0,0.8,0.0,0.5,0.0,0.8,0.0,0.5,0.0,0.2,0.0,0.0,0.0,0.3,0.0,0.1,0.0,0.4,0.0,3.1,0.0,0.1,0.0,0.1,0.0,0.4,0.0,0.0,0.0,0.0,1.2,0.0,0.0,0.0,0.0,0.0,1.4,0.0,0.4,0.0,0.0,0.0,0.2,0.0,0.0,0.0,0.2,0.0,0.3,0.0,0.0,0.0,0.7,0.0,0.2,0.0,0.3,0.0,0.0,0.0,5.9,0.0,0.0,0.0,0.1,0.0,0.1,0.0,0.5,0.0,0.0,0.0,0.0,0.0,0.0,0.0,0.0,0.0,0.0,3.2,0.0,0.0,0.0,0.4,0.0,0.0,0.0,1.2,0.0,0.0,0.0,0.7,0.0,0.0,0.0,0.1,0.0,0.0,0.0,0.9,0.0,0.1,0.0,0.0,0.0,0.0,0.0,0.0,0.0,0.0,0.0,4.6,0.1,0.0,0.0,1.0,0.0,0.1,0.0,0.5,0.0,0.4,0.0,0.9,2.0,1.8,0.0
51969_NEG_SU,neg,Level 2,Dodecylbenzenesulfonic acid,Anthropogenic,Surfactant / detergent,33.3,0.0,1861.5,272.3,705.2,439.1,0.0,0.0,0.0,0.0,2857.4,0.0,0.0,2569.1,6.9,0.0,4755.0,0.0,0.0,0.0,0.0,0.0,2035.3,0.0,0.0,0.0,0.0,0.0,0.0,0.0,3317.0,0.0,0.0,0.0,0.0,0.0,0.0,0.0,0.0,0.0,0.0,6567.7,55.5,1995.3,0.0,0.0,0.0,0.0,0.0,0.0,0.0,0.0,0.0,0.0,0.0,0.0,0.0,0.0,0.0,0.0,0.0,0.0,50.3,44.4,0.0,0.0,0.0,0.0,0.0,0.0,0.0,0.0,0.0,0.0,0.0,0.0,0.0,0.0,0.0,233.8,0.0,0.0,0.0,0.0,0.0,0.0,0.0,0.0,0.0,0.0,0.0,0.0,0.0,0.0,0.0,0.0,0.0,0.0,0.0,15683.9,0.0,138.0,0.0,1489.4,0.0,35.2,0.0,593.3,102.4,0.0,0.0,107.1,0.0,0.0,371.8,0.0,115.8,80.8,32.8,1002.8,201.2,15.1,12.8,0.0,90.3,190.6,0.0,0.0,0.0,128.7,0.0,0.0,31.1,46.5,166.9,151.8,123.5,0.0,238.3,405.2,179.2,0.0,0.0,0.0,0.0,0.0,390.1,156.4,1336.9,37.2,1041.2,844.1,258.1,5.8,194.2,140.6,271.9,948.5,369.4,0.0,279.1,13510.7,1766.4,364.5,0.0,0.0,0.0,147.7,77.5,228.1,0.0,23550.1,0.0,518.1,39.2,1026.0,1428.8,35.5,0.0,501.3,0.0,293.0,0.0,69.8,0.0,0.0,0.0,0.0,0.0,0.0,0.0,16.1,61.8,259.5,135.7,0.0,0.0,0.0,129.0,0.0,0.0,0.0,0.0,7715.5,329.6,0.0,0.0,0.0,0.0,0.0,0.0,0.0,0.0,0.0,0.0,34.2,0.0,0.0,0.0,0.0,0.0,76.0,0.0,0.0,0.0,0.0,0.0,0.0,0.0,0.0,0.0,19.7,0.0,0.0,0.0,0.0,0.0,0.0,0.0,0.0,0.0,72.1,0.0,0.0,0.0,0.0,0.0,0.0,0.0,0.0,0.0,0.0,0.0,0.0,0.0,34.5,0.0,0.0,0.0,0.0,0.0,0.0,0.0,22.7,0.0,0.0,0.0,0.0,0.0,0.0,0.0,0.0,0.0,0.0,0.0,0.0,29.9,0.0,0.0,0.0,0.0,0.0,0.0,80.1,0.0,80.4,0.0,0.0,0.0,0.0,0.0,0.0,0.0,0.0,482.0,0.0,0.0,0.0,0.0,0.0,0.0,0.0,0.0,0.0,0.0,0.0,0.0,0.0,0.0,0.0,0.0,0.0,0.0,0.0,0.0,28.3,0.0,0.0,0.0,0.0,0.0,155.1,21680.5,0.0,0.0,0.0,285.6,0.0,114.6,0.0,62.9,0.0,1581.2,1344.1,363.1,285.0,310.4,243.1,415.3,385.3,1757.2,72.4,415.2,0.0,76.4,92.6,63.8,12779.1,0.0,70.8,205.0,0.0,548.5,187.1,0.0,159.8,0.0,749.9,0.0,0.0,0.0,0.0,337.6,0.0,15.7,303.0,0.0,0.0,70.5,282.2,0.0,0.0,1340.0,0.0,423.1,25.2,0.0,0.0,70.2,0.0,0.0,32.5,0.0,166.2,2.4,0.0,0.0,0.0,0.0,0.0,84.2,0.0,70.4,0.0,84.8,0.0,217.1,170.1,0.0,0.0,78.4,0.0,179.4,0.0,523.4,0.0,0.0,0.0,527.0,0.0,30.5,44.3,0.0,0.0,0.0,0.0,0.0,7.9,146.2,0.0,0.0
52702_NEG_SU,neg,Level 2,"(Z)-5,8,11-trihydroxyoctadec-9-enoic acid",Natural,Fatty acid / lipid,32.4,0.4,0.1,5.2,0.2,1.3,0.9,1.2,2.1,0.6,2.3,0.0,0.0,8.5,0.1,0.1,1.4,9.7,0.2,8.0,0.0,1.0,0.3,0.1,0.0,16.8,1.5,0.6,0.9,1.7,7.9,6.2,0.0,5.3,0.5,3.6,3.9,2.9,3.5,1.5,1.0,11.4,1.4,0.7,1.7,0.4,0.7,1.3,2.6,8.2,7.0,0.0,0.0,0.4,0.0,0.0,0.0,0.0,0.0,0.0,0.0,0.0,0.0,0.0,0.0,0.0,0.0,0.0,0.0,0.0,0.0,0.0,0.0,0.0,0.0,0.0,0.0,0.0,0.0,0.0,0.0,0.0,0.0,0.0,0.0,0.4,0.0,0.0,0.0,0.0,0.0,0.0,0.0,0.0,0.0,0.0,0.0,0.0,0.0,0.0,0.0,0.0,0.0,0.7,0.0,0.0,0.0,5.7,0.0,0.0,0.0,2.1,0.0,1.4,0.0,0.0,0.0,0.0,0.0,0.3,0.0,0.4,0.0,0.0,0.0,0.0,0.0,0.0,0.0,0.0,0.0,0.0,0.0,0.0,0.0,0.0,0.0,0.1,0.0,0.0,5.4,0.0,0.0,0.0,0.0,0.4,5.8,2.9,0.0,0.0,3.6,0.0,0.2,0.6,0.0,0.0,1.8,0.8,0.8,0.0,1.1,1.6,0.5,0.0,0.2,0.0,0.6,1.4,0.3,0.3,0.1,3.8,0.9,0.0,0.8,0.4,0.6,3.1,0.9,0.0,0.7,1.5,0.0,7.6,1.5,0.0,0.1,2.1,1.4,0.0,1.2,5.5,2.1,0.2,0.5,0.0,0.1,0.8,0.2,5.3,0.9,0.0,1.6,0.0,2.8,0.0,0.0,0.0,0.0,0.0,0.0,0.0,0.0,0.0,0.0,0.0,0.0,0.3,0.0,0.0,0.0,0.0,0.0,0.0,0.0,0.0,0.0,0.0,0.0,0.0,0.0,0.0,0.0,0.0,0.0,0.7,0.0,0.0,0.0,0.0,0.0,0.0,0.6,0.0,0.0,0.0,0.0,0.0,2.7,0.0,0.0,0.0,0.0,0.0,1.5,0.0,0.8,0.0,0.7,0.0,0.0,0.0,1.7,5.1,0.1,0.0,0.0,0.0,0.0,0.0,0.0,0.0,0.0,0.0,0.0,0.0,0.0,0.0,0.0,0.0,0.0,0.0,0.0,0.0,0.0,2.4,0.0,0.0,0.0,0.0,0.0,0.0,0.0,0.0,0.3,0.0,0.0,0.0,0.0,0.0,0.0,0.0,0.0,0.0,0.0,0.0,0.0,0.0,0.0,0.0,0.0,0.0,0.0,0.0,0.0,0.0,0.0,0.2,0.0,0.0,0.0,9.1,0.0,1.3,0.0,0.5,0.0,1.4,0.0,4.2,0.1,2.0,0.0,0.4,0.0,25.8,0.0,3.7,0.5,3.5,0.0,5.8,0.0,3.3,0.0,8.7,0.0,9.8,0.0,0.0,0.0,2.9,0.0,9.6,0.0,5.6,0.0,4.9,0.0,1.3,0.0,1.4,0.0,0.0,0.0,0.0,0.0,0.1,0.0,0.0,0.0,0.0,0.0,0.0,0.0,0.0,0.0,0.0,0.0,0.0,0.0,0.0,0.0,0.0,0.0,0.0,0.0,0.0,0.0,0.0,0.0,0.0,0.0,0.0,0.0,0.0,0.0,0.0,0.0,0.0,0.0,0.0,0.0,0.2,0.0,0.0,0.0,0.0,0.0,0.0,0.0,0.0,0.0,0.0,0.0,0.0,0.0,0.0,0.0,0.0,0.0
54776_NEG_SU,neg,Level 2,Usnic acid,Natural,"Natural product – plant/fungal metabolites, terpenes, flavonoids, alkaloids, etc.",39.5,0.0,0.8,0.0,0.5,0.0,0.0,0.0,3.1,0.0,0.5,0.0,0.0,0.0,0.0,0.0,0.0,0.0,0.0,0.0,0.0,0.0,1.4,0.0,0.0,0.0,0.0,0.0,0.0,0.0,0.0,0.0,3.0,0.0,0.2,0.0,0.0,0.0,0.0,0.0,0.7,0.0,2.6,0.0,2.4,0.0,0.0,0.0,0.3,0.0,0.0,0.0,16.1,0.0,20.2,0.0,1.3,0.0,23.8,0.0,20.7,0.7,30.0,0.0,22.7,0.0,8.0,0.0,5.1,0.0,6.0,0.1,93.7,1.1,12.0,0.0,2.5,0.0,6.1,0.0,3.2,0.0,0.0,0.0,1.0,0.0,0.0,0.0,7.8,0.3,1.9,0.0,0.0,0.0,4.7,0.0,0.0,0.0,0.8,0.0,0.2,0.0,2.2,0.0,0.0,0.0,0.0,0.0,2.3,0.0,0.3,0.0,0.0,0.0,0.0,0.0,0.0,0.0,0.0,0.0,0.0,0.0,0.0,0.0,0.0,0.0,0.0,0.0,0.0,0.0,2.5,0.0,6.0,0.0,0.0,0.0,15.0,0.0,0.0,0.0,0.0,0.0,0.0,0.0,0.0,0.0,0.5,0.0,0.0,0.0,0.0,0.0,1.0,0.0,1.0,0.0,0.0,0.0,6.4,0.0,1.8,0.0,0.0,0.0,0.0,0.0,2.0,0.0,0.0,0.0,3.4,0.0,9.9,0.0,7.9,0.0,3.0,0.0,0.5,0.0,0.6,0.1,0.0,0.0,0.2,0.0,0.3,0.0,10.4,0.0,26.6,0.0,1.1,0.0,0.2,0.0,0.4,0.0,0.3,0.0,0.0,0.0,0.0,0.0,0.0,0.0,0.0,0.0,0.0,0.0,0.0,0.0,0.8,0.0,12.5,0.0,0.0,0.0,4.9,0.0,2.7,0.0,0.0,0.0,0.7,0.0,0.2,0.0,0.0,0.0,0.4,0.0,7.3,0.0,0.0,1.9,0.0,0.0,3.1,0.0,0.2,0.0,9.9,4.3,0.1,0.0,2.5,0.0,3.3,0.0,0.4,5.7,2.2,0.0,17.2,0.1,3.0,0.0,6.4,0.0,7.3,0.0,13.0,0.0,9.4,0.0,1.0,0.0,0.0,0.0,18.0,0.0,14.4,0.0,45.3,0.0,0.0,0.0,3.4,0.0,0.0,0.0,4.9,0.0,10.1,0.0,0.1,0.0,0.0,0.0,64.5,0.0,21.3,0.0,7.2,0.6,3.2,0.0,16.5,0.0,0.8,0.0,2.0,0.0,6.2,0.3,5.0,0.0,35.7,0.0,45.7,0.0,4.5,0.6,1.0,0.0,3.0,0.0,0.6,0.0,3.9,9.0,0.0,13.0,0.0,3.7,0.0,3.0,0.0,0.1,0.0,1.0,0.0,6.8,0.0,1.6,0.0,19.8,9.8,1.1,0.0,6.3,0.0,5.7,0.0,0.3,0.0,12.5,0.0,0.0,0.0,4.4,0.0,6.3,0.0,58.9,0.0,1.3,1.0,0.0,0.0,1.1,0.0,0.0,0.0,0.0,0.0,6.3,0.0,1.0,0.0,0.0,8.0,0.0,4.2,0.0,13.8,5.5,20.7,0.2,2.3,0.0,3.4,0.0,4.3,0.0,3.4,0.0,13.3,0.0,49.0,0.0,0.0,0.0,0.6,0.0,3.5,10.1,0.0,0.0,1.1,0.0,1.7,0.0,0.5,2.3,4.7,0.0,2.4,0.0,4.0,0.0,2.2,0.0,32.6,0.0,1.9,0.2,0.0,0.0,0.6
62133_NEG_SU,neg,Level 2,"alpha,alpha-Trehalose",Natural,Food additive / flavor / vitamin,61.9,0.3,0.0,5.7,0.0,2.0,0.2,0.7,0.0,1.3,0.0,1.4,0.0,0.9,0.0,42.3,0.0,0.6,0.0,2.2,0.0,0.3,0.3,0.0,0.0,1.2,0.0,3.7,0.2,1.6,0.8,0.3,14.0,1.3,2.8,0.0,0.0,1.3,3.2,0.6,6.2,0.6,8.5,1.6,9.2,1.7,21.3,1.0,16.4,0.3,15.6,0.4,1.0,0.0,1.0,0.0,0.0,0.0,1.0,0.0,2.8,0.0,3.4,0.0,2.8,0.0,0.0,0.0,0.9,0.0,0.0,0.1,1.5,0.0,0.4,0.0,0.0,0.0,0.0,0.0,0.0,0.0,0.0,0.0,0.0,0.1,1.2,0.0,0.0,0.0,0.0,0.0,0.0,0.0,0.0,0.0,0.0,0.0,0.0,0.0,0.0,0.4,0.0,0.3,0.0,0.0,0.0,24.1,0.0,1.2,0.0,2.1,0.0,5.3,0.0,0.0,0.0,1.1,0.0,0.1,0.0,0.1,0.0,0.7,0.0,0.3,0.0,0.7,0.0,1.0,1.0,0.8,0.0,1.5,0.0,1.6,0.0,0.1,0.0,0.0,0.0,0.4,0.0,0.4,0.0,0.4,0.0,13.8,0.0,0.1,0.0,0.4,9.9,0.7,1.4,0.0,18.4,0.5,3.2,0.2,4.8,0.1,6.3,2.0,6.9,0.0,4.2,0.6,4.5,2.2,5.2,1.8,9.6,1.1,19.6,0.3,6.9,2.2,4.6,8.3,14.3,0.8,2.2,0.6,13.3,0.4,4.3,0.7,14.9,0.2,26.1,4.0,29.1,0.2,7.4,0.0,10.6,0.4,10.4,1.3,2.5,0.8,2.8,1.5,0.3,0.0,0.0,0.0,0.0,0.0,0.0,2.0,0.1,0.9,3.5,1.4,0.9,0.7,3.5,0.0,5.6,0.8,0.0,0.3,2.6,0.0,0.9,0.0,0.5,0.4,2.0,0.7,5.4,3.9,0.6,3.6,2.3,0.1,11.5,1.2,4.2,0.9,8.0,1.6,5.6,0.5,9.1,0.4,47.8,1.9,23.7,5.5,24.4,3.6,41.2,0.0,49.9,0.7,60.9,0.8,65.5,1.5,59.9,9.8,30.5,1.8,27.2,0.7,5.6,0.1,39.4,0.4,0.1,0.6,0.0,0.0,0.0,0.0,0.0,0.6,0.0,1.5,0.1,0.1,0.0,81.8,0.0,0.5,0.0,0.8,0.1,3.0,0.0,0.7,0.0,0.3,0.0,0.0,0.0,3.4,0.0,1.4,0.1,0.5,0.0,0.1,0.0,0.0,0.0,3.0,0.0,0.2,0.0,2.5,0.0,3.0,0.0,0.7,0.0,0.0,0.0,30.8,4.9,2.5,0.8,0.2,0.3,6.8,0.5,26.5,5.3,0.8,0.3,0.9,0.9,55.9,0.7,0.1,0.0,5.3,2.3,1.8,0.5,6.5,0.5,2.3,0.7,9.0,0.5,0.5,4.0,2.1,1.2,0.1,1.2,0.5,2.0,7.3,0.6,0.1,0.5,2.2,0.8,0.0,0.3,0.8,0.0,0.0,0.4,4.3,0.2,0.0,0.0,0.0,0.0,0.0,0.0,0.4,0.0,0.0,0.5,0.7,0.0,0.7,0.0,0.0,0.0,0.0,0.0,0.2,0.0,0.0,0.1,0.2,0.0,0.2,0.0,0.0,0.1,0.0,0.0,0.6,0.0,2.5,0.0,0.2,0.0,0.0,0.0,0.0,0.0,0.0,0.0,0.0,0.0,0.0,0.0,0.0,0.0,0.0,0.0
64565_NEG_SU,neg,Level 2,Fipronil,Anthropogenic,Pesticide / biocide,14.3,0.0,0.0,0.0,0.0,0.0,0.0,0.0,0.0,0.0,0.0,0.0,0.0,0.0,0.0,0.0,0.0,0.0,0.0,0.0,0.0,0.0,0.0,0.0,0.0,0.0,0.0,0.0,0.0,0.0,0.0,0.0,0.0,0.0,0.0,0.0,0.0,0.0,0.0,0.0,0.0,0.0,0.0,0.0,0.0,0.0,0.0,0.0,0.0,7.8,0.0,0.1,0.0,0.0,0.0,0.0,0.0,0.0,0.0,2.3,0.0,0.0,0.0,1.1,0.3,0.0,0.0,0.0,0.0,0.0,0.0,0.0,0.4,0.0,0.0,0.0,0.0,0.0,0.0,0.5,0.0,0.0,0.0,0.0,0.0,0.0,0.0,0.0,0.0,1.0,0.0,0.1,0.0,0.0,0.0,0.0,0.0,0.0,0.0,0.0,0.0,0.0,0.0,0.0,0.0,0.4,0.0,2.8,0.0,8.9,0.5,0.0,0.4,21.0,0.0,0.0,0.0,0.1,0.0,0.0,0.0,0.0,0.0,0.0,0.0,0.0,0.0,0.0,0.0,0.3,0.0,0.0,0.0,0.8,0.0,0.0,0.0,0.0,0.0,0.0,0.0,0.0,0.0,0.0,0.0,0.0,0.0,1.4,0.1,0.0,0.0,0.0,0.0,0.0,0.0,0.5,0.0,0.0,0.0,0.0,0.0,0.0,0.0,0.0,0.0,0.0,0.0,0.0,0.0,0.0,0.0,0.0,0.0,0.0,0.0,0.0,0.0,0.0,0.0,0.0,0.0,0.0,0.0,0.0,0.0,0.0,0.0,0.0,0.0,0.0,0.0,0.0,0.0,0.0,0.0,0.0,0.0,0.0,0.0,0.0,0.0,0.0,0.0,0.3,0.0,0.0,0.0,0.0,0.0,0.0,0.0,0.1,0.0,0.0,0.0,0.0,0.0,0.0,0.0,0.0,0.0,0.0,0.0,0.0,0.0,0.0,0.0,0.0,0.0,0.0,0.0,0.1,0.0,0.0,0.0,0.0,0.0,0.0,0.0,0.0,0.0,3.8,0.1,0.0,0.0,0.0,0.1,0.0,0.0,0.0,0.0,0.0,0.0,0.0,0.0,0.0,0.0,0.0,0.0,0.0,0.0,0.0,0.0,34.2,0.9,0.0,0.0,0.0,0.0,0.0,0.0,0.0,0.0,0.0,0.0,0.0,0.0,0.0,0.0,0.0,0.0,1.8,0.0,0.0,0.0,0.0,0.0,0.0,0.0,0.1,0.0,0.0,0.0,0.0,0.0,0.0,0.0,0.0,0.0,0.0,0.0,0.0,0.0,0.0,0.0,0.0,0.0,0.0,0.0,0.0,0.0,0.0,0.0,0.0,0.0,0.0,0.0,0.0,0.0,0.0,0.0,0.4,0.0,0.0,0.0,0.6,0.0,0.0,0.0,0.1,8.0,0.0,0.0,0.0,0.0,0.2,0.0,0.1,0.0,0.0,0.0,1.0,0.0,0.1,0.0,0.1,0.0,0.0,0.0,0.0,0.0,0.7,0.7,0.0,0.0,0.1,0.0,0.0,0.0,0.0,0.0,0.0,0.1,0.0,0.0,0.0,0.0,0.3,0.0,0.5,0.0,7.5,0.3,0.0,0.0,0.5,0.0,0.0,0.5,0.0,0.0,0.0,0.0,0.0,0.1,10.5,5.2,0.0,0.0,0.0,0.0,0.0,0.0,0.0,1.0,0.0,0.0,0.0,0.0,0.0,0.0,0.0,0.0,1.1,0.0,0.0,0.0,4.4,0.0,0.1,0.0,0.2,0.1,0.0,0.0,0.0,0.0,0.0,0.0,0.4,0.0
64688_NEG_SU,neg,Level 2,Dicoumaroyl spermidine,Natural,"Natural product – plant/fungal metabolites, terpenes, flavonoids, alkaloids, etc.",26.9,0.1,0.0,0.0,0.0,0.0,0.0,0.0,0.0,0.0,0.3,0.0,0.0,0.0,0.0,0.0,0.0,0.0,0.0,0.0,0.0,0.1,0.1,0.0,1.9,0.0,0.7,0.0,2.3,0.1,7.9,0.1,18.3,0.0,14.4,0.0,1.9,0.4,0.8,0.1,1.0,0.0,1.0,0.0,1.4,0.4,6.3,0.0,0.7,0.0,4.7,0.0,0.0,0.0,0.0,0.0,0.0,0.0,0.0,0.0,0.0,0.0,0.0,0.0,0.0,0.0,0.0,0.0,0.0,0.0,0.0,0.0,0.0,0.0,0.0,0.0,0.0,0.0,0.0,0.0,0.0,0.0,0.0,0.0,0.0,0.0,0.0,0.0,0.0,0.0,0.0,0.0,0.0,0.0,0.0,0.0,0.0,0.0,0.0,0.0,0.0,0.0,0.0,0.0,0.0,0.0,0.0,0.0,0.0,0.0,0.0,0.0,0.0,0.0,0.0,0.0,0.0,0.0,0.0,0.0,0.0,0.0,0.0,0.0,0.0,0.0,0.0,0.0,0.0,0.0,0.0,0.0,0.0,0.0,0.0,0.0,0.0,0.0,0.0,0.0,0.0,0.0,0.0,0.0,0.1,0.0,0.0,0.0,0.0,0.0,0.0,0.0,0.8,0.0,0.6,0.0,0.3,0.0,0.6,0.0,0.3,0.0,2.0,0.0,3.2,0.0,3.5,0.0,2.7,0.0,0.6,0.0,0.6,0.0,0.3,0.0,0.1,0.0,0.4,0.0,0.8,0.0,0.2,0.0,2.8,0.0,0.1,0.0,0.6,0.0,0.2,0.0,9.2,0.0,1.5,0.0,0.4,0.0,0.2,0.0,0.0,0.0,0.0,0.0,0.0,0.0,0.0,0.0,0.0,0.0,0.0,0.0,0.1,0.0,1.6,0.1,0.3,0.0,2.3,0.1,0.3,0.0,0.0,0.0,0.7,0.0,0.4,0.0,0.6,0.0,0.7,0.0,0.2,0.0,0.5,0.5,0.0,0.0,0.3,0.0,1.9,0.0,0.7,0.0,0.3,0.0,0.4,0.0,2.3,0.0,1.0,0.6,1.8,0.3,2.9,0.0,2.5,0.1,8.2,0.0,1.6,0.0,2.7,0.1,7.5,0.1,0.7,0.0,1.1,0.0,1.5,0.0,0.0,0.0,0.0,0.0,0.0,0.0,0.0,0.0,0.0,0.0,0.0,0.0,0.0,0.0,0.0,0.0,0.0,0.0,0.0,0.0,0.0,0.0,0.0,0.0,0.0,0.0,0.0,0.0,0.0,0.0,0.0,0.0,0.0,0.0,0.1,0.0,0.0,0.0,0.0,0.0,0.0,0.0,0.0,0.0,0.0,0.0,0.2,0.0,0.3,1.7,0.0,1.5,0.0,1.4,0.2,0.8,0.0,1.1,0.1,0.5,0.0,0.3,0.0,2.8,0.0,1.5,0.0,2.0,0.0,0.7,0.0,0.9,0.0,5.5,0.0,2.2,0.0,0.1,0.0,0.9,0.0,0.6,0.0,1.3,0.0,3.2,0.0,1.3,0.0,2.0,0.0,0.1,0.0,0.3,0.0,0.7,0.0,0.0,0.0,0.0,0.0,0.0,0.0,0.0,0.0,0.0,0.0,0.0,0.0,0.0,0.0,0.0,0.0,0.0,0.0,0.0,0.0,0.0,0.0,0.0,0.0,0.0,0.0,0.0,0.0,0.0,0.0,0.0,0.0,0.0,0.0,0.0,0.0,0.0,0.0,0.0,0.0,0.0,0.0,0.0,0.0,0.0,0.0,0.0,0.0,0.0,0.0,0.0,0.0
65444_NEG_SU,neg,Level 2,Kaempferol-3-O-glucoside,Natural,"Natural product – plant/fungal metabolites, terpenes, flavonoids, alkaloids, etc.",13.6,1.5,0.0,0.0,0.0,0.0,0.0,0.0,0.0,0.0,0.0,0.1,0.0,0.0,0.0,0.0,0.0,0.0,0.0,0.0,0.0,0.1,0.0,0.0,0.0,0.0,0.0,0.0,0.0,0.0,0.0,0.0,0.0,0.0,0.0,0.0,0.0,0.2,0.0,0.0,0.0,0.0,1.9,0.0,0.0,0.2,2.2,0.0,0.0,0.2,0.1,1.2,0.0,0.0,0.3,0.0,0.0,0.0,0.0,0.0,0.0,0.0,0.7,0.0,0.0,0.0,0.0,0.0,0.0,0.0,0.0,0.0,0.0,0.0,0.0,0.0,0.8,0.0,0.0,0.0,0.0,0.0,0.0,0.0,0.0,0.1,0.0,0.0,0.0,0.8,0.0,0.0,0.0,0.0,0.0,0.0,0.0,0.0,0.0,0.0,0.0,0.0,0.0,0.0,0.0,0.0,0.0,0.0,0.0,0.0,0.0,0.0,0.0,0.0,0.0,0.0,0.0,0.0,0.0,0.0,0.0,0.0,0.0,0.0,0.0,0.0,0.0,0.0,0.0,0.0,0.0,0.6,0.0,0.0,0.0,0.0,0.0,0.0,0.0,0.0,0.0,0.0,0.0,0.0,0.0,0.1,0.0,0.0,0.0,0.0,0.0,0.0,11.7,0.0,0.0,0.0,0.4,0.0,0.0,0.0,0.1,0.0,0.3,0.0,0.0,0.0,0.0,0.0,0.0,0.0,0.0,0.0,0.0,0.0,0.4,0.0,0.0,0.0,0.0,0.0,0.3,0.0,0.0,0.0,0.0,0.0,0.0,0.0,0.0,0.0,0.0,0.0,0.1,0.0,0.0,0.0,0.0,0.0,0.0,0.1,1.5,0.0,0.0,0.0,0.0,0.0,0.0,0.0,0.0,0.0,0.0,0.0,0.0,0.0,0.0,0.0,0.0,0.0,0.1,0.0,0.7,0.0,0.0,0.0,0.0,0.0,0.0,0.0,0.0,0.0,0.0,0.0,0.4,0.0,0.0,0.0,0.0,0.0,0.0,0.0,0.0,0.0,0.3,0.0,0.9,0.0,0.0,0.0,0.2,0.0,3.7,1.3,6.6,0.0,0.1,0.0,0.2,0.0,0.0,0.0,1.4,0.1,2.7,0.6,5.9,0.3,1.5,0.0,0.4,0.0,0.0,0.0,0.0,0.0,0.0,0.0,0.0,0.0,0.0,0.0,0.0,0.0,0.0,0.0,0.0,0.0,0.0,0.0,0.0,0.0,0.0,0.0,0.0,0.0,0.0,0.0,0.0,0.0,0.0,0.0,0.0,0.0,0.0,0.0,0.0,0.0,0.0,0.0,0.0,0.0,0.0,0.0,0.0,0.0,0.0,0.0,0.0,0.0,0.0,0.0,0.0,0.0,0.0,0.7,0.0,0.0,0.0,0.0,0.0,0.0,0.0,0.0,0.0,0.0,0.0,0.0,0.0,0.0,0.0,0.0,0.0,0.0,0.0,0.0,0.0,13.6,0.0,0.1,0.2,0.0,0.0,0.0,0.0,0.0,0.0,0.0,0.0,0.0,0.0,0.0,0.0,0.0,0.0,0.1,0.0,0.0,0.0,0.0,0.0,0.0,0.9,0.0,0.0,0.1,0.0,0.0,0.0,0.0,0.0,0.1,0.0,0.0,0.0,0.1,0.0,0.0,0.0,0.0,0.0,0.0,0.0,0.0,0.0,0.0,0.0,0.0,0.0,0.0,0.0,0.0,0.0,0.1,0.0,0.0,0.0,0.0,0.0,0.0,0.0,0.0,0.0,0.1,0.0,0.0,0.0,0.0,0.0,0.0,0.0,0.1,0.0
65677_NEG_SU,neg,Level 2,Fipronil-sulfone,Anthropogenic,Pesticide / biocide,7.1,0.0,0.0,0.0,0.0,0.0,0.0,0.0,0.0,0.0,0.0,0.0,0.0,0.0,0.0,0.0,0.0,0.0,0.0,0.0,0.0,0.0,0.0,0.0,0.0,0.0,0.0,0.0,0.0,0.0,0.0,0.0,0.0,0.0,0.0,0.0,0.0,0.0,0.0,0.0,0.0,0.0,0.0,0.0,0.0,0.0,0.0,0.0,0.0,0.3,0.0,0.1,0.0,0.0,0.0,0.0,0.0,0.0,0.0,0.3,0.0,0.0,0.0,0.3,0.2,0.0,0.0,0.0,0.0,0.0,0.0,0.0,0.0,0.0,0.0,0.0,0.0,0.0,0.0,0.0,0.0,0.0,0.0,0.0,0.0,0.0,0.0,0.0,0.0,0.0,0.0,0.0,0.0,0.0,0.0,0.0,0.0,0.0,0.0,0.0,0.0,0.0,0.0,0.0,0.0,0.0,0.0,0.4,0.0,0.2,0.0,0.0,0.0,0.4,0.0,0.0,0.0,0.0,0.0,0.0,0.0,0.0,0.0,0.0,0.0,0.0,0.0,0.0,0.0,0.0,0.0,0.0,0.0,0.1,0.0,0.0,0.0,0.0,0.0,0.0,0.0,0.0,0.0,0.0,0.0,0.0,0.0,0.0,0.0,0.0,0.0,0.0,0.0,0.0,0.0,0.0,0.0,0.0,0.0,0.0,0.0,0.0,0.0,0.0,0.0,0.0,0.0,0.0,0.0,0.0,0.0,0.0,0.0,0.0,0.0,0.0,0.0,0.0,0.0,0.0,0.0,0.0,0.0,0.0,0.0,0.0,0.0,0.0,0.0,0.0,0.0,0.0,0.0,0.0,0.0,0.0,0.0,0.0,0.0,0.0,0.0,0.0,0.0,0.0,0.0,0.0,0.0,0.0,0.0,0.0,0.0,0.0,0.0,0.0,0.0,0.0,0.0,0.0,0.0,0.0,0.0,0.0,0.0,0.0,0.0,0.0,0.0,0.0,0.0,0.0,0.0,0.0,0.0,0.0,0.0,0.0,0.0,0.0,0.0,0.0,0.0,0.1,0.0,0.0,0.0,0.0,0.0,0.0,0.0,0.0,0.0,0.0,0.0,0.0,0.0,0.0,0.0,0.0,0.0,0.0,0.0,0.0,0.0,3.9,0.4,0.0,0.0,0.0,0.0,0.0,0.0,0.0,0.0,0.0,0.0,0.0,0.0,0.0,0.0,0.0,0.0,0.3,0.0,0.0,0.0,0.0,0.0,0.0,0.0,0.0,0.0,0.0,0.0,0.0,0.0,0.0,0.0,0.0,0.0,0.0,0.0,0.0,0.0,0.0,0.0,0.0,0.0,0.0,0.0,0.0,0.0,0.0,0.0,0.0,0.0,0.0,0.0,0.0,0.0,0.0,0.0,0.1,0.0,0.0,0.0,0.2,0.0,0.0,0.0,0.0,1.3,0.0,0.0,0.0,0.0,0.0,0.0,0.0,0.0,0.0,0.0,0.3,0.0,0.1,0.0,0.0,0.0,0.0,0.0,0.0,0.0,0.0,0.0,0.0,0.0,0.3,0.0,0.0,0.0,0.0,0.0,0.0,0.1,0.0,0.0,0.0,0.0,0.1,0.0,0.7,0.1,0.4,0.1,0.0,0.0,0.2,0.0,0.0,0.1,0.0,0.0,0.0,0.0,0.0,0.0,1.4,0.5,0.0,0.0,0.0,0.0,0.0,0.0,0.0,0.0,0.0,0.0,0.0,0.0,0.0,0.0,0.0,0.0,0.4,0.0,0.0,0.0,0.0,0.0,0.0,0.0,0.0,0.0,0.0,0.0,0.0,0.0,0.0,0.0,0.0,0.0
66553_NEG_SU,neg,Level 2,Cholesterol 3-sulfate,Natural,Fatty acid / lipid,57.9,12.0,0.0,0.0,1.9,0.2,0.0,13.0,0.0,20.6,1.7,22.3,0.0,0.0,0.0,12.4,0.0,0.0,0.0,6.5,12.5,12.3,0.0,0.0,6.4,3.3,5.3,17.7,0.0,0.0,0.0,10.1,1.9,7.8,1.2,1.0,0.0,10.8,0.0,25.2,3.1,6.9,0.0,0.0,0.2,0.5,25.7,0.0,0.0,47.0,0.0,43.1,0.0,0.0,0.0,23.4,5.8,0.0,0.0,0.0,0.0,1.9,0.0,31.2,8.3,24.7,2.4,0.0,0.0,0.1,0.0,4.1,0.0,0.0,0.0,3.7,0.0,0.0,7.6,26.0,0.0,0.0,0.0,0.2,0.0,8.2,0.0,2.6,68.4,0.0,0.0,0.0,0.5,0.0,0.0,2.7,0.0,3.1,0.0,11.7,0.0,10.7,0.0,0.0,0.0,3.2,0.0,18.7,0.0,0.8,1.0,32.1,0.1,49.6,12.1,0.0,0.0,0.0,11.2,4.2,5.1,49.4,35.0,11.8,0.0,1.6,0.0,4.1,0.0,0.0,19.8,3.9,1.9,45.9,0.0,93.6,0.0,25.8,2.5,8.0,0.0,29.1,39.9,9.3,0.6,16.0,0.0,56.7,32.8,29.8,0.0,2.4,0.0,0.0,0.0,0.0,0.0,0.0,0.0,5.9,0.0,0.0,0.8,22.8,0.0,0.0,0.0,15.8,0.0,0.0,0.0,0.0,0.0,0.7,0.0,0.0,0.0,0.0,0.0,0.0,0.0,0.4,0.0,0.0,0.0,0.0,0.0,0.0,0.0,1.7,0.0,19.7,0.0,0.0,7.8,0.0,0.0,0.0,0.0,0.0,0.0,13.9,0.0,0.0,0.0,0.0,0.0,0.0,0.0,0.0,0.0,46.0,0.0,12.1,0.0,32.5,5.3,0.0,38.5,64.5,0.0,8.7,0.0,35.1,0.0,8.6,12.0,17.6,3.3,10.9,0.0,22.7,0.0,25.0,0.0,0.0,35.2,12.1,0.0,14.9,0.8,21.2,7.8,52.0,1.6,83.3,3.2,20.8,0.0,21.7,1.1,25.9,0.0,105.2,0.0,9.6,0.0,50.2,0.0,24.5,0.0,14.3,0.0,58.8,0.0,34.9,9.4,99.4,0.9,21.2,0.0,13.3,2.3,29.9,33.4,9.7,0.0,0.0,0.0,22.1,1.3,22.1,1.9,23.5,0.0,12.1,0.0,23.4,1.2,38.4,1.2,22.1,0.3,16.8,7.1,18.5,16.5,11.9,21.2,48.7,8.1,18.0,0.0,59.5,3.5,18.7,0.0,8.8,24.6,8.1,14.0,17.7,1.3,37.8,0.0,54.5,17.0,29.0,0.0,12.8,1.1,0.0,3.2,0.0,9.6,0.9,0.0,0.0,10.4,0.0,30.8,1.7,0.0,0.6,7.2,0.0,0.0,0.0,78.9,0.0,0.0,0.0,0.0,0.0,4.0,9.7,0.0,0.0,0.1,0.1,7.0,0.0,19.7,0.0,24.3,0.0,32.7,0.0,9.5,3.3,13.5,0.0,0.0,0.0,23.9,0.0,6.3,0.0,25.1,22.4,5.3,76.1,0.0,3.9,13.7,29.2,144.2,0.0,29.7,8.0,0.7,10.3,54.6,8.0,2.5,18.5,2.9,5.8,5.8,24.3,59.8,35.0,10.3,30.6,0.2,8.5,0.0,1.1,18.8,3.4,10.7,27.2,0.0,433.2,22.0,25.3,0.0,3.8,0.0,8.3,7.6,75.7,21.2,92.4,4.0,14.1,0.7,31.5,20.6,28.7,2.0
71627_NEG_SU,neg,Level 2,1-Hexadecanoyl-sn-glycero-3-phospho-(1'-myo-inositol),Natural,Fatty acid / lipid,45.0,0.0,0.1,0.0,0.0,0.0,0.3,0.0,0.3,0.0,0.1,0.0,0.0,0.0,0.1,0.0,0.0,0.0,0.0,0.0,0.0,0.0,0.1,0.0,0.1,0.0,0.0,0.0,0.9,0.0,3.6,0.0,7.5,0.0,6.8,0.0,1.3,0.0,4.3,0.0,7.5,0.0,12.0,0.0,13.0,0.4,32.6,0.1,24.5,0.0,29.3,0.0,0.7,0.0,0.5,0.0,0.2,0.0,0.4,0.0,0.3,0.0,0.8,0.0,0.4,0.0,0.2,0.0,0.0,0.0,1.8,0.0,0.4,0.0,0.2,0.0,0.2,0.0,0.3,0.0,0.1,0.0,0.0,0.0,0.0,0.0,0.1,0.0,0.1,0.0,0.3,0.0,0.2,0.0,0.4,0.0,0.1,0.0,0.3,0.0,0.1,0.0,0.0,0.0,0.0,0.0,0.0,1.5,0.0,0.0,0.0,0.0,0.1,0.4,0.0,0.0,0.0,0.0,0.0,0.0,0.0,0.0,0.2,0.0,0.0,0.0,0.0,0.0,0.1,0.0,2.5,0.0,0.0,0.0,0.0,0.0,0.0,0.0,0.0,0.0,0.0,0.0,0.0,0.0,0.0,0.0,0.0,0.3,0.0,0.0,0.0,0.4,3.0,0.0,0.0,0.0,2.2,0.3,2.9,0.0,7.7,0.0,452.1,0.0,7.0,0.0,2.0,3.6,0.0,0.0,210.2,0.0,3.9,0.0,6.1,0.0,5.1,0.0,4.2,3.8,3.5,0.0,1.1,0.0,8.2,0.0,1.7,0.7,8.0,0.1,20.5,1.8,11.7,0.0,787.4,0.0,4.6,0.0,2.4,0.1,1.5,0.1,0.1,0.0,0.6,0.0,0.0,0.0,0.0,0.0,0.0,0.2,1.3,0.0,2.2,0.3,1.0,0.0,16.1,0.0,1.8,0.1,0.0,0.0,4.1,0.0,0.8,0.0,4.4,0.0,1.7,0.2,4.4,0.0,1.5,2.1,0.0,0.0,6.8,0.3,4.5,0.0,20.7,0.8,2.1,0.0,8.8,0.0,65.0,0.6,21.7,2.2,36.5,1.8,75.6,3.3,137.1,1.5,133.1,1.6,33.7,0.5,79.0,2.7,17.8,2.5,42.4,0.5,1.9,0.1,34.3,0.0,0.0,0.0,0.0,0.0,0.0,0.0,0.0,0.0,0.0,0.0,0.0,0.0,0.0,0.2,0.3,0.0,0.0,0.0,0.0,0.0,0.3,0.0,0.0,0.0,0.0,0.0,0.0,0.0,0.1,0.0,0.0,0.0,0.0,0.0,0.0,0.0,0.1,0.0,0.0,0.0,0.0,0.0,0.0,0.0,0.0,0.0,0.0,0.0,0.0,8.2,0.0,3.3,0.0,1.3,0.0,3.1,0.0,7.6,0.5,1.9,0.0,0.9,0.0,10.3,0.0,3.2,5.6,9.4,3.2,4.5,0.0,6.8,0.0,1.0,0.0,120.3,0.0,0.4,0.1,1.7,0.0,2.3,0.1,5.7,0.0,5.5,0.0,1.0,0.0,2.2,0.0,0.4,0.2,0.4,0.0,1.2,0.0,0.3,0.1,0.0,1.5,0.0,0.6,0.0,0.9,0.0,1.1,0.0,0.6,0.0,0.2,0.0,0.3,0.0,0.4,0.0,0.2,0.0,2.1,0.0,0.0,0.0,0.0,0.0,0.5,0.2,0.0,0.0,0.2,0.0,0.0,0.2,0.7,0.0,0.5,0.0,0.3,0.0,0.3,0.0,0.1,0.0,0.2,0.0,0.1,0.0,0.2,0.0,0.0
72281_NEG_SU,neg,Level 2,Oroxin B,Natural,"Natural product – plant/fungal metabolites, terpenes, flavonoids, alkaloids, etc.",20.5,0.0,0.0,0.0,0.0,0.0,0.1,0.0,0.0,0.0,0.0,0.0,0.0,0.0,0.0,0.0,0.0,0.0,0.0,0.0,0.0,0.1,0.0,0.0,0.0,0.0,0.0,0.0,0.7,0.0,2.7,0.0,1.3,0.0,1.0,0.0,0.3,0.0,0.4,0.0,0.2,0.0,0.8,0.0,0.4,0.0,1.0,0.0,0.5,0.0,0.2,0.0,0.0,0.0,0.9,0.0,0.0,0.0,0.0,0.1,0.0,0.0,1.0,0.0,0.0,0.0,0.0,0.0,0.0,0.0,0.0,0.0,0.0,0.0,0.0,0.0,0.3,0.0,0.0,0.0,0.0,0.0,0.0,0.0,0.0,0.0,0.0,0.0,0.1,0.0,0.0,0.0,0.0,0.0,0.0,0.0,0.0,0.0,0.0,0.0,0.0,0.0,0.0,0.0,0.0,0.3,0.0,0.0,0.0,0.0,0.0,0.0,0.0,0.0,0.0,0.0,0.0,0.0,0.0,0.0,0.0,0.0,0.0,0.0,0.0,0.0,0.0,0.0,0.0,0.0,0.0,0.0,0.0,0.0,0.0,0.0,0.0,0.0,0.1,0.0,0.4,0.0,0.0,0.0,0.0,0.0,0.0,0.0,0.0,0.0,0.0,0.0,0.3,0.0,0.1,0.0,0.2,0.0,0.4,0.0,0.0,0.1,0.4,0.0,0.3,0.0,0.1,0.0,0.1,0.0,0.0,0.0,0.0,0.0,0.0,0.0,0.0,0.0,0.0,0.0,0.1,0.0,0.0,0.0,0.2,0.0,0.0,0.0,0.3,0.0,0.0,0.0,0.3,0.0,0.1,0.0,0.2,0.0,0.0,0.0,0.0,0.0,0.0,0.0,0.0,0.0,0.0,0.0,0.0,0.0,0.0,0.0,0.2,0.0,0.6,0.1,0.1,0.0,0.6,0.1,6.4,0.0,0.4,0.0,0.8,0.0,0.3,0.0,2.3,0.0,1.4,0.1,3.9,0.0,0.5,0.7,0.0,0.2,1.6,0.0,0.2,0.0,0.5,0.0,1.3,0.0,0.2,0.0,0.7,0.0,1.0,0.3,0.6,0.0,0.6,0.0,2.3,0.0,0.3,0.0,1.7,0.0,0.7,0.0,0.5,0.0,1.7,0.0,0.1,0.1,1.6,0.0,0.0,0.0,0.0,0.0,0.0,0.0,0.0,0.0,0.0,0.0,0.0,0.0,0.0,0.0,0.0,0.0,0.0,0.0,0.0,0.0,0.0,0.0,0.0,0.0,0.0,0.0,0.0,0.0,0.0,0.0,0.0,0.0,0.0,0.0,0.0,0.0,0.0,0.0,0.0,0.0,0.0,0.0,0.0,0.0,0.0,0.0,0.0,0.0,0.0,0.4,0.0,0.1,0.0,0.0,0.0,0.2,0.0,0.1,0.0,0.0,0.0,0.0,0.0,0.0,0.0,0.2,0.0,0.2,0.0,0.5,0.0,0.1,0.0,1.7,0.0,0.0,0.0,0.0,0.0,0.0,0.0,0.1,0.0,0.2,0.0,0.0,0.0,0.0,0.0,0.0,0.0,0.0,0.0,0.0,0.0,0.0,0.0,0.0,0.0,0.0,0.0,0.0,0.1,0.0,0.0,0.0,0.0,0.0,0.9,0.0,0.0,0.0,0.0,0.0,0.0,0.0,0.0,0.0,0.0,0.0,0.0,0.0,0.0,0.0,0.0,0.0,0.0,0.0,0.0,0.0,0.0,0.0,0.0,0.0,0.0,0.0,0.0,0.0,0.0,0.0,0.0,0.0,0.0,0.0,0.0,0.0,0.0,0.0,0.0
73309_NEG_SU,neg,Level 2,CCG-208435,Anthropogenic,Miscellaneous,13.6,0.0,0.0,0.0,0.0,0.0,0.2,0.0,0.0,0.0,0.0,0.0,0.0,0.0,0.0,0.0,0.0,0.0,0.0,0.0,0.0,0.0,0.0,0.0,0.0,0.0,0.0,0.0,0.0,0.0,0.0,0.0,0.0,0.0,0.0,0.0,0.0,0.0,0.0,0.0,0.0,0.0,0.1,0.0,0.0,0.0,0.2,0.0,0.6,0.0,0.0,0.0,0.0,0.0,0.1,0.0,0.1,0.0,0.1,0.0,0.0,0.0,0.1,0.0,0.2,0.0,0.0,0.0,0.0,0.0,0.0,0.0,0.1,0.0,0.0,0.0,0.2,0.0,0.0,0.0,0.0,0.0,0.0,0.0,0.0,0.0,0.0,0.0,0.0,0.0,0.0,0.0,0.0,0.0,0.0,0.0,0.0,0.0,0.0,0.0,0.0,0.0,0.0,0.0,0.0,0.0,0.0,0.0,0.0,0.0,0.0,0.0,0.0,0.0,0.0,0.0,0.0,0.0,0.0,0.0,0.0,0.0,0.0,0.0,0.0,0.0,0.0,0.0,0.0,0.0,0.0,0.0,0.0,0.0,0.0,0.0,0.0,0.0,0.0,0.0,0.0,0.0,0.0,0.0,0.0,0.0,0.0,0.0,0.0,0.0,0.0,0.0,0.1,0.0,0.0,0.0,0.0,0.0,0.1,0.0,0.0,0.0,0.1,0.0,0.0,0.0,0.0,0.0,0.0,0.0,0.0,0.0,0.0,0.0,0.1,0.0,0.0,0.0,0.0,0.0,0.1,0.0,0.0,0.0,0.1,0.0,0.0,0.0,0.0,0.0,0.0,0.0,0.0,0.0,0.0,0.0,0.0,0.0,0.0,0.0,0.0,0.0,0.0,0.0,0.0,0.0,0.0,0.0,0.0,0.0,0.0,0.0,0.0,0.1,0.0,0.0,0.0,0.0,0.1,0.0,0.1,0.0,0.0,0.0,0.0,0.0,0.0,0.0,0.0,0.0,0.0,0.1,0.0,0.0,0.0,0.1,0.0,0.1,0.2,0.1,0.1,0.0,0.4,0.1,0.7,0.0,0.1,0.1,0.2,0.1,10.4,0.7,2.4,0.3,0.3,0.0,0.3,0.2,0.1,0.3,1.5,0.3,1.1,0.2,1.9,0.3,1.9,0.0,0.7,0.2,0.6,0.0,0.0,0.0,0.0,0.0,0.0,0.0,0.0,0.0,0.0,0.0,0.0,0.0,0.0,0.0,0.0,0.0,0.0,0.0,0.0,0.0,0.0,0.0,0.0,0.0,0.0,0.0,0.0,0.0,0.0,0.0,0.0,0.0,0.0,0.0,0.0,0.0,0.0,0.0,0.0,0.0,0.0,0.0,0.0,0.0,0.0,0.0,0.0,0.0,0.0,0.0,0.0,0.6,0.0,0.0,0.0,0.0,0.0,0.0,0.0,0.0,0.0,0.0,0.0,0.0,0.0,0.0,0.0,0.0,0.0,0.0,0.0,0.0,0.0,4.3,0.0,0.2,0.4,0.0,0.0,0.0,0.0,0.0,0.0,0.0,0.0,0.0,0.0,0.0,0.0,0.0,0.0,0.0,0.0,0.0,0.0,0.0,0.0,0.0,0.1,0.0,0.0,0.0,0.0,0.0,0.0,0.0,0.0,0.0,0.0,0.0,0.0,0.0,0.0,0.0,0.0,0.0,0.0,0.0,0.0,0.0,0.0,0.0,0.0,0.0,0.0,0.0,0.0,0.0,0.0,0.0,0.0,0.0,0.0,0.0,0.0,0.0,0.0,0.0,0.0,0.0,0.0,0.0,0.0,0.0,0.0,0.0,0.0,0.0,0.0
74413_NEG_SU,neg,Level 1,Perfluoro-tridecanoic acid,Anthropogenic,PFAS,7.1,0.1,0.0,0.0,0.0,0.0,0.0,0.0,0.0,0.0,0.0,0.0,0.0,0.0,0.0,0.0,0.0,0.0,0.0,0.0,0.0,0.0,0.0,0.0,0.0,0.0,0.0,0.2,0.1,0.0,0.0,0.0,0.0,0.0,0.0,0.0,0.0,0.0,0.0,0.0,0.0,0.0,0.0,0.0,0.0,0.0,0.0,0.0,0.0,0.0,0.0,0.1,0.0,0.0,0.0,0.0,0.0,0.0,0.0,0.0,0.0,0.0,0.0,0.0,0.0,0.0,0.0,0.0,0.0,0.0,0.0,0.0,0.0,0.0,0.0,0.0,0.0,0.5,0.2,0.3,0.0,0.0,0.0,0.0,0.0,0.0,0.0,0.0,0.0,0.0,0.0,0.0,0.0,0.0,0.0,0.0,0.0,0.0,0.0,0.0,0.0,0.1,0.0,0.0,0.0,0.0,0.0,0.0,0.0,0.0,0.0,0.0,0.0,0.0,0.0,0.0,0.0,0.0,0.0,0.0,0.0,0.0,0.0,0.0,0.0,0.0,0.0,0.0,0.1,0.0,0.0,0.0,0.0,0.0,0.0,0.0,0.0,0.0,0.0,0.0,0.0,0.0,0.0,0.0,0.0,0.0,0.0,0.0,0.0,0.0,0.0,0.0,0.0,0.2,0.0,0.0,0.0,0.1,0.0,0.0,0.0,0.6,0.0,0.0,0.0,0.0,0.0,0.0,0.0,0.0,0.0,0.0,0.0,0.0,0.0,0.0,0.0,0.0,0.0,0.0,0.0,0.3,0.1,0.0,0.0,0.0,0.0,0.0,0.0,0.0,0.0,0.0,0.0,0.0,0.0,0.0,0.0,0.0,0.1,0.0,0.0,0.0,0.0,0.3,0.0,0.0,0.0,0.0,0.0,0.0,0.0,0.0,0.0,0.0,0.0,0.0,0.0,0.0,0.0,0.0,0.0,0.0,0.0,0.0,0.0,0.0,0.0,0.0,0.0,0.0,0.0,0.0,0.0,0.0,0.0,0.0,0.0,0.0,0.0,0.0,0.0,0.1,0.0,0.0,0.0,0.0,0.0,0.0,0.0,0.0,0.0,0.0,0.0,0.0,0.0,0.0,0.0,0.0,0.0,0.0,0.0,0.0,0.0,0.0,0.0,0.0,0.0,0.0,0.0,0.0,0.0,0.0,0.0,0.0,0.0,0.0,0.0,0.0,0.0,0.0,0.0,0.0,0.0,0.0,0.0,0.0,0.0,0.0,0.0,0.0,0.0,0.0,0.0,0.0,0.0,0.0,0.0,0.3,0.3,0.0,0.3,0.0,0.0,0.0,0.0,0.0,0.0,0.0,0.0,0.0,0.0,0.0,0.0,0.0,0.0,0.0,0.0,0.0,0.0,0.0,0.0,0.0,0.0,0.0,0.0,0.1,0.1,0.0,0.0,0.0,0.1,0.0,0.0,0.1,0.0,0.0,0.0,0.0,0.2,0.0,0.0,0.0,0.0,0.0,0.0,0.0,0.0,2.7,0.1,0.2,0.0,0.0,0.0,0.0,0.0,0.0,0.0,0.0,0.0,0.0,0.0,0.0,0.0,0.0,0.0,0.0,0.0,0.0,0.0,0.0,0.0,0.0,0.0,0.0,0.0,0.0,0.0,0.0,0.0,0.0,0.0,0.0,0.0,0.0,0.0,0.0,0.0,0.0,0.0,0.0,0.0,0.0,0.0,0.0,0.0,0.0,0.0,0.2,0.1,0.0,0.0,0.0,0.0,0.0,0.0,0.0,0.0,0.0,0.0,0.0,0.0,0.0,0.0,0.0,0.0,0.0,0.0,0.0,0.0,0.0,0.0
75270_NEG_SU,neg,Level 1,Sodium perfluoro-1-dodecanesulfonate,Anthropogenic,PFAS,2.6,0.0,0.0,0.0,0.0,0.0,0.0,0.0,0.0,0.0,0.0,0.0,0.0,0.0,0.0,0.0,0.0,0.0,0.0,0.0,0.0,0.0,0.0,0.0,0.0,0.0,0.0,0.2,0.0,0.0,0.0,0.0,0.0,0.0,0.0,0.0,0.0,0.0,0.0,0.0,0.0,0.0,0.0,0.0,0.0,0.0,0.0,0.0,0.0,0.0,0.0,0.0,0.0,0.0,0.0,0.0,0.0,0.0,0.0,0.0,0.0,0.0,0.0,0.0,0.0,0.0,0.0,0.0,0.0,0.0,0.0,0.0,0.0,0.0,0.0,0.0,0.0,0.6,0.1,0.0,0.0,0.0,0.0,0.0,0.0,0.0,0.0,0.0,0.0,0.0,0.0,0.0,0.0,0.0,0.0,0.0,0.0,0.0,0.0,0.0,0.0,0.1,0.0,0.0,0.0,0.0,0.0,0.0,0.0,0.0,0.0,0.0,0.0,0.0,0.0,0.0,0.0,0.0,0.0,0.0,0.0,0.0,0.0,0.0,0.0,0.0,0.0,0.1,0.0,0.0,0.0,0.0,0.0,0.0,0.0,0.0,0.0,0.0,0.0,0.0,0.0,0.0,0.0,0.0,0.0,0.0,0.0,0.0,0.0,0.0,0.0,0.0,0.0,0.0,0.0,0.0,0.0,0.0,0.0,0.0,0.0,0.0,0.0,0.0,0.0,0.0,0.0,0.0,0.0,0.0,0.0,0.0,0.0,0.0,0.0,0.0,0.0,0.0,0.0,0.0,0.0,0.5,0.1,0.0,0.0,0.0,0.0,0.0,0.0,0.0,0.0,0.0,0.0,0.0,0.0,0.0,0.0,0.0,0.0,0.0,0.0,0.0,0.0,0.0,0.0,0.0,0.0,0.0,0.0,0.0,0.0,0.0,0.0,0.0,0.0,0.0,0.0,0.0,0.0,0.0,0.0,0.0,0.0,0.0,0.0,0.0,0.0,0.0,0.0,0.0,0.0,0.0,0.0,0.0,0.0,0.0,0.0,0.0,0.0,0.0,0.0,0.0,0.0,0.0,0.0,0.0,0.0,0.0,0.0,0.0,0.0,0.0,0.0,0.0,0.0,0.0,0.0,0.0,0.0,0.0,0.0,0.0,0.0,0.0,0.0,0.0,0.0,0.0,0.0,0.0,0.0,0.0,0.0,0.0,0.0,0.0,0.0,0.0,0.0,0.0,0.0,0.0,0.0,0.0,0.0,0.0,0.0,0.0,0.0,0.0,0.0,0.0,0.0,0.0,0.0,0.0,0.0,0.2,0.1,0.0,0.0,0.0,0.0,0.0,0.0,0.0,0.0,0.0,0.0,0.0,0.0,0.0,0.0,0.0,0.0,0.0,0.0,0.0,0.0,0.0,0.0,0.0,0.0,0.0,0.0,0.0,0.0,0.0,0.0,0.0,0.0,0.0,0.0,0.0,0.0,0.0,0.0,0.0,0.0,0.0,0.0,0.0,0.0,0.0,0.0,0.0,0.0,2.8,0.0,0.0,0.0,0.0,0.0,0.0,0.0,0.0,0.0,0.0,0.0,0.0,0.0,0.0,0.0,0.0,0.0,0.0,0.0,0.0,0.0,0.0,0.0,0.0,0.0,0.0,0.0,0.0,0.0,0.0,0.0,0.0,0.0,0.0,0.0,0.0,0.0,0.0,0.0,0.0,0.0,0.0,0.0,0.0,0.0,0.0,0.0,0.0,0.0,0.3,0.0,0.0,0.0,0.0,0.0,0.0,0.0,0.0,0.0,0.0,0.0,0.0,0.0,0.0,0.0,0.0,0.0,0.0,0.0,0.0,0.0,0.0,0.0
75499_NEG_SU,neg,Level 1,Perfluoro-tetradecanoic acid,Anthropogenic,PFAS,1.7,0.0,0.0,0.0,0.0,0.0,0.0,0.0,0.0,0.0,0.0,0.0,0.0,0.0,0.0,0.0,0.0,0.0,0.0,0.0,0.0,0.0,0.0,0.0,0.0,0.0,0.0,0.0,0.0,0.0,0.0,0.0,0.0,0.0,0.0,0.0,0.0,0.0,0.0,0.0,0.0,0.0,0.0,0.0,0.0,0.0,0.0,0.0,0.0,0.0,0.0,0.0,0.0,0.0,0.0,0.0,0.0,0.0,0.0,0.0,0.0,0.0,0.0,0.0,0.0,0.0,0.0,0.0,0.0,0.0,0.0,0.0,0.0,0.0,0.0,0.0,0.0,0.2,0.0,0.0,0.0,0.0,0.0,0.0,0.0,0.0,0.0,0.0,0.0,0.0,0.0,0.0,0.0,0.0,0.0,0.0,0.0,0.0,0.0,0.0,0.0,0.0,0.0,0.0,0.0,0.0,0.0,0.0,0.0,0.0,0.0,0.0,0.0,0.0,0.0,0.0,0.0,0.0,0.0,0.0,0.0,0.0,0.0,0.0,0.0,0.0,0.0,0.0,0.0,0.0,0.0,0.0,0.0,0.0,0.0,0.0,0.0,0.0,0.0,0.0,0.0,0.0,0.0,0.0,0.0,0.0,0.0,0.0,0.0,0.0,0.0,2.0,0.0,0.0,0.0,0.0,0.0,0.0,0.0,0.0,0.0,0.0,5.2,0.0,0.0,0.0,0.0,0.0,0.0,0.0,0.0,0.0,0.0,0.0,0.0,0.0,0.0,0.0,0.0,0.0,0.0,0.0,0.0,0.0,0.0,0.0,0.0,0.0,0.0,0.0,0.0,0.0,0.0,0.0,0.0,0.0,0.0,0.0,0.0,0.0,0.0,0.0,0.0,0.0,0.0,0.0,0.0,0.0,0.0,0.0,0.0,0.0,0.0,0.0,0.0,0.0,0.0,0.0,0.0,0.0,0.0,0.0,0.0,0.0,0.0,0.0,0.0,0.0,0.0,0.0,0.0,0.0,0.0,0.0,0.0,0.0,0.0,0.0,0.0,0.0,0.0,0.0,0.5,0.0,0.0,0.0,0.0,0.0,0.0,0.0,0.0,0.0,0.0,0.0,0.0,0.0,0.0,0.0,0.0,0.0,0.0,0.0,0.0,0.0,0.0,0.0,0.0,0.0,0.0,0.0,0.0,0.0,0.0,0.0,0.0,0.0,0.0,0.0,0.0,0.0,0.0,0.0,0.0,0.0,0.0,0.0,0.0,0.0,0.0,0.0,0.0,0.0,0.0,0.0,0.0,0.0,0.0,0.2,0.0,0.0,0.0,0.0,0.0,0.0,0.0,0.0,0.0,0.0,0.0,0.0,0.0,0.0,0.0,0.0,0.0,0.0,0.0,0.0,0.0,0.0,0.0,0.0,0.0,0.0,0.0,0.0,0.0,0.0,0.0,0.0,0.0,0.0,0.0,0.0,0.0,0.0,0.0,0.0,0.4,0.0,0.0,0.0,0.0,0.0,0.0,0.0,0.0,5.3,0.0,0.0,0.0,0.0,0.0,0.0,0.0,0.0,0.0,0.0,0.0,0.0,0.0,0.0,0.0,0.0,0.0,0.0,0.0,0.0,0.0,0.0,0.0,0.0,0.0,0.0,0.0,0.0,0.0,0.0,0.0,0.0,0.0,0.0,0.0,0.0,0.0,0.0,0.0,0.0,0.0,0.0,0.0,0.0,0.0,0.0,0.0,0.0,0.0,0.0,0.0,0.0,0.0,0.0,0.0,0.0,0.0,0.0,0.0,0.0,0.0,0.0,0.0,0.0,0.0,0.0,0.0,0.0,0.0,0.0,0.0,0.0,0.0
76155_NEG_SU,neg,Level 2,"3-[(2S,4S,6R)-6-[[(2R,3R,4R,5S,6S)-3,5-dihydroxy-6-methyl-4-[(2S,3R,4S,5S,6R)-3,4,5-trihydroxy-6-(hydroxymethyl)oxan-2-yl]oxyoxan-2-yl]oxymethyl]-3,4,5-trihydroxyoxan-2-yl]oxy-5,7-dihydroxy-2-(4-hydroxyphenyl)chromen-4-one",Natural,"Natural product – plant/fungal metabolites, terpenes, flavonoids, alkaloids, etc.",8.3,0.0,0.0,0.0,0.0,0.0,0.0,0.0,0.0,0.0,0.0,0.0,0.0,0.0,0.0,0.0,0.0,0.0,0.0,0.0,0.0,0.0,0.0,0.0,0.0,0.0,0.0,0.0,0.0,0.0,0.0,0.1,0.1,0.0,0.0,0.0,0.0,0.0,0.0,0.0,0.0,0.0,2.6,0.0,0.0,0.4,5.2,0.0,0.0,0.3,0.0,0.0,0.0,0.0,0.0,0.0,0.0,0.0,0.0,0.0,0.0,0.0,0.0,0.0,0.0,0.0,0.0,0.0,0.0,0.0,0.0,0.0,0.0,0.0,0.0,0.0,0.0,0.0,0.0,0.0,0.0,0.0,0.0,0.0,0.0,0.0,0.0,0.0,0.0,0.0,0.0,0.0,0.0,0.0,0.0,0.0,0.0,0.0,0.0,0.0,0.0,0.0,0.0,0.0,0.0,0.0,0.0,0.0,0.0,0.0,0.0,0.0,0.0,0.0,0.0,0.0,0.0,0.0,0.0,0.0,0.0,0.0,0.0,0.0,0.0,0.0,0.0,0.0,0.0,0.0,0.0,0.0,0.0,0.0,0.0,0.0,0.0,0.0,0.0,0.0,0.0,0.0,0.0,0.0,0.0,0.0,0.0,0.0,0.0,0.0,0.0,0.0,0.1,0.0,0.0,0.0,0.0,0.0,0.0,0.0,0.0,0.0,0.0,0.0,0.1,0.0,0.0,0.0,0.0,0.0,0.0,0.0,0.0,0.0,0.0,0.0,0.0,0.0,0.0,0.0,0.0,0.0,0.0,0.0,0.0,0.0,0.0,0.0,0.0,0.0,0.0,0.0,0.0,0.0,0.0,0.0,0.0,0.0,0.0,0.0,0.0,0.0,0.0,0.0,0.0,0.0,0.0,0.0,0.0,0.0,0.0,0.1,0.0,0.0,0.2,0.0,0.0,0.0,1.2,0.0,1.8,0.0,0.2,0.1,0.0,0.0,0.0,0.0,0.0,0.0,0.0,0.1,1.4,0.0,0.0,2.1,0.0,0.2,0.0,0.0,0.0,0.0,1.8,0.1,2.1,0.0,0.0,0.0,0.1,0.0,3.3,0.1,0.2,0.0,0.1,0.2,0.0,0.0,0.0,0.1,0.5,0.0,0.1,0.1,0.1,0.0,0.9,0.0,0.2,0.0,0.0,0.0,0.0,0.0,0.0,0.0,0.0,0.0,0.0,0.0,0.0,0.0,0.0,0.0,0.0,0.0,0.0,0.0,0.0,0.0,0.0,0.0,0.0,0.0,0.0,0.0,0.0,0.0,0.0,0.0,0.0,0.0,0.0,0.0,0.0,0.0,0.0,0.0,0.0,0.0,0.0,0.0,0.0,0.0,0.0,0.0,0.0,0.0,0.0,0.0,0.0,0.0,0.0,0.0,0.0,0.0,0.0,0.0,0.0,0.0,0.0,0.0,0.0,0.0,0.0,0.0,0.0,0.0,0.0,0.0,0.0,0.0,0.0,0.0,0.0,0.1,0.0,0.0,0.0,0.0,0.0,0.0,0.0,0.0,0.0,0.0,0.0,0.0,0.0,0.0,0.0,0.0,0.0,0.0,0.0,0.0,0.0,0.0,0.0,0.0,0.0,0.0,0.0,0.0,0.0,0.0,0.0,0.0,0.0,0.0,0.0,0.0,0.0,0.0,0.0,0.0,0.0,0.0,0.0,0.0,0.0,0.0,0.0,0.0,0.0,0.0,0.0,0.0,0.0,0.0,0.0,0.0,0.0,0.0,0.0,0.0,0.0,0.0,0.0,0.0,0.0,0.0,0.0,0.0,0.0,0.0,0.0,0.0,0.0,0.0,0.0
76705_NEG_SU,neg,Level 1,Perfluoro-n-hexadecanoic acid,Anthropogenic,PFAS,1.2,0.0,0.0,0.0,0.0,0.0,0.0,0.0,0.0,0.0,0.0,0.0,0.0,0.0,0.0,0.0,0.0,0.0,0.0,0.0,0.0,0.0,0.0,0.0,0.0,0.0,0.0,0.0,0.0,0.0,0.0,0.0,0.0,0.0,0.0,0.0,0.0,0.0,0.0,0.0,0.0,0.0,0.0,0.0,0.0,0.0,0.0,0.0,0.0,0.0,0.0,0.0,0.0,0.0,0.0,0.0,0.0,0.0,0.0,0.0,0.0,0.0,0.0,0.0,0.0,0.0,0.0,0.0,0.0,0.0,0.0,0.0,0.0,0.0,0.0,0.0,0.0,0.0,0.0,0.0,0.0,0.0,0.0,0.0,0.0,0.0,0.0,0.0,0.0,0.0,0.0,0.0,0.0,0.0,0.0,0.0,0.0,0.0,0.0,0.0,0.0,0.0,0.0,0.0,0.0,0.0,0.0,0.0,0.0,0.0,0.0,0.0,0.0,0.0,0.0,0.0,0.0,0.0,0.0,0.0,0.0,0.0,0.0,0.0,0.0,0.0,0.0,0.0,0.0,0.0,0.0,0.0,0.0,0.0,0.0,0.0,0.0,0.0,0.0,0.0,0.0,0.0,0.0,0.0,0.0,0.0,0.0,0.0,0.0,0.0,0.0,0.0,0.0,0.0,0.0,0.0,0.0,0.0,0.0,0.0,0.0,0.0,0.0,0.0,0.0,0.0,0.0,0.0,0.0,0.0,2.4,0.0,0.0,0.0,0.0,0.0,0.0,0.0,0.0,0.0,0.0,0.0,0.0,0.0,0.0,0.0,0.0,0.0,0.0,0.0,0.0,0.0,0.0,0.0,2.0,0.0,0.0,0.0,0.0,0.0,0.0,0.0,0.0,0.0,0.0,0.0,0.0,0.0,0.0,0.0,0.0,0.0,0.0,0.0,0.0,0.0,0.0,0.0,0.0,0.0,0.0,0.0,0.0,0.0,0.0,0.0,0.0,0.0,0.0,0.0,0.0,0.0,0.0,0.0,0.0,0.0,0.0,0.0,0.0,0.0,0.0,0.0,0.2,0.0,0.0,0.0,0.0,0.0,0.0,0.0,0.0,0.0,0.0,0.0,0.0,0.0,0.0,0.0,0.0,0.0,0.0,0.0,0.0,0.0,0.0,0.0,0.0,0.0,0.0,0.0,0.0,0.0,0.0,0.0,0.0,0.0,0.0,0.0,0.0,0.0,0.0,0.0,0.0,0.0,0.0,0.0,0.0,0.0,0.0,0.0,0.0,0.0,0.0,0.0,0.0,0.0,0.0,0.0,0.0,0.0,0.0,0.0,0.0,0.0,0.0,0.0,0.0,0.0,0.0,0.0,0.0,0.0,0.0,0.0,0.0,0.0,0.0,0.0,0.0,0.0,0.0,0.0,0.0,0.0,0.0,0.0,0.0,0.0,0.0,0.0,0.0,0.0,0.0,0.0,0.0,0.0,0.0,0.0,0.5,0.0,0.0,0.0,0.0,0.0,0.0,0.0,0.0,3.4,0.0,0.0,0.0,0.0,0.0,0.0,0.0,0.0,0.0,0.0,0.0,0.0,0.0,0.0,0.0,0.0,0.0,0.0,0.0,0.0,0.0,0.0,0.0,0.0,0.0,0.0,0.0,0.0,0.0,0.0,0.0,0.0,0.0,0.0,0.0,0.0,0.0,0.0,0.0,0.0,0.0,0.0,0.0,0.0,0.0,0.0,0.0,0.0,0.0,0.0,0.0,0.0,0.0,0.0,0.0,0.0,0.0,0.0,0.0,0.0,0.0,0.0,0.0,0.0,0.0,0.0,0.0,0.0,0.0,0.0,0.0,0.0,0.0
