RT,RT2,Feature_ID,Database match,Formula,InChiKey,Smiles,CAS,IUPAC name,Method,m/z,Ion,MS/MS,MW,Exact Mass,ID level,Componant info,"RT/RI LC-MS (Other Index), (optional)",RT/RI UoA,RI,LoD,LoQ,Uncertainty,Quantification Method (optional),Notes on Batch Effects (optional),Concentration Type,CZ_Outdoor_AK,CZ_Outdoor_AC,CZ_Indoor_AI,CZ_Indoor_AK,CZ_Outdoor_AB,CZ_Outdoor_AG,CZ_Indoor_AT,CZ_Outdoor_AW,CZ_Outdoor_AH,CZ_Indoor_AC_2,CZ_Indoor_AM_3,CZ_Indoor_AA,CZ_Indoor_AX_2,CZ_Outdoor_AI,CZ_Indoor_AR,CZ_Indoor_AN,CZ_Indoor_AJ,CZ_Outdoor_AM,CZ_Indoor_AC_3,CZ_Indoor_AV_3,CZ_Indoor_AM_2,CZ_Indoor_AL_3,CZ_Outdoor_AD,CZ_Indoor_AG,CZ_Outdoor_AY,CZ_Indoor_AL_2,CZ_Outdoor_AX,CZ_Indoor_AB,CZ_Outdoor_AN,CZ_Indoor_AF,CZ_Indoor_AV,CZ_Outdoor_AF,CZ_Outdoor_AL,CZ_Indoor_AH,CZ_Indoor_AM,CZ_Outdoor_AV,CZ_Indoor_AU,CZ_Indoor_AP,CZ_Indoor_AW,CZ_Outdoor_AO,CZ_Indoor_AL,CZ_Indoor_AQ,CZ_Indoor_AV_2,CZ_Outdoor_AR,CZ_Indoor_AX_3,CZ_Indoor_AE,CZ_Indoor_AS,CZ_Outdoor_AQ,CZ_Outdoor_AU,CZ_Outdoor_AT,CZ_Indoor_AY,CZ_Indoor_AC,CZ_Outdoor_AE,CZ_Outdoor_AJ,CZ_Indoor_AX,CZ_Outdoor_AP,CZ_Outdoor_AA,CZ_Indoor_AD,CZ_Outdoor_AS,CZ_Indoor_AO,SE_Outdoor_AF,SE_Outdoor_AR,SE_Outdoor_AP,SE_Outdoor_AG,SE_Indoor_AS,SE_Outdoor_AA,SE_Indoor_AK,SE_Outdoor_AY,SE_Outdoor_AH,SE_Outdoor_AO,SE_Indoor_AN,SE_Indoor_AY,SE_Outdoor_AW,SE_Outdoor_AU,SE_Outdoor_AE,SE_Indoor_AM,SE_Indoor_AE,SE_Indoor_AQ,SE_Outdoor_AC,SE_Indoor_AH,...111,SE_Outdoor_AB,SE_Indoor_AC,SE_Outdoor_AI,SE_Indoor_AJ,SE_Indoor_AA,SE_Indoor_AO,SE_Indoor_AU,SE_Indoor_AL,SE_Outdoor_AX,SE_Indoor_AV,SE_Indoor_AW,SE_Outdoor_AT,SE_Indoor_AT,SE_Indoor_AI,SE_Indoor_AP,SE_Indoor_AF,SE_Outdoor_AK,SE_Outdoor_AN,SE_Outdoor_AJ,SE_Outdoor_AV,SE_Outdoor_AS,SE_Outdoor_AD,SE_Indoor_AR,SE_Outdoor_AQ,SE_Outdoor_AL,SE_Indoor_AG,SE_Indoor_AB,SE_Outdoor_AM,SE_Indoor_AX,SI_Outdoor_AT,SI_Outdoor_BC,SI_Outdoor_AP,SI_Outdoor_AL,SI_Outdoor_AF,SI_Outdoor_AV,SI_Outdoor_AJ,SI_Outdoor_AS,SI_Outdoor_BD,SI_Indoor_AO,SI_Outdoor_AW,SI_Indoor_AM,SI_Outdoor_AY,SI_Indoor_AE,SI_Indoor_AA,SI_Indoor_BA,SI_Outdoor_AM,SI_Outdoor_AN,SI_Indoor_AC,SI_Outdoor_AI,SI_Outdoor_AA,SI_Indoor_AS,SI_Indoor_AL,SI_Outdoor_BA,SI_Indoor_AQ,SI_Indoor_AV,SI_Outdoor_AC,SI_Indoor_AD,SI_Outdoor_AK,SI_Indoor_AX,SI_Outdoor_AO,SI_Indoor_AP,SI_Indoor_AH,SI_Indoor_AY,SI_Indoor_AK,SI_Outdoor_AE,SI_Outdoor_AB,SI_Indoor_BB,SI_Indoor_BC,SI_Outdoor_AQ,SI_Indoor_AG,SI_Outdoor_AH,SI_Indoor_BD,SI_Indoor_AR,SI_Outdoor_AX,SI_Outdoor_AG,SI_Indoor_AW,SI_Outdoor_BB,SI_Outdoor_AZ,SI_Outdoor_AD,SI_Indoor_AB,SI_Indoor_AU,SI_Outdoor_AU,SI_Indoor_AJ,SI_Outdoor_AR,SI_Indoor_AF,SI_Indoor_AI,SI_Indoor_AZ,SI_Indoor_AN,SI_Indoor_AT,IT_Indoor_AM,IT_Outdoor_AR,IT_Indoor_AW,IT_Indoor_AV,IT_Indoor_AT,IT_Outdoor_AT,IT_Outdoor_AU,IT_Outdoor_AJ,IT_Indoor_AY,IT_Outdoor_AF,IT_Outdoor_AP,IT_Outdoor_AY,IT_Outdoor_AB,IT_Indoor_AB,IT_Indoor_AL,IT_Outdoor_AH,IT_Outdoor_AI,IT_Outdoor_AK,IT_Outdoor_AM,IT_Outdoor_AL,IT_Indoor_AJ,IT_Indoor_AK,IT_Outdoor_AG,IT_Indoor_AN,IT_Indoor_AR,IT_Outdoor_AX,IT_Outdoor_AE,IT_Outdoor_AN,IT_Indoor_AO,IT_Outdoor_AW,IT_Outdoor_AD,IT_Outdoor_AS,IT_Indoor_AU,IT_Outdoor_AV,IT_Outdoor_AC,IT_Indoor_AI,IT_Indoor_AQ,IT_Indoor_AD,IT_Outdoor_AO,IT_Indoor_AP,IT_Indoor_AG,IT_Outdoor_AA,IT_Outdoor_AQ,IT_Indoor_AH,IT_Indoor_AF,IT_Indoor_AA,IT_Indoor_AS,IT_Indoor_AC,IT_Indoor_AE,IT_Indoor_AX,EE_Indoor_AL,EE_Indoor_AK,EE_Outdoor_AA,EE_Indoor_AN,EE_Outdoor_AX,EE_Indoor_AM,EE_Outdoor_AL,EE_Indoor_AD,EE_Indoor_AB,EE_Indoor_AR,EE_Outdoor_AW,EE_Indoor_AT,EE_Outdoor_AU,EE_Outdoor_AN,EE_Outdoor_AB,EE_Indoor_AC,EE_Outdoor_AQ,EE_Outdoor_AO,EE_Outdoor_AF,EE_Outdoor_AP,EE_Indoor_AV,EE_Indoor_AO,EE_Indoor_AQ,EE_Outdoor_AG,EE_Indoor_AA,EE_Indoor_AW,EE_Outdoor_AC,EE_Indoor_AI,EE_Outdoor_AT,EE_Outdoor_AK,EE_Outdoor_AD,EE_Outdoor_AI,EE_Indoor_AE,EE_Outdoor_AY,EE_Outdoor_AJ,EE_Outdoor_AE,EE_Indoor_AJ,EE_Indoor_AY,EE_Outdoor_AH,EE_Indoor_AX,EE_Indoor_AS,EE_Outdoor_AR,EE_Outdoor_AV,EE_Outdoor_AM,EE_Indoor_AH,EE_Indoor_AU,EE_Outdoor_AS,EE_Indoor_AP,EE_Indoor_AG,EE_Indoor_AF,UK_Outdoor_AP,UK_Outdoor_AE,UK_Outdoor_AU,UK_Indoor_AN,UK_Outdoor_AB,UK_Outdoor_AW,UK_Indoor_AT,UK_Indoor_AX,UK_Indoor_AQ,UK_Outdoor_AI,UK_Indoor_AA,UK_Indoor_AI,UK_Outdoor_AF,UK_Indoor_AW,UK_Indoor_AF,UK_Outdoor_AS,UK_Outdoor_AD,UK_Indoor_AR,UK_Indoor_AE,UK_Outdoor_AJ,UK_Indoor_AK,UK_Indoor_AY,UK_Outdoor_AX,UK_Indoor_AL,UK_Outdoor_AQ,UK_Indoor_AS,UK_Outdoor_AG,UK_Outdoor_AO,UK_Outdoor_AY,UK_Indoor_AG,UK_Outdoor_AH,UK_Outdoor_AT,UK_Indoor_AD,UK_Indoor_AC,UK_Indoor_AO,UK_Outdoor_AL,UK_Indoor_AV,UK_Outdoor_AK,UK_Indoor_AP,UK_Outdoor_AR,UK_Outdoor_AM,UK_Outdoor_AN,UK_Indoor_AU,UK_Outdoor_AV,UK_Outdoor_AC,UK_Indoor_AH,UK_Indoor_AB,UK_Indoor_AM,UK_Outdoor_AA,UK_Indoor_AJ,NL_Outdoor_AG,NL_Indoor_AD,NL_Outdoor_AO,NL_Indoor_AV,NL_Indoor_AU,NL_Indoor_AE,NL_Indoor_AA,NL_Indoor_AF,NL_Indoor_AY,NL_Outdoor_AD,NL_Outdoor_AH,NL_Indoor_AT,NL_Indoor_AH,NL_Outdoor_AE,NL_Indoor_AQ,NL_Outdoor_AR,NL_Outdoor_AY,NL_Indoor_AO,NL_Outdoor_AV,NL_Outdoor_AT,NL_Outdoor_AF,NL_Outdoor_AM,NL_Outdoor_AC,NL_Outdoor_AJ,NL_Indoor_AL,NL_Outdoor_AA,NL_Indoor_AX,NL_Outdoor_AK,NL_Indoor_AN,NL_Outdoor_AB,NL_Outdoor_AU,NL_Indoor_AJ,NL_Indoor_AB,NL_Indoor_AG,NL_Outdoor_AP,NL_Outdoor_AL,NL_Indoor_AS,NL_Indoor_AI,NL_Indoor_AK,NL_Outdoor_AN,NL_Outdoor_AW,NL_Indoor_AW,NL_Outdoor_AS,NL_Outdoor_AX,NL_Outdoor_AI,NL_Outdoor_AQ,NL_Indoor_AM,NL_Indoor_AC,NL_Indoor_AP,NL_Indoor_AR,PT_Indoor_AL,PT_Outdoor_AJ,PT_Indoor_AR,PT_Indoor_AC,PT_Outdoor_AE,PT_Indoor_AK,PT_Indoor_AX,PT_Indoor_AN,PT_Indoor_AP,PT_Outdoor_AA,PT_Outdoor_AW,PT_Outdoor_AH,PT_Indoor_AV,PT_Outdoor_AO,PT_Outdoor_AB,PT_Indoor_AA,PT_Outdoor_AL,PT_Indoor_AS,PT_Indoor_AY,PT_Outdoor_AQ,PT_Indoor_AB,PT_Outdoor_AX,PT_Indoor_AM,PT_Outdoor_AP,PT_Indoor_AD,PT_Indoor_AO,PT_Outdoor_AN,PT_Indoor_AW,PT_Outdoor_AM,PT_Outdoor_AU,PT_Outdoor_AS,PT_Outdoor_AI,PT_Indoor_AI,PT_Outdoor_AV,PT_Indoor_AT,PT_Outdoor_AD,PT_Outdoor_AC,PT_Indoor_AE,PT_Outdoor_AF,PT_Indoor_AJ,PT_Indoor_AH,PT_Outdoor_AK,PT_Outdoor_AR,PT_Outdoor_AT,PT_Indoor_AQ,PT_Indoor_AG,PT_Indoor_AU,PT_Outdoor_AY,PT_Indoor_AF,PT_Outdoor_AG
9.98,,1005.79_105.0337_NILU_2,Benzaldehyde,C7H6O,HUMNYLRZRPPJDN-UHFFFAOYSA-N,O=CC1=CC=CC=C1,100-52-7,Benzaldehyde,4-GC-NILU,105.0337,[M]+,,,,2,,,,1005.79,,,,,,normalized peak area,0.0,0.0,0.0,0.0,0.0,0.0,0.0,0.0,0.0,0.0,0.0,0.0,0.0,0.0,0.0,0.0,0.0,0.0,0.0,0.0,0.0,0.0,0.0,0.0,0.0,0.0,0.0,0.0,0.0,0.0,0.0,0.0,0.0,0.0,0.0,0.0,0.0,0.0,0.0,0.0,0.0,0.0,0.0,0.0,0.0,0.0,0.0,0.0,0.0,0.0,0.0,0.0,0.0,0.0,0.0,0.0,0.0,0.0,0.0,0.0,0.0,0.0,0.0,0.0,0.0,0.0,0.0,0.0,0.0,0.0,0.0,0.0,0.0,0.0,0.0,0.0,0.0,0.0,0.0,0.0,0.0,0.0,0.0,0.0,0.0,0.0,0.0,0.0,0.0,0.0,0.0,0.0,0,0.0,0.0,0.0,0.0,0.0,0.0,0.0,0.0,0.0,0.0,0.0,0.0,0.0,0.0,0.0,0.0,0.0,0.0,0.0,0.0,0.0,0.0,0.0,0.0,0.0,0.0,0.0,0.0,0.0,0.0,0.0,0.0,0.0,0.0,0.0,0.0,0.0,0.0,0.0,0.0,0.0,0.0,0.0,0.0,0.0,0.0,0.0,0.0,0.0,0.0,0.0,0.0,0.0,0.0,0.0,0.0,0.0,0.0,0.0,0.0,0.0,0.0,0.0,0.0,0.0,0.0,0.0,0.0,0.0,0.0,0.0,0.0,0.0,0.0,0.0,0.0,0.0,0.0,0.0,0.0,0.0,0.0,0.0,0.0,0.0,0.0,0.0,0.0,0.0,0.0,0.0,0.0,0.0,0.0,0.0,0.0,0.0,0.0,0.0,0.0,0.0,0.0,0.0,0.0,0.0,0.0,0.0,0.0,0.0,0.0,0.0,0.0,0.002905128,0.0,0.0,0.0,0.0,0.0,0.0,0.0,0.0,0.0,0.0,0.0,0.0,0.0,0.0,0.0,0.0,0.0,0.0,0.0,0.0,0.0,0.0,0.0,0.0,0.0,0.0,0.0,0.0,0.0,0.0,0.0,0.0,0.0,0.0,0.0,0.0,0.0,0.0,0.0,0.0,0.0,0.0,0.0,0.0,0.0,0.0,0.0,0.0,0.0,0.0,0.0,0.0,0.0,0.0,0.0,0.0,0.0,0.0,0.0,0.0,0.0,0.0,0.0,0.0,0.0,0.0,0.0,0.0,0.0,0.0,0.0,0.0,0.0,0.0,0.0,0.0,0.0,0.0,0.0,0.0,0.0,0.0,0.0,0.0,0.0,0.0,0.0,0.0,0.0,0.0,0.0,0.0,0.0,0.0,0.0,0.0,0.0,0.0,0.0,0.0,0.0,0.0,0.0,0.0,0.0,0.0,0.0,0.0,0.0,0.0,0.0,0.0,0.0,0.0,0.0,0.0,0.0,0.0,0.0,0.0,0.006836267,0.0,0.0,0.0,0.0,0.0,0.005938772,0.0,0.0,0.0,0.0,0.0,0.0,0.0,0.0,0.0,0.0,0.0,0.0,0.0,0.0,0.0,0.0,0.0,0.0,0.0,0.0,0.0,0.0,0.0,0.0,0.0,0.0,0.0,0.0,0.0,0.0,0.0,0.0,0.0,0.0,0.0,0.0,0.0,0.0,0.0,0.0,0.0,0.0,0.0,0.0,0.0,0.0,0.0,0.0,0.0,0.0,0.0,0.0,0.0,0.0,0.0,0.0,0.0,0.0,0.0,0.0,0.0,0.0,0.0,0.0,0.0,0.0,0.0,0.0,0.0,0.0,0.0,0.0,0.0,0.0,0.0,0.0,0.0,0.0,0.0,0.0,0.0,0.0,0.0,0.0,0.0,0.0,0.0
9.98,,1005.2_43.0183_NILU_2,Beta-myrcene,C10H16,UAHWPYUMFXYFJY-UHFFFAOYSA-N,CC(C)=CCCC(=C)C=C,123-35-3,"7-Methyl-3-methylideneocta-1,6-diene",4-GC-NILU,43.0183,[M]+,,,,2,,,,1005.2,,,,,,normalized peak area,0.0,0.0,0.0,0.0,0.0,0.0,0.0,0.0,0.0,0.0,0.0,0.0,0.0,0.0,0.0,0.0,0.0,0.0,0.0,0.0,0.0,0.0,0.0,0.0,0.0,0.0,0.0,0.0,0.0,0.0,0.0,0.0,0.0,0.0,0.0,0.0,0.0,0.0,0.0,0.0,0.0,0.0,0.0,0.0,0.0,0.0,0.0,0.0,0.0,0.0,0.0,0.0,0.0,0.0,0.0,0.0,0.0,0.0,0.0,0.0,0.0,0.0,0.0,0.0,0.0,0.0,0.0,0.0,0.0,0.0,0.0,0.0,0.0,0.0,0.0,0.0,0.0,0.0,0.0,0.0,0.0,0.0,0.0,0.0,0.0,0.0,0.0,0.0,0.0,0.0,0.0,0.0,0,0.0,0.0,0.0,0.0,0.0,0.0,0.0,0.0,0.0,0.0,0.0,0.0,0.0,0.0,0.0,0.0,0.0,0.0,0.0,0.0,0.001218949,0.0,0.0,0.0,0.0,0.0,0.0,0.0,0.0,0.0,0.0,0.0,58.20098664,0.0,0.0,0.001743259,0.0,0.0,0.0,0.0,0.0,0.0,0.0,0.0,0.0,0.0,0.005829526,0.0,0.0,0.0,0.0,0.0,0.0,0.0,0.0,0.0,0.0,0.0,0.0,0.0,0.0,0.0,0.0,0.0,0.0,0.0,0.0,0.0,0.0,0.0,0.0,0.0,0.0,0.0,0.0,0.0,0.0,0.0,0.0,0.0,0.0,0.0,0.0,0.0,0.0,0.0,0.0,0.0,0.0,0.0,0.0,0.0,0.0,0.0,0.0,0.0,0.0,0.0,0.0,0.0,0.0,0.0,0.0,0.039583298,0.0,0.0,0.0,0.0,0.0,0.0,0.0,0.118929055,0.0,0.006169645,0.0,0.0,0.005694167,0.0,0.0,0.006876176,0.127794649,560.4539454,1228.687496,0.0,0.0,0.043689692,0.0,0.013699413,0.0,0.001106899,0.0,0.0,0.0,0.0,0.0,0.0,0.0,0.001863988,0.0,0.0,0.0,0.0,0.0,0.0,0.0,0.0,0.0,0.0,0.0,0.0,0.0,0.0,0.0,0.0,0.0,0.0,0.0,0.0,0.0,0.0,0.0,0.0,0.0,0.0,0.0,0.0,0.0,0.0,0.0,0.0,0.0,0.0,0.0,0.0,0.0,0.0,0.0,0.0,0.0,0.0,0.0,0.0,0.0,0.0,0.0,0.0,0.0,0.0,0.0,0.0,0.0,0.0,0.0,0.0,0.0,0.0,0.0,0.0,0.0,0.0,0.0,0.0,0.0,0.0,0.0,0.0,0.0,0.0,0.0,0.0,0.0,0.0,0.0,0.0,0.0,0.0,0.0,0.0,0.0,0.0,0.0,0.0,0.0,0.0,0.0,0.0,0.0,0.0,0.0,0.0,0.0,0.0,20.47812493,0.0,0.0,0.0,0.0,0.0,0.0,0.0,0.0,0.013285212,0.00369927,0.0,0.0,0.0,0.0,0.0,0.0,0.0,0.003961441,0.0,0.0,0.0,0.0,0.0,0.0,0.105017561,0.0,0.0,0.0,0.0,0.006012752,14.22690785,0.0,0.0,0.0,0.0,0.0,0.0,0.0,0.0,0.0,16.38249994,0.0,0.0,0.0,0.0,0.0,0.0,0.0,0.0,0.0,0.0,0.0,0.0,0.0,0.0,0.0,0.0,0.0,0.0,0.0,0.0,0.0,0.0,0.0,0.0,0.0,0.0,0.0,0.0,0.0,0.0,0.0,0.0,0.0,0.0,0.0,0.0,0.0,0.0,0.0,0.0,0.0,0.0,0.0,0.0,0.0,0.0,0.0,0.0,0.0,0.0,0.0,0.0,0.0
10.16,,1023.39_103.0609_NILU_2,"1,2,4-Trimethylbenzene",C9H12,GWHJZXXIDMPWGX-UHFFFAOYSA-N,CC1=CC(=C(C=C1)C)C,95-63-6,"1,2,4-trimethylbenzene",4-GC-NILU,103.0609,[M]+,,,,2,,,,1023.39,,,,,,normalized peak area,0.0,0.0,0.0,0.0,0.0,0.0,0.0,0.0,0.0,0.0,23.71151308,0.0,0.0,0.0,13.58023022,0.0,9.053486811,0.0,0.0,0.0,38.80065776,0.0,0.0,0.0,0.0,0.0,0.0,0.0,0.0,0.0,0.0,0.0,0.0,0.0,0.000254723,0.0,0.0,0.0,0.0,0.0,0.0,0.0,0.0,0.0,0.0,0.0,0.0,0.0,0.0,0.0,0.0,0.0,0.0,0.0,0.0,0.0,0.0,0.0,0.0,0.0,0.0,0.0,0.0,0.0,0.0,0.0,5.38005e-05,0.0,0.0,0.0,0.0,0.0,0.0,0.0,0.0,0.0,0.0,0.0,0.0,0.0,0.0,0.0,9.5068e-06,0.0,0.0,0.0,0.0,0.0,0.0,0.0,0.0,0.0,0,0.0,0.0,0.0,0.0,0.0,0.0,0.0,0.0,0.0,0.0,0.0,0.0,0.0,0.0,0.0,0.0,0.0,1.87419e-05,5.46834e-06,2.49103e-05,0.001044814,9.12275e-06,2.12096e-05,1.44551e-05,1.50518e-05,1.19329e-05,0.0,0.0,0.000200382,1.71113e-05,0.0,0.000227196,9.269046021,6.77789e-06,0.0,0.000767034,0.0,4.16124e-05,0.000488597,1.07084e-05,8.41477e-06,12.93355259,0.001433718,2.37244e-05,0.000242596,8.8043e-06,0.006193872,0.000102179,0.0,0.004328081,0.0,0.0,0.0,0.0,0.0,0.0,0.0,0.0,0.0,0.0,0.0,0.0,0.0,0.0,0.0,0.0,0.0,0.0,0.000421878,0.0,0.0,0.0,0.0,0.0,0.0,0.0,0.0,0.0,0.0,0.0,0.0,0.0,0.0,0.0,0.0,0.0,0.0,0.0,0.0,0.0,0.0,0.0,0.0,0.0,0.0,0.0,0.0,0.0,0.0,0.0,0.0,0.0,0.0,0.0,0.0,0.0,0.0,0.0,0.0,0.0,0.0,0.0,0.0,0.0,0.0,0.0,0.0,0.0,0.0,0.0,0.0,0.0,0.0,0.0,0.0,0.0,0.0,0.0,0.0,0.0,0.0,0.0,0.0,0.0,0.0,0.0,0.0,0.0,0.0,0.0,0.0,0.0,0.0,0.0,0.0,0.0,0.0,0.0,0.0,0.0,0.0,0.0,0.0,0.0,0.0,0.000118452,0.0,0.0,0.000113593,0.0,0.0,0.0,0.0,0.0,0.0,0.0,0.0,0.0,0.0,0.0,0.0,0.0,0.0,0.0,0.0,0.0,0.0,0.0,0.0,0.0,0.001853737,0.0,0.0,0.0,0.0,0.0,0.0,0.000114623,0.001253219,0.0,0.0,0.0,0.0,0.0,0.0,15.30470389,0.0,0.0,0.0,0.0,0.0,0.0,0.0,0.0,0.0,0.0,0.0,0.0,0.0,0.0,0.0,0.0,0.0,0.0,0.0,0.0,0.0,0.0,0.0,0.0,0.0,0.0,0.0,0.0,11.20907891,0.0,0.0,0.0,0.0,0.0,0.0,0.0,0.0,0.0,0.0,0.0,0.0,0.0,0.0,0.0,0.0,0.0,0.0,0.0,0.0,0.002560334,0.001751692,0.0,0.0,0.0,0.0,30.17828937,0.0,0.0,0.0,0.0,0.004963959,0.0,0.0,0.0,0.0,0.0,0.0,0.0,0.0,0.0,0.0,0.0,0.0,0.0,0.0,0.0,0.0,0.0,0.0,0.0,0.0,0.0,0.0,0.0,0.0,0.0,0.0,0.0,0.0,0.0,0.0,0.0,0.0,0.0,0.0,0.0,0.0,0.0,0.0,0.0,0.0,0.0,0.0,0.0,0.0,0.0,0.0,0.0,0.0,0.0,0.0,0.0,0.0,0.0,0.0,0.0,0.0,0.0,0.0,0.0,0.0,0.0,0.0,0.0,0.0,0.0,0.0,0.0,0.0,0.0,0.0
10.24,,1036.86_45.033_NILU_2,"2-Propanol, 1-(2-methoxy-1-methylethoxy)-",C7H16O3,WGYZMNBUZFHYRX-UHFFFAOYNA-N,COCC(C)OCC(C)O,20324-32-7,1-[(1-Methoxypropan-2-yl)oxy]propan-2-ol,4-GC-NILU,45.033,[M]+,,,,2,,,,1036.86,,,,,,normalized peak area,0.0,0.0,0.0,0.009272941,0.0,0.0,0.0,0.0,0.0,129.3355259,0.0,0.0,0.0,0.0,0.0,0.0,0.0,0.0,28.02269727,0.0,0.0,0.0,0.0,0.0,0.0,0.0,0.0,0.0,0.0,0.0,0.0,0.0,0.0,0.0,0.0,0.0,0.0,0.0,0.0,0.0,0.0,0.0,0.0,0.0,0.0,0.0,0.0,0.0,0.0,0.0,0.0,0.0,0.0,0.0,0.0,0.0,0.0,0.0,0.0,0.0,0.0,0.0,0.0,0.0,0.000820136,0.0,0.0,0.0,0.0,0.0,0.0,0.0,0.0,0.0,0.0,0.0,0.0,0.0,0.0,0.0,0.0,0.0,0.0,0.0,0.0,0.0,0.0,0.0,0.0,0.0,0.0,0.0,0,0.0,0.0,0.0,0.0,0.0,0.0,0.0,0.0,0.0,0.0,0.0,0.0,0.0,0.0,0.0,0.0,0.0,0.0,0.0,0.0,0.0,0.0,0.0,0.0,0.0,0.0,0.0,0.0,0.0,0.0,0.0,0.0,0.0,0.0,0.0,0.0,0.0,0.0,0.0,0.0,0.0,118.5575654,0.011833865,0.0,0.002339318,0.0,0.0,0.0,0.0,0.0,0.0,0.0,0.0,0.0,0.0,0.001303428,0.0,0.0,0.0,0.0,0.000237273,0.0,0.0,0.0,0.0,0.0,0.0,0.0,0.0,0.0,0.0,0.0,0.0,0.0,0.0,0.0,0.0,0.0,0.0,0.0,0.0,0.0,0.0,0.0,0.0,0.0,0.0,0.0,0.0,0.0,0.0,0.0,0.0,0.0,0.0,0.0,0.0,0.0,0.0,0.0,0.0,0.0,0.0,0.0,0.0,0.0,0.0,0.0,0.0,0.068727304,0.0,0.0,0.0,0.0,0.0,0.0,0.0,133.6467101,0.0,0.0,0.0,0.0,0.0,0.0,0.053551911,0.0,0.0,0.0,0.0,0.0,0.0,0.0,0.0,0.0,0.0,0.000849161,0.0,0.0,0.0,0.0,0.0,0.0,0.0,0.0,0.0,0.0,0.0,0.0,0.0,0.0,0.0,0.0,0.0,0.0,0.0,0.0,0.0,0.0,0.0,0.0,0.0,0.0,0.0,0.0,0.0,0.0,0.0,0.0,0.0,0.0,0.0,0.0,0.0,0.0,0.0,0.0,0.0,0.0,0.0,0.0,0.0,0.0,0.0,0.0,0.0,0.0,0.0,0.0,0.0,0.0,0.0,0.0,0.0,0.0,0.0,0.0,0.0,0.0,0.0,0.0,0.0,0.0,0.0,0.0,0.0,0.0,0.0,0.0,0.0,0.0,0.0,0.0,0.0,0.0,0.0,0.0,0.0,0.0,0.0,0.0,0.0,0.0,0.0,0.0,0.0,0.0,0.0,0.002971473,0.0,0.004543279,0.0,0.009527547,0.0,0.0,0.0,0.0,0.0,0.0,0.020579197,0.005443875,0.0,0.003962256,0.0,0.0,0.017754064,0.0,0.0,0.0,0.0,0.0,0.004018853,0.0,0.0,0.003142863,0.0,25.86710517,0.0,0.087514634,0.0,0.0,0.003932441,0.009171754,0.0,0.0,0.0,0.0,0.0,0.010062548,0.085496688,0.0,0.0,0.0,0.0,6.682335503,0.0,0.0,0.0,0.0,0.0,0.0,0.0,43.11184196,0.0,0.0,0.0,0.0,0.0,0.0,0.0,0.0,0.0,0.0,0.0,0.0,0.0,0.0,0.0,0.0,0.0,0.0,0.0,0.0,0.0,0.0,0.0,0.0,0.0,0.0,0.0,0.0,0.0,0.0,0.0,0.0,0.0,0.031982992,0.0,0.0,0.0,0.0,0.0,0.0,0.0,0.0,0.0,0.0,0.0
10.34,,1026.24_93.0691_NILU_2,Pinene,C10H16,GRWFGVWFFZKLTI-UHFFFAOYSA-N,CC1=CCC2CC1C2(C)C,80-56-8,"2,6,6-trimethylbicyclo[3.1.1]hept-2-ene",4-GC-NILU,93.0691,[M]+,,,,2,,,,1026.24,,,,,,normalized peak area,0.0,0.0,0.0,0.0,0.0,0.0,0.0,0.0,0.0,0.0,0.0,0.0,0.0,0.0,0.0,0.0,0.0,0.0,0.0,47.42302615,0.0,0.0,0.0,0.0,0.0,0.0,0.0,0.0,0.0,0.0,0.0,0.0,0.0,0.0,0.0,0.0,0.0,0.0,0.0,0.0,0.0,0.0,0.0,0.0,0.0,0.0,0.0,0.0,0.0,0.0,0.0,0.0,0.0,0.0,0.0,0.0,0.0,0.0,0.0,0.0,4.19416e-05,0.0,6.56963e-05,0.0,0.0,0.0,0.0,0.0,0.0,0.0,0.0,7.33134e-05,0.0,0.0,0.0,0.000131093,0.0,0.0,0.0,0.0,0.0,0.0,0.0,0.0,0.0,0.0,0.0,0.0,0.0,0.0,0.0,0.0,0,0.0,0.0,0.0,8.4557e-05,0.0,0.0,0.0,0.0,0.0,0.0,0.0,0.0,0.0,0.0,0.0,0.0,0.0,0.000100403,0.0,6.12082e-05,0.0,1.69423e-05,3.9768e-05,2.89101e-05,2.46594e-05,1.87056e-05,0.0001064,2.2478e-05,0.0,3.88893e-05,0.0,0.0,0.0,3.72784e-05,2.45803e-05,0.0,2.04263e-05,0.000142358,0.000462881,2.98943e-05,0.0,0.0,0.0,7.22047e-05,0.0,2.59727e-05,0.0,0.000236626,0.0,0.0,0.0,0.0,0.0,0.0,0.0,0.0,0.0,0.0,0.0,0.0,0.0,0.0,0.0,0.0,0.0,0.0,0.0,0.0,0.0,0.0,0.0,0.0,0.0,0.0,0.0,0.0,0.0,0.0,0.0,0.0,0.0,0.0,0.0,0.0,0.0,0.0,0.0,0.0,0.0,0.0,0.0,0.0,0.0,0.0,0.0,0.0,0.0,0.0,0.0,0.0,0.0,0.0,2.304032786,0.072341889,0.0,0.278715792,0.106582311,0.352220492,0.012052812,0.084000038,0.006355151,0.0,0.005083975,0.013962881,0.061347823,0.002083903,0.0,732.9013133,0.03106596,0.008898581,0.175261233,1530.470389,0.0,0.05290039,0.04916241,0.0,0.0,0.01304706,0.001370731,0.0,0.0,0.001797951,0.006119528,0.0,0.002084575,0.003099438,0.007470588,0.0,0.0,0.013420063,1358.023022,0.066490161,0.029563414,1918.476967,0.034242818,0.0,0.068998022,0.046328546,0.0,1444.246706,0.007305518,0.043142108,797.5690762,0.0,0.0,0.005567243,0.0,0.0,0.0,0.0,0.0,0.0,0.0,0.0,0.0,0.0,0.0,0.0,0.0,0.0,0.0,0.0,0.0,0.0,0.0,0.0,0.0,0.0,0.0,0.0,0.0,0.0,0.0,0.0,0.0,0.0,0.0,0.0,0.0,0.0,0.0,0.0,0.0,0.0,0.0,0.0,0.0,0.0,0.0,0.0,0.0,0.0,0.0,0.0,0.0,0.0,0.0,0.0,0.0,0.0,0.0,0.0,0.0,0.0,0.0,0.0,0.0,0.0,0.0,0.0,0.0,0.0,0.0,0.0,0.0,0.0,0.0,0.0,0.0,0.0,0.0,0.0,0.0,0.0,0.0,0.0,0.0,0.0,0.0,0.0,0.0,0.0,0.0,0.0,0.0,0.0,0.0,0.0,0.0,0.0,0.0,0.0,0.0,0.0,0.0,0.0,0.0,0.0,0.0,0.0,0.0,0.0,0.0,0.0,0.0,0.0,0.0,0.0,0.0,0.0,0.0,0.0,0.0,0.0,0.0,0.0,0.0,0.0,0.0,0.0,0.0,0.0,0.0,0.0,0.0,0.0,0.0,0.0,0.0,0.0,0.0,0.0,0.0,0.0,0.0,0.0,0.0,0.0,0.0,0.0,0.0,0.0,0.0,0.0,0.0,0.0,0.0,0.0,0.0,0.0,0.0,0.0,0.0,0.0,0.0,0.030798437,0.0,0.0,0.0,0.0,0.0,0.0,0.0,0.0,0.0,0.0,0.0
10.42,,1041.56_59.0484_NILU_2,"1-Propanol, 2-(2-methoxypropoxy)-",C7H16O3,CUDYYMUUJHLCGZ-UHFFFAOYNA-N,COC(C)COC(C)CO,13588-28-8,2-(2-Methoxypropoxy)propan-1-ol,4-GC-NILU,59.0484,[M]+,,,,2,,,,1041.56,,,,,,normalized peak area,0.0,0.0,0.0,0.064910586,0.0,0.0,970.016444,0.0,0.0,409.5624986,3017.828937,0.0,0.0,0.0,495.7861825,0.0,0.0,0.0,86.22368391,0.0,1056.240128,0.0,0.0,0.0,0.0,0.0,0.0,0.0,0.0,0.0,0.0,0.0,0.0,0.0,0.008187519,0.0,0.0,0.0,0.0,0.0,0.0,0.0,0.0,0.0,0.0,0.0,0.0,0.0,0.0,0.0,0.0,0.0,0.0,0.0,0.0,0.0,0.0,0.0,0.0,0.0,0.0,0.0,0.0,0.0,0.003180121,0.0,0.0,0.0,0.0,0.0,0.0,0.0,0.0,0.0,0.0,0.0,0.0,0.0,0.0,0.0,0.0,0.0,0.0,0.0,0.0,0.0,0.0,0.0,0.0,0.0,0.0,0.0,0,0.0,0.0,0.0,0.0,0.0,0.0,0.0,0.0,0.0,0.0,0.0,0.0,0.0,0.0,0.0,0.0,0.0,0.0,0.0,0.0,0.053982048,0.0,0.0,0.0,0.0,0.0,0.0,0.0,0.0,0.0,0.0,0.009184533,237.1151308,0.0,0.0,0.011331184,0.0,0.0,0.003985919,0.0,0.0,431.1184196,0.036411891,0.0,0.009530557,0.0,0.134807795,0.0,0.0,0.049463787,0.005354869,0.014505558,0.0,0.0,0.0,0.005416842,0.0,0.0,0.0,0.0,0.0,0.0,0.0,0.0,0.0,0.0,0.0,0.0,0.004781281,0.0,0.00800692,0.0,0.0,0.0,0.0,0.0,0.0,0.0,0.0,0.0,0.0,0.0,0.0,0.0,0.0,0.0,0.0,0.0,0.0,0.0,0.0,0.0,0.0,0.0,0.0,0.0,0.0,0.0,0.0,0.0,0.0,0.0,0.0,0.0,0.0,0.0,0.0,0.0,0.0,0.0,0.0,0.0,0.0,0.0,0.0,0.0,0.0,1099.35197,0.0,0.0,0.0,517.3421035,0.0,0.079350585,0.0,0.0,0.0,0.0,0.0,0.0,0.0,0.0,0.0,0.0,0.0,0.0,0.0,0.0,0.0,0.0,0.0,0.0,0.0,0.0,0.0,0.0,0.0,0.0,0.0,0.0,0.0,0.0,0.0,109.935197,0.005827026,0.0,0.0,0.0,0.0,0.0,0.0,0.0,0.0,0.0,0.0,0.0,0.000328502,0.0,0.0,0.0,0.0,0.0,0.0,0.0,0.0,0.0,0.0,0.0,0.0,0.0,0.018537365,0.0,0.0,0.0,0.0,0.0,0.0,0.001599941,0.02297568,0.0,0.0,0.0,0.0,0.0,0.0,237.1151308,0.0,0.0,0.0,0.0,0.0,0.0,0.0,0.0,0.0,0.0,0.0,0.0,0.0,0.0,0.0,0.0,0.0,0.0,0.0,0.0,0.0,0.0,0.0,0.0,0.0,0.0,0.0,0.0,112.0907891,0.0,0.0,0.0,0.0,0.0,0.0,0.0,0.0,0.0,0.0,0.0,0.0,0.0,0.008574665,0.0,0.0,0.0,0.0,0.0,0.0,0.0,0.0,0.0,0.0,0.0,0.0,0.0,0.0,0.0,0.0,0.0,0.0,0.0,0.0,0.010723785,0.0,0.0,0.0,0.0,0.0,0.0,0.0,0.0,0.0,0.0,0.0,0.0,0.0,0.0,0.0,0.0,0.0,0.0,0.0,0.0,0.0,0.0,0.0,0.0,0.0,0.0,0.0,0.0,0.0,0.0,0.0,0.0,0.0,0.0,0.0,0.0,0.0,0.0,0.0,0.0,0.0,0.0,0.0,0.0,0.0,0.0,0.0,0.0,0.0,0.0,0.0,0.0,0.0,0.0,0.0,0.0,0.0,0.0,0.0,0.0,0.0,0.0,0.0,0.0,0.0,0.0,0.0
10.67,,1050.29_57.0698_NILU_2,2-Ethylhexanol,C8H18O,YIWUKEYIRIRTPP-UHFFFAOYNA-N,CCCCC(CC)CO,104-76-7,2-Ethylhexan-1-ol,4-GC-NILU,57.0698,[M]+,,,,2,,,,1050.29,,,,,,normalized peak area,0.0,0.0,0.0,0.0,0.0,0.0,0.0,0.0,0.0,1099.35197,0.0,0.001930344,366.4506566,0.0,323.3388147,409.5624986,0.0,0.0,191.8476967,0.0,94.8460523,0.012588173,0.0,0.0,0.0,0.0,0.0,0.0,0.0,0.0,0.0,0.0,0.0,0.0,0.000103102,0.0,0.0,0.0,0.0,0.0,0.0,0.0,0.0,0.0,0.0,0.0,0.0,0.0,0.0,0.0,0.0,0.0,0.0,0.0,0.0,0.0,0.0,0.0,0.0,0.0,0.0,0.0,0.0,0.0,0.001556585,0.0,0.0,0.0,0.0,0.0,0.0,0.0,0.0,0.0,0.0,0.0,0.0,0.000115328,0.0,0.0,0.0,0.0,0.0,0.0,0.0,0.000123383,0.0,0.0,0.0,0.0,0.0,0.0,0,0.0,0.0,0.0,0.0,0.0,0.0,0.0,0.0,0.0,0.0,0.0,0.0,0.0,0.0,0.0,0.0,0.0,0.0,0.0,0.0,0.014511303,0.0,0.0,0.0,0.0,0.0,0.000492101,0.0,0.005343518,0.0,0.015347967,0.037704927,517.3421035,0.0,0.0,0.028763776,0.0,0.000416124,0.007071793,0.0,0.0,146.5802627,0.0,0.0,0.007711087,0.0,0.017852924,0.0,0.001986347,0.0,0.0,0.002447813,0.0,0.0,0.001095398,0.001117224,0.0,0.0,0.0,0.0,0.0,0.0,0.0,0.0,0.0,0.0,0.0,0.0,0.0,0.0,0.0,0.0,0.0,0.0,0.0,0.0,0.0,0.0,0.0,0.0,0.0,0.0,0.0,0.0,0.0,0.0,0.0,0.0,0.0,0.0,0.0,0.0,0.0,0.0,0.0,0.0,0.0,0.0,0.0,0.0,0.0,0.0,0.0,0.0,0.0,16.50855074,0.085546328,0.0,0.0,0.042000019,0.0,0.0,0.003050385,0.0,0.0,0.0,0.002440357,0.0,0.0,0.0,0.0,517.3421035,905.3486811,0.0,0.013168503,0.042673652,0.004726497,0.0,0.0,0.0,0.0,0.0,0.000530359,0.0,0.0,0.003821225,0.0,0.0,0.004855384,0.0,0.0,0.0,0.0,0.0,0.0,0.0,0.0,0.0,0.0,0.0,0.0,0.0,0.0,0.0,0.003770428,0.0,0.0,0.0,0.000164079,0.0,0.0,0.0,0.0,0.0,0.0,0.0,0.000179183,0.0,0.0,0.0,0.0,0.0,0.0,0.0,0.0,0.0,0.0,0.0,0.0,0.0,0.0,0.0,0.0,0.0,0.0,0.0,0.0,0.0,0.0,0.0,0.0,0.0,0.0,0.0,0.0,0.0,0.0,0.0,0.0,0.0,0.0,0.0,0.0,0.0,0.0,0.0,0.0,0.0,0.0,0.0,0.0,0.0,0.0,0.0,0.0,0.0,0.0,0.0,0.0,0.0,0.0,0.0,0.0,0.0,0.0,0.0,0.0,0.0,0.0,0.0,0.0,0.0,0.0,0.0,0.0,0.0,0.0,0.0,0.0,0.0,0.0,0.0,0.0,0.0,0.0,0.0,0.0,0.000231879,0.0,0.0,0.0,0.0,0.0,8.48573e-05,0.0,0.582009866,0.0,0.0,0.0,0.0,0.0,0.0,0.0,0.0,0.000407167,0.0,0.0,0.0,0.0,9.88889e-05,0.0,0.0,0.0,0.0,0.0,0.0,0.0,0.0,0.0,0.0,0.0,0.21555921,0.0,0.0,0.0,0.0,0.0,0.0,0.0,0.0,0.0,0.0,0.0,0.0,0.0,0.0,0.0,0.0,0.0,0.0,0.0,0.0,0.0,0.0,0.0,0.0,0.0,0.0,0.0,0.0,0.0,0.0,0.0,0.0,0.0,0.0,0.0,0.0,0.0,0.0,0.0,0.0,0.0,0.0,0.0,0.0,0.0
10.72,,1047.3_93.0689_NILU_2,Limonene,C10H16,XMGQYMWWDOXHJM-UHFFFAOYNA-N,CC(=C)C1CCC(C)=CC1,138-86-3,1-Methyl-4-(prop-1-en-2-yl)cyclohex-1-ene,4-GC-NILU,93.0689,[M]+,,,,2,,,,1047.3,,,,,,normalized peak area,0.0,0.0,0.040858672,0.0,0.0,0.0,0.0,0.0,0.0,0.0,0.0,0.0,0.0,0.0,0.0,0.0,538.8980245,5.09083e-05,0.0,38.80065776,0.0,0.0,0.0,0.0,0.0,0.0,0.0,0.002569513,0.0,0.0,13.36467101,0.0,0.0,0.0,0.0,0.0,0.0,0.001672381,0.0,0.0,0.0,0.0,0.0,0.0,0.0,0.0,0.0,0.0,0.0,0.0,0.0,0.0,0.0,0.0,0.0,0.0,0.0,7.329013133,0.0,0.0,6.22769e-05,0.0,7.21371e-05,4.30076e-05,0.0,0.0,0.000182094,7.47784e-06,0.0,0.0,0.0,0.000100135,0.0,1.32111e-05,0.0,0.00039328,0.000153143,0.0,0.0,0.0,1.60066e-05,0.0,2.3767e-05,0.0,1.56056e-05,0.0,2.53044e-05,2.24609e-05,3.75571e-05,0.0,1.46542e-05,0.0,0,0.0,0.0,3.86203e-05,3.95212e-05,0.0,0.0,0.0,0.0,0.0,0.0,0.0,0.0,0.0,5.15592e-05,0.0,0.0,0.0,0.000160644,3.45369e-05,6.04965e-05,0.0,1.45964e-05,6.56172e-05,3.69066e-05,2.65809e-05,2.45108e-05,0.0,1.61732e-05,0.0,3.88893e-05,0.0,0.0,0.0,2.98227e-05,1.41943e-05,0.0,4.84691e-05,0.0,0.0,4.90801e-05,2.10369e-05,0.0,0.065996552,9.90235e-05,0.0,2.72933e-05,0.0,0.000263515,0.0,0.008965311,0.000483666,0.0,0.0,0.0,0.0,0.0,0.0,0.000523028,0.0,0.0,0.0,0.0,0.0,0.0,0.0,0.0,0.0,0.0,0.0,0.0,0.000470995,0.0,0.0,0.0,0.001570648,0.0,0.0,0.0,0.0,0.0,0.0,0.0,0.0,0.0,0.0,0.0,0.0,0.0,0.0,0.0,0.0,0.0,0.0,0.0,0.0,0.0,0.0,0.0,0.0,0.0,0.0,0.0,0.205717213,0.005186777,0.000159258,1.650855074,0.005890075,0.0,0.0,0.0,0.0,0.0,0.000290513,0.0,0.0,0.000152069,0.0,258.6710517,0.002329947,0.000781996,0.0,0.0,0.0,0.0,0.0,0.0,0.0,0.0,0.000120755,3.29078e-05,0.000772844,3.17285e-05,0.0,0.0,5.63399e-05,0.0,0.0,3.01528e-05,0.0,0.000485407,0.0,0.0,0.0,0.0,0.0,0.0,0.0,0.0,0.0,0.0,0.0,0.0,0.0,6.682335503,0.0,0.000349433,7.02351e-06,1.10107e-05,0.0,0.000156645,0.0,0.0,9.2463e-05,5.12741e-05,7.88478e-05,4.57834e-05,0.000101537,0.000282057,0.0,0.0,3.31357e-05,0.991572365,0.000213982,0.0,1.13818e-05,0.0,0.000867094,0.0,0.0,0.0,0.0,0.0,0.0,0.0,0.0,0.0,0.0,7.64151e-05,0.0,0.0,6.035657874,13.1491118,0.0,0.0,0.0,0.0,0.0,0.0,0.0,0.0,0.0,0.0,0.0,0.0,0.0,0.0,0.0,0.0,0.0,0.0,30.17828937,0.00172214,0.0,0.0,0.0,0.0,0.0,0.0,0.0,0.0,0.0,0.0,0.001802449,0.003058194,0.0,0.0,0.002035813,0.0,0.0,0.0,0.01075387,0.0,0.0,0.0,0.0,0.000309471,0.000865726,0.005062105,0.0,0.007918363,0.0,0.003029961,0.007557648,0.0,0.016767727,0.0,0.0,0.0,0.0,0.004948437,0.0,0.0,40.95624986,0.003457149,0.0,36.64506566,0.0,0.0,0.0,0.0,0.0,0.02445801,0.007696322,13.79578943,0.0,0.0,0.0,0.010826792,0.0,0.0,0.0,0.0,0.0,7.544572342,0.001688211,0.0,0.0,0.0,0.0,0.0,0.0,0.0,0.0,0.0,0.0,0.0,0.0,0.0,0.0,0.0,0.0,0.0,0.0,0.0,0.0,0.0,0.0,0.0,0.0,0.0,0.0,0.0,0.0,0.0,0.0,0.0,0.0,0.0,0.0,0.0,0.0,0.0,0.0,0.0,0.0,0.0,0.0,0.0,0.0,0.0,0.0,0.0,0.0,0.0,0.0,0.0,0.0
11.12,,1069.98_71.0559_NILU_2,Isoamyl butyrate,C9H18O2,PQLMXFQTAMDXIZ-UHFFFAOYSA-N,CCCC(=O)OCCC(C)C,106-27-4,3-methylbutyl butanoate,4-GC-NILU,71.0559,[M]+,,,,2,,,,1069.98,,,,,,normalized peak area,0.0,0.0,0.0,0.0,0.000534033,0.0,0.0,0.0,0.000220766,0.0,0.0,0.0,0.0,0.0,0.0,0.0,23.71151308,3.26581e-06,0.0,0.0,0.0,0.0,0.0,0.0,0.0,12.71799338,0.0,0.0,0.0,4.526743405,0.0,0.0,0.0,0.0,0.0,0.0,0.0,0.0,0.0,0.0,0.0,0.0,0.0,0.0,0.0,0.0,0.0,0.0,0.0,0.0,0.0,0.0,0.0,0.0,0.0,0.0,0.0,0.0,0.0,0.0,0.0,0.0,0.0,0.0,7.53186e-05,0.0,0.0,0.0,0.0,0.0,0.0,0.0,0.0,0.0,0.0,0.0,0.0,0.0,0.0,0.0,0.0,0.0,0.0,0.0,0.0,0.0,0.0,0.0,0.0,0.0,0.0,0.0,0,0.0,0.0,0.0,0.0,0.0,0.0,0.0,0.0,0.0,0.0,0.0,0.0,0.0,0.0,0.0,0.0,0.0,0.0,0.0,0.0,0.0,0.0,0.0,0.0,0.0,0.0,0.0,0.0,0.00129135,4.27783e-06,0.0,0.0,21.55592098,4.40563e-06,0.0,0.0,0.0,0.0,0.000707179,0.0,0.0,86.22368391,0.0,0.0,0.000528513,0.0,0.006558217,0.0,0.00019412,0.001638488,0.0,0.001359896,0.0,0.0,0.0,0.0,0.0,0.0,0.0,0.0,0.0,0.0,0.0,0.0,0.0,0.0,0.0,0.0,0.0,0.0,0.0,0.0,0.0,0.0,0.0,0.0,0.0,0.0,0.0,0.0,0.0,0.0,0.0,0.0,0.0,0.0,0.0,0.0,0.0,0.0,0.0,0.0,0.0,0.0,0.0,0.0,0.0,0.0,0.0,0.0,0.0,0.0,2.592036884,0.0,0.0,0.0,0.0,0.000370956,0.0,0.0,0.0,0.000240285,0.0,0.0,0.0,1.01379e-05,0.0,0.0,0.000129441,0.0,0.0,0.0,0.0,0.0,0.0,0.0,0.0,0.000391412,0.0,0.0,0.0,0.0,0.003263748,0.0,0.0,1.99553e-05,0.0,0.0,0.001008426,0.0,0.0,0.0,0.0,0.0,0.0,0.0,0.0,0.0,0.0,0.0,0.0,0.0,0.0,0.0,0.0,0.0,0.0,0.0,0.0,0.0,0.0,0.0,0.0,0.0,0.0,0.0,0.0,0.0,0.0,0.0,0.0,0.0,0.0,0.0,0.0,0.0,0.0,0.0,0.0,0.0,0.0,0.0,0.0,0.0,0.0,0.0,0.0,0.0,0.0,0.0,0.0,0.0,0.0,0.0,0.0,0.0,0.0,0.0,0.0,0.0,0.0,0.0,0.0,0.0,0.0,0.0,0.0,0.0,0.0,0.0,0.0,0.0,0.0,0.0,0.0,0.0,0.0,0.0,0.0,0.0,0.0,0.0,0.0,0.0,0.0,0.0,0.0,0.0,0.0,0.0,0.0,5.82239e-05,0.0,0.0,0.0,0.0,0.0,0.0,0.0,0.0,0.0,0.0,0.0,0.0,0.0,0.0,0.0,0.0,0.0,0.0,0.0,0.0,0.187536513,0.0,0.0,0.0,0.0,0.0,0.0,0.0,0.0,0.0,0.0,0.0,0.0,0.0,0.0,0.0,0.0,0.0,0.0,0.0,0.0,0.0,0.0,0.0,0.0,0.0,0.0,0.0,0.0,0.0,0.0,0.0,0.0,0.0,0.0,0.0,0.0,0.0,0.0,0.0,0.0,0.0,0.0,0.0,0.0,0.0,0.0,0.0,0.0,0.0,0.0,0.0,0.0,0.0,0.0,0.0,0.0,0.0,0.0,0.0,0.0,0.0,0.0,0.0,0.0,0.0,0.0,0.0,0.0,0.0,0.0,0.0,0.0,0.0,0.0
11.2,,1072.18_93.0677_NILU_2,Gamma-terpinene,C10H16,YKFLAYDHMOASIY-UHFFFAOYSA-N,CC(C)C1=CCC(C)=CC1,99-85-4,"1-Methyl-4-(propan-2-yl)cyclohexa-1,4-diene",4-GC-NILU,93.0677,[M]+,,,,2,,,,1072.18,,,,,,normalized peak area,0.0,0.0,0.005768283,0.0,0.0,0.0,0.0,0.0,0.0,0.0,0.0,0.0,0.0,0.0,0.0,0.0,0.0,0.0,0.0,0.0,0.0,0.0,0.0,0.0,0.0,0.0,0.0,0.0,0.0,0.0,0.0,0.0,0.0,0.0,0.0,0.0,0.0,0.0,0.0,0.0,0.0,0.0,0.0,0.0,0.0,0.0,0.0,0.0,0.0,0.0,0.0,0.0,0.0,0.0,0.0,0.0,0.0,0.0,0.0,0.0,0.0,0.0,0.0,0.0,0.0,0.0,0.0,0.0,0.0,0.0,0.0,0.0,0.0,0.0,0.0,0.0,0.0,0.0,0.0,0.0,0.0,0.0,0.0,0.0,0.0,0.0,0.0,0.0,0.0,0.0,0.0,0.0,0,0.0,0.0,0.0,0.0,0.0,0.0,0.0,0.0,0.0,0.0,0.0,0.0,0.0,0.0,0.0,0.0,0.0,0.0,0.0,0.0,0.0,0.0,0.0,0.0,0.0,0.0,0.0,0.0,0.0,0.0,0.0,0.0,0.0,0.0,0.0,0.001568933,0.0,0.0,0.0,0.0,0.0,0.0,0.017750797,0.0,0.0,0.0,0.0,0.0,0.0,0.0,0.0,0.0,0.0,0.0,0.0,0.0,0.0,0.0,0.0,0.0,0.0,0.0,0.0,0.0,0.0,0.0,0.0,0.0,0.0,0.0,0.0,0.0,0.0,0.0,0.0,0.0,0.0,0.0,0.0,0.0,0.0,0.0,0.0,0.0,0.0,0.0,0.0,0.0,0.0,0.0,0.0,0.0,0.0,0.0,0.0,0.0,0.0,0.0,0.0,0.0,0.0,0.0,0.0,0.0,0.0,0.0,0.0,0.0,0.0,0.0,0.0,0.0,0.0,0.0,0.0,0.0,0.0,0.0,0.0,0.0,0.0,0.0,0.0,0.0,0.0,0.0,0.0,0.0,0.0,1.01715e-05,0.0,0.0,0.0,0.0,0.0,0.0,0.0,0.0,0.000257709,0.0,0.0,0.0,0.0,0.0,0.0,1.207131575,0.0,0.0,0.0,0.0,0.0,0.0,0.0,1.401134864,5.48426e-05,3.55356e-05,4.39934e-06,0.0,1.57768e-05,0.0,0.0,0.0,0.0,5.61112e-06,0.0,1.92772e-05,8.51118e-06,0.0,0.0,0.0,0.0,0.0,0.0,0.0,0.0,0.0,0.0,0.0,0.0,0.0,0.0,0.0,0.0,0.0,0.0,0.0,0.0,0.0,0.0,0.0,0.0,0.0,0.0,0.0,0.0,0.0,0.0,0.0,0.0,0.0,0.0,0.0,0.0,0.0,0.0,0.0,0.0,0.0,0.0,0.0,0.0,0.0,0.0,0.0,0.0,0.0,0.0,0.0,0.0,0.0,0.0,0.0,0.0,0.0,0.0,0.0,0.0,0.0,0.0,0.0,0.0,0.0,0.0,0.0,0.0,0.0,0.0,0.0,0.0,0.0,0.0,0.001841284,0.0,0.0,0.0,0.0,0.0,0.0,0.0,0.0,0.0,0.0,0.0,0.0,0.0,18.53809204,0.0,0.0,0.0,0.0,0.0,0.0,0.0,0.0,0.0,0.0,0.0,0.0,0.0,0.0,0.0,0.0,0.0,0.0,0.0,0.0,0.0,0.0,0.0,0.0,0.0,0.0,0.0,0.0,0.0,0.0,0.0,0.0,0.0,0.0,0.0,0.0,0.0,0.0,0.0,0.0,0.0,0.0,0.0,0.0,0.0,0.0,0.0,0.0,0.0,0.0,0.0,0.0,0.0,0.0,0.0,0.0,0.0,0.0,0.0,0.0,0.0,0.0,0.0,0.0,0.0,0.0,0.0,0.0,0.0,0.0,0.0
11.4,,1080.58_59.0486_NILU_2,"7-Octen-2-ol, 2,6-dimethyl-",C10H20O,XSNQECSCDATQEL-UHFFFAOYNA-N,CC(CCCC(C)(C)O)C=C,18479-58-8,"2,6-Dimethyloct-7-en-2-ol",4-GC-NILU,59.0486,[M]+,,,,2,,,,1080.58,,,,,,normalized peak area,0.0,0.0,0.006729664,0.046364705,0.0,0.0,452.6743405,0.0,0.0,452.6743405,388.0065776,0.000794848,88.37927601,0.0,258.6710517,1896.921046,105.6240128,0.0,185.3809204,32.33388147,120.7131575,0.0,0.0,47.42302615,0.0,10.56240128,0.0,0.017874871,0.0,114.2463812,20.69368414,0.0,0.0,0.0,0.000333566,0.0,0.0,0.0,0.0,0.0,0.0,0.002757399,0.0,0.0,0.0,0.0,0.0,0.0,0.0,0.0,0.0,0.0,0.0,0.0,0.0,0.0,0.0,0.0,0.0,0.0,0.0,0.0,0.0,0.0,0.000836874,0.0,0.001427782,0.0,0.0,0.0,0.0,0.0,0.0,0.0,0.0,0.000475213,0.000261954,0.000129744,0.0,0.0,0.0,0.0,5.64466e-05,0.0,0.0,0.000389629,0.0,0.000231628,0.0,0.0,0.0,0.0,0,0.0,0.0,0.0,0.0,0.0,0.0,0.0,0.0,0.0,0.0,0.000118863,0.0,0.0,0.0,0.000672293,0.0,0.0,0.0,1.35269e-05,0.0,0.012189495,2.26766e-06,0.0,0.0,0.0,0.0,0.004123007,0.0,0.004898225,0.0,0.02068639,0.032387565,840.6809181,0.0,0.0,0.015689332,0.0,0.000416124,0.013500695,0.0,3.28176e-05,194.0032888,0.040963377,0.0,0.007537804,0.0,0.091086348,0.000322671,0.00212178,0.026586786,0.001813746,0.01692315,0.0,0.0,0.002829779,0.007617435,0.0,0.007761054,0.0,0.003183039,0.00072083,0.0,0.0,0.0,0.0,0.001362404,0.0,0.002314988,0.0,0.0,0.002449176,0.0,0.0,0.0,0.00491681,0.0,0.0,0.0,0.0,0.0,0.0,0.0,0.0,0.0,0.0,0.0,0.0,0.0,0.0,0.0,0.0,0.0,0.0,0.0,0.0,0.0,0.0,0.0,0.0,0.0,0.0,0.0,0.0,0.0,0.0,5.359919072,0.009115592,0.0,0.0,0.045818202,0.0,0.0,0.0,0.001331344,0.014314492,0.0,0.0,905.3486811,0.0,0.0,0.0,2371.151308,258.6710517,0.0,0.017558003,0.01524059,0.005482737,0.0,0.000163182,0.0,0.002506521,0.0,0.00285578,0.0,0.000591569,0.000934077,0.0,0.0,0.022035974,0.0,0.0,0.0,0.0,0.0,0.0,0.0,0.0,0.0,0.0,0.0,0.0,0.0,0.0,0.0,0.001662416,0.0,0.0,0.0,0.0,0.000185126,0.0,0.0,0.0,7.73948e-05,0.0,0.002409654,0.000253842,0.0,0.0,0.0,0.0,84.06809181,0.0,0.0,0.0,0.0,0.0,0.0,0.0,0.0,0.004092665,0.0,0.0,0.0,0.0,0.0,0.005773047,0.000668632,0.0,0.0,20.26256572,0.0,0.0,0.0,0.0,32.33388147,0.0,0.0,0.004784597,0.0,0.0,0.0,0.010021956,0.0,0.0,0.0,0.002278775,0.0,0.0,0.0,38.80065776,0.0081233,0.0,0.0,0.0,0.0,0.0,0.0,0.0,0.012308641,0.0,0.0,0.004164279,0.0,32.33388147,0.0,0.0,0.0,0.0,0.001486891,0.0,0.0,0.0,0.0,0.0,0.0,0.0,0.0,0.0,0.0,0.0,0.0,0.0,0.0,0.0,0.0,0.0,0.0,0.0,0.0,0.0,0.0,0.0,0.0,0.0,18.96921046,0.0,0.0,0.0,0.0,0.0,0.0,0.0,0.0,0.0,0.0,0.0,0.0,0.0,0.0,0.0,0.0,0.0,0.0,0.0,0.0,0.0,0.0,0.0,0.0,0.0,0.0,0.0,0.0,0.0,0.0,0.0,0.0,0.0,0.0,0.0,0.0,0.0,0.0,0.0,0.0,0.0,0.0,0.0,0.0,0.0,0.0,0.0,0.0,0.0,0.0,0.0,0.0,0.0,0.0,0.0,0.0,0.0,0.0,0.0,0.0,0.0,0.0,0.0,0.0,0.0,0.0,0.0,0.0,0.0,0.0,0.0
11.84,,1099.17_73.0637_NILU_2,"3-Octanol, 3,7-dimethyl-",C10H22O,DLHQZZUEERVIGQ-UHFFFAOYNA-N,CCC(C)(O)CCCC(C)C,78-69-3,"3,7-Dimethyloctan-3-ol",4-GC-NILU,73.0637,[M]+,,,,2,,,,1099.17,,,,,,normalized peak area,0.000187986,0.0,0.0,0.0,0.0,0.003989769,0.0,0.0,8.90186e-05,0.0,0.0,0.000300907,301.7828937,0.0,165.9805915,0.0,0.0,0.0,0.0,0.0,0.0,0.0,0.0,68.97894713,0.0,0.0,0.0,0.0,0.0,25.86710517,0.0,0.0,0.0,0.001731966,0.0,0.0,0.0,0.0,0.0,0.0,0.0,0.000401076,0.0,0.0,0.0,38.80065776,0.0,0.0,0.0,0.0,0.0,0.0,0.0,0.0,0.0,0.0,0.0,0.0,0.0,0.0,0.0,0.0,0.0,0.0,0.000112141,0.0,0.000600082,0.0,0.0,0.0,0.0,0.0,0.0,0.0,0.0,0.0,0.000110827,5.40599e-05,0.0,0.0,0.0,0.0,3.32738e-05,0.0,0.000101775,0.0,0.0,0.0,0.0,0.0,4.68933e-05,0.0,0,0.0,0.0,0.0,0.0,0.0,0.0,0.0,0.0,0.0,0.0,3.09538e-05,0.0,0.0,0.0,0.0,0.0,0.0,0.0,0.0,0.0,0.008706782,0.0,9.2792e-05,0.0,3.84302e-05,0.0,0.000438901,0.0,0.012468208,0.0,0.006673029,0.010634723,0.0,0.0,0.0,0.0,0.0,0.000657038,0.018000926,3.74794e-05,4.20738e-05,0.0,0.031860404,0.0,0.009530557,0.0,0.072869078,0.000239315,0.00117375,0.017003177,0.001209164,0.00695058,0.0,0.0,0.001551814,0.0,0.0,0.006073868,0.0,0.001106485,0.00033038,0.0,0.0,0.0,0.0,0.003027565,0.0,0.0,0.001096882,0.0,0.0,0.0,0.0,0.0,0.0,0.0,0.0,0.0,0.0,0.0,0.0,0.0,0.0,0.0,0.0,0.0,0.0,0.0,0.0,0.0,0.0,0.0,0.0,0.0,0.0,0.0,0.0,0.0,0.0,0.0,0.0,0.0,0.0,0.0,0.0,11.36302843,0.003365757,0.0,0.0,0.010690914,0.0,0.0,0.00203359,0.00178595,0.025561593,0.0,0.000122018,0.0,0.001121826,0.0,0.027749695,926.9046021,237.1151308,0.0,0.006584251,0.0,0.007562396,0.000260941,0.000101173,0.0,0.000396866,0.0,0.000326375,0.0,0.000121131,0.001358658,0.0,0.0,0.010084259,0.0,0.0,0.0,6.64346e-05,0.0,0.0,0.0,0.0,0.0,0.0,0.0,0.0,0.0,0.0,0.0,0.0,0.0,0.0,0.0,0.00025874,0.0,0.0,0.0,0.000172598,7.44925e-05,0.0,0.0,0.000194115,0.0,0.0,0.0,0.0,12.07131575,0.0,0.0,0.0,0.0,0.0,0.0,0.0,0.0,0.00240745,0.0,0.0,0.0,0.0,0.0,0.005773047,0.0,0.003216595,0.0,13.1491118,19.8314473,0.0,0.0,0.0,0.0,0.0,0.0,0.003095916,0.0,0.0,0.0,0.003340652,0.0,0.0,0.0,0.0,0.0,0.0,0.004410873,17.6758552,0.0081233,0.0,0.0,0.0,0.0,0.0,0.0,0.0,0.007205058,0.0,0.0,0.008079945,0.004512089,8.837927601,0.0,0.0,0.0,0.024119868,0.005369329,0.0,0.0,0.0,0.0,0.0,0.0,0.0,0.0,0.0,0.0,0.000322243,0.0,0.0,0.0,0.0,0.0,0.0,0.0,0.0,0.0,0.0,0.0,0.0,0.0,0.0,0.0,0.0,0.0,0.0,0.0,0.0,0.0,0.0,0.0,0.0,0.0,0.0,0.0,0.0,0.0,0.0,0.0,0.0,0.0,0.0,0.0,0.0,0.0,0.0,0.0,0.0,0.0,0.0,0.0,0.0,0.0,0.0,0.0,0.0,0.0,0.0,0.0,0.0,0.0,0.0,0.0,0.0,0.0,0.0,0.0,0.0,0.0,0.0,0.0,0.0,0.0,0.0,0.0,0.0,0.0,0.0,0.0,0.0,0.0,0.0,0.0,0.0,0.0,0.0,0.0,0.0,0.0,0.0,0.0,0.0,0.0,0.0
11.86,,1099.92_71.085_NILU_2,Undecane,C11H24,RSJKGSCJYJTIGS-UHFFFAOYSA-N,CCCCCCCCCCC,1120-21-4,Undecane,4-GC-NILU,71.085,[M]+,,,,1,,,,1099.92,,,,,,normalized peak area,0.0,0.005807931,0.0,0.0,0.0,0.0,0.0,0.0,0.0,0.0,0.0,0.0,0.0,0.0,0.0,0.0,0.0,0.000566715,0.0,0.0,0.0,0.0,0.0,0.0,0.0,0.0,0.0,0.0,0.0,0.0,0.0,0.0,0.001350809,0.0,0.0,0.0,0.0,0.0,0.0,0.0,0.0,0.0,0.0,0.0,0.0,0.0,0.0,0.0,0.0,0.0,0.0,0.0,0.0,0.0,0.0,0.0,0.0,0.0,0.0,0.0,0.0,0.0,0.0,0.0,0.0,0.0,0.0,0.0,0.0,0.0,0.0,8.94066e-05,0.0,0.0,0.0,0.000606306,0.0,0.0,0.0,0.0,0.0,0.0,0.0,0.0,0.0,2.85728e-05,6.9012e-06,0.0,0.0,0.0,0.0,0.0,0,0.0,0.0,0.0,8.08806e-05,0.0,0.0,0.0,0.0,0.0,0.0,0.0,0.0,0.0,0.0,0.0,0.0,0.0,0.0,0.0,0.0,0.0,1.0426e-05,0.0,0.0,0.0,0.0,0.0,0.0,0.0,0.0,0.0,0.0,0.0,0.0,0.0,0.0,0.0,0.0,0.0,0.0,0.0,0.0,0.0,0.0,0.0,0.0,0.0,0.0,0.0,0.0,0.0,0.0,0.0,0.0,0.0,0.0,0.0,0.0,0.0,0.0,0.0,0.0,0.0,0.0,0.0,0.0,0.0,0.0,0.0,0.0,0.0,0.0,0.0,0.0,0.0,0.0,0.0,0.0,0.0,0.0,0.0,0.0,0.0,0.0,0.0,0.0,0.0,0.0,0.0,0.0,0.0,0.0,0.0,0.0,0.0,0.0,0.0,0.0,0.0,0.0,0.0,0.0,0.0,0.0,0.0,0.0,0.0,0.0,0.0,0.0,0.000726303,0.0,0.0,0.0,0.0,0.000349194,0.0,0.0,0.0,0.0,0.0,0.0,0.0,0.0,0.0,0.0,0.0,0.0,0.0,0.0,0.0,0.0,0.0,0.0,0.0,0.0,0.0,0.0,0.0,0.0,0.0,0.0,0.0,776.0131552,0.0,1013.128286,0.0,0.034161453,0.0,0.0,0.010115332,0.0,0.0,7.113453923,0.0,0.0,0.0,0.0,0.0,0.0,0.0,0.0,0.0,0.0,0.0,0.0,0.0,0.0,0.0,0.0,0.0,0.0,0.0,0.0,0.0,0.0,0.0,0.0,0.0,0.0,0.0,0.0,0.0,0.0,0.0,0.0,0.0,0.0,0.0,0.0,0.0,0.0,0.0,0.0,0.0,0.0,0.0,0.0,0.0,0.0,0.0,0.0,0.0,0.0,0.0,0.0,0.0,0.0,0.0,0.0,0.0,0.0,0.0,0.0,0.0,0.0,0.0,0.0,0.0,0.0,0.0,0.0,0.0,0.0,0.0,0.0,0.0,0.0,0.0,0.0,0.0,0.0,0.0,0.0,0.0,0.0,0.0,0.0,0.0,0.0,0.0,0.0,0.0,0.0,0.0,0.0,0.0,0.0,0.0,0.0002344,0.0,0.0,0.0,0.0,0.0,0.517342103,0.0,0.0,1.185575654,0.0,0.0,0.0,0.000360765,0.840680918,0.0,0.0,0.0,0.0,0.0,0.0,0.0,0.0,0.0,0.0,0.0,0.0,0.000883537,0.0,0.0,0.0,0.0,0.388006578,0.0,0.0,0.0,0.0,0.0,0.0,0.0,0.0,0.0,0.0,0.0,0.0,0.0,0.0,0.0,0.0,0.0,0.0,0.0,0.0,0.0,0.0,0.0,0.0,0.0,0.0,0.0,0.0,0.0,0.0,0.0,0.0,0.0,0.0,0.0,0.0,0.0,0.0,0.0,0.0,0.0,0.0,0.0,0.0,0.0
11.93,,1104.41_57.0427_NILU_2,Pelargonaldehyde,C9H18O,GYHFUZHODSMOHU-UHFFFAOYSA-N,CCCCCCCCC=O,124-19-6,Nonanal,4-GC-NILU,57.0427,[M]+,,,,2,,,,1104.41,,,,,,normalized peak area,0.0,0.0,0.012978637,0.024109646,1.44104e-05,0.000822633,603.5657874,0.000113014,9.25794e-05,1207.131575,209.0924335,9.65172e-05,0.0,3.44728e-05,71.13453923,94.8460523,71.13453923,5.47504e-05,200.4700651,17.24473678,56.04539454,0.002517635,3.48335e-05,0.0,0.0,7.329013133,0.004109601,0.009719461,0.0,0.0,11.42463812,0.0,0.000405243,0.001501037,0.000157686,0.0,0.001738291,0.006104189,0.0,0.0,0.0,0.000101522,0.0,0.0,0.0,0.0,0.0,0.0,0.0,0.0,0.0,0.0,0.0,0.0,0.0,0.0,0.0,0.0,0.0,0.0,0.0,0.0,0.0,5.93208e-06,0.000167375,0.0,0.000142778,0.0,0.0,0.0,0.0,0.00016272,0.0,0.0,0.0,0.000142564,8.46314e-05,3.31568e-05,0.0,0.0,0.0,0.0,1.24777e-05,0.0,1.76411e-05,2.2079e-05,0.0,2.59704e-05,0.0,0.0,1.2456e-05,0.0,0,5.01644e-05,0.0,2.29308e-05,1.28674e-05,0.0,0.0,0.0,0.0,0.0,0.0,0.0,0.0,0.0,0.0,0.0,0.0,0.0,0.0,4.0293e-05,9.96412e-05,0.001915492,0.0,0.0,4.30576e-05,0.0,3.54762e-05,0.00016625,0.0,0.0,4.66672e-05,0.003136324,0.0,127.1799338,1.55892e-06,2.11183e-05,0.008367644,0.0,0.0,0.0,0.0,0.0,84.06809181,0.0,0.0,0.000762445,0.0,0.0,0.0,0.000812596,0.002596849,0.000414571,0.002659352,0.0,0.0,0.0,0.000981803,0.0,0.0,0.0,0.000257675,9.31072e-05,0.0,0.0,0.0,0.0,0.0,0.0,0.0,0.0,0.0,0.000386216,0.0,0.0,0.0,0.0,0.0,0.0,0.0,0.0,0.0,0.0,0.0,0.0,0.0,0.0,0.0,0.0,0.0,0.0,0.0,0.0,0.0,0.0,0.0,0.0,0.0,0.0,0.0,0.0,0.0,0.0,0.0,0.0,0.02047412,0.0,0.0,0.010517991,0.0,0.0,0.010690914,0.000508412,0.0,0.000261462,0.000568257,0.018404347,0.000275976,0.0,603.5657874,0.003538068,2.15723e-05,0.012414337,0.0,452.6743405,0.007590056,0.016680103,0.001320851,0.000529368,0.000652353,0.0,0.0,0.00062663,0.0,8.56734e-05,0.0,0.0,0.000140112,0.000889356,0.0,0.001456615,0.0,0.0,0.0,0.0,0.0,0.0,0.0,0.0,0.0,0.0,0.0,0.0,0.0,0.0,0.0,9.25469e-05,3.07975e-05,0.0,0.0,0.000220875,0.0,0.0,0.0,0.0,0.0,9.0675e-05,0.0,2.83706e-05,0.0,0.0,0.0,0.0,0.0,6.24114e-05,0.0,0.0,0.0,0.0,0.0,0.0,0.0,0.0,0.0,0.0,0.0,0.0,0.0,0.0,1.09847e-05,0.0,0.0,0.0,0.0,0.0,0.0,0.0,0.0,0.0,0.0,0.0,0.0,0.0,0.0,0.0,0.0,0.0,0.0,0.0,0.0,0.0,0.0,0.0,0.0,0.0,0.0,0.0,0.0,0.0,0.0,0.0,0.0,0.0,0.0,0.0,0.0,0.0,0.0,0.0,0.0,0.0,0.0,0.0,0.0,0.0,0.0,0.0,0.0,0.0,0.0,0.0,0.0,0.0,0.0,0.0,0.0,0.0,0.0,0.0,0.0,0.0,0.0,0.0,0.0,0.344894736,0.0,0.0,0.0,0.0,0.0,0.0,0.0,0.0,0.0,0.0,0.0,0.0,0.0,0.0,0.0,0.0,0.0,0.0,0.0,0.0,0.0,0.0,0.0,0.0,0.0,0.0,0.0,0.0,0.0,0.0,0.0,0.0,0.0,0.0,0.0,0.0,0.0,0.0,0.0,0.0,0.0,0.0,0.0,0.0,0.0,0.0,0.0,0.0,0.0,0.0,0.0,0.0,0.0,0.0,0.0,0.0,0.0,0.0,0.0,0.0,0.0,0.0,0.0,0.0,0.0,0.0,0.0,0.0,0.0,0.0,0.0,0.0,0.0,0.0
12.39,,1133.42_100.052_NILU_2,Dimethyl glutarate,C7H12O4,XTDYIOOONNVFMA-UHFFFAOYSA-N,COC(=O)CCCC(=O)OC,1119-40-0,dimethyl pentanedioate,4-GC-NILU,100.052,[M]+,,,,2,,,,1133.42,,,,,,normalized peak area,0.0,0.0,0.0,0.0,0.0,0.0,0.0,0.0,0.0,0.0,0.0,0.0,0.0,0.0,0.0,0.0,0.0,0.0,0.0,0.0,0.0,0.0,0.0,0.0,0.0,0.0,0.0,0.0,0.0,0.0,0.0,0.0,0.0,0.0,0.0,0.0,0.0,0.0,0.0,0.0,0.0,0.0,0.0,0.0,0.0,0.0,0.0,0.0,0.0,0.0,0.0,0.0,0.0,0.0,0.0,0.0,0.0,0.0,0.0,0.0,0.0,0.0,0.0,0.0,0.0,0.0,0.0,0.0,0.0,0.0,0.0,0.0,0.0,0.0,0.0,0.0,0.0,0.0,0.0,0.0,0.0,0.0,0.0,0.0,0.0,0.0,0.0,0.0,0.0,0.0,0.0,0.0,0,0.0,0.0,0.0,0.0,0.0,0.0,0.0,0.0,0.0,0.0,0.0,0.0,0.0,0.0,0.0,0.0,0.0,0.0,0.0,0.0,0.0,0.0,0.0,0.0,0.0,0.0,0.0,0.0,0.0,0.0,0.0,0.0,0.0,0.0,0.0,0.0,0.0,0.0,0.0,0.0,0.0,0.0,0.0,0.0,0.0,0.0,0.0,0.0,0.0,0.0,0.0,0.0,0.0,0.0,0.0,0.0,0.0,0.0,0.0,0.0,0.0,0.0,0.0,0.0,0.0,0.0,0.0,0.0,0.0,0.0,0.0,0.0,0.0,0.0,0.0,0.0,0.0,0.005934697,0.0,3.233388147,0.0,0.0,0.016891414,0.0,0.002683216,0.0,0.031227441,1.401134864,0.0,0.0,0.134772321,0.0,0.0,0.0,0.0,0.0,0.0,0.0,0.0,0.0,0.0,0.840680918,0.030446148,0.0,4.14909e-05,0.621750612,0.074327138,0.007494053,0.000733649,0.00229091,0.000472097,0.007766795,0.0,0.0,0.001840435,0.003435623,0.000427063,0.0,0.001553298,0.005527906,0.0,53.88980245,60.35657874,0.002415018,0.00237033,0.042673652,0.000718428,0.000369667,0.0,2.48304e-05,0.000396866,2.11524e-05,0.00012647,0.000970831,7.88758e-05,8.91619e-05,0.000213445,0.0,0.000859029,0.008565998,23.71151308,0.000870704,0.000209269,16.38249994,0.000891251,43.11184196,0.000815431,0.000514762,0.0,23.71151308,0.000379325,0.000405741,21.55592098,0.0,0.000531288,0.012437457,0.0,6.53302e-05,0.0,0.0,3.29413e-05,4.80065e-05,0.000160269,0.0,0.0,0.000152611,0.0,0.0,3.41866e-05,0.001061819,0.000838139,0.0,0.0,3.67914e-05,0.000189019,0.0,0.0,0.0,0.0,0.0,0.0,0.0,0.0,0.0,0.0,0.0,0.0,0.0,0.0,0.0,0.0,0.0,0.0,0.0,0.0,0.0,0.0,0.0,0.0,0.0,0.0,0.0,0.0,0.0,0.0,0.0,0.0,0.0,0.0,0.0,0.0,0.0,0.0,0.0,0.0,0.0,0.0,0.0,0.0,0.0,0.0,0.0,0.0,0.0,47.42302615,0.0,0.0,0.0,0.0,0.0,0.0,0.0,0.0,0.0,0.0,0.006877127,0.0,0.0,0.0,0.0,0.0,0.0,0.0,0.0,0.0,0.0,0.0,0.0,0.0,0.0,0.0,0.0,0.0,0.0,0.0,0.0,0.0,0.0,0.0,0.0,0.0,0.0,0.0,0.0,0.0,0.0,0.0,0.0,0.0,0.0,0.0,0.0,0.0,0.0,0.0,0.0,0.0,0.0,0.0,0.0,0.0,0.0,0.0,0.0,0.0,0.0,0.0,0.0,0.0,0.0,0.0,0.0,0.0,0.0,0.0,0.0,0.0,0.0,0.0,0.0,0.0,0.0,0.0,0.0,0.0,0.0,0.0,0.0,0.0,0.0,0.0,0.0,0.0,0.0,0.0,0.0,0.0,0.0,0.0,0.0,0.0,0.0,0.0,0.0,0.0,0.0,0.0
12.68,,1152.4_69.0343_NILU_2,Camphor,C10H16O,DSSYKIVIOFKYAU-UHFFFAOYNA-N,CC1(C)C2CCC1(C)C(=O)C2,76-22-2,"1,7,7-Trimethylbicyclo[2.2.1]heptan-2-one",4-GC-NILU,69.0343,[M]+,,,,2,,,,1152.4,,,,,,normalized peak area,0.0,0.0,0.001105588,0.0,0.0,0.0,0.0,0.0,0.0,14.01134864,0.0,0.0,3.664506566,0.0,25.86710517,19.40032888,12.28687496,0.0,0.0,0.0,0.0,0.0,0.0,0.0,0.0,1.250243417,0.0,0.001106008,0.0,0.0,0.0,0.0,0.0,0.001016087,0.0,0.0,0.0,0.000292667,0.0,0.0,0.0,0.0,0.0,0.0,0.0,0.0,0.0,0.0,0.0,0.0,0.0,0.0,0.0,0.0,0.0,0.0,0.0,0.0,0.0,0.0,3.30449e-05,0.0,1.13358e-05,0.0,0.0,0.0,0.0,0.0,0.0,0.0,0.0,0.0,0.0,0.0,0.0,2.458e-05,0.0,0.0,0.0,0.0,0.0,0.0,2.67379e-06,0.0,0.0,0.0,0.0,0.0,0.0,0.0,0.0,0.0,0,0.0,0.0,0.0,0.0,0.0,0.0,0.0,0.0,0.0,0.0,0.0,0.0,0.0,0.0,0.0,0.0,0.0,1.27177e-05,3.16588e-06,0.0,0.0,0.0,5.50124e-06,0.0,2.49796e-06,2.45108e-06,0.0,0.0,0.000400764,6.61119e-06,0.000146807,0.000309374,0.0,0.0,0.0,0.0,0.0,2.62815e-05,0.000424308,0.0,3.11346e-06,0.0,0.0,0.0,0.000303245,0.0,0.0,1.5058e-05,4.96587e-05,0.000525553,0.0,0.0,0.0,0.0,0.0,0.0,0.0,0.0,0.0,0.0,2.25259e-05,0.0,0.0,0.0,0.0,0.0,0.0,0.0,0.0,0.0,0.0,0.0,0.0,0.0,0.0,0.0,0.0,0.0,0.0,0.0,0.0,0.0,0.0,0.0,0.0,0.0,0.0,0.0,0.0,0.0,0.0,0.0,0.0,0.0,0.0,0.0,0.0,0.0,0.0,0.0,0.0,0.0,0.905155737,0.000150144,0.0,0.428793526,0.046279161,0.0,0.009432636,0.00103091,2.54206e-05,0.155335909,2.90513e-05,0.011689854,0.048055795,0.003154015,1.52522e-05,23.71151308,0.047461883,0.008224446,0.000949332,1228.687496,20.47812493,0.056350416,0.04916241,0.004673781,0.054827368,0.000100027,0.0,8.37653e-06,5.84855e-05,1.71863e-05,0.002570202,0.0,0.0,0.002420109,2.31232e-05,9.86817e-06,0.04108402,0.020843928,1444.246706,0.08707045,0.030892107,1552.02631,0.03142834,883.7927601,0.0,0.014506919,0.032824887,991.572365,0.0,0.042628511,776.0131552,148.7358547,0.000107971,0.0,0.0,0.0,3.534e-05,0.001039555,0.0,0.0,0.0,0.000725576,0.019711952,0.0,5.97276e-06,0.001075344,0.0,0.0,0.0,0.0,0.0,0.0,0.0,0.0,0.018787046,0.0,0.0,0.0,0.0,0.0,0.0,0.0,0.0,0.0,0.0,0.0,0.0,0.0,0.0,0.0,0.0,0.0,0.0,0.819124997,0.0,0.0,0.0,0.0,0.0,0.0,0.0,0.0,0.0,0.0,0.0,0.0,0.0,0.0,2.802269727,0.0,0.0,0.000290091,0.0,0.0,0.0,0.0,0.0,0.0,0.0,0.0,0.000198891,0.0,0.0,0.0,0.0,0.0,0.0,0.0,0.0,0.0,0.0,0.0,0.0,0.0,0.0,0.0,0.000180068,0.0,0.0,0.0,0.0,0.0,0.0,0.0,0.0,0.0,0.0,0.0,0.0,0.0,0.0,0.0,0.0,0.0,0.0,0.0,0.0,0.0,0.0,0.0,0.0,0.0,0.0,0.0,0.0,0.0,0.0,0.0,0.0,0.0,0.0,0.0,0.0,0.0,0.0,0.0,0.0,0.0,0.0,0.0,0.0,0.0,0.0,0.0,0.0,0.0,0.0,0.0,0.0,0.0,0.0,0.0,0.0,0.0,0.0,0.0,0.0,0.0,0.0,0.0,0.0,0.0,0.0,0.0,0.0,0.0,0.0,0.0,0.0,0.0,0.0,0.0,0.0,0.0,0.0,0.0,0.0,0.0,0.0,0.0,0.0,0.0,0.0,0.0,0.0
12.79,,1159.48_84.0588_NILU_2,"Cyclohexanone, 5-methyl-2-(1-methylethyl)-, trans-",C10H18O,NFLGAXVYCFJBMK-BRJQIKQINA-N,CC(C)[C@@H]1CC[C@@H](C)CC1=O,89-80-5,"(2R,5S)-5-Methyl-2-(propan-2-yl)cyclohexan-1-one",4-GC-NILU,84.0588,[M]+,,,,2,,,,1159.48,,,,,,normalized peak area,0.0,0.0,0.002355382,0.0,0.0,0.0,0.0,0.0,0.0,0.0,28.02269727,3.23617e-06,4.742302615,0.0,9.269046021,11.85575654,4.742302615,0.0,3.880065776,0.0,0.0,0.0,0.0,0.0,0.0,1.271799338,0.0,0.000323982,0.0,0.0,0.0,0.0,0.0,0.0,0.0,0.0,0.0,0.0,0.0,0.0,0.0,0.0,0.0,0.0,0.0,0.0,0.0,0.0,0.0,0.0,0.0,0.0,0.0,0.0,0.0,0.0,0.0,0.0,0.0,0.0,0.0,0.0,0.0,0.0,0.0,0.0,0.0,0.0,0.0,0.0,0.0,1.55567e-05,0.0,2.8536e-06,0.0,2.13027e-05,3.82856e-05,0.0,0.0,0.0,0.0,0.0,4.93165e-06,0.0,0.0,0.0,3.85317e-06,0.0,0.0,0.0,6.15475e-06,0.0,0,0.0,0.0,0.0,0.0,0.0,0.0,0.0,0.0,0.0,0.0,0.0,0.0,0.0,0.0,0.0,0.0,0.0,4.81933e-06,0.0,0.0,0.0,0.0,0.0,0.0,0.0,0.0,0.0,0.0,0.000236005,0.0,0.001134415,0.000725095,0.0,0.0,0.0,0.001568933,0.0,3.94223e-05,0.000385734,0.0,0.0,17.02917757,0.0,0.0,0.000190611,0.0,0.000142095,3.22671e-05,0.0,0.000179306,0.0,0.000181319,0.0,0.0,0.0,7.10961e-05,0.0,0.0,0.0,3.63776e-05,0.0,0.0,0.0,0.0,0.0,0.0,0.0,0.0,0.0,0.0,0.0,0.0,0.0,0.0,0.000157065,0.0,0.0,0.0,0.0,0.0,0.0,0.0,0.0,0.0,0.0,0.0,0.0,0.0,0.0,0.0,0.0,0.0,0.0,0.0,0.0,0.0,0.0,0.0,0.0,0.0,0.0,0.0,0.0,0.0,0.0,0.278715792,0.0,0.0,0.0,0.000954546,0.0,0.0,0.000120563,4.87077e-05,0.002044927,0.0,0.0,30.17828937,0.0,0.0,0.001752612,62.51217084,8.191249972,0.000115001,0.00096569,0.004775385,0.000132342,4.78392e-05,7.83275e-06,0.0,0.00013577,0.0,2.20303e-05,0.0,7.60588e-06,0.0,0.000131625,0.0,0.000332407,0.0,0.0,0.0,0.0,0.0,0.0,0.0,0.0,0.0,0.0,0.0,0.0,0.0,0.840680918,1.336467101,0.0,0.0,0.0,0.0,3.15536e-05,4.98417e-06,2.44707e-06,0.0,0.0,1.64464e-05,5.71647e-05,4.25706e-05,3.58366e-06,8.63801e-06,0.0,7.18289e-05,0.0,1.573582231,1.21256e-05,0.0,0.0,0.0,7.43224e-05,0.0,0.0,0.0,0.0,0.0,0.0,0.0,0.0,0.0,0.0,2.38797e-05,0.0,0.0,0.582009866,0.0,0.0,0.0,0.0,0.0,0.0,0.0,0.0,0.0,0.0,0.0,0.0,0.0,0.0,0.0,0.0,0.0,0.0,0.0,0.0,0.0,0.0,0.0,0.0,0.0,0.0,0.0,0.0,0.0,0.0,0.0,0.0,0.0,0.0,0.0,0.0,0.0,0.0,0.000128038,0.0,0.0,0.0,0.0,0.0,0.0,4.32863e-05,0.0,0.0,0.0,0.0,0.0,0.0,0.0,0.0,0.0,0.0,0.0,0.0,0.0,0.0,0.0,0.0,0.0,0.0,0.301782894,0.0,0.0,0.0,0.0,0.0,0.0,0.0,0.0,0.0,0.0,0.0,0.0,0.00050443,0.0,0.0,3.74738e-05,0.0,0.0,0.0,0.000229036,0.0,0.0,0.0,0.0,0.0,0.0,0.0,0.0,0.0,0.0,0.0,0.0,0.0,0.0,0.0,0.0,0.0,0.0,0.0,0.0,0.0,0.0,0.0,0.0,0.0,0.0,0.0,0.0,0.0,0.0,0.0,0.0,0.0,0.0,0.0,0.0,0.0,0.0,0.0,0.0,0.0,0.0,0.0,0.0,0.0,0.0,0.0,0.0,0.0,0.0,0.0
12.92,,1167.31_85.0999_NILU_2,"Undecane, 3-methyl-",C12H26,HTZWVZNRDDOFEI-UHFFFAOYNA-N,CCCCCCCCC(C)CC,1002-43-3,3-Methylundecane,4-GC-NILU,85.0999,[M]+,,,,2,,,,1167.31,,,,,,normalized peak area,0.0,0.0,0.0,0.011591176,0.0,0.0,0.0,0.0,0.0,204.7812493,0.0,0.0,0.0,0.000111014,0.0,0.0,0.0,0.0,45.26743405,0.0,0.0,0.0,0.0,0.0,0.0,0.0,0.0,0.0,0.0,0.0,0.0,0.0,0.0,0.0,0.0,0.0,0.0,0.0,0.0,0.0,0.0,0.0,0.0,0.0,0.0,0.0,0.0,0.0,0.0,0.0,0.0,0.0,0.0,0.0,0.0,0.0,0.0,0.0,0.0,0.0,0.0,0.0,2.96277e-05,0.0,2.0085e-05,0.0,6.41467e-05,0.0,0.0,0.0,0.0,0.0,0.0,0.0,0.0,0.0,0.0,0.0,0.0,0.0,0.0,0.0,0.0,0.0,0.0,0.0,0.0,0.0,0.0,0.0,0.0,0.0,0,0.0,0.0,0.0,2.29775e-05,0.0,0.0,0.0,0.0,0.0,0.0,0.0,0.0,0.0,0.0,0.0,0.0,0.0,0.0,0.0,0.0,0.0,0.0,0.0,0.0,0.0,0.0,0.0,0.0,0.0,0.0,0.0,0.0,0.0,0.0,0.0,0.0,0.0,0.0,0.0,1.11546e-05,0.0,0.0,0.0,0.0,0.0,8.8043e-06,0.0,4.57118e-05,0.000117375,0.0,0.0,0.0,0.0,0.0,0.000146053,0.0,0.0,0.0,0.0,0.0,0.0,0.0,0.0,0.0,0.0,0.0,0.0,0.0,0.0,0.0,0.0,0.0,0.0,0.0,0.0,0.0,0.0,0.0,0.0,0.0,0.0,0.0,0.0,0.0,0.0,0.0,0.0,0.0,0.0,0.0,0.0,0.0,0.0,0.0,0.0,0.0,0.0,0.0,0.0,0.0,0.0,0.0,0.0,0.002456894,0.0,0.0,0.0,0.0,0.0,0.00458182,0.0,0.0,0.0,0.0,0.0,0.0,0.0,0.0,0.0,0.0,0.0,0.0,0.0,0.02300017,0.0,0.0,0.0,0.0,0.0,0.0,0.0,0.0,0.000101992,0.0,0.0,0.0,0.0,0.0,0.0,0.001085026,0.0,0.0,0.0,0.0,0.0,0.0,0.0,0.0,0.0,0.0,0.0,0.0,0.0,3.233388147,0.000839777,0.0,0.0,0.0,0.0,0.0,0.0,0.0,0.0,0.0,0.0,0.0,0.00010751,9.34315e-06,0.0,0.0,0.0,0.0,0.0,0.0,0.0,0.0,0.0,0.0,0.0,0.0,0.0,0.0,0.0,0.0,0.0,0.0,0.0,0.0,0.0,0.0,0.0,0.0,0.0,0.0,0.0,0.0,0.0,0.0,0.0,0.0,0.0,0.0,0.0,0.0,0.0,0.0,0.0,0.0,0.0,0.0,0.0,0.0,0.0,0.0,0.0,0.0,0.0,0.0,0.0,0.0,0.0,0.0,0.0,0.0,0.0,0.0,0.0,0.0,0.0,0.0,0.0,0.0,0.0,0.0,0.0,0.0,0.0,0.0,0.0,0.0,0.0,0.0,0.0,0.0,0.0,0.0,0.0,0.0,0.0,0.0,0.0,0.0,0.0,0.0,0.0,0.0,0.0,0.0,0.0,0.0,0.0,0.0,0.0,0.0,0.0,0.0,0.0,0.0,0.0,0.0,0.0,0.0,0.0,0.0,0.0,0.0,0.0,0.0,0.000179853,0.0,0.0,0.0,0.0,0.0,0.0,0.0,0.00058471,0.0,0.0,0.0,0.0,0.0,0.0,0.0,0.0,0.0,0.0,0.0,0.0,0.0,0.0,0.0,0.0,0.0,0.0,0.0,0.0,0.0,0.0,0.0,0.0,0.0,0.000271084,0.0,0.0,0.0,0.0,0.0,0.0,0.0,0.0,0.0,0.0,0.0,0.0,0.0,0.0
13.1,,1179.81_95.0844_NILU_2,Borneol,C10H18O,DTGKSKDOIYIVQL-UHFFFAOYSA-N,CC1(C2CCC1(C(C2)O)C)C,507-70-0,"1,7,7-trimethylbicyclo[2.2.1]heptan-2-ol",4-GC-NILU,95.0844,[M]+,,,,2,,,,1179.81,,,,,,normalized peak area,0.0,0.0,0.0,0.0,0.0,0.0,0.0,0.0,0.0,0.0,0.0,0.0,0.0,0.0,0.0,0.0,0.0,0.0,0.0,0.0,0.0,0.0,0.0,0.0,0.0,0.0,0.0,0.0,0.0,0.0,0.0,0.0,0.0,0.0,0.0,0.0,0.0,0.0,0.0,0.0,0.0,0.0,0.0,0.0,0.0,0.0,0.0,0.0,0.0,0.0,0.0,0.0,0.0,0.0,0.0,0.0,0.0,0.0,0.0,0.0,0.0,0.0,0.0,0.0,0.0,0.0,0.0,0.0,0.0,0.0,0.0,0.0,0.0,0.0,0.0,0.0,0.0,0.0,0.0,0.0,0.0,0.0,0.0,0.0,0.0,0.0,0.0,0.0,0.0,0.0,0.0,0.0,0,0.0,2.85223e-05,0.0,0.0,0.0,0.0,0.0,0.0,0.0,0.0,0.0,0.0,0.0,0.0,0.0,0.0,0.0,3.68144e-05,1.12245e-05,0.0,0.0,0.0,0.0,0.0,6.08478e-06,0.0,0.0,0.0,0.0,0.0,0.0,0.0,0.0,0.0,0.0,0.0,0.0,0.0,0.0,0.0,0.0,0.0,0.0,0.0,0.0,0.0,0.0,0.0,0.0,0.0,0.0,0.0,0.0,0.0,0.0,0.0,0.0,0.0,0.0,0.0,0.0,0.0,0.0,0.0,0.0,0.0,0.0,0.0,0.0,0.0,0.0,0.0,0.0,0.0,0.0,0.0,1.09935197,0.0,0.0,0.0,0.0,0.0,0.0,0.0,0.0,0.0,0.0,0.0,0.0,0.0,0.0,0.0,0.0,0.0,0.0,0.0,0.0,0.0,0.0,0.0,0.0,0.0,0.0,0.0,0.0,0.0,0.0,0.0,0.0,0.0,0.0,0.0,0.0,0.0,0.0,0.000135172,0.0,0.0,0.0,0.0,0.0,0.0,0.0,0.004370032,0.0,0.0,0.0,0.0,4.89547e-06,0.0,0.0,0.0,0.0,0.0,2.14091e-05,0.0,0.000231232,1.23352e-06,0.000235299,0.0,0.0,1.02901e-05,0.0,0.797569076,0.0,0.0,0.0,0.0,0.0,0.0,0.0,0.0,0.0,3.233388147,0.0,0.0,0.0,0.0,0.0,0.0,0.0,0.0,0.0,0.0,0.0,0.0,0.0,0.0,1.42444e-06,0.0,0.0,0.0,0.0,0.0,0.0,0.0,6.19353e-05,0.0,0.0,0.0,0.000337043,0.0,0.0,0.0,0.0,0.0,0.0,0.0,0.0,0.0,0.0,0.0,0.0,0.0,0.0,0.0,0.0,0.0,0.0,0.0,3.07484e-05,0.0,0.0,0.0,0.0,0.0,0.0,0.0,0.0,0.0,0.0,0.0,0.0,0.0,0.0,0.0,0.0,0.0,0.0,0.0,0.0,0.0,0.0,0.000701881,0.0,0.0,0.0,0.0,0.0,0.0,0.0,0.0,0.0,0.0,0.0,0.0,0.0,0.0,0.0,0.0,0.0,0.0,0.0,0.0,0.0,0.0,0.0,0.0,0.0,0.0,0.0,0.0,0.0,0.0,0.0,0.0,0.0,0.0,0.0,0.0,0.0,0.0,0.0,0.0,0.0,0.0,0.0,0.0,0.0,0.0,0.0,0.0,0.0,0.0,0.0,0.0,0.0,0.0,0.0,0.0,0.0,0.0,0.0,0.0,0.0,0.0,0.0,0.0,0.0,0.0,0.0,0.0,0.0,0.0,0.0,0.0,0.0,0.0,0.0,0.0,0.0,0.0,0.0,0.0,0.0,0.0,0.0,0.0,0.0,0.0,0.000404439,0.0,0.0,0.0,0.0,0.0,0.0,0.0,0.0,0.0,0.0,0.0,0.0,0.0,0.0,0.0,0.0
13.13,,1180.98_82.0801_NILU_2,Menthol,C10H20O,NOOLISFMXDJSKH-UHFFFAOYNA-N,CC(C)C1CCC(C)CC1O,1490-04-6,5-Methyl-2-(propan-2-yl)cyclohexan-1-ol,4-GC-NILU,82.0801,[M]+,,,,2,,,,1180.98,,,,,,normalized peak area,0.0,0.0,0.007691044,0.01251847,0.000339068,0.002303372,215.5592098,0.0,0.0,388.0065776,62.51217084,0.000130582,43.11184196,0.0,77.60131552,187.5365125,38.80065776,0.0,36.64506566,8.622368391,14.65802627,0.004662286,0.0,9.053486811,0.0,9.91572365,0.0,0.005585897,0.0,10.9935197,5.388980245,0.0,0.0,0.002193824,3.94214e-05,0.0,0.000695316,0.0,0.0,0.0,2.155592098,0.000105283,0.0,0.0,0.0,1.09935197,0.0,0.0,0.0,0.0,0.0,0.0,0.0,0.0,0.0,0.0,0.0,0.0,0.0,0.0,0.0,0.0,0.0,0.0,6.36024e-05,0.0,0.000206925,0.0,0.0,0.0,0.0,6.61609e-05,0.0,4.70315e-05,0.0,0.000109791,0.000102767,2.59488e-05,0.0,7.83001e-06,0.0,0.0,2.91146e-05,0.0,8.14204e-06,1.23383e-05,9.7767e-06,8.42284e-06,2.20162e-05,0.0,1.31887e-05,0.0,0,1.19357e-05,0.0,1.56895e-05,4.22785e-05,0.0,3.13067e-05,0.0,0.0,0.0,0.0,1.0029e-05,0.0,0.0,1.77235e-05,0.000126055,0.0,0.0,0.0,0.0,0.0,0.001102859,0.0,1.3256e-05,0.0,0.0,0.0,0.0002128,7.94954e-06,0.001603055,0.0,0.004270739,0.006767551,116.4019733,0.0,0.0,0.009587925,0.0,0.000113887,0.003857341,0.0,5.04886e-06,120.7131575,0.006144507,7.94251e-06,0.001386263,0.0,0.005465181,6.18454e-05,6.32019e-05,0.001051105,5.44124e-05,0.000453299,1.57278e-05,0.0,0.000100411,8.12526e-05,0.0,8.09849e-05,0.0,0.000106101,1.89218e-05,0.0,0.0,0.000108615,0.0,4.1629e-05,0.0,8.34472e-05,9.84381e-05,0.0,0.000113039,0.0,0.000181727,0.000214481,0.000239012,0.0,0.0,0.0,0.0,0.0,0.0,0.0,0.0,0.0,0.0,0.0,0.0,0.0,0.0,0.0,0.0,0.0,0.0,0.0,0.0,0.0,0.0,0.0,0.0,0.0,0.0,0.0,0.0,0.0,0.0,1.715174103,0.009396072,0.0,0.0,0.00916364,0.000326836,0.0,0.000450295,0.000389662,0.014314492,0.0,0.0,258.6710517,0.002329947,0.000161792,0.023003037,582.0098664,127.1799338,0.0,0.00210696,0.014224551,0.002268719,0.000347922,3.91637e-05,0.0,0.001587463,0.0,0.000367172,0.0,0.00011268,0.000157095,0.002134454,0.0,0.001456615,0.0,0.0,0.0,0.0,0.0,0.0,0.0,0.0,0.0,0.0,0.0,0.0,0.0,0.0,0.0,0.000771224,0.0,0.0,0.0,8.20394e-05,1.06804e-05,0.0,0.0,0.0,0.000125767,0.000295679,0.0,3.73297e-05,2.468e-05,0.0,0.0,0.0,0.0,3.56637e-05,0.0,0.0,0.0,0.000412902,0.0,0.0,0.0,0.0,0.0,0.0,0.0,0.0,0.0,0.0,1.93426e-05,0.0,0.0,2.069368414,1.76758552,0.0,0.0,0.0,8.191249972,0.0,0.0,0.000211085,0.0,0.0,0.0,0.000306226,0.0,0.0,0.0,0.0,0.0,0.0,0.0,1.638249994,0.000617371,0.0,0.000550173,0.0,0.0,0.0,0.0,0.0,0.000219154,0.0,0.0,0.0,0.0,0.0,0.0,0.0,0.0,0.001205993,0.000578235,0.000153036,0.000317585,0.840680918,0.000383245,0.000181048,0.000332394,0.0,0.0,0.000222941,0.000287041,0.001326883,0.000745836,0.0,0.0,0.000414261,0.0,0.0,0.0,0.0,0.000566466,0.000803771,0.0,0.0,0.0,0.0,0.0,0.0,0.0,0.0,0.0,0.0,0.0,0.0,0.0,0.0,0.0,0.0,0.0,0.003505364,0.0,0.0,0.0,0.0,0.0,0.0,0.00033083,0.0,0.0,0.0,0.0,0.0,0.0,0.0,0.0,0.0,0.0,0.0,0.0,0.0,0.0,0.0,0.0,0.0,0.0,0.0,0.0,0.0,0.0,0.0,0.0,0.0,0.0,0.0,0.0,0.0,0.0,0.0,0.0,0.0,0.0,0.0,0.0,0.0,0.0,0.0,0.0,0.0,0.0,0.0,0.0,0.0,0.0,0.0,0.0,0.0,0.0,0.0
13.3,,1191.7_122.0737_NILU_2,"Benzenemethanol, .alpha.-methyl-, acetate",C10H12O2,QUMXDOLUJCHOAY-UHFFFAOYSA-N,CC(C1=CC=CC=C1)OC(=O)C,93-92-5,1-phenylethyl acetate,4-GC-NILU,122.0737,[M]+,,,,2,,,,1191.7,,,,,,normalized peak area,4.91655e-05,0.00011015,0.0,0.0,2.96685e-05,0.000345506,0.0,0.0,6.76541e-06,0.0,0.0,1.53292e-05,19.61588809,0.0,32.33388147,0.0,5.604539454,0.0,0.0,1.120907891,0.0,0.001258817,0.0,0.797569076,0.0,6.035657874,0.0,0.000659136,0.0,0.0,0.646677629,0.0,0.0,0.0,0.0,0.0,0.0,0.0,0.0,0.0,0.0,0.0,0.0,0.0,0.0,0.0,0.0,0.0,0.0,0.0,0.0,0.0,0.0,0.0,0.0,0.0,0.0,0.0,0.0,0.0,0.0,0.0,0.0,0.0,0.0,0.0,0.0,0.0,0.0,0.0,0.0,0.0,0.0,0.0,0.0,0.0,0.0,0.0,0.0,0.0,0.0,0.0,0.0,0.0,0.0,0.0,0.0,0.0,0.0,0.0,0.0,0.0,0,0.0,0.0,0.0,1.8382e-06,0.0,0.0,0.0,0.0,0.0,0.0,0.0,0.0,0.0,0.0,0.0,0.0,0.0,0.0,0.0,0.0,0.000475971,0.0,0.0,0.0,5.12402e-06,2.67684e-06,6.05151e-05,0.0,0.000351782,0.0,0.0,0.002658681,14.87358547,0.0,0.0,0.0,0.0,0.0,0.0,0.0,0.0,5.173421035,0.031860404,0.0,0.000268588,0.0,0.008379944,0.0,4.96587e-05,0.0,0.0,0.000543958,0.0,0.0,0.0,0.0,0.0,0.0,0.0,0.0,0.0,0.0,0.0,0.0,0.0,0.0,0.0,0.0,0.0,0.0,0.0,0.0,0.0,0.0,0.0,0.0,0.0,0.0,0.0,0.0,0.0,0.0,0.0,0.0,0.0,0.0,0.0,0.0,0.0,0.0,0.0,0.0,0.0,0.0,0.0,0.0,0.0,0.0,0.0,0.0,0.0,0.0,0.0,0.0,0.0,0.300155468,0.000224384,0.0,0.0,0.001164546,2.36048e-05,0.0,0.000159782,0.000108781,0.000633928,0.0,0.0,45.26743405,0.000103553,0.0,0.001204921,131.491118,16.59805915,0.000977507,0.000359939,0.001117643,0.000164482,8.04569e-05,0.0,0.0,7.51956e-05,0.0,0.0,0.0,1.57752e-05,5.09497e-05,0.0,0.0,0.001381917,3.4264e-05,0.0,0.0,0.0,0.0,0.0,0.0,0.0,0.0,0.0,0.0,0.0,0.0,0.0,0.0,0.0,0.0,0.0,0.0,0.0,0.0,0.0,0.0,0.0,0.0,0.0,0.0,0.0,0.0,0.0,0.0,0.0,0.0,0.0,0.0,0.0,0.0,0.0,0.0,0.0,0.0,0.0,0.0,0.0,0.0,0.0,0.0,0.0,0.0,0.0,0.0,0.0,0.0,0.0,0.0,0.0,16.59805915,0.0,0.0,0.0,0.0,0.0,0.0,0.0,0.0,0.0,0.0,0.0,0.0,0.0,0.0,0.0,0.0,0.0,0.0,0.0,0.0,0.0,0.0,0.0,0.0,0.0,0.0,0.0,0.0,0.0,0.0,0.0,0.004369813,0.052625167,0.0,0.004963325,0.010056855,43.11184196,0.016572769,0.0,0.009513359,0.001396333,0.00427978,0.013719464,0.0,0.014216602,0.005593773,0.001750192,0.0,0.01282238,0.00599227,0.00108021,0.007026638,0.0,0.009115542,0.007463585,16.81361836,12.71799338,0.004714294,0.0,17.89141441,0.0,0.0,13.58023022,0.004378879,0.002887109,0.008967937,0.0,9.70016444,0.00556462,10.13128286,0.0,0.0,0.05215298,0.0,0.003353902,0.002997904,0.0,12.71799338,0.0,0.008016265,0.0,0.0,0.0,0.0,0.0,0.0,0.0,0.0,0.0,0.0,0.018917089,9.70016444,0.0,0.0,0.0,0.0,0.0,0.0,0.0,0.0,0.0,0.0,0.0,0.0,0.020686301,0.0,0.0,0.0,0.0,0.0,0.0,0.0,0.0,0.0,0.0,0.0,0.003084749,0.0,0.0,0.026060216,0.0,0.0,0.002964919,0.003603369,0.008910543,0.0,0.0,0.0,0.0,0.0,0.0
13.31,,1190.47_101.0586_NILU_2,Naphthalene,C10H8,UFWIBTONFRDIAS-UHFFFAOYSA-N,C1=CC2=CC=CC=C2C=C1,91-20-3,Naphthalene,4-GC-NILU,101.0586,[M]+,,,,2,,,,1190.47,,,,,,normalized peak area,0.0,0.0,0.000576828,0.000361645,0.0,0.0,25.86710517,0.0,0.0,11.85575654,18.53809204,0.0,0.0,0.0,0.0,3.448947357,0.0,0.0,1.55202631,0.0,4.526743405,0.0,0.0,0.0,0.0,0.0,0.0,0.0,0.0,0.0,0.0,0.0,0.0,0.0,2.30463e-05,0.0,0.0,0.0,0.0,0.0,0.0,0.0,0.0,0.0,0.0,0.0,0.0,0.0,0.0,0.0,0.0,0.0,0.0,0.0,0.0,0.0,0.0,0.0,0.0,0.0,0.0,0.0,0.0,0.0,0.0,0.0,0.0,0.0,0.0,0.0,0.0,3.21864e-05,0.0,0.0,0.0,1.9664e-05,0.0,0.0,0.0,0.0,0.0,0.0,0.0,0.0,0.0,0.0,0.0,0.0,0.0,0.0,0.0,0.0,0,0.0,0.0,0.0,0.0,0.0,0.0,0.0,0.0,0.0,0.0,0.0,0.0,0.0,0.0,0.0,0.0,0.0,0.0,0.0,0.0,0.0,0.0,0.0,0.0,0.0,0.0,0.0,0.0,0.0,0.0,0.0,0.0,0.0,0.0,0.0,0.000296354,0.0,0.0,0.000321445,0.0,0.0,0.0,0.0,0.0,0.0,0.0,0.0,0.0,0.0,0.000216404,0.0,0.0,0.0,0.0,0.0,0.0,0.0,0.0,0.0,0.0,0.0,0.0,0.0,0.0,0.0,0.0,0.0,0.0,0.0,0.0,0.0,0.0,0.0,0.0,0.0,0.0,0.0,0.0,0.0,0.0,0.0,0.0,0.0,0.0,0.0,0.0,0.0,0.0,0.0,0.0,0.0,0.0,0.0,0.0,0.0,0.0,0.0,0.0,0.0,0.0,0.0,0.0,0.0,0.0,0.0,0.0,0.0,0.0,0.0,0.0,0.0,0.0,0.0,0.0,0.0,0.0,0.0,0.0,0.0,0.0,0.0,0.0,0.0,0.0,0.0,0.0,0.0,0.0,0.0,0.0,0.0,0.0,0.0,0.0,0.0,0.0,0.0,0.0,0.0,0.0,0.0,0.0,0.0,0.0,0.0,0.0,0.0,0.0,0.064737972,0.0,0.0,0.0,0.0,0.0,0.0,0.0,0.0,0.0,0.0,0.0,0.0,0.0,0.0,0.0,0.0,0.0,0.0,0.0,0.0,0.0,0.0,0.0,0.0,0.0,0.0,0.0,0.0,0.0,0.0,0.0,0.0,0.0,0.0,0.0,0.0,0.0,0.0,0.0,0.0,0.0,0.0,0.0,0.0,0.0,0.0,0.0,0.0,0.0,0.0,0.0,0.0,0.0,0.0,0.0,0.0,0.0,0.0,0.0,0.0,0.0,0.0,0.0,0.0,0.0,0.0,0.0,0.0,0.0,0.0,0.0,0.0,0.0,0.0,0.0,0.0,0.0,0.0,0.0,0.0,0.0,0.0,0.0,0.0,0.0,0.0,0.0,0.0,0.0,0.0,0.0,0.0,0.0,0.0,0.01079814,0.0,0.0,0.0,0.0,0.0,0.0,0.0,0.0,0.0,0.0,0.0,0.0,0.0,0.0,0.0,0.0,0.0,0.0,0.0,0.0,0.0,0.0,0.0,0.0,0.0,0.0,0.0,0.0,0.0,0.0,0.001894931,0.0,0.0,0.0,0.0,0.0,0.0,0.0,0.0,0.0,0.0,0.0,0.0,0.0,0.0,0.0,0.0,0.0,0.0,0.0,0.0,0.0,0.0,0.0,0.0,0.0,0.0,0.0,0.0,0.0,0.0,0.0,0.0,0.0,0.0,0.0,0.0,0.0,0.0,0.0,0.0,0.0,0.0,0.0,0.0,0.0,0.0,0.0,0.0,0.0,0.0,0.0,0.0
13.41,,1199.01_43.0542_NILU_2,.alpha.-Terpineol,C10H18O,WUOACPNHFRMFPN-UHFFFAOYSA-N,CC1=CCC(CC1)C(C)(C)O,98-55-5,2-(4-methylcyclohex-3-en-1-yl)propan-2-ol,4-GC-NILU,43.0542,[M]+,,,,2,,,,1199.01,,,,,,normalized peak area,0.0,0.007209846,0.0,0.026427882,0.0,0.01151686,0.0,0.0,0.000676541,1853.809204,0.0,0.002043894,344.8947357,0.0,323.3388147,0.0,0.0,0.001344747,560.4539454,0.0,0.0,0.019581603,0.000142652,0.0,0.002882291,45.26743405,0.010696223,0.0,0.004146142,58.20098664,0.0,0.0,0.004727832,0.0,0.0,0.0,0.0,0.00259219,0.010039769,0.0,0.0,0.00096509,0.0,0.0,0.008177714,0.0,0.0,0.0,0.0,0.0,0.0,0.0,0.0,0.0,0.0,0.0,0.0,0.0,0.0,0.0,0.0,0.0,0.00055391,0.0,0.0,0.0,0.001365704,0.0,0.0,0.0,0.0,0.000232457,0.0,0.000739821,0.0,0.003113465,6.64961e-05,2.73904e-05,0.0,6.26401e-05,0.0,0.0,0.000124777,0.0,0.001696258,0.000142864,2.70297e-05,5.40466e-05,0.0,0.0,0.000153869,0.000126805,0,0.0,0.0,5.67236e-05,0.000312493,0.0,0.0,0.0,0.0,0.0,0.0,9.65759e-05,0.0,0.0,0.0,0.0,0.0,0.0,0.001004028,0.000106489,0.0,0.012189495,4.1704e-05,0.000159072,4.92087e-05,0.0,0.0,0.000665001,0.0,0.0,7.38898e-05,0.002802672,0.006767551,495.7861825,1.25391e-05,3.80822e-05,0.0,0.0,0.000635137,0.004243076,0.000169549,6.31108e-05,215.5592098,0.025033175,0.0,0.002512601,0.0,0.0,0.00037645,0.002573222,0.007728717,0.004145705,0.004230788,0.0,0.0,0.00173438,0.000880237,0.0,0.001130414,0.0,0.001121642,0.0001742,0.0,0.0,0.0,0.0,0.0,0.0,0.0,0.0,0.0,0.0,0.0,0.0,0.0,0.0,0.0,0.0,0.0,0.0,0.0,0.0,0.0,0.0,0.0,0.0,0.0,0.0,0.0,0.0,0.0,0.0,0.0,0.0,0.0,0.0,0.0,0.0,0.0,0.0,0.0,0.0,0.0,1.193159836,0.02047412,0.00217932,3.430348206,0.015426387,0.179857273,0.001310088,0.028636377,0.000762618,0.167471526,0.00090059,0.001233929,0.007770724,0.004449414,0.000366054,495.7861825,0.007076135,0.000862893,0.021177399,1034.684207,582.0098664,0.10580078,0.006759831,0.025400983,0.001077641,0.001043765,0.000652729,0.00125648,0.000689293,0.000148067,0.001713468,0.00250798,0.000157752,0.000356648,0.000622549,0.00021381,0.004481893,0.002027286,1099.35197,0.036411279,0.020262565,431.1184196,0.026268463,2004.700651,0.031989992,0.016846744,0.0,1422.690785,0.009272388,0.0,1444.246706,30.17828937,0.002056597,0.000533034,0.000169799,0.0,0.00043544,0.000242088,0.0,0.0,0.0,0.000106418,0.0,0.0,0.000119455,7.93287e-05,0.0,0.0,0.0,0.0,8.91591e-05,0.0,0.0,0.0,0.00784514,0.0,0.0,0.0,0.0,0.0,0.0,0.0,0.0,0.0,0.0,0.002268573,0.0,0.0,15.95138152,6.251217084,0.0,0.0,0.002822125,9.70016444,0.0,0.0,0.002167141,0.0,0.0,0.0,0.004454202,0.0,0.0,0.0,0.0,0.0,0.0,0.0,0.0,0.001072276,0.0,0.0,0.0,0.0,0.0,0.0,0.0,0.001050738,0.0,0.0,0.001553836,0.002456582,18.96921046,0.0,0.01454152,0.0,0.0,0.0,0.0,0.0,0.0,0.0,0.0,0.0,0.0,0.0,0.0,0.0,0.0,0.0,0.000175019,0.0,0.0,0.0,0.0,0.0,0.0,0.0,0.000258355,0.0,0.0,0.0,0.0,0.0,0.0,0.0,0.0,0.0,0.0,0.0,0.0,0.0,0.0,0.0,0.0,0.0,0.0,0.0,0.0,0.0,0.0,0.0,0.0,0.0,0.0,0.0,0.0,0.0,0.0,0.0,0.0,0.0,0.0,0.0,0.0,0.0,0.0,0.0,0.0,0.0,0.0,0.0,0.0,0.0,0.0,0.0,0.0,0.0,0.0,0.0,0.0,0.0,0.0,0.0,0.0,0.0,0.0,0.0,0.0,0.0,0.0,0.0,0.0,0.0,0.0,0.0,0.0,0.0,0.0,0.0,0.0,0.0,0.0,0.0,0.0
13.57,,1209.72_57.0457_NILU_2,Decanal,C10H20O,KSMVZQYAVGTKIV-UHFFFAOYSA-N,CCCCCCCCCC=O,112-31-2,Decanal,4-GC-NILU,57.0457,[M]+,,,,2,,,,1209.72,,,,,,normalized peak area,0.0,0.0,0.021150371,0.000556376,0.0,0.0,560.4539454,0.0,0.0,1487.358547,155.202631,0.002214219,0.0,3.09671e-05,366.4506566,7.975690762,103.4684207,0.000365003,474.2302615,43.11184196,36.64506566,0.003450092,0.0,21.55592098,0.0,8.406809181,0.0,0.011171794,0.0,1.810697362,18.96921046,0.0,0.0,0.0,0.000142523,0.0,0.002064221,0.000827828,0.0,0.0,0.0,0.0,0.001212157,0.0,0.0,0.0,0.0,0.0,0.0,0.0,0.0,0.0,0.0,0.0,0.0,0.0,0.0,0.0,0.0,0.0,0.0,0.0,0.0,3.70755e-05,0.000485387,0.0,0.00049662,0.0,0.0,0.0,0.0,0.000464914,0.0,2.06093e-05,0.0,0.000180253,0.000221654,0.000100912,0.0,1.3572e-05,0.0,0.0,2.19845e-05,0.0,1.35701e-05,4.61061e-05,0.0,1.61438e-05,5.82782e-05,0.0,1.90504e-05,2.70241e-05,0,3.80557e-05,0.0,3.01721e-05,0.000137865,0.0,0.0,0.0,0.0,0.0,0.0,1.48578e-05,0.0,0.0,0.0,0.000346651,0.0,0.0,0.0,5.75614e-05,0.0,0.0,0.0,0.000119304,0.0,0.0,0.0,0.0002527,0.0,0.002805347,2.72225e-05,0.002869402,0.000821774,366.4506566,0.0,0.0,0.004183822,0.0,0.000328519,0.000263585,5.35419e-05,3.32383e-05,0.0,0.010923567,0.0,0.000623818,0.0,0.024411141,0.0,0.002347501,0.034006354,0.000570034,0.003021991,0.0,0.0,0.001460531,0.000660178,0.0,0.002530778,0.0,0.000530506,0.000270311,0.0,0.0,0.0,0.0,0.000340601,0.0,0.001319005,0.000365627,0.0,0.000847792,0.0,0.000551044,0.0,0.000887757,0.001135377,0.0,0.0,0.0,0.625121708,0.0,0.0,0.0,0.0,0.0,0.0,0.0,0.0,0.0,0.0,0.0,0.0,0.0,0.0,0.0,0.0,0.0,0.0,0.0,0.0,0.0,0.0,0.0,0.012420966,0.0,0.0,0.021035982,0.0,0.0,0.055363661,0.0,0.0,0.0,0.000535785,0.022494202,0.0,0.000193195,30.17828937,0.0,0.0,0.022272782,20.04700651,109.935197,0.009775072,0.005618561,0.027433062,0.000926393,0.001304706,0.000137073,0.000161547,0.001420362,1.26914e-05,0.001101515,0.0,8.73268e-05,0.000208044,0.000604762,2.46704e-05,0.002315645,0.0,0.0,0.0,2.42486e-05,0.0,0.0,0.0,0.0,2.6674e-05,0.000392075,1.336467101,6.88405e-06,2.31118e-05,1.09935197,1.724473678,0.000856916,7.69938e-05,0.0,0.0,0.000239807,2.27848e-05,9.4118e-06,0.0,0.0,1.06418e-05,0.000532223,5.86349e-05,1.79183e-05,1.76286e-05,0.0,0.00021861,0.000233899,3.233388147,7.13273e-05,0.0,2.84545e-06,5.46816e-05,0.000247741,0.0,0.0,0.0,0.000144447,0.0,0.0,0.0,0.538898024,0.0,0.0,0.001289505,0.00041774,0.0,1.875365125,1.013128286,0.0,0.0,0.0,0.0,0.0,0.0,0.000126651,0.0,0.0,0.0,0.00018652,0.0,0.0,0.0,7.9957e-05,0.0,0.0,0.0,0.732901313,0.000292439,0.0,0.000165052,0.0,0.0,0.0,0.0,0.0,0.000168118,0.0,0.0,0.0,0.0,1.940032888,0.0,0.000950046,0.0,0.0,0.0,0.0,0.0,0.0,0.0,0.0,0.0,0.0,0.0,0.0,0.0,0.0,0.0,0.0,0.0,0.0,0.0,0.0,0.0,0.0,0.0,0.0,0.0,0.0,0.0,0.0,0.0,0.0,0.0,0.0,0.0,0.0,0.0,0.0,0.0,0.0,0.0,0.0,0.0,0.0,0.0,0.0,0.0,0.0,0.0,0.0,0.0,0.0,0.0,0.0,0.0,0.0,0.0,0.0,0.0,0.0,0.0,0.0,0.0,0.0,0.0,0.0,0.0,0.0,0.0,0.0,0.0,0.0,0.0,0.0,0.0,0.0,0.0,0.0,0.0,0.0,0.0,0.0,0.0,0.0,0.0,0.0,0.0,0.0,0.0,0.0,0.0,0.0,0.0,0.0,0.0,0.0,0.0,0.0,0.0,0.0,0.0,0.0
13.62,,1212.51_107.0804_NILU_2,"Benzene, 1-methoxy-4-propyl-",C10H14O,KBHWKXNXTURZCD-UHFFFAOYSA-N,CCCC1=CC=C(OC)C=C1,104-45-0,1-Methoxy-4-propylbenzene,4-GC-NILU,107.0804,[M]+,,,,2,,,,1212.51,,,,,,normalized peak area,0.0,0.0,0.0,0.0,0.0,0.0,0.0,0.0,0.0,0.0,0.0,0.0,15.73582231,0.0,0.0,0.0,0.0,0.0,0.0,17.24473678,0.0,0.0,0.0,0.0,0.0,0.0,0.0,0.0,0.0,0.0,9.053486811,0.0,0.0,0.0,0.0,0.0,0.0,0.0,0.0,0.0,0.0,0.0,0.0,0.0,0.0,0.0,0.0,0.0,0.0,0.0,0.0,0.0,0.0,0.0,0.0,0.0,0.0,0.0,0.0,0.0,0.0,0.0,0.0,0.0,0.0,0.0,0.0,0.0,0.0,0.0,0.0,0.000135898,0.0,0.0,0.0,0.00029496,0.0,0.0,0.0,0.0,0.0,0.0,0.0,0.0,0.0,0.0,0.0,0.0,0.0,0.0,0.0,0.0,0,0.0,0.0,0.0,0.0,0.0,0.0,0.0,0.0,0.0,0.0,0.0,0.0,0.0,0.0,0.0,0.0,0.0,0.0,0.0,0.0,0.0,0.0,0.0,0.0,0.0,0.0,0.0,0.0,0.0,0.0,0.0,0.0,0.0,0.0,0.0,0.0,0.0,0.0,0.0,0.0,0.0,0.0,0.0,0.0,0.0,0.0,0.0,0.0,0.0,0.0,0.0,0.0,0.0,0.0,0.0,0.0,0.0,0.0,0.0,0.0,0.0,0.0,0.0,0.0,0.0,0.0,0.0,0.0,0.0,0.0,0.0,0.0,0.0,0.0,0.0,0.0,0.0,0.0,0.0,0.0,0.0,0.0,0.0,0.0,0.0,0.0,0.0,0.0,0.0,0.0,0.0,0.0,0.0,0.0,0.0,0.0,0.0,0.0,0.0,0.0,0.0,0.0,0.0,0.0,0.0,0.0,0.0,0.0,0.0,0.0,0.0,0.077667954,0.0,0.0,0.0,0.0,0.0,0.0,0.0,0.0,0.0,0.0,0.0,0.0,0.0,0.0,0.0,0.000195706,0.0,0.0,0.0,0.0,0.0,0.0,0.0,0.0,0.0,0.0,0.0,0.0,0.0,0.0,0.0,0.0,0.0,0.0,0.0,0.0,0.0,0.0,0.0,0.0,0.0,0.0,0.0,0.0,0.0,0.0,0.0,0.0,0.0,0.0,0.0,0.0,0.0,0.0,0.0,0.0,0.0,0.0,0.0,0.0,0.0,0.0,0.0,0.0,0.0,0.0,0.0,0.0,0.0,0.0,0.0,0.0,0.0,0.0,0.0,0.0,0.0,0.0,0.0,0.0,0.0,0.0,0.0,0.0,0.0,0.0,0.0,0.0,0.0,0.0,0.0,0.0,0.0,0.0,0.0,0.0,0.0,0.0,0.0,0.0,0.0,0.0,0.0,0.0,0.0,0.0,0.0,0.0,0.0,0.0,0.0,0.000295793,0.0,0.0,0.0,0.0,0.04166159,0.0,0.0,0.0,38.80065776,0.0,0.0,0.0,0.0,0.0,0.0,0.0,0.010425508,0.014450581,0.0,0.008161385,0.0,0.0,0.0,0.0,0.001859176,0.0,0.0,0.0,0.0,0.0,0.0,25.86710517,0.0,0.063010537,25.86710517,0.0,0.0,0.016509157,0.006614027,9.48460523,0.0,0.0,0.003144425,0.0,0.0,0.0,0.0,0.0,0.0,0.0,0.000964692,0.0,0.0,0.0,0.0,0.0,0.0,0.0,0.0,0.0,0.0,0.0,0.0,8.406809181,0.0,0.0,0.006987676,0.0,0.0,0.0,0.0,0.0,0.0,0.0,0.0,0.0,0.0,0.0,0.0,0.0,0.0,0.0,0.0,0.0,0.0,0.0,0.0,0.0,0.0,0.0,0.0,0.0,0.0,0.0,0.0,0.0,0.0,0.0,0.0,0.0,0.0,0.0,0.0
13.72,,1221.49_82.0749_NILU_2,"Cyclohexanol, 4-(1,1-dimethylethyl)-, trans-",C10H20O,CCOQPGVQAWPUPE-KYZUINATSA-N,CC(C)(C)[C@H]1CC[C@H](O)CC1,21862-63-5,"(1r,4r)-4-tert-Butylcyclohexan-1-ol",4-GC-NILU,82.0749,[M]+,,,,2,,,,1221.49,,,,,,normalized peak area,0.0,0.0,0.0,0.0,0.0,0.0,0.0,0.0,0.0,0.0,0.0,0.0,0.0,0.0,0.0,0.0,0.0,0.0,0.0,0.0,0.0,0.0,0.0,0.0,0.0,0.0,0.0,0.0,0.0,0.0,2.802269727,0.0,0.0,0.0,0.0,0.0,0.0,0.0,0.0,0.0,0.0,0.0,0.0,0.0,0.0,0.0,0.0,0.0,0.0,0.0,0.0,0.0,0.0,0.0,0.0,0.0,0.0,0.0,0.0,0.0,0.0,0.0,0.0,0.0,0.0,0.0,0.0,0.0,0.0,0.0,0.0,0.0,0.0,0.0,0.0,0.0,0.0,0.0,0.0,0.0,0.0,0.0,0.0,0.0,0.0,0.0,0.0,0.0,0.0,0.0,0.0,0.0,0,0.0,0.0,0.0,0.0,0.0,0.0,0.0,0.0,0.0,0.0,0.0,0.0,0.0,0.0,0.0,0.0,0.0,0.0,0.0,0.0,0.0,0.0,0.0,0.0,0.0,0.0,0.0,0.0,0.000489822,0.0,0.0,0.0,0.0,0.0,0.0,0.0,0.0,0.0,0.0,0.0,0.0,0.0,0.0,0.0,0.000823094,0.0,0.0,0.0,0.0,0.0,0.0,0.0,0.0,0.0,0.0,0.0,0.0,0.0,0.0,0.0,0.0,0.0,0.0,0.0,0.0,0.0,0.0,0.0,0.0,0.0,0.0,0.0,0.0,0.0,0.0,0.0,0.0,0.002437465,0.0,0.0,0.0,0.0,0.004785901,0.0,0.000743983,0.0,0.010138779,0.344894736,0.0,0.0,0.0,0.0,0.0,0.0,0.0,0.0,0.0,0.0,0.0,0.0,0.0,0.0,0.0,0.0,0.0,0.0,0.0,0.0,0.0,0.034363652,0.0,0.0,0.0,0.001168985,0.0,0.0,0.0,0.0,0.021573583,0.003101021,0.036512757,883.7927601,0.0,0.016100119,0.037749708,0.0,0.0,0.0,0.0,5.08575e-05,0.0,0.0,0.0,0.0,0.0,0.0,0.0,0.0,0.0,0.0,0.0,0.0,0.0,0.0,0.0,0.0,0.0,0.0,0.0,0.0,0.0,0.0,0.0,101.3128286,0.0,0.0,0.000594297,0.0,0.002334967,9.39872e-05,0.000112942,0.0001382,0.001602692,0.000203161,0.001222141,0.000803218,0.0,0.000229172,0.000284888,0.005933695,0.001754244,8.622368391,0.000249646,0.000177614,0.000243896,0.000981051,0.000990965,0.0,0.0,0.0,0.0,0.0,0.0,0.0,0.0,0.0,0.0,0.0,0.0,0.0,0.0,0.0,0.0,0.0,0.0,0.0,0.0,0.0,0.0,0.0,0.0,0.0,0.0,0.0,0.0,0.0,0.0,0.0,0.0,0.0,0.0,0.0,0.0,0.0,0.0,0.0,0.0,0.0,0.0,0.0,0.0,0.0,0.0,0.0,0.0,0.0,0.0,0.0,0.0,0.0,0.0,0.0,0.0,0.0,0.0,0.0,0.0,0.0,0.0,0.0,0.0,0.0,0.0,0.0,0.0,0.0,0.0,0.0,0.0,0.0,0.0,0.0,0.0,0.0,0.0,0.0,0.0,0.0,0.0,0.0,0.0,0.0,0.0,0.0,0.0,0.0,0.0,0.0,0.0,0.0,0.0,0.0,0.0,0.0,0.0,0.0,0.0,0.0,0.0,0.000957331,0.00092682,0.0,0.0,0.0,0.0,0.0,0.0,0.0,0.0,0.0,0.0,0.0,0.0,0.754457234,0.0,0.0,0.0,0.0,0.0,0.0,0.0,0.0,0.0,0.0,0.0,0.0,0.0,0.0,0.0,0.0,0.0,0.0,0.0,0.0,0.0,0.004797449,0.0,0.0,0.0,0.0,0.0,0.0,0.0,0.0,0.0,0.0,0.0
13.79,,1226.73_140.1542_NILU_2,Methenamine,C6H12N4,VKYKSIONXSXAKP-UHFFFAOYSA-N,C1N2CN3CN1CN(C2)C3,100-97-0,"1,3,5,7-Tetraazatricyclo[3.3.1.1~3,7~]decane",4-GC-NILU,140.1542,[M]+,,,,2,,,,1226.73,,,,,,normalized peak area,0.0,0.0,0.0,0.0,0.0,0.0,0.0,0.0,0.0,0.0,0.0,0.0,0.0,0.0,0.0,0.0,0.0,0.0,0.0,0.0,0.0,0.0,0.0,0.0,0.0,0.0,0.0,0.0,0.0,0.0,0.0,0.0,0.0,0.0,0.0,0.0,0.0,0.0,0.0,0.0,0.0,0.0,0.0,0.0,0.0,0.0,0.0,0.0,0.0,0.0,0.0,0.0,0.0,0.0,0.0,0.0,0.0,0.0,0.0,0.0,0.0,0.0,0.0,0.0,0.0,0.0,2.4831e-05,0.0,0.0,0.0,0.0,0.0,0.0,0.0,0.0,0.0,0.0,0.0,0.0,0.0,0.0,0.0,0.0,0.0,0.0,0.0,0.0,0.0,0.0,0.0,0.0,0.0,0,0.0,0.0,0.0,0.0,0.0,0.0,0.0,0.0,0.0,0.0,0.0,0.0,0.0,0.0,0.0,0.0,0.0,0.0,0.0,0.0,0.0,0.0,0.0,0.0,0.0,0.0,6.31751e-06,0.0,0.0,0.0,0.0,0.0,0.0,0.0,0.0,0.0,0.0,0.0,0.0,0.0,0.0,0.0,0.0,0.0,0.0,0.0,0.0,0.0,0.0,0.0,0.0,0.0,0.0,0.0,0.0,0.0,0.0,0.0,0.0,0.0,0.0,0.0,0.0,0.0,0.0,0.0,0.0,0.0,0.0,0.0,0.0,0.0,0.0,0.0,0.0,0.0,0.0,0.0,0.0,0.0,0.0,0.0,0.0,0.0,0.0,0.0,0.0,0.0,0.0,0.0,0.0,0.0,0.0,0.0,0.0,0.0,0.0,0.0,0.0,0.0,0.0,0.0,0.0,0.000368534,0.0,0.034303482,0.0,0.0,0.0,0.0,0.0,0.0,0.0,0.0,0.0,0.0,0.0,0.0,0.0,0.0,0.0,0.0,0.0,0.0,0.0,0.0,0.0,0.0,0.0,0.0,0.0,0.0,1.10152e-05,0.0,0.0,0.0,0.0,0.0,0.0,0.0,0.0,0.0,0.0,0.0,0.0,0.0,0.0,0.0,0.0,0.0,0.0,0.0,0.0,0.0,0.0,0.0,0.0,0.0,0.0,0.0,0.0,0.0,0.0,0.0,0.0,0.0,0.0,0.0,0.0,0.0,0.0,0.0,0.0,0.0,0.0,0.0,0.0,0.0,0.0,0.0,0.0,0.0,0.0,0.0,0.0,0.0,0.0,0.0,0.0,0.0,0.0,0.0,0.0,0.0,0.0,0.0,0.0,0.0,0.0,0.0,0.0,0.0,0.0,0.0,0.0,0.0,0.0,0.0,0.0,0.0,0.0,0.0,0.0,0.0,0.0,0.0,0.0,0.0,0.0,0.0,0.0,0.0,0.0,0.0,0.0,0.0,0.0,0.0,0.0,0.0,0.0,0.0,0.0,0.0,0.0,0.0,0.0,0.0,0.0,0.0,0.0,0.0,0.0,0.0,0.0,0.0,0.0,0.0,0.0,0.0,0.0,0.0,0.0,0.0,0.0,0.0,0.0,0.0,0.0,0.0,0.0,0.0,0.0,0.0,0.0,0.0,0.0,0.0,0.0,0.0,0.0,0.0,0.0,0.0,0.0,0.0,0.0,0.0,0.0,0.0,0.0,0.0,0.0,0.0,0.0,0.0,0.0,0.0,0.0,0.0,0.0,0.0,0.0,0.0,0.0,0.0,0.0,0.0,0.0,0.0,0.0,0.0,0.0,0.0,0.0,0.0,0.0,0.0,0.0,0.0,0.0,0.0,0.0,0.0,0.0,0.0,0.0,0.0,0.0,0.0,0.0,0.0,0.0,0.0,0.0,0.0,0.0
13.84,,1229.28_138.0982_NILU_2,2-Phenoxyethanol,C8H10O2,QCDWFXQBSFUVSP-UHFFFAOYSA-N,OCCOC1=CC=CC=C1,122-99-6,2-Phenoxyethan-1-ol,4-GC-NILU,138.0982,[M]+,,,,2,,,,1229.28,,,,,,normalized peak area,0.0,0.0,0.0,0.0,0.0,0.0,0.0,0.0,0.0,0.0,11.64019733,0.0,0.0,0.0,34.48947357,0.0,0.0,0.0,0.0,0.0,0.0,0.0,0.0,0.0,0.0,0.0,0.0,0.0,0.0,0.0,0.0,0.0,0.0,0.0,2.27431e-05,0.0,0.0,0.0,0.0,0.0,0.0,0.0,0.0,0.0,0.0,0.0,0.0,0.0,0.0,0.0,0.0,0.0,0.0,0.0,0.0,0.0,0.0,0.0,0.0,0.0,0.0,0.0,0.0,0.0,0.0,0.0,0.0,0.0,0.0,0.0,0.0,0.0,0.0,0.0,0.0,0.0,0.0,0.0,0.0,0.0,0.0,0.0,0.0,0.0,0.0,0.0,0.0,0.0,0.0,0.0,0.0,0.0,0,0.0,0.0,0.0,0.0,0.0,0.0,0.0,0.0,0.0,0.0,0.0,0.0,0.0,0.0,0.0,0.0,0.0,0.0,0.0,0.0,0.00145113,0.0,0.0,0.0,0.0,0.0,0.0,0.0,0.0,0.0,0.0,0.000265868,12.50243417,0.0,0.0,0.001133118,0.0,0.0,5.91459e-05,0.0,0.0,2.371151308,0.001069599,0.0,0.0,0.0,0.002623287,0.0,0.0,0.0,0.0,0.0,0.0,0.0,0.0,0.0,0.0,0.0,0.0,0.000166731,0.0,0.0,0.0,0.0,0.0,0.0,0.0,0.0,0.0,0.0,0.0,0.0,0.0,0.0,0.0,0.0,0.0,0.0,0.0,0.0,0.0,0.0,0.0,0.0,0.0,0.0,0.0,0.0,0.0,0.0,0.0,0.0,0.0,0.0,0.0,0.0,0.0,0.0,0.0,0.0,0.0,0.0,0.0,0.0,0.0,0.0,0.0,0.0,0.0,0.0,0.0,0.0,0.0,0.0,0.0,0.0,0.0,0.0,0.0,0.0,0.0,474.2302615,0.0,0.0,0.0,0.0,2.26872e-05,0.0,0.0,0.0,0.0,0.0,0.0,0.0,0.0,0.0,0.0,0.0,0.0,0.0,0.0,0.0,0.0,0.0,0.0,0.0,0.0,0.0,0.0,0.0,0.0,0.0,0.0,0.0,0.0,0.0,0.0,0.0,0.0,0.0,0.0,0.0,0.0,0.0,0.0,0.0,0.0,0.0,0.0,0.0,0.0,0.0,0.0,0.0,0.0,0.0,0.0,0.0,0.0,0.0,0.0,0.0,0.0,0.0,0.0,0.0,0.0,0.0,0.0,0.0,0.754457234,0.0,0.0,0.0,0.0,0.0,0.0,0.0,0.0,0.0,7.26779e-05,0.0,0.0,0.0,0.0,0.0,0.0,0.0,0.0,0.0,0.0,0.000298937,0.0,0.0,0.0,0.0,0.0,0.0,0.0,7.80548e-05,0.0,0.0,0.0,0.0,0.0,0.0,0.0,0.0,0.0,0.0,0.0,0.0,0.0,0.0,0.0,0.0,0.0,0.0,0.0,0.0,0.0,0.0,0.0,0.0,0.0,0.0,0.0,0.0,0.0,0.0,0.0,0.0,0.0,0.0,0.0,0.0,0.0,0.0,0.0,0.0,0.0,0.0,0.0,0.0,0.0,0.0,0.0,0.0,0.0,0.0,0.0,0.0,0.0,0.0,0.0,0.0,0.0,0.0,0.0,0.0,0.0,0.0,0.0,0.0,0.0,0.0,0.0,0.0,0.0,0.0,0.0,0.0,0.0,0.0,0.0,0.0,0.0,0.0,0.0,0.0,0.0,0.0,0.0,0.0,0.0,0.0,0.0,0.0,0.0,0.0,0.0,0.0,0.0,0.0,0.0,0.0,0.0,0.0,0.0,0.0,0.0,0.0,0.0,0.0,0.0,0.0,0.0
14.13,,1249.6_93.0681_NILU_2,1-Phenoxypropan-2-ol,C9H12O2,IBLKWZIFZMJLFL-UHFFFAOYNA-N,CC(O)COC1=CC=CC=C1,770-35-4,1-Phenoxypropan-2-ol,4-GC-NILU,93.0681,[M]+,,,,2,,,,1249.6,,,,,,normalized peak area,0.0,0.0,0.016343469,0.0,0.0,0.0,0.0,0.0,0.000274177,0.0,0.0,0.000210067,56.04539454,0.0,0.0,0.0,301.7828937,0.0,0.0,11.42463812,0.0,0.000466229,0.0,0.0,0.0,5.173421035,0.0,0.0,0.0,28.02269727,10.13128286,0.0,0.0,0.0,0.0,0.0,0.002281507,0.008194665,0.010290763,0.0,0.0,0.0,0.001873333,0.0,0.0,0.0,0.0,0.0,0.0,0.0,0.0,0.0,0.0,0.0,0.0,0.0,0.0,30.17828937,0.0,0.0,0.0,0.0,0.0,0.0,0.0,0.0,0.0,0.0,0.0,0.0,0.0,0.0,0.0,0.0,0.0,0.0,0.000191428,1.0812e-05,0.0,0.0,0.0,0.0,0.0,0.0,0.0,0.0,0.0,0.0,0.0,0.0,0.0,0.0,0,0.0,0.0,0.0,1.19483e-05,0.0,0.0,0.0,0.0,0.0,0.0,0.0,0.0,0.0,0.0,0.0,0.0,0.0,0.0,0.0,0.0,0.005049934,0.0,9.942e-06,0.0,0.0,0.0,0.0002128,0.0,0.001380409,0.0,0.012678755,0.016918877,301.7828937,0.0,0.0,0.006450059,0.0,7.22742e-05,0.004114497,0.0,5.4696e-06,200.4700651,0.01160629,0.0,0.002079394,0.0,0.0,0.0,0.0,0.015457433,0.000466392,0.002417593,0.0,0.0,0.000401646,0.001252645,0.0,0.002868215,0.0,0.000212203,0.000120138,0.0,0.0,0.0,0.0,0.0,0.0,0.000115749,0.0,0.0,0.0,0.0,0.0,0.0,0.001570648,0.0,0.0,0.0,0.0,0.0,0.0,0.0,0.0,0.0,0.0,0.0,0.0,0.0,0.0,0.0,0.0,0.0,0.0,0.0,0.0,0.0,0.0,0.0,0.0,0.0,0.0,0.0,0.0,0.0,0.0,2.358364392,0.0,0.0,0.0,0.0,0.0,0.0,0.000595551,0.00027601,0.005725797,0.0,4.16894e-05,840.6809181,0.0,0.0,0.0,0.0,0.0,0.0,0.0,0.064010478,0.002079659,0.0,0.0,0.0,0.0,0.0,4.48765e-05,0.0,2.47895e-05,0.000191061,0.0,0.0,0.003249372,0.0,0.0,0.0,0.0,0.0,0.0,0.0,0.0,0.0,0.0,0.0,0.0,0.0,0.0,2.047812493,0.002570747,0.0,0.0,0.0,0.0,0.0,0.0,0.0,0.0,3.28928e-05,0.0,0.0,4.77821e-05,0.000169234,0.0,0.0,0.0,0.0,8.55928e-05,0.0,0.0,0.0,0.0,0.0,0.0,0.0,0.0,0.0,0.0,0.0,0.0,0.0,0.0,0.0,0.002381116,0.0,23.71151308,15.73582231,0.0,0.0,0.001758045,0.0,0.0,0.0,0.0,0.0,0.0,0.0,0.001113551,0.0,0.0,0.0,0.0,0.0,0.0,0.0,3.880065776,0.002696936,0.0,0.0,0.0,0.0,0.0,0.0,0.0,0.002641855,0.0,0.0,0.005904575,0.0,0.0,0.0,0.0,0.0,0.0,0.000136298,0.0,0.0,0.0,0.0,0.0,0.0,0.0,0.0,0.000282964,0.0,0.0,0.0,0.0,0.0,0.0,0.0,0.0,0.0,0.0,0.0,0.0,0.43111842,0.0,0.0,8.01403e-05,0.0,0.0,0.002537924,0.0,0.0,0.0,0.0,0.0,0.0,0.000134365,0.0,9.17124e-05,0.0,0.0,0.0,0.0,0.0,0.0,0.0,0.0,0.000152691,0.0,0.0,0.0,0.0,0.0,0.0,0.0,0.0,0.0,0.0,0.0,0.0,0.0,0.0,0.0,0.0,0.0,0.0,0.0,0.0,0.0,0.0,0.0,0.0,0.0,0.0,0.0,0.0,0.0,0.0,0.0,0.0,0.0,0.0,0.0,0.0,0.0,0.0,0.0,0.0,0.0,0.0,0.0,0.0,3.46521e-05,0.0,0.0,0.0,0.0,0.0,0.0
14.14,,1249.39_82.0434_NILU_2,Carvone,C10H14O,ULDHMXUKGWMISQ-UHFFFAOYNA-N,CC(=C)C1CC=C(C)C(=O)C1,99-49-0,2-Methyl-5-(prop-1-en-2-yl)cyclohex-2-en-1-one,4-GC-NILU,82.0434,[M]+,,,,2,,,,1249.39,,,,,,normalized peak area,0.0,0.0,0.0,0.0,0.0,0.0,732.9013133,0.0,0.0,431.1184196,258.6710517,0.0,0.0,0.0,161.6694073,388.0065776,0.0,0.0,122.8687496,0.0,105.6240128,0.0,0.0,0.0,0.0,0.0,0.0,0.001675769,0.0,0.0,0.0,0.0,0.0,0.0,0.000303241,0.0,0.0,0.0,0.0,0.0,0.0,0.0,0.0,0.0,0.0,0.0,0.0,0.0,0.0,0.0,0.0,0.0,0.0,0.0,0.0,0.0,0.0,0.0,0.0,0.0,0.0,0.0,0.0,0.0,0.0,0.0,0.0,0.0,0.0,0.0,0.0,0.0,0.0,0.0,0.0,0.0,0.0,0.0,0.0,0.0,0.0,0.0,0.0,0.0,0.0,0.0,0.0,0.0,0.0,0.0,0.0,0.0,0,0.0,0.0,0.0,0.0,0.0,0.0,0.0,0.0,0.0,0.0,0.0,0.0,0.0,0.0,0.0,0.0,0.0,0.0,0.0,0.0,0.0,0.0,0.0,0.0,0.0,0.0,0.0,0.0,0.0,0.0,0.0,0.0,0.0,0.0,0.0,0.0,0.0,0.0,0.0,0.0,0.0,9.70016444,0.0,0.0,0.0,0.0,0.0,0.0,0.0,0.0,0.0,0.0,0.0,0.0,0.0,0.0,0.0,0.0,0.0,0.0,0.0,0.0,0.0,0.0,0.0,0.0,0.0,0.0,0.0,0.0,0.0,0.0,0.0,0.0,0.0,0.0,0.0,0.0,0.0,0.0,0.0,0.0,0.0,0.0,0.0,0.0,0.0,0.0,0.0,0.0,0.0,0.0,0.0,0.0,0.0,0.0,0.0,0.0,0.0,0.0,0.0,0.0,0.0,0.0,0.0,0.0,0.0,0.0,0.0,0.00166091,0.0,0.0,0.0,0.0,0.000766848,0.0,0.0,0.0,0.0,0.0,0.0,185.3809204,0.0,0.00138001,0.0,0.0,0.0,0.0,0.0,0.0,0.0,0.0,0.000142789,0.0,0.0,0.0,0.0,0.0,0.0,0.0,0.0,0.0,0.0,0.0,0.0,0.0,0.0,0.0,0.0,0.0,0.0,0.0,0.0,0.0,0.0,0.0,0.0,0.0,0.0,0.0,0.0,0.0,0.0,0.0,0.0,0.0,0.0,0.0,0.0,0.0,0.0,0.0,0.0,0.0,0.0,0.0,0.0,0.0,0.0,0.0,0.0,0.0,0.0,0.0,0.0,0.0,0.0,2.62677e-05,0.0,0.0,0.0,0.0,0.0,0.0,0.0,0.0,0.0,0.0,0.0,0.0,0.0,0.0,0.0,0.0,0.0,0.0,0.0,0.0,0.0,0.0,0.0,0.0,0.0,0.0,0.0,0.0,0.0,0.0,0.0,0.0,0.0,0.0,0.0,0.0,0.0,0.0,0.0,0.0,0.0,0.0,0.0,0.0,0.0,0.0,0.0,0.0,0.001061213,0.0,0.0,0.0,0.0,0.0,0.0,0.0,0.0,0.0,0.0,0.0,0.0,0.0,0.0,0.0,0.0,0.0,0.0,0.0,0.0,0.0,0.0,0.0,0.0,0.0,0.0,0.0,0.0,0.0,0.0,0.0,0.0,0.0,0.0,0.003202307,0.0,0.0,0.0,0.0,0.0,0.0,0.0,0.0,0.0,0.0,0.0,0.0,0.0,0.0,0.0,0.0,0.0,0.0,0.0,0.0,0.0,0.0,0.0,0.0,0.0,0.0,0.0,0.0,0.0,0.0,0.0,0.0,0.0,0.0,0.0,0.0,0.0,0.0,0.0,0.0,0.0,0.0,0.0,0.0,0.0,0.0,0.0,0.0,0.0,0.0,0.0,0.0,0.0,0.0,0.0
14.47,,1273.17_43.051_NILU_2,"D-Glucitol, 1,4:3,6-dianhydro-2,5-di-O-methyl-",C8H14O4,MEJYDZQQVZJMPP-BAWJVQPRNA-N,[H][C@]12OC[C@H](OC)[C@@]1([H])OC[C@H]2OC,5306-85-4,"1,4:3,6-Dianhydro-2,5-di-O-methyl-D-glucitol",4-GC-NILU,43.051,[M]+,,,,2,,,,1273.17,,,,,,normalized peak area,0.0,0.0,0.042300743,0.014836705,0.001864876,0.004935797,711.3453923,0.0,0.00023857,323.3388147,237.1151308,0.000289552,36.64506566,0.0,344.8947357,88.37927601,34.48947357,0.000182501,40.95624986,19.40032888,34.48947357,0.001398686,3.31748e-05,7.760131552,0.002422351,6.251217084,0.0,0.007931974,0.001257818,38.80065776,7.329013133,0.001848637,0.000964864,0.0,0.00016375,0.0,0.0,0.0,0.0,0.0,0.0,0.0,0.0,0.0,0.0,0.0,0.0,0.0,0.0,0.0,0.0,0.0,0.0,0.0,0.0,0.0,0.0,0.0,0.0,0.0,0.0,0.0,0.0,0.0,2.0085e-05,0.0,0.00066216,0.0,0.0,0.0,0.0,0.0,0.0,0.0,0.0,0.000229413,0.0,9.37039e-05,0.0,2.6622e-05,0.0,0.0,7.72428e-06,0.0,5.08877e-05,1.55852e-05,1.49526e-05,1.68457e-05,6.73437e-05,0.0,1.46542e-05,1.0186e-05,0,0.0,0.0,0.0,2.57347e-05,0.0,0.0,0.0,0.0,0.0,0.0,0.0,0.0,0.0,0.0,0.000168073,0.0,0.0,0.00013387,0.0,5.55144e-05,0.006384973,0.0,0.0,3.69066e-05,4.16327e-05,0.0,0.0001064,0.0,0.002226466,0.0,0.002068639,0.004737286,344.8947357,0.0,0.0,0.004009496,2.31959e-05,0.000109506,0.003985919,1.60626e-05,2.69273e-05,237.1151308,0.002958466,4.53858e-05,0.00121298,1.80488e-05,0.003461281,0.0,0.001354327,0.02318615,0.001381902,0.003626389,0.0,0.0,0.00200823,0.001692763,0.0,0.003036934,0.0,0.00107617,0.000360415,0.0,0.0,0.0,0.0,0.0,0.0,0.0,0.0,0.0,0.0,0.0,0.0,0.0,0.0,0.0,0.0,0.0,0.0,0.0,0.0,0.0,0.0,0.0,0.0,0.0,0.0,0.0,0.0,0.0,0.0,0.0,0.0,0.0,0.0,0.0,0.0,0.0,0.0,0.0,0.0,0.0,0.0,0.000423132,2.26314e-05,1.929570866,0.0,0.003072562,0.000393026,0.006490912,0.000581042,0.002402852,0.000130731,0.000147747,0.001533696,0.000197126,2.44036e-05,209.0924335,0.000733502,0.0,0.009493317,1508.914468,66.82335503,0.004255031,0.003950551,0.009957186,0.000264684,0.001130745,0.0001795,0.0,0.000108616,0.0,5.71156e-05,0.0,1.6902e-05,0.0,8.18207e-05,0.0,0.002875881,7.7094e-05,0.0,0.0,0.0,0.0,0.0,0.0,0.0,0.0,0.0,0.0,0.0,0.0,0.0,10.13128286,0.001696693,0.0,1.92954e-05,0.0,0.000183011,0.0,1.60001e-05,0.0,0.0,7.35251e-05,0.0,0.000240965,3.88229e-05,0.0,0.0,0.0,0.0,0.0,0.0,0.0,0.0,0.0,0.0,0.0,0.0,0.0,0.0,0.0,0.0,0.0,0.0,0.0,0.0,0.000620873,0.0,0.0,0.0,0.0,0.0,0.0,0.000647701,0.0,0.0,0.0,0.000731762,0.0,0.0,0.0,0.0,0.0,0.0,0.0,0.0,0.0,0.0,0.0,0.0,0.0,0.0,0.0,0.0,0.0,0.0,0.0,0.0,0.0,0.0,0.0,0.0,0.0,0.0,0.0,0.001163322,0.0,0.0,0.0,0.0,0.0,0.0,0.0,0.0,0.0,0.0,0.000184077,0.000205792,0.0,0.0,0.0,0.0,0.0,0.005030318,0.000196111,0.0,0.0,0.0,0.0,0.000200943,0.0,0.0,0.0,0.0,0.280226973,0.0,0.0,0.0,9.83014e-05,0.0,0.0,0.0,0.0,0.000133008,0.0,0.0,0.000203798,0.0,0.0,0.0,0.0,0.0,0.172447368,0.0,0.0,0.0,0.0,0.0,0.0,0.0,0.0,0.0,0.0,0.0,0.0,0.0,0.0,0.0,0.0,0.0,0.0,0.0,0.0,0.0,0.0,0.0,0.0,0.0,0.0,0.0,0.0,0.0,0.0,0.0,0.0,0.0,0.0,0.0,0.0,0.0,0.0,0.0,0.0,0.0,0.0,0.0,0.0,0.0,0.0,0.0,0.0,0.0,0.0,0.0,0.0,0.0
14.73,,1291.96_95.0848_NILU_2,Bornyl acetate,C12H20O2,KGEKLUUHTZCSIP-QJUVKGSQNA-N,[H][C@]12CC[C@](C)([C@@H](C1)OC(C)=O)C2(C)C,76-49-3,"(1S,2R,4S)-1,7,7-Trimethylbicyclo[2.2.1]heptan-2-yl acetate",4-GC-NILU,95.0848,[M]+,,,,2,,,,1291.96,,,,,,normalized peak area,0.0,0.0,0.015382088,0.033382587,0.0,0.00226224,905.3486811,0.0,0.000149551,560.4539454,431.1184196,0.001135497,0.0,0.0,0.0,711.3453923,133.6467101,0.0,168.1361836,34.48947357,0.0,0.007925887,1.55921e-05,36.64506566,0.0,23.71151308,0.0,0.034632563,0.0,0.0,15.95138152,0.0,0.0,0.0,0.00036389,0.0,0.001738291,0.007191236,0.037649132,0.0,0.0,0.0,0.0,0.0,0.0,0.0,0.0,0.0,0.0,0.0,0.0,0.0,0.0,0.0,0.0,0.0,0.0,0.0,0.0,0.0,3.68577e-05,0.0,3.86449e-05,2.07623e-05,0.000234325,0.0,0.0,0.0,1.15707e-05,0.0,0.0,0.000107288,0.0,0.0,0.0,0.000160589,0.000106797,0.00028832,0.0,1.8792e-05,0.0,0.0,7.1301e-05,0.0,1.96766e-05,0.0,0.0,0.0,3.36719e-05,0.0,3.0041e-05,3.32604e-05,0,0.0,3.69112e-05,0.0,6.15796e-05,0.0,0.0,0.0,0.0,0.0,0.0,0.0,0.0,0.0,0.0,0.0,0.0,0.0,0.0,2.21612e-05,0.0,0.020315825,0.0,0.000106048,0.0,0.0,0.0,0.001330002,0.0,0.020928778,0.0,0.015347967,0.01788567,344.8947357,1.35558e-05,0.0,0.01917585,0.0,0.000569433,0.0,9.36984e-05,0.0,0.0,0.068272295,2.47559e-05,0.005978258,6.60323e-06,0.0,0.00037645,0.0,0.0,0.0,0.0,0.0,0.0,0.0,0.000253914,0.0,0.0,0.0,0.003486185,5.40622e-05,0.0,0.0,0.0,0.0,0.001305638,0.0,0.0,0.001603135,0.0,0.0,0.0,0.000703461,0.0,0.003346162,0.002373971,0.0,0.0,0.0,0.0,0.0,0.0,0.0,0.0,0.0,0.0,0.0,0.0,0.0,0.0,0.0,0.0,0.0,0.0,0.0,0.0,0.0,0.0,0.0,0.0,0.0,0.0,0.0,0.002729883,0.0,0.471672878,0.006030315,0.0,0.0,0.070636395,0.000435782,0.0,0.00136541,0.002435386,0.004396594,0.0,0.002033631,0.0,0.003020302,0.0,0.0,1508.914468,840.6809181,0.276002036,0.0,0.041657613,0.008318635,0.001109,0.000101173,7.77821e-05,0.0,0.000108406,0.001142312,0.0,0.0,0.000594413,0.002312325,0.0,0.0,0.0,0.0,0.0,0.0,0.0,0.0,2.155592098,7.52706e-05,8.89134e-05,0.0,10.34684207,0.0,0.0,2.155592098,3.233388147,0.002570747,0.0,8.48996e-06,7.12026e-06,0.000946608,9.11391e-05,2.35295e-05,1.04741e-05,0.000112188,0.000135441,0.0,0.000208837,0.000477821,5.64115e-05,0.0,8.74439e-05,3.31357e-05,11.85575654,5.52787e-05,1.903e-06,0.0,0.0,0.001919995,0.0,0.0,0.0,0.00240745,0.0,0.0,0.0,0.0,0.0,0.0,0.001361144,0.002757082,0.0,17.02917757,0.0,0.0,0.0,0.00693965,8.191249972,0.0,0.0,0.000759907,0.0,0.0,0.0,0.003340652,0.0,0.0,0.0,0.002758517,0.0,0.0,0.00202165,36.64506566,0.009423028,0.0,0.001350426,0.0,0.0,0.0,0.0,0.0,0.0,0.0,0.0,0.0,0.002957925,0.0,0.0,0.0,0.0,0.0,0.0,2.4403e-05,0.00020643,0.43111842,0.0,0.001343257,0.000171928,0.0,0.000165669,0.0,0.000153418,0.0,0.000302996,0.0,0.0,0.000404398,0.0,0.0,0.000161613,0.0,0.000214866,0.0,0.0,0.0,6.9143e-05,4.19558e-05,6.897894713,0.0,0.002012837,0.280226973,0.000241285,0.000647111,0.0,0.0,0.0,0.0,3.017828937,0.0,0.000178324,0.0,0.0,0.0,0.0,0.0,0.366450657,0.0,0.00033083,0.001135977,0.0,0.000369698,0.0,0.0,0.452674341,0.0,0.0,0.0,0.0,0.001031841,0.625121708,0.0,0.0,0.0,0.0,0.0,0.43111842,0.0,0.0,0.0,0.0,0.0,0.0,0.0,0.0,0.0,0.43111842,0.0,0.0,0.0,0.0,0.0,0.0,0.0,0.0,0.000299127,0.323338815,0.0,0.0,0.0,0.0,0.00013291,0.0,0.0,0.0,0.0,0.0,0.000198326,0.0,0.0
14.83,,1298.89_43.0542_NILU_2,Tridecane,C13H28,IIYFAKIEWZDVMP-UHFFFAOYSA-N,CCCCCCCCCCCCC,629-50-5,Tridecane,4-GC-NILU,43.0542,[M]+,,,,1,,,,1298.89,,,,,,normalized peak area,0.0,0.0,0.0,0.018545882,0.0,0.019331873,366.4506566,0.0,0.000462897,0.0,25.86710517,0.000397424,237.1151308,0.001168568,388.0065776,0.0,40.95624986,0.0,0.0,30.17828937,0.0,0.031237319,0.000182461,36.64506566,0.0,51.73421035,0.0,0.009942897,0.0,32.33388147,45.26743405,0.0,0.003039321,0.0,0.00036389,0.0,0.0,0.018396186,0.0,0.0,0.0,0.00068935,0.0,0.0,0.0,28.02269727,0.0,0.0,0.0,0.0,0.0,0.0,0.0,0.0,0.0,0.0,0.0,0.0,0.0,0.0,0.0,0.0,0.0,0.0,0.0002678,0.0,0.000455235,0.0,0.0,0.0,0.0,0.000139474,0.0,0.0,0.0,0.005079865,0.0,0.000100912,0.0,0.0,0.0,0.0,8.31845e-05,0.0,0.001221306,3.76642e-05,0.0,5.47485e-05,0.000110081,0.0,0.000285756,0.000270241,0,0.0,0.0,0.0,0.000156247,0.0,0.0,0.0,0.0,0.0,0.0,2.10486e-05,0.0,0.0,0.0,0.000168073,0.0,0.0,0.000120483,3.74149e-05,0.0,0.003424668,0.0,9.942e-05,2.92177e-05,0.0,0.0,0.0002128,0.0,0.001424938,4.66672e-05,0.002001909,0.005317361,0.0,0.0,7.61644e-06,0.003312192,0.0,0.000372322,0.007071793,6.69274e-05,2.81895e-05,135.8023022,0.017523222,0.0,0.001732829,0.0,0.019674651,0.000215114,0.0,0.01391169,0.0,0.0,0.0,0.0,0.0,0.0,0.0,0.0,0.0,0.0,0.0,0.0,0.0,0.0,0.0,0.0,0.0,0.0,0.0,0.0,0.0,0.0,0.0,0.0,0.0,0.0,0.0,0.0,0.0,0.0,0.0,0.0,0.0,0.0,0.0,0.0,0.0,0.0,0.0,0.0,0.0,0.0,0.0,0.0,0.0,0.0,0.0,0.0,0.0,0.0,0.0,0.0,0.0,0.003002871,0.000108966,2.787157917,0.005188876,0.003747027,0.0,0.051545478,0.000907879,0.0,0.000915115,0.00107157,0.006441521,0.0,0.000183027,280.2269727,0.004487305,0.000728066,0.02409842,732.9013133,187.5365125,0.025300187,0.006320881,0.008941146,0.0,0.000869804,0.000234982,4.78659e-05,0.000689293,0.0,0.000293737,0.0,8.73268e-05,0.000258994,0.000480252,2.68634e-05,0.003734911,0.000656727,0.0,0.0,0.0,0.0,0.0,0.0,0.0,0.0,0.0,0.0,0.0,0.0,0.0,18.10697362,0.003084896,0.000390892,0.0,0.0,0.001325252,0.0,0.0,0.0,0.0,0.000145115,0.0,0.0,0.000125428,0.0,0.0,0.0,0.0,0.0,0.0,0.0,0.0,0.0,0.0,0.0,0.0,0.0,0.002648195,0.0,0.0,0.0,0.0,0.001178835,0.0,0.001385024,0.0,0.0,0.0,3.664506566,0.0,0.0,0.0,0.0,0.0,0.0,0.0,0.0,0.0,0.0,0.0,0.0,0.0,0.0,0.0,0.0,0.0,0.0,0.0,0.0,0.0,0.0,0.0,0.0,0.0,0.0,0.0,0.004202951,0.0,0.0,0.003107671,0.0,6.035657874,0.0,0.0,0.0,0.0,0.0,0.0,0.0,0.0,0.0,0.014600623,0.0,0.0,0.0,0.0,0.0,0.0,0.0,0.0,0.0,0.0,0.0,0.0,0.0,0.0,0.0,0.0,0.0,0.0,0.0,0.0,0.0,0.0,0.0,0.0,0.0,0.0,0.0,0.0,0.0,0.0,0.0,0.0,0.0,0.0,0.0,0.0,0.0,0.0,0.0,0.0,0.0,0.0,0.0,0.0,0.0,0.0,0.0,0.0,0.0,0.0,0.0,0.0,0.0,0.0,0.0,0.0,0.0,0.0,0.0,0.0,0.0,0.0,0.0,0.0,0.0,0.0,0.0,0.0,0.0,0.0,0.0,0.0,0.0,0.0,0.0,0.0,0.0,0.0,0.0,0.0,0.0,0.0,0.0,0.0,0.0,0.0,0.0,0.0,0.0,0.0,0.0,0.0
15.0,,1310.82_81.0701_NILU_2,2-Methylnaphthalene,C11H10,QIMMUPPBPVKWKM-UHFFFAOYSA-N,CC1=CC2=CC=CC=C2C=C1,91-57-6,2-Methylnaphthalene,4-GC-NILU,81.0701,[M]+,,,,2,,,,1310.82,,,,,,normalized peak area,0.0,0.0,0.0,0.0,0.0,0.0,0.0,0.0,0.0,0.0,0.0,0.0,0.0,0.0,122.8687496,0.0,34.48947357,0.0,81.91249972,0.0,45.26743405,0.00195816,0.0,0.0,0.0,0.0,0.0,0.004021846,0.0,0.0,0.0,0.0,0.0,0.0,0.0,0.0,0.0,0.0,0.0,0.0,0.0,0.0,0.0,0.0,0.0,0.0,0.0,0.0,0.0,0.0,0.0,0.0,0.0,0.0,0.0,0.0,0.0,0.0,0.0,0.0,0.0,0.0,0.0,0.0,0.0,0.0,0.0,0.0,0.0,0.0,0.0,0.0,0.0,0.0,0.0,0.000160589,0.0,0.0,0.0,0.0,0.0,0.0,0.0,0.0,0.0,0.0,0.0,0.0,0.0,0.0,0.0,6.4442e-05,0,0.0,0.0,0.0,3.03302e-05,0.0,0.0,0.0,0.0,0.0,0.0,0.0,0.0,0.0,0.0,0.0,0.0,0.0,0.0,0.0,0.0,0.0,0.0,0.0,0.0,0.0,0.0,0.0,0.0,0.001157762,0.0,0.001134415,0.0,194.0032888,0.0,0.0,0.001743259,7.96278e-05,0.0,0.0,0.0,0.0,0.0,0.004551486,0.0,0.0,0.0,0.0,0.0,0.0,0.0,0.0,0.0,0.0,0.0,0.0,0.0,0.0,0.0,0.0,0.0,0.0,0.0,0.0,0.0,0.0,0.0,0.0,0.0,0.0,0.0,0.0,0.0,0.0,0.0,0.0,0.0,0.0,0.0,0.0,0.0,0.0,0.0,0.0,0.0,0.0,0.0,0.0,0.0,0.0,0.0,0.0,0.0,0.0,0.0,0.0,0.0,0.0,0.0,0.0,0.0,0.0,0.0,0.0,0.0,0.0,0.0,0.0,0.0,0.0,0.0,0.0,0.0,0.0,0.0,0.0,0.0,0.0,0.0,0.0,0.0,0.0,0.0,0.0,0.0,0.0,0.0,0.0,0.00102202,0.0,0.0,0.0,0.0,0.0,0.0,0.0,0.0,0.0,0.0,0.0,0.0,0.0,0.0,0.0,0.0,0.0,0.0,0.0,0.0,0.0,0.0,0.0,0.0,0.0,0.0,0.0,0.0,0.0,0.0,0.0,0.0,0.0,0.0,0.0,0.0,0.0,0.0,0.0,0.0,0.0,0.0,9.16105e-05,0.0,0.0,0.0,0.0,0.0,0.0,0.0,0.0,0.0,0.0,0.0,0.0,0.0,0.0,0.0,0.0,0.0,0.0,0.0,0.0,0.0,0.0,0.0,0.0,0.0,0.0,0.0,0.0,0.0,0.0,0.0,0.0,0.0,0.0,0.0,0.0,0.0,0.0,0.0,0.0,0.0,0.0,0.0,0.0,0.0,0.0,0.0,0.0,0.0,0.0,0.0,0.0,0.0,0.0,0.0,0.0,0.0,0.026312583,0.004543279,0.004549714,0.01164478,0.0,0.0,0.0,0.01604663,0.001815233,0.008283445,0.0,0.011382647,0.0,0.0,0.0,0.0,0.0,0.004848291,0.001751692,0.0,0.0,0.007162211,0.0,0.0,23.71151308,0.0,0.0,23.71151308,0.0,0.0,16.16694073,0.0,0.0,0.011821372,0.0,0.0,0.0,60.35657874,0.000425808,0.0,0.0,0.0,0.015283605,0.0,0.0,0.0,0.0,0.0,0.0,0.0,0.0,0.0,0.0,0.0,0.0,0.0,0.0,0.0,0.0,0.0,0.0,0.0,0.0,0.0,0.0,0.0,0.0,0.0,0.0,0.0,0.0,0.0,0.0,0.0,0.0,0.0,0.0,0.0,0.0,0.0,0.0,0.0,0.0,0.0,0.0,0.0,0.0,0.0,0.0,0.0,0.0,0.0,0.0,0.0,0.0,0.0,0.0,0.0,0.0
15.11,,1319_43.0183_NILU_2,"1,1-Dimethyl-2-phenylethyl acetate",C12H16O2,FLUWAIIVLCVEKF-UHFFFAOYSA-N,CC(=O)OC(C)(C)CC1=CC=CC=C1,151-05-3,(2-methyl-1-phenylpropan-2-yl) acetate,4-GC-NILU,43.0183,[M]+,,,,2,,,,1319.0,,,,,,normalized peak area,0.000231367,0.0,0.0,0.0,0.0,0.0,0.0,0.0,0.0,0.0,732.9013133,0.0,0.0,0.0,0.0,0.0,0.0,0.0,0.0,0.0,0.0,0.0,0.0,0.0,0.0,0.0,0.0,0.014523333,0.0,0.0,0.0,0.0,0.0,0.0,0.0,0.0,0.0,0.0,0.00652585,0.0,0.0,0.0,0.0,0.0,0.001481246,0.0,0.0,0.0,0.0,0.0,0.0,0.0,0.0,0.0,0.0,0.0,0.0,0.0,0.0,0.0,0.0,0.0,0.0,8.30491e-05,0.0,0.0,0.0,0.0,0.0,0.0,0.0,0.0,0.0,0.0,0.0,0.0,0.0,0.000331568,0.0,0.0,0.0,0.0,0.0,0.0,0.0,0.0,0.0,0.0,0.0,0.0,0.0,0.0,0,0.0,0.0,0.0,0.0,0.0,0.0,0.0,0.0,0.0,0.0,0.0,0.0,0.0,0.0,0.0,0.0,0.0,0.0,0.0,0.0,0.0,0.0,0.0,0.0,0.0,0.0,0.0,0.0,0.016030553,0.0,0.0,0.0,0.0,0.0,1.73101e-05,0.023533998,0.0,0.0,0.008357573,0.0,0.0,0.0,0.061445066,0.0,0.0,0.0,0.0,0.0,0.0,0.0,0.000587308,0.0,0.000467583,0.0,0.0,0.0,0.0,0.0,0.0,0.0,0.0,0.0,0.0,0.0,0.0,0.0,0.0,0.0,0.0,0.0,0.0,0.0,0.0,0.0,0.0,0.0,0.0,0.0,0.0,0.0,0.0,0.0,0.0,0.0,0.0,0.0,0.0,0.0,0.0,0.0,0.0,0.0,0.0,0.0,0.0,0.0,0.0,0.0,0.0,0.0,0.0,0.0,0.0,0.0,0.000146685,0.0,0.0,0.0,0.0,0.0,0.0,0.0,0.0,0.0,0.0,0.0,0.0,0.0,0.0,0.0,0.0,0.0,0.0,0.0,0.0,0.0,0.0,0.0,0.0,0.0,0.0,0.0,0.0,0.0,0.0,0.0,0.0,0.0,0.0,0.0,0.0,0.0,0.0,0.0,0.0,0.0,0.0,0.0,0.0,0.0,0.0,0.0,0.0,0.0,0.0,0.0,0.0,0.0,0.0,0.0,0.0,0.0,0.0,0.0,0.0,0.0,0.0,0.0,0.0,0.0,0.0,0.0,0.0,0.0,0.0,0.0,0.002064511,0.0,0.0,0.0,0.00096298,0.0,0.0,0.0,0.0,0.0,0.0,0.0,0.0,0.0,10.77796049,12.07131575,0.0,0.0,0.015267231,10.13128286,0.0,0.0,0.004221703,0.0,0.0,0.0,0.0,0.0,0.0,0.0,0.0,0.0,0.0,0.000845417,0.0,0.0,0.0,0.001100347,0.0,0.002182515,0.0,0.0,0.0,0.00780548,0.0,0.0,0.0,0.0,0.0,0.0,0.0,0.0,0.0,0.0,0.0,0.0,0.0,0.0,0.0,0.0,0.0,0.0,0.0,0.0,0.0,0.0,0.0,0.0,0.0,0.0,0.0,0.0,0.0,0.0,0.0,14.87358547,0.0,0.0,0.0,0.0,0.0,0.0,0.0,0.0,0.0,0.0,0.0,0.0,0.0,0.0,0.0,0.0,0.0,0.0,0.0,0.0,0.0,0.0,0.0,0.0,0.0,0.0,0.0,0.0,0.0,0.0,0.0,0.0,0.0,0.0,0.0,0.0,0.0,0.0,0.0,0.0,0.0,0.0,0.0,0.0,0.0,0.0,0.0,0.0,0.0,0.0,0.0,0.0,0.0,0.0,0.0,0.0,0.0,0.0,0.0,0.0,0.0,0.0,0.0,0.0,0.0,0.0,0.0,0.0,0.0,0.0,0.0,0.0,0.0,0.0,0.0
15.18,,1324.25_113.1319_NILU_2,"Nonane, 2,2,4,4,6,8,8-heptamethyl-",C16H34,VCLJODPNBNEBKW-UHFFFAOYNA-N,CC(CC(C)(C)C)CC(C)(C)CC(C)(C)C,4390-04-9,"2,2,4,4,6,8,8-Heptamethylnonane",4-GC-NILU,113.1319,[M]+,,,,2,,,,1324.25,,,,,,normalized peak area,0.0,0.0,0.0,0.0,0.0,0.0,0.0,0.0,0.0,40.95624986,0.0,0.000738073,30.17828937,0.0,323.3388147,45.26743405,16.59805915,0.0,21.55592098,101.3128286,32.33388147,0.0,0.0,9.70016444,0.0,0.0,0.0,0.0,0.0,5.388980245,38.80065776,0.0,0.0,0.002078359,0.000133426,0.0,0.0,0.010034283,0.0,0.0,0.0,0.0,0.009807449,0.0,0.0,15.5202631,0.0,0.0,0.0,0.0,0.0,0.0,0.0,0.0,0.0,0.0,0.0,0.0,0.0,0.0,0.0,0.0,0.0,0.0,6.19287e-05,0.0,0.000182094,0.0,0.0,0.0,0.0,6.07965e-05,0.0,0.0,0.0,0.0,0.0,0.0,0.0,0.0,0.0,0.0,9.5068e-05,0.0,0.0,0.000214296,2.3004e-05,0.0,0.0,0.0,0.000644783,0.0,0,0.0,0.0,1.32757e-05,0.0,0.0,0.0,0.0,0.0,0.0,0.0,0.000222867,0.0,0.0,0.0,0.001470642,0.0,4.30253e-05,1.80725e-05,3.16588e-05,0.0,0.003772939,0.0,9.942e-06,3.3831e-06,0.0,5.48268e-06,5.05401e-05,0.0,0.0,0.0,0.0,0.018369067,21.34036177,0.0,0.0,0.0,0.0,0.000262815,0.0,2.94481e-06,0.0,120.7131575,0.0,0.0,0.001559546,0.0,0.005829526,5.91564e-05,3.97269e-05,0.000370978,0.0,0.005439584,0.0,0.0,5.11186e-05,0.002877698,0.0,0.000303693,0.0,0.0,0.000258297,0.0,0.0,0.0,0.0,0.0,0.0,3.23022e-05,0.0,0.0,0.0,0.0,0.0,0.0,0.0,0.0,0.797569076,0.0,0.0,0.0,0.0,0.0,0.0,0.0,0.0,0.0,0.0,0.0,0.0,0.0,0.0,0.0,0.0,0.0,0.0,0.0,0.0,0.0,0.0,0.0,0.0,0.0,0.009462992,0.001501435,0.0020955,2.358364392,0.002804798,0.000674465,0.000157211,0.008400004,0.000128919,0.000679595,0.000944167,9.9039e-05,0.031696375,6.19539e-05,0.0,991.572365,0.001035532,8.76375e-05,0.076676789,452.6743405,62.51217084,0.028750212,0.002809281,0.013208511,0.007373336,0.0,3.91637e-05,6.88073e-06,0.004595289,2.90845e-06,0.000571156,4.31481e-06,0.000276065,0.000301452,0.002134454,7.94936e-06,0.000362286,0.000108503,0.0,0.048284522,0.0,0.0,0.0,0.0,0.0,0.0,0.051060935,862.2368391,0.0,0.0,776.0131552,0.0,0.015938629,0.001539876,0.0,0.0,0.000883501,0.0,0.0,0.0,0.0,0.0,0.0,0.0,0.0,0.0,0.0,0.0,0.0,0.0,6.24114e-05,0.0,0.0,0.0,0.0,0.0,0.0,0.0,0.0,0.0,0.0,0.0,0.0,0.0,0.000710529,0.000226857,0.002255794,0.0,0.0,8.191249972,0.0,0.0,0.0,0.0,0.0,0.0,0.0,0.0,0.0,0.0,0.0,0.0,0.0,0.0,0.0,0.0,0.0,0.0,10.13128286,0.0,0.0,0.0,0.0,0.0,0.0,0.0,0.0,0.0,0.0,0.0,0.0,0.00220591,4.742302615,0.0,0.0,0.0,0.0,0.009086557,0.004963325,0.0,0.0,0.033145538,0.0,0.0,0.0,0.008743636,0.0,0.0,0.0,0.032630344,0.0,0.0,0.0,0.0,0.0,0.0,0.0,0.0,0.0,0.0,0.0,0.0,0.0,0.0,0.0,0.043757317,0.0,0.0,0.0,0.007337403,0.0,0.0,0.0,0.0,0.0,0.0,0.001367947,0.0,0.0,0.0,0.0,0.0,0.0,0.0,0.0,0.0,0.0,0.0,0.0,0.0,0.0,0.0,0.0,0.0,0.0,0.0,0.0,0.0,0.0,0.0,0.0,0.0,0.0,0.0,0.0,0.0,0.0,0.0,0.0,0.0,0.0,0.0,0.0,0.0,0.0,0.0,0.001612239,0.0,0.0,0.0,0.0,0.0,0.0,0.0,0.0,0.0,0.0,0.0,0.0,0.0,0.0,0.0,0.0,0.0,0.0
15.34,,1335.62_80.0604_NILU_2,1-Methylnaphthalene,C11H10,QPUYECUOLPXSFR-UHFFFAOYSA-N,CC1=CC=CC2=CC=CC=C12,90-12-0,1-methylnaphthalene,4-GC-NILU,80.0604,[M]+,,,,2,,,,1335.62,,,,,,normalized peak area,0.0,0.0,0.0,0.013909411,0.0,0.0,711.3453923,0.0,0.0,0.0,187.5365125,0.0,68.97894713,0.0,603.5657874,258.6710517,0.0,0.0,21.55592098,12.93355259,45.26743405,0.002004783,0.0,19.40032888,0.0,4.957861825,0.0,0.002681231,0.0,11.42463812,6.466776293,0.0,0.0,0.002655681,0.000266852,0.0,0.0,0.000627143,0.00953778,0.0,0.0,0.0,0.0,0.0,0.0,5.604539454,0.0,0.0,0.0,0.0,0.0,0.0,0.0,0.0,0.0,0.0,0.0,0.0,0.0,0.0,0.0,0.0,0.0,0.0,0.0,0.0,0.0,0.0,0.0,0.0,0.0,4.64914e-05,0.0,0.0,0.0,0.0,0.0,0.0,0.0,0.0,0.0,0.0,0.0,0.0,0.0,1.68839e-05,0.0,5.19408e-05,0.0,0.0,9.52521e-06,0.0,0,4.67048e-05,0.0,0.0,0.0,0.0,0.0,0.0,0.0,0.0,0.0,0.0,0.0,0.0,0.0,0.0,0.0,0.0,0.0,0.0,0.0,0.004179255,0.0,3.18144e-05,0.0,0.0,0.0,0.000305901,0.0,0.004898225,1.43891e-05,0.003203054,0.004495587,146.5802627,0.0,0.0,0.004009496,0.0,0.000155499,0.001864382,0.0,2.22991e-05,73.29013133,0.022074709,0.0,0.007191238,0.0,0.027325904,0.0,0.000632019,0.010201906,0.0,0.004230788,0.0,0.0,0.000629854,0.0,0.0,0.001602826,0.0,0.0,0.000162187,0.0,0.0,0.0,0.0,0.00024599,0.0,0.00034994,0.000618754,0.0,0.000310857,0.0,0.000703461,0.0,0.00068289,0.0,0.0,0.0,0.0,0.0,0.0,0.0,0.0,0.0,0.0,0.0,0.0,0.0,0.0,0.0,0.0,0.0,0.0,0.0,0.0,0.0,0.0,0.0,0.0,0.0,0.0,0.0,0.0,0.0,1.80213e-05,4.073538494,0.0,0.0,0.0,0.021000009,0.000147076,0.0,0.000857013,0.000389662,0.0,0.0,0.0,388.0065776,0.0,0.0,0.0,862.2368391,198.314473,0.0,0.0,0.018288708,0.000794052,0.000113075,4.24274e-05,0.0,0.000208877,0.0,0.0,0.0,0.0,0.000186815,0.0,0.0,0.002987929,0.0,0.0,0.0,0.0,0.0,0.0,0.0,0.0,0.0,0.0,0.0,0.0,0.0,0.0,0.0,0.000531288,0.0,0.0,0.0,0.0,0.0,0.0,0.0,0.0,0.0,0.000374527,0.0,0.0,0.0,0.0,0.0,0.0,3.017828937,0.0,0.0,0.0,0.0,0.0,0.0,0.0,0.0,0.000722235,0.0,0.0,0.0,0.0,0.0,0.0,0.000234021,0.0,0.0,10.34684207,0.0,0.0,0.0,0.0,28.02269727,0.0,0.0,0.0,0.0,0.0,0.0,0.0,0.0,0.0,0.0,0.0,0.0,0.0,0.000643252,0.0,0.004224116,0.0,0.0,0.0,0.0,0.0,0.0,0.0,0.002401686,0.0,0.0,0.0,0.000501343,19.8314473,0.0,0.0,0.0,0.004385431,0.0,0.0,0.0,0.0,0.0,0.0,0.0,0.0,0.0,0.0,0.0,0.0,0.0,0.0,0.008161385,0.0,0.0,0.0,0.0,0.000976067,0.0,0.0,0.0,0.0,0.0,0.0,0.0,0.0,0.0,0.0,0.0,0.0,0.00692977,0.0,0.0,0.0,0.0,0.0,0.0,0.0,0.0,0.0,0.0,0.0,0.0,0.0,0.00099249,0.0,0.0,0.0,0.0,0.0,0.0,0.0,0.0,0.0,0.0,0.0,0.0,0.0,0.0,0.0,0.0,0.0,0.0,0.0,0.0,0.0,0.0,0.0,0.0,0.0,0.0,0.0,0.0,0.0,0.0,0.0,0.0,0.0,0.0,0.0,0.0,0.0,0.0,0.0,0.0,0.0,0.0,0.0,0.0,0.0,0.0,0.0,0.0,0.0,0.0,0.0
15.53,,1350.07_121.0973_NILU_2,.alpha.-Terpinyl acetate,C12H20O2,IGODOXYLBBXFDW-UHFFFAOYSA-N,CC1=CCC(CC1)C(C)(C)OC(=O)C,80-26-2,2-(4-methylcyclohex-3-en-1-yl)propan-2-yl acetate,4-GC-NILU,121.0973,[M]+,,,,2,,,,1350.07,,,,,,normalized peak area,0.0,0.0,0.012978637,0.011591176,0.0,0.0,0.0,0.0,0.0,0.0,0.0,0.0,0.0,0.0,0.0,0.0,159.5138152,0.0,0.0,0.0,0.0,0.0,0.0,0.0,0.0,0.0,0.0,0.004580436,0.0,0.0,0.0,0.0,0.0,0.0,0.0,0.0,0.0,0.0,0.00476889,0.0,0.0,0.000701883,0.0,0.0,0.0,6.682335503,0.0,0.0,0.0,0.0,0.0,0.0,0.0,0.0,0.0,0.0,0.0,0.0,0.0,0.0,0.0,0.0,0.0,0.0,0.0,0.0,0.0,0.0,0.0,0.0,0.0,0.0,0.0,0.0,0.0,0.0,0.0,0.0,0.0,0.0,0.0,0.0,0.0,0.0,0.0,0.0,0.0,0.0,0.0,0.0,0.0,0.0,0,0.0,0.0,0.0,0.0,0.0,0.0,0.0,0.0,0.0,0.0,1.6096e-05,0.0,0.0,0.0,0.0,0.0,0.0,0.0,0.0,0.0,0.0,0.0,0.0,0.0,0.0,3.22511e-06,0.00025935,0.0,0.0,0.0,0.0,0.0,0.0,0.0,0.0,0.006973037,0.0,0.0,0.0,0.0,0.0,0.0,0.0,0.0,0.0,0.0,0.0,0.0,0.0,0.009892757,0.00027638,0.0,0.0,0.0,0.0,0.0,0.0,0.000607387,0.0,0.0,0.000162187,0.0,0.0,0.0,0.0,0.0,0.0,0.0,0.0,0.0,0.000188398,0.0,0.0,0.0,0.000662404,0.0,0.0,0.0,0.0,0.0,0.0,0.0,0.0,0.0,0.0,0.0,0.0,0.0,0.0,0.0,0.0,0.0,0.0,0.0,0.0,0.0,0.0,0.0,0.0,0.0,0.0,0.0,0.0,0.0,0.0,0.0,0.0,0.0,0.0,0.0,0.0,0.0,0.0,0.0,0.0,0.0,0.0,948.460523,0.0,0.0,0.0,1013.128286,474.2302615,0.0,0.0,0.0,0.0,0.0,0.0,0.0,0.00027154,0.0,0.0,0.0,0.0,0.0,0.0,0.0,0.0,0.0,0.0,0.0,0.0,0.0,0.0,0.0,0.0,0.0,0.0,0.0,0.0,0.0,0.0,0.0,0.0,0.0,0.0,0.0,0.0,0.0,0.0,0.0,0.0,0.0,0.0,0.0,0.0,0.0,0.0,0.0,0.0,0.0,0.0,0.0,0.0,0.0,0.001341932,0.0,0.0,0.0,0.0,0.0,0.0,0.0,0.0,0.004612831,0.0,0.0,0.0,0.0,0.0,0.0,0.0,0.0,0.0,0.0,0.0,0.0,0.0,0.0,0.0,0.0,0.002561166,0.0,0.0,0.0,0.0,0.0,0.0,0.0,0.0,0.0,0.0,0.0,0.0,0.0,0.0,0.0,0.0,0.0,0.0,0.0,0.021132163,0.0,0.0,0.0,0.0,0.0,0.0,0.007021431,0.0,0.0,34.48947357,0.0,0.0,0.022923756,0.0,0.0,0.0,0.0,0.0,0.0,0.0,0.0,0.011836043,0.002396908,0.0,0.0,0.0,0.0,0.0,0.0,0.0,0.0,0.003441318,0.0,0.0,0.0,0.0,0.013404731,0.0,0.0,0.0,0.0,0.0,5.604539454,0.0,0.0,0.0,0.0,0.0,0.0,0.0,0.0,0.0,0.0,0.0,0.0,0.0,0.0,0.0,0.0,0.0,0.0,0.0,0.0,0.0,0.0,0.0,0.0,0.0,0.0,0.0,0.0,0.0,0.0,0.0,0.0,0.0,0.0,0.0,0.0,0.0,0.0,0.0,0.0,0.0,0.0,0.0,0.0,0.0,0.0,0.0,0.0,0.0,0.0,0.0,0.0,0.0,0.0,0.0,0.0,0.0,0.0,0.0,0.0,0.0
15.86,,1374.02_85.0675_NILU_2,"Propanoic acid, 2-methyl-, 3-hydroxy-2,2,4-trimethylpentyl ester",C12H24O3,DAFHKNAQFPVRKR-UHFFFAOYNA-N,CC(C)C(O)C(C)(C)COC(=O)C(C)C,77-68-9,"3-Hydroxy-2,2,4-trimethylpentyl 2-methylpropanoate",4-GC-NILU,85.0675,[M]+,,,,2,,,,1374.02,,,,,,normalized peak area,0.0,0.0,0.0,0.001205482,0.0,0.006169747,560.4539454,0.0,0.0,0.0,883.7927601,0.0,11.42463812,0.0,17.24473678,0.0,0.0,0.0,0.0,45.26743405,344.8947357,0.0,0.0,0.0,0.0,0.0,0.0,0.001228897,0.0,0.0,11.64019733,0.0,0.0,0.0,0.001546531,5.10444e-05,0.0,0.000827828,0.000552187,0.0,0.582009866,0.0,0.001057882,0.0,0.0,0.0,5.820098664,0.603565787,0.0,0.0,0.0,0.0,0.0,0.0,0.0,0.0,0.0,0.0,0.0,0.0,1.39805e-05,0.0,0.0,1.77962e-05,9.70774e-05,0.0,9.51855e-05,0.0,0.0,0.0,0.0,7.33134e-05,0.0,3.27635e-05,0.0,0.000360507,0.0,1.65784e-05,0.0,1.566e-05,0.0,0.0,5.05049e-05,0.0,0.000576728,9.74073e-06,0.0,1.05286e-05,4.53275e-05,0.0,1.46542e-05,0.000120569,0,3.97855e-05,2.51667e-05,3.74134e-05,0.000248157,0.0,2.04984e-05,0.0,0.0,0.0,0.0,0.0,0.0,0.0,1.22453e-05,0.0,0.0,0.0,3.14595e-05,0.0,0.0,0.000696543,0.0,2.58492e-05,0.0,0.0,0.0,1.9285e-05,0.0,0.001024174,2.33336e-06,0.00050715,0.002223624,11.85575654,4.40563e-06,3.80822e-06,0.0,0.0,5.03729e-06,0.000488597,0.0,0.0,0.0,0.00079651,0.0,0.000199275,0.0,0.002113203,0.0,0.0,0.002658679,0.000155464,0.0,2.55045e-05,0.0,0.0,0.0,0.0,0.000337437,0.0,0.001091328,4.50519e-05,0.0,0.0,0.0,0.0,0.0,0.0,0.0,0.0,0.0,0.0,0.0,0.0,0.0,0.0,0.0,0.0,0.0,0.0,0.0,0.0,0.0,0.0,0.0,0.0,0.0,0.0,0.0,0.0,0.0,0.0,0.0,0.0,0.0,0.0,0.0,0.0,0.0,0.0,0.0,0.0,0.0,0.020571721,0.001078304,0.0,0.92190608,0.009536312,0.0,0.0,0.103090955,0.000272364,0.00038834,0.000217885,0.0,0.0,0.000619539,0.000894798,452.6743405,0.0,0.0,0.027749695,118.5575654,21.55592098,0.040250297,0.0,0.016256629,0.001588103,0.000695843,2.67619e-06,0.0,0.0,0.0,0.0,0.0,0.0,0.0,0.0,0.0,0.00041084,4.283e-05,0.0,0.0,0.0,0.0,0.0,0.0,0.0,0.0,0.0,0.0,0.0,0.0,0.0,0.0,0.0,0.0,0.0,0.0,2.5874e-05,0.0,0.0,0.0,0.0,6.57856e-06,0.0,0.0,0.0,1.21637e-05,0.0,0.0,0.0,0.0,1.15907e-05,0.0,0.0,8.84554e-05,0.000206451,0.0,0.0,0.0,0.00288894,0.0,0.0,1.81279e-05,16.16694073,0.000717551,0.000142106,0.000931309,0.00028824,0.0,6.466776293,23.71151308,0.0,0.0,0.004626434,0.582009866,0.0,0.000376744,0.001547958,0.0,7.54733e-06,0.0,0.000389743,0.0,0.0,0.0,0.00107942,0.0,0.0,0.000422709,4.526743405,9.0981e-05,0.0,0.001350426,0.0,0.002961985,0.0,0.0,0.0,8.10569e-05,0.0,0.0,0.001615989,0.001052821,101.3128286,0.0,0.007367704,0.0,0.0,0.0,0.000310208,0.0,0.0,0.0,0.000508102,0.00036678,0.0,0.0,0.000454457,0.000163316,0.0,0.0,0.0,0.0,0.0,0.0,0.0,0.0,0.0,0.0,0.0,0.0,0.0,0.0,0.0,0.0,0.0,0.0,0.0,0.0,0.0,0.0,0.0,0.0,0.0,0.0,0.0,0.0,0.0,0.0,0.0,0.0,0.0,0.0,0.0,0.0,0.0,0.0,0.0,0.0,0.0,0.948460523,0.0,0.0,0.0,0.0,0.0,0.0,0.0,0.0,0.0,0.0,0.0,0.0,0.0,0.0,0.0,0.0,0.000372287,0.0,0.0,0.0,0.0,0.0,0.0,0.0,0.0,0.0,0.0,0.0,0.0,0.0,0.0,0.0,0.0,0.0,0.0,0.0,0.0,0.0,0.0,0.0,0.0,0.0,0.0,0.0,0.0
16.0,,1384.28_117.0864_NILU_2,"Hexanoic acid, hexyl ester",C12H24O2,NCDCLPBOMHPFCV-UHFFFAOYSA-N,CCCCCCOC(=O)CCCCC,6378-65-0,Hexyl hexanoate,4-GC-NILU,117.0864,[M]+,,,,2,,,,1384.28,,,,,,normalized peak area,0.0,0.0,0.0,0.0,0.0,0.0,0.0,0.0,0.0,0.0,0.0,0.0,0.0,0.0,0.0,0.0,0.0,0.0,0.0,7.760131552,0.0,0.000745966,0.0,0.0,0.0,5.173421035,0.0,0.0,0.0,0.0,5.173421035,0.0,0.0,0.0,0.0,0.0,0.0,0.0,0.0,0.0,0.0,0.0,0.0,0.0,0.0,0.0,0.0,0.0,0.0,0.0,0.0,0.0,0.0,0.0,0.0,0.0,0.0,0.0,0.0,0.0,0.0,0.0,0.0,0.0,0.0,0.0,0.000103462,1.09052e-06,3.23979e-06,0.0,0.0,0.000554321,0.0,0.0,0.0,0.000229413,1.04782e-05,0.0,1.04874e-05,0.0,0.0,0.0,0.0,0.0,0.0,0.0,0.0,9.12474e-06,1.42458e-05,0.0,8.7925e-06,0.0,0,3.28663e-05,0.0,0.0,0.0,2.27311e-06,0.000204984,0.0,0.0,0.0,0.0,0.0,0.0,0.0,0.0,0.0,0.0,0.0,0.0,0.0,0.0,0.0,0.0,0.0,0.0,0.0,0.0,0.0,0.0,0.001603055,0.0,0.0,0.0,43.11184196,0.0,0.0,0.0,0.0,0.0,0.0,0.0,0.0,0.0,0.0,0.0,0.0,0.0,0.0,0.0,0.0,0.0,9.50057e-05,0.0,0.0,0.0,0.000912832,0.0,0.0,0.0,0.0,0.000119743,0.0,0.0,0.0,0.0,0.0,0.0,0.0,0.0,0.0,0.0,0.0,0.0,0.0,0.0,0.0,0.0,0.0,0.0,0.0,0.0,0.0,0.0,0.0,0.0,0.0,0.0,0.0,0.0,0.0,0.0,0.0,0.0,0.0,0.0,0.0,0.0,0.0,0.0,0.0,0.0,0.0,0.0,0.0,0.0,0.0,0.0,0.0,0.0,0.0,0.0,0.0,0.0,0.0,0.0,0.0,0.0,0.0,0.0,0.0,0.0,0.0,0.0,0.0,0.0,0.0,0.0,0.0,0.0,0.0,0.0,0.0,0.0,0.0,0.0,0.0,0.0,0.0,0.0,0.0,0.0,0.0,0.0,0.0,0.0,0.0,0.0,0.0,0.0,0.0,0.0,0.0,0.0,0.0,0.0,0.001045437,0.0,0.0,0.0,0.0,0.0,0.0,0.0,0.0,2.70882e-05,0.0,0.0,0.0,4.93601e-05,0.0,0.0,0.0,0.0,3.20973e-05,0.0,0.0,0.0,4.95483e-05,0.0,0.0,0.0,0.0,0.0,0.0,0.0,0.0,0.0,0.0,0.0,0.0,0.0,0.0,0.862236839,0.0,0.0,0.0,0.0,0.0,0.0,0.0,0.0,0.0,0.0,0.0,0.0,0.0,0.0,0.0,0.0,0.0,0.0,0.0,0.000747344,0.0,0.0,0.0,0.0,0.0,0.0,0.0,0.0,0.0,0.0,0.0,0.000411101,0.0,0.0,0.0,0.0,0.0,0.0,0.0,0.0,0.0,0.0,0.0,0.0,0.0,0.0,0.0,0.0,0.0,0.0,0.0,0.0,0.0,0.0,0.0,0.0,0.0,0.0,0.0,0.0,0.0,0.0,0.0,0.0,0.0,0.001837807,0.0,0.0,0.0,0.0,0.0,0.237115131,0.0,0.0,0.0,0.0,0.0,0.0,0.0,0.0,0.0,0.0,0.0,0.0,0.0,0.0,0.0,0.0,0.0,0.0,0.0,0.0,0.0,0.0,0.0,0.0,0.0,0.0,0.0,0.0,0.0,0.0,0.0,0.0,0.0,0.0,0.0,0.0,0.0,0.0,0.0,0.0,0.0,0.0,0.0,0.0,0.0,0.0,0.0,0.0,0.0,0.0,0.0,0.0,0.0,0.0,0.0,0.0,0.0,0.0,0.0,0.0,0.0,0.0,0.0
16.05,,1388.01_210.2346_NILU_2,Biphenyl,C12H10,ZUOUZKKEUPVFJK-UHFFFAOYSA-N,C1=CC=C(C=C1)C1=CC=CC=C1,92-52-4,"1,1'-Biphenyl",4-GC-NILU,210.2346,[M]+,,,,2,,,,1388.01,,,,,,normalized peak area,0.0,0.0,0.0,0.0,4.91649e-06,0.0,0.0,0.0,0.0,0.0,10.9935197,0.0,0.0,0.0,0.0,0.0,0.0,0.0,0.0,0.0,0.0,0.0,0.0,0.0,0.0,0.0,0.0,0.0,0.0,0.0,0.0,0.0,0.0,0.0,0.0,0.0,0.0,0.0,0.0,0.0,0.0,0.0,0.0,0.0,0.0,0.0,0.0,0.0,0.0,0.0,0.0,0.0,0.0,0.0,0.0,0.0,0.0,0.0,0.0,0.0,0.0,0.0,0.0,0.0,0.0,0.0,0.0,0.0,0.0,0.0,0.0,0.0,0.0,0.0,0.0,0.0,0.0,0.0,0.0,0.0,0.0,0.0,0.0,0.0,0.0,0.0,0.0,0.0,0.0,0.0,0.0,0.0,0,0.0,0.0,0.0,0.0,0.0,0.0,0.0,0.0,0.0,0.0,0.0,0.0,0.0,0.0,0.0,0.0,0.0,0.0,0.0,0.0,0.0,0.0,0.0,0.0,0.0,0.0,0.0,0.0,0.0,0.0,0.0,0.0,0.0,0.0,0.0,0.0,0.0,0.0,0.0,0.0,0.0,0.0,0.0,0.0,0.0,0.0,0.0,0.0,0.0,0.0,0.0,0.0,0.0,0.0,0.0,0.0,0.0,0.0,0.0,0.0,0.0,0.0,0.0,0.0,0.0,0.0,0.0,0.0,0.0,0.0,0.0,0.0,0.0,0.0,0.0,0.0,0.0,0.0,0.0,0.0,0.0,0.0,0.0,0.0,0.0,0.0,0.0,0.0,0.0,0.0,0.0,0.0,0.0,0.0,0.0,0.0,0.0,0.0,0.0,0.0,0.0,0.0,0.045257787,0.00046408,0.0,2.787157917,0.009676552,0.002248216,6.55044e-05,0.004963639,0.000121656,0.001407732,0.000464821,8.76739e-05,0.003067391,0.000191494,0.000152522,366.4506566,0.000742131,0.000134827,0.001423998,1207.131575,75.44572342,0.100050738,0.009656902,0.010160393,0.00037812,0.000347922,4.5691e-05,0.0,0.001148822,1.13694e-05,0.000114231,1.69895e-05,5.63399e-05,0.000144357,3.73529e-05,0.0,0.000366021,0.000131345,5.173421035,0.00015831,5.97912e-05,7.329013133,5.15988e-05,0.0,5.51984e-05,7.01948e-05,0.000492373,4.095624986,3.37178e-05,7.19035e-05,0.0,4.742302615,0.00090833,0.000651486,0.0,9.54262e-06,4.54372e-05,5.55379e-05,1.0353e-05,0.0,0.00010849,5.41764e-05,0.000216831,0.000457834,4.18093e-05,5.99372e-05,0.0,0.0,0.0,2.802269727,4.10132e-05,3.806e-06,7.31687e-05,9.64969e-05,0.001032255,0.0,0.0,0.0,0.0,0.0,0.0,0.0,0.0,0.0,0.0,2.86557e-05,0.0,0.0,0.0,0.0,0.0,0.0,0.0,0.0,0.0,0.0,0.0,0.0,0.0,0.0,0.0,0.0,0.0,0.0,0.0,0.0,0.0,0.0,0.0,0.0,0.0,0.0,0.0,0.0,0.0,0.0,0.0,0.0,0.0,0.0,0.0,0.0,0.0,0.0,0.0,0.0,0.0,0.0,0.0,0.0,0.0,0.0,0.0,0.0,0.0,0.0,0.0,0.0,0.0,0.0,0.0,0.0,0.0,0.0,0.0,0.0,0.0,0.0,0.0,0.0,0.0,0.0,0.0,0.0,0.0,0.070011707,0.0,0.004378879,0.0,0.0,0.0,0.0,0.0,0.0,0.0,0.0,0.0,0.0,0.0,0.0,0.0,0.0,0.0,0.0,0.0,0.0,0.0,0.0,0.0,0.0,0.0,0.0,0.0,0.0,0.0,0.0,0.0,0.0,0.0,0.0,0.0,0.0,0.0,0.0,0.0,0.0,0.0,0.0,0.0,0.0,0.0,0.0,0.0,0.0,0.0,0.0,0.0,0.0,0.0,0.0,0.0,0.0,0.0,0.0,0.0,0.0,0.0,0.0,0.0,0.0,0.0,0.0,0.0,0.0,0.0
16.05,,1388.78_121.0646_NILU_2,Chloroxylenol,C8H9ClO,OSDLLIBGSJNGJE-UHFFFAOYSA-N,CC1=CC(O)=CC(C)=C1Cl,88-04-0,"4-Chloro-3,5-dimethylphenol",4-GC-NILU,121.0646,[M]+,,,,2,,,,1388.78,,,,,,normalized peak area,0.0,0.0,0.0,0.0,0.0,0.0,0.0,0.0,0.0,0.0,0.0,0.0,0.0,0.0,0.0,0.0,0.0,0.0,0.0,0.0,0.0,0.0,0.0,0.0,0.0,0.0,0.0,0.0,0.0,0.0,0.0,0.0,0.0,0.0,0.0,0.0,0.0,0.0,0.0,0.0,0.0,0.0,0.0,0.0,0.0,0.0,0.0,0.0,0.0,0.0,0.0,0.0,0.0,0.0,0.0,0.0,0.0,0.0,0.0,0.0,0.0,0.0,0.0,0.0,0.0,0.0,0.0,0.0,0.0,0.0,0.0,0.0,0.0,0.0,0.0,0.0,0.0,0.0,0.0,0.0,0.0,0.0,0.0,0.0,0.0,0.0,0.0,0.0,0.0,0.0,0.0,0.0,0,0.0,0.0,0.0,0.0,0.0,0.0,0.0,0.0,0.0,0.0,0.0,0.0,0.0,0.0,0.0,0.0,0.0,0.0,0.0,0.0,0.0,0.0,0.0,0.0,0.0,0.0,0.0,0.0,0.0,0.0,0.0,0.0,0.0,0.0,0.0,0.0,0.0,0.0,0.0,0.0,0.0,0.0,0.0,0.0,0.0,0.0,0.0,0.0,0.0,0.0,0.0,0.0,0.0,0.0,0.0,0.0,0.0,0.0,0.0,0.0,0.0,0.0,0.0,0.0,0.0,0.0,0.0,0.0,0.0,0.0,0.0,0.0,0.0,0.0,0.0,0.0,0.0,0.0,0.0,0.0,0.0,0.0,0.0,0.0,0.0,0.0,0.0,0.0,0.0,0.0,0.0,0.0,0.0,0.0,0.0,0.0,0.0,0.0,0.0,0.0,0.0,0.0,0.0,0.0,0.0,0.0,0.0,0.0,0.0,0.0,0.0,0.0,0.0,0.0,0.0,0.0,0.0,0.0,0.0,0.0,0.0,0.0,0.0,0.0,0.0,0.0,0.0,0.0,0.0,0.0,0.0,0.0,0.0,0.0,0.0,0.0,0.0,0.0,0.0,0.0,0.0,0.0,0.0,0.0,0.0,0.0,0.0,0.0,0.0,0.0,0.0,0.0,0.0,0.0,0.0,0.0,0.0,0.0,0.0,0.0,0.0,0.0,0.0,0.0,0.0,0.0,0.0,0.0,0.0,0.0,0.0,0.0,0.0,0.0,0.0,0.0,0.0,0.0,0.0,0.0,0.0,0.0,0.0,0.0,0.0,0.0,0.0,0.0,0.0,0.0,0.0,0.0,0.0,0.0,0.0,0.0,0.0,0.0,0.0,0.0,0.0,0.0,0.0,0.0,0.0,0.0,0.0,0.0,0.0,0.0,0.0,0.0,0.0,0.0,0.0,0.0,0.0,0.0,0.0,0.0,0.0,0.0,0.0,0.0,0.0,0.0,0.052349474,0.005680757,0.020830795,0.0,0.005790545,0.006881006,0.0,0.010357981,0.0,0.024069944,0.0,0.0,0.0,0.0,0.0,0.0,0.0,0.011551499,0.0,0.0,0.001751692,0.006113175,0.0,0.0,0.006889463,0.0,0.0,0.0,0.0,20.26256572,0.0,0.0,0.0,0.0,0.000184178,0.0,0.006614027,12.93355259,0.0,0.0,0.001244668,0.0,0.0,0.0,0.0,0.0,0.0,12.50243417,0.0,0.022903616,0.023350631,0.0,0.0,0.0,0.0,0.0,0.0,0.0,0.0,0.0,0.0,0.0,0.0,0.0,0.0,0.0,0.0,0.0,0.0,0.0,0.0,0.0,0.0,0.0,0.0,0.0,0.0,0.0,0.0,0.0,0.0,0.0,0.0,0.0,0.0,0.0,0.0,0.0,0.0,0.0,0.0,0.0,0.0,0.0,0.0,0.0,0.0,0.0,0.0,0.0,0.0
16.21,,1399.45_85.1004_NILU_2,Tetradecane,C14H30,BGHCVCJVXZWKCC-UHFFFAOYSA-N,CCCCCCCCCCCCCC,629-59-4,Tetradecane,4-GC-NILU,85.1004,[M]+,,,,2,,,,1399.45,,,,,,normalized peak area,0.000939929,0.005807931,0.032206247,0.045901058,0.002203945,0.013162126,2802.269727,0.0,0.000605327,1034.684207,1207.131575,0.003122616,905.3486811,0.001051711,948.460523,1034.684207,258.6710517,0.00057632,452.6743405,323.3388147,452.6743405,0.020980289,0.000119429,209.0924335,0.004906027,60.35657874,0.003659234,0.062562049,0.0,157.3582231,105.6240128,0.0,0.0,0.009468081,0.0017588,0.0,0.014123616,0.010034283,0.025099421,0.0,0.0,0.002256054,0.011019606,0.0,0.016972615,36.64506566,0.0,0.0,0.0,0.0,0.0,0.0,0.0,0.0,0.0,0.0,0.0,0.0,0.0,0.0,0.0,0.0,0.0,0.0,0.000736449,0.0,0.001303627,0.0,0.0,0.0,0.0,0.000500677,0.0,0.0,0.0,0.0007374,0.000241804,0.000374816,0.000119856,3.91501e-05,0.0,0.0,0.000130719,0.0,7.46354e-05,0.000175333,0.0,6.87865e-05,0.0,0.0,0.00012456,0.000191247,0,0.0,0.0,0.0,8.08806e-05,3.94578e-05,0.0,0.0,0.0,0.0,0.0,0.0,0.0,0.0,0.0,0.0,0.0,0.0,0.000314595,6.33176e-05,5.69378e-05,0.017413564,0.0,0.00013256,4.92087e-05,4.48352e-05,0.0,0.001130502,0.0,0.009351156,6.61119e-05,0.009342241,0.017402274,603.5657874,1.83003e-05,0.0,0.016560962,0.0,0.00035042,0.007071793,0.000151702,5.04886e-05,495.7861825,0.054617836,0.0,0.007364521,0.0,0.054651809,0.000322671,0.002212068,0.023495299,0.000950057,0.009670372,0.0,0.0,0.002555929,0.002708421,7.93797e-05,0.001687186,0.0,0.002122026,0.000360415,0.0,0.0,0.000263309,0.0,0.000529824,0.0,0.0,0.000984381,0.0,0.000565194,0.0,0.0,0.0,0.0,0.002477187,0.0,0.002225511,0.0,0.0,0.0,0.0,0.0,0.0,0.0,0.0,0.0,0.0,0.0,0.0,0.0,0.0,0.0,0.0,0.0,0.0,0.0,0.0,0.0,0.0,0.0,0.0,0.144002049,0.01023706,0.000129921,13.2925993,0.085546328,0.003747027,0.003668247,0.286363765,0.002178909,0.00412611,0.003776667,0.002110668,0.051123186,0.002083903,0.001626905,1681.361836,0.016395923,0.001321304,0.204471439,1444.246706,1358.023022,0.299002205,0.044772909,0.069090675,0.009263935,0.007610785,0.00055482,5.68408e-05,0.006266303,3.96607e-05,0.001142312,0.0,0.000450719,0.002674857,0.003913165,4.93409e-05,0.011204733,0.00111358,0.0,0.0,4.9826e-05,0.0,0.0,3.448947357,0.0,0.0,0.0,0.0,0.0,0.0,0.0,30.17828937,0.013367882,0.000521189,0.0,4.03726e-05,0.003470898,0.000125316,4.80002e-05,0.0,0.000530121,0.000454694,0.002562554,0.001847402,0.00031357,0.0,0.0,0.0,0.0,23.71151308,0.000126606,0.0,0.0,0.0,0.002270962,0.0,0.0,0.0,0.00385192,0.0,0.0,0.0,15.08914468,0.0,0.0,0.004537147,0.004595136,0.0,0.0,0.0,0.0,0.0,0.012491371,25.86710517,0.0,0.0,0.004221703,0.0,0.0,0.0,0.0,0.0,0.0,0.0,0.0,0.0,0.0,0.0,16.16694073,0.0,0.0,0.0,0.0,0.0,0.0,0.0,0.0,0.003602529,0.0,0.0,0.0,0.003509403,0.0,0.0,0.0,0.0,0.0,0.0,0.0,0.0,0.0,0.0,0.0,0.0,0.0,0.0,0.0,0.0,0.0,0.034961083,0.00437548,0.0,0.004931684,0.00599227,0.0,0.0,0.0,0.0,0.0,0.0,0.0,0.0,0.0,0.0,0.003092928,0.0,0.0,0.0,0.0,0.0,0.0,6.035657874,0.002850171,0.0,0.0,0.0,0.0,0.0,0.0,0.0,0.0,0.0,0.0,0.0,0.0,0.0,0.0,0.0,0.0,0.0,0.0,0.0,0.0,0.0,0.0,0.0,0.0,0.0,0.0,0.0,0.0,0.0,0.0,0.0,0.0,0.0,0.0,0.0,0.0,0.0,0.0,0.0,0.0,0.0,0.0,0.0,0.0,0.0,0.0,0.0,0.0,0.0,0.0,0.0,0.0,0.0,0.0,0.0,0.0,0.0,0.0,0.0,0.0,0.0,0.0
16.34,,1410.09_141.07_NILU_2,Diphenyl ether,C12H10O,USIUVYZYUHIAEV-UHFFFAOYSA-N,O(C1=CC=CC=C1)C1=CC=CC=C1,101-84-8,"1,1'-Oxydibenzene",4-GC-NILU,141.07,[M]+,,,,2,,,,1410.09,,,,,,normalized peak area,2.60288e-05,0.000240328,0.00298028,0.017154941,5.17079e-05,0.00049358,431.1184196,8.35323e-05,2.59934e-05,301.7828937,538.8980245,0.001021947,122.8687496,2.10342e-05,146.5802627,582.0098664,797.5690762,1.05659e-05,153.0470389,28.02269727,62.51217084,0.002564258,0.0,23.71151308,0.0,7.544572342,0.000118221,0.005921051,0.0,51.73421035,9.91572365,0.0,0.0,0.003117539,0.000288079,0.0,0.0,0.000677314,0.027609364,0.0,0.0,0.000927489,0.001212157,0.0,0.0,11.64019733,0.0,0.0,0.0,0.0,0.0,0.0,0.0,0.0,0.0,0.0,0.0,0.0,0.0,0.0,0.0,0.0,0.0,0.0,0.0,0.0,0.000198648,0.0,0.0,0.0,0.0,0.0,0.0,0.0,0.0,0.0,3.22405e-05,3.9644e-05,0.0,0.0,0.0,0.0,0.0,0.0,0.0,0.0,0.0,0.0,0.0,0.0,0.0,0.0,0,0.0,0.0,0.0,0.0,0.0,0.0,0.0,0.0,0.0,0.0,0.0,0.0,0.0,0.0,0.0,0.0,0.0,0.0,0.0,5.48027e-06,0.001567221,0.0,0.0,1.41475e-06,2.11366e-06,0.0,0.000458851,0.0,0.002849876,0.0,0.004003817,0.005317361,127.1799338,0.0,0.0,0.003399355,0.0,0.0,0.00035359,7.13893e-05,0.0,409.5624986,0.009785696,0.0,0.003552298,0.0,0.007651253,0.0,6.77164e-05,0.002565934,8.0323e-05,0.000785718,0.0,0.0,0.00016431,0.00012865,5.82118e-07,0.000253078,6.98944e-07,0.000166731,2.31266e-05,0.0,0.0,0.0,0.0,0.0,0.0,3.23022e-05,0.000253127,0.0,0.0,0.0,0.0,0.0,0.0,0.000412864,0.0,0.0,0.0,0.0,0.0,0.0,0.0,0.0,0.0,0.0,0.0,0.0,0.0,0.0,0.0,0.0,0.0,0.0,0.0,0.0,0.0,0.0,0.0,0.0,0.0,0.0,0.0,0.003685342,1.08966e-05,4.287935257,0.008414393,0.0,2.88219e-05,0.095454588,2.17891e-05,0.0,0.00203359,0.000535785,0.072594924,4.28045e-05,0.000203363,905.3486811,0.000224365,0.000283137,0.23733292,1401.134864,1681.361836,0.027600204,0.021069604,0.072138793,0.001739351,0.000176135,0.0,2.48304e-06,0.000183812,0.0,0.000163187,3.2361e-06,0.0,0.000229273,0.0,0.0,0.003137325,0.0,0.0,0.0,0.0,0.0,0.0,0.0,2.19539e-05,0.0,0.0,0.0,0.0,0.0,0.0,0.0,0.000582703,0.0,0.0,0.0,0.0,0.0,0.0,0.0,0.0,3.67625e-05,0.0,0.000497995,6.12208e-05,0.0,6.1251e-06,9.36899e-05,0.0,23.71151308,0.0,0.0,0.0,0.0,0.000681288,0.0,0.0,0.0,0.000361118,0.0,0.0,0.0,0.0,0.00056379,0.0,0.0,0.002088698,0.0,10.9935197,9.91572365,0.0,0.0,0.002035631,0.0,0.0,0.0,0.0,0.0,0.0,0.0,0.000239413,0.0,0.0,0.0,0.001479205,0.0,0.0,0.000202165,10.34684207,0.005523844,0.0,0.001250394,0.0,0.000857417,0.0,0.0,0.0,0.001501054,0.0,0.0,0.003480592,0.0,12.28687496,0.0,0.001551096,0.0,0.0,0.0,0.0,0.0,0.0,0.0,0.0,0.0,0.000138237,0.0,0.0,0.0,0.0,0.0,1.19331e-05,0.0,0.0,0.0,0.0,0.0,0.0,0.0,8.03771e-06,0.0,0.0,0.0,0.0,0.0,0.0,0.0,0.0,0.0,0.0,0.0,0.0,0.0,0.0,0.0,0.0,0.0,0.0,0.0,0.0,0.0,0.0,1.573582231,0.0,0.00165415,0.0,0.0,0.0,0.0,0.0,1.358023022,0.0,0.0,0.0,0.0,0.0,0.0,0.0,0.0,0.0,0.0,0.0,0.0,0.0,0.0,0.0,0.0,0.0,0.0,0.0,0.0,0.0,0.0,0.0,0.0,0.0,0.0,0.00080612,0.0,0.0,0.0,0.0,0.0,0.0,0.0,0.0,0.0,0.0,0.0,0.0,0.0,0.0,0.0,0.0,0.0,0.0
16.37,,1412.19_96.0927_NILU_2,Dodecanal,C12H24O,HFJRKMMYBMWEAD-UHFFFAOYSA-N,CCCCCCCCCCCC=O,112-54-9,Dodecanal,4-GC-NILU,96.0927,[M]+,,,,2,,,,1412.19,,,,,,normalized peak area,0.0,0.0,0.0,0.0,0.0,0.0,0.0,0.0,0.0,0.0,0.0,0.0,0.0,0.0,0.0,0.0,0.0,0.0,0.0,0.0,0.0,0.0,0.0,0.0,0.0,0.0,0.0,0.0,0.0,0.0,0.0,0.0,0.0,0.0,0.0,0.0,0.0,0.0,0.0,0.0,0.0,0.0,0.0,0.0,0.0,0.0,0.0,0.0,0.0,0.0,0.0,0.0,0.0,0.0,0.0,0.0,0.0,0.323338815,0.0,0.0,0.0,0.0,0.0,0.0,0.000167375,0.0,0.0,0.0,0.0,0.0,0.0,0.000141262,0.0,0.0,0.0,0.000311347,0.0,0.0,0.0,0.0,0.0,0.0,0.0,0.0,2.51046e-05,3.89629e-05,2.12787e-05,0.0,0.0,0.0,0.0,5.61269e-05,0,0.0,0.0,3.49997e-05,0.0,0.0,0.0,0.0,0.0,0.0,0.0,0.0,0.0,0.0,0.0,0.000178578,0.0,0.0,0.0,0.0,0.0,0.0,0.0,0.0,0.0,0.0,0.0,0.0,0.0,0.0,0.0,0.0,0.0,0.0,0.0,0.0,0.0,0.0,0.0,0.0,0.0,0.0,0.0,0.0,0.0,0.0,0.0,0.008379944,0.0,0.0,0.0,0.0,0.0,0.0,0.0,0.0,0.0,0.0,0.0,0.0,0.0,0.0,0.0,0.0,0.0,0.0,0.0,0.0,0.0,0.0,0.0,0.0,0.0,0.0,0.0,0.00018438,0.0,0.0,0.0,0.0,0.0,0.0,0.0,0.0,0.0,0.0,0.0,0.0,0.0,0.0,0.0,0.0,0.0,0.0,0.0,0.0,0.0,0.0,0.0,0.0,0.0,0.0,0.0,0.0,0.0,0.0,0.0,0.0,0.0,0.0,0.0,0.0,0.0,0.0,0.0,0.0,0.0,0.0,0.0,0.0,0.0,0.0,1379.578943,0.0,0.0,0.0,0.0,0.0,0.0,0.0,0.0,0.0,0.0,0.0,0.0,0.0,0.0,0.0,0.0,0.0,0.0,0.0,0.0,0.0,0.0,0.0,0.0,0.0,0.0,0.0,0.0,0.0,0.0,0.0,4.742302615,0.0,0.0,0.0,0.0,0.0,0.0,0.0,0.0,0.0,0.0,0.0,0.0,2.09047e-05,0.0,0.0,0.0,0.0,0.0,3.38805e-05,0.0,0.0,0.0,0.0,0.0,0.0,0.0,0.0,0.0,0.0,0.0,0.0,0.0,0.0,0.0,0.0,0.0,0.0,0.0,0.0,0.0,0.0,0.0,0.0,0.0,0.0,0.0,0.0,0.0,0.0,0.0,0.0,0.0,0.0,0.0,0.0,0.0,0.0,0.0,0.0,0.0,0.0,0.0,0.0,0.0,0.0,0.0,0.0,0.0,0.0,0.0,0.0,0.0,0.0,0.0,0.0,0.0,0.0,0.0,0.0,0.0,0.0,0.006533271,0.0,0.005062105,0.007374212,0.0,0.0,0.0,0.0,0.020089563,0.011836043,0.00599227,0.002481564,0.0,0.0,0.0,0.005741219,0.0,0.0,0.002388576,0.0,10.9935197,0.0,0.0,0.0,0.007685379,0.0,0.0,0.0,19.8314473,0.0,15.73582231,0.0,0.0,0.029068874,0.006652524,0.0,0.0,0.008409688,6.466776293,0.0,0.005980388,0.0,0.0,0.008293235,0.0,0.0,0.0,0.0,0.0,0.0,0.0,0.0,15.08914468,0.0,0.0,0.0,0.0,0.0,11.85575654,0.0,0.0,0.0,0.0,0.0,0.0,0.0,0.0,0.0,0.0,0.0,0.0,0.0,0.0,0.0,0.0,0.0,0.0,0.0,0.0,0.0,0.0,0.0,0.0,0.0,0.010154948,0.0,0.0,0.0,0.0,0.0,0.0,0.002328051
16.55,,1426.18_121.0698_NILU_2,Alpha-cedrene,C15H24,IRAQOCYXUMOFCW-OSFYFWSMSA-N,[H][C@@]12CC[C@@H](C)[C@]11C[C@@H](C(C)=CC1)C2(C)C,469-61-4,Cedr-8-ene,4-GC-NILU,121.0698,[M]+,,,,2,,,,1426.18,,,,,,normalized peak area,0.0,0.0,0.000245152,0.017618588,0.0,0.0,0.0,0.0,0.0,0.0,62.51217084,0.000107872,25.86710517,0.0,159.5138152,122.8687496,0.0,0.0,0.0,7.975690762,0.0,0.000372983,0.0,30.17828937,0.0,1.746029599,0.0,0.003463256,0.0,10.13128286,2.586710517,0.0,0.0,0.0,6.06483e-05,0.0,0.0,0.0,0.003513919,0.0,0.0,0.000701883,0.000440784,0.0,0.0,1.013128286,0.0,0.0,0.0,0.0,0.0,0.0,0.0,0.0,0.0,0.0,0.0,0.0,0.0,2.802269727,6.73607e-06,0.0,1.13358e-05,0.0,2.678e-05,4.00155e-06,0.000227617,0.0,0.0,1.33124e-06,0.0,1.96695e-05,0.0,0.0,0.0,4.58826e-05,2.82105e-05,2.01824e-05,0.0,3.44521e-06,0.0,0.0,1.0101e-05,0.0,8.14204e-06,1.10395e-05,9.7767e-06,3.01818e-06,0.0,0.0,1.09906e-05,0.0,0,3.97855e-05,4.19445e-06,0.0,7.4447e-06,0.0,0.0,0.0,0.0,0.0,0.0,0.0,0.0,0.0,1.14397e-05,0.00013656,0.0,0.0,0.0,3.74149e-06,0.0,0.015091755,8.60145e-07,3.51284e-06,0.0,0.0,6.12771e-06,0.000332501,0.0,0.00391858,0.0,0.012011452,0.014985291,366.4506566,6.439e-07,0.0,0.004793963,0.0,1.57689e-05,0.00128578,4.90801e-06,7.15255e-06,125.0243417,0.014337182,0.0,0.00242596,0.0,0.036434539,0.0,0.000334067,0.002875083,0.000310928,0.001510996,0.0,0.0,0.000392518,0.000423191,0.0,0.000658002,0.0,0.000378933,6.00691e-05,0.0,0.0,4.93705e-05,0.0,0.000208145,0.0,0.000153435,0.000281252,0.0,0.000183688,0.0,0.0,0.0,0.001843804,0.000371578,0.560453945,0.0,0.0,0.0,0.0,0.0,0.0,0.0,0.0,0.0,0.0,0.0,0.0,0.0,0.0,0.0,0.0,0.0,0.0,0.0,0.0,0.0,0.0,0.0,0.0,0.0,0.0,0.0,0.0,3.859141732,0.0,0.0,0.0,0.00229091,0.0,0.0,0.0005665,0.0,0.0,0.0,0.000315213,948.460523,0.0,0.0,0.0,1056.240128,237.1151308,0.0,0.0,0.0,0.000397026,9.7853e-05,0.0,0.0,0.001483025,0.0,0.0,0.0,0.0,0.000127374,0.0,3.01528e-06,0.0,4.85407e-05,0.0,0.0,0.0,0.0,0.0,0.0,0.0,0.0,0.0,0.0,0.0,0.0,0.0,0.0,0.000702671,0.0,0.0,0.0,0.0,0.0,0.0,0.0,0.0,2.32184e-05,0.0,0.0,8.36186e-05,5.11229e-06,0.0,0.0,0.0,1.702917757,0.0,0.0,0.0,0.0,0.000150709,0.0,0.0,0.0,0.0,0.0,0.0,0.0,0.0,0.000820059,0.000297534,0.000148054,0.001712732,0.0,5.820098664,6.682335503,0.0,0.0,0.000740229,13.79578943,0.0,0.0,0.007036172,0.0,0.0,0.0,0.001503293,0.0,0.0,0.0,0.000519721,0.0,0.0,0.001121097,3.880065776,0.001169755,0.0,0.000850268,0.0,0.000756086,0.0,0.0,0.0,0.000870611,0.0,0.0,0.001118762,0.0,11.64019733,0.0,0.002326643,0.0,0.003727616,0.0,0.0,0.0,0.0,0.0,0.0,0.0,0.0,0.0,0.0,0.0,0.0,0.0,0.0,0.0,0.0,0.0,0.0,0.0,0.0,0.0,0.0,0.0,0.0,0.0,0.0,0.0,0.0,0.0,0.0,0.0,0.0,0.0,0.0,0.0,0.0,0.0,0.0,0.0,0.0,0.0,0.0,0.0,0.0,0.0,0.0,0.0,0.0,0.0,0.0,0.0,0.0,0.0,0.0,0.0,0.0,0.0,0.0,0.0,0.0,0.0,0.0,0.0,0.0,0.0,0.0,0.0,0.0,0.0,0.0,0.0,0.0,0.0,0.0,0.0,0.0,0.0,0.0,0.0,0.0,0.0,0.0,0.0,0.0,0.0,0.0,0.0,0.0,0.0,0.0,0.0,0.0,0.0,0.0,0.0,0.0,0.0,0.0
16.79,,1444.45_82.0448_NILU_2,Diisopropyl adipate,C12H22O4,ZDQWESQEGGJUCH-UHFFFAOYSA-N,CC(C)OC(=O)CCCCC(=O)OC(C)C,6938-94-9,Dipropan-2-yl hexanedioate,4-GC-NILU,82.0448,[M]+,,,,2,,,,1444.45,,,,,,normalized peak area,0.0,0.0,0.0,0.0,0.0,0.0,0.0,0.0,0.0,0.0,0.0,0.0,0.0,0.0,0.0,0.0,0.0,0.0,0.0,0.0,0.0,0.0,0.0,0.0,0.0,0.0,0.0,0.0,0.0,0.0,0.0,0.0,0.0,0.0,0.0,0.0,0.0,0.0,0.0,0.0,0.0,0.0,0.0,0.0,0.0,0.0,0.0,0.0,0.0,0.0,0.0,0.0,0.0,0.0,0.0,0.0,0.0,0.0,0.0,0.0,0.0,0.0,0.0,0.0,2.51062e-05,0.0,0.0,0.0,0.0,0.0,0.0,0.0,0.0,0.0,0.0,0.0,0.0,1.58576e-05,0.0,0.0,0.0,0.0,0.0,0.0,0.0,0.0,0.0,0.0,1.17852e-05,0.0,0.0,0.0,0,0.0,0.0,0.0,0.0,0.0,0.0,0.0,0.0,0.0,0.0,0.0,0.0,0.0,0.0,0.0,0.0,0.0,0.0,0.0,0.0,0.0,0.0,0.0,0.0,0.0,0.0,0.0,0.0,0.0,0.0,0.0,0.0,0.0,0.0,0.0,0.0,0.0,0.0,0.0,0.0,0.0,0.0,0.0,0.0,0.0,0.0,0.0,0.0,0.0,0.0,0.0,0.0,0.0,0.0,0.0,0.0,0.0,0.0,0.0,0.0,0.0,0.0,0.0,0.0,0.0,0.0,0.0,0.0,0.0,0.0,0.0,0.0,0.0,0.0,0.0,0.0,0.0,0.0,0.0,0.0,0.0,0.0,0.0,0.0,0.0,0.0,0.0,0.0,0.0,0.0,0.0,0.0,0.0,0.0,0.0,0.0,0.0,0.0,0.0,0.0,0.0,0.0,0.0,0.0,0.0,0.0,0.0,0.0,0.0,0.0,0.0,0.0,0.0,0.0,0.0,0.0,0.0,0.0,0.0,0.009977196,0.0,0.0,0.0,0.0,0.0,0.0,0.0,0.0,0.0,0.0,0.0,0.0,0.0,0.0,0.0,0.0,0.0,0.0,0.0,0.0,0.0,0.0,0.0,0.0,0.0,0.0,0.0,0.0,0.0,0.0,0.0,0.0,0.0,0.0,0.0,0.0,0.0,0.0,0.0,0.0,0.0,0.0,0.0,0.0,0.0,0.0,0.0,0.0,0.0,0.0,0.0,0.0,0.0,0.0,0.0,0.0,0.0,0.0,0.0,0.0,0.0,0.0,0.0,0.0,0.0,0.0,0.0,0.0,0.0,0.0,0.0,0.0,0.0,0.0,0.0,0.0,0.0,0.0,0.0,0.0,0.0,0.0,0.0,0.0,0.0,0.0,0.0,0.0,0.0,0.0,0.0,0.0,0.0,0.0,0.0,0.0,0.0,0.0,0.0,0.0,0.0,0.0,0.0,0.0,0.0,0.0,0.0,0.0,0.0,0.0,0.0,0.0,0.0,0.0,0.0,0.0,0.0,0.0,0.0,0.0,0.0,0.0,0.0,0.0,0.0,0.0,0.0,0.0,0.0,0.0,0.0,0.0,0.0,0.0,0.0,0.0,0.0,0.0,0.0,0.0,0.0,0.0,0.0,0.0,0.0,0.0,0.0,0.0,0.0,0.0,0.0,0.0,0.0,0.0,0.0,0.0,0.0,0.0,0.0,0.0,0.0,0.0,0.0,0.0,0.0,0.0,0.0,0.0,0.0,0.0,0.0,0.0,0.0,0.0,0.0,0.0,0.0,0.0,0.0,0.0,0.0,0.0,0.0,0.0,0.0,0.0,0.0,0.66823355,0.0,0.0,0.0,0.0,0.0,0.0,0.0,0.0,0.0,0.0,0.0,0.0,0.0,0.0,0.0,0.0,0.0,0.0,0.0
16.86,,1451.16_43.0201_NILU_2,"5,9-Undecadien-2-one, 6,10-dimethyl-, (Z)-",C13H22O,HNZUNIKWNYHEJJ-XFXZXTDPSA-N,CC(C)=CCC\C(C)=C/CCC(C)=O,3879-26-3,"(5Z)-6,10-dimethylundeca-5,9-dien-2-one",4-GC-NILU,43.0201,[M]+,,,,2,,,,1451.16,,,,,,normalized peak area,0.0,0.0,0.0,0.0,0.0,0.0,0.0,0.0,0.0,0.0,0.0,0.0,0.0,0.0,0.0,0.0,754.4572342,0.0,0.0,0.0,0.0,0.0,0.0,0.0,0.0,0.0,0.0,0.0,0.0,0.0,0.0,0.0,0.0,0.0,0.0,0.0,0.0,0.0,0.0,0.0,0.0,0.0,0.0,0.0,0.0,0.0,0.0,0.0,0.0,0.0,0.0,0.0,0.0,0.0,0.0,0.0,0.0,0.0,0.0,0.0,0.000254191,0.0,0.0,0.0,0.0,0.0,0.0,0.0,0.0,0.0,0.0,0.0,0.0,0.0,0.0,0.0,0.0,0.0,0.0,0.0,0.0,0.0,0.0,0.0,0.0,0.0,0.0,0.0,0.0,0.0,0.0,0.0,0,0.0,0.0,0.0,0.0,0.0,3.0934e-05,0.0,0.0,0.0,0.0,0.0,0.0,0.0,0.0,0.0,0.0,0.0,0.0,0.0,0.0,0.0,0.0,0.0,0.0,0.0,0.0,0.0,0.0,0.0,0.0,0.021353693,0.0,0.0,0.0,0.0,0.0,0.0,0.0,0.008357573,1.29393e-05,0.0,0.0,0.0,0.0,0.0,0.0,0.02769025,2.42004e-05,0.0,0.0,0.0,0.0,0.0,0.0,0.0,0.0,0.0,0.0,0.0,0.0,0.0,0.0,0.0,0.0,0.0,0.0,0.0,0.0,0.0,0.0,0.0,0.0,0.0,0.0,0.0,0.0,0.0,0.002437465,0.0,0.0,0.0,0.0,0.0,0.0,0.0,0.0,0.0,0.0,0.0,0.0,0.0,0.0,0.0,0.0,0.0,0.0,0.0,0.0,0.0,0.0,0.0,0.0,0.0,0.0,0.0,0.0,0.0,0.0,0.003144212,0.0,0.001016824,0.010679344,0.0,0.0,0.016359419,0.0,0.0,0.0,0.0,0.0,0.0,0.0,0.0,0.0,0.0,0.050801967,0.0,0.0,0.0,0.000200439,0.003133151,0.0,0.000979124,0.0,0.0,0.0,0.0,0.0,0.0,0.000131345,8.622368391,0.000435352,8.96868e-05,6.897894713,0.000253303,5.820098664,0.000169359,0.0,0.0,8.837927601,5.47914e-05,0.0,0.0,94.8460523,0.018852141,0.0,0.0,0.0,0.0,0.0,1.41177e-05,0.0,0.0,0.0,0.0,0.0,0.0,0.0,0.0,0.0,0.001598311,0.0,7.846e-05,0.0,0.0,0.0,0.000454192,0.0,0.0,0.0,0.0,0.0,0.0,0.0,0.0,0.0,0.0,0.000429835,0.0,0.0,0.0,0.0,0.0,0.0,0.0,0.0,0.0,0.0,0.009006301,0.0,0.0,0.0,0.0,0.0,0.0,0.0,0.0,0.0,0.0,0.0,0.0,0.0,0.0,0.0,0.0,0.0,0.0,0.0,0.0,0.0,0.0,0.0,0.0,0.0,0.0,0.0,0.0,0.0,0.0,0.0,0.0,0.0,0.0,0.0,0.0,0.0,0.0,0.0,0.0,0.0,0.0,0.0,0.0,0.0,0.0,0.0,0.0,0.0,0.0,0.0,0.0,0.0,0.0,0.0,0.0,0.0,0.0,0.0,0.0,0.0,5.97333e-05,0.0,0.0,0.0,0.0,0.0,0.0,0.0,0.001111457,0.0,0.0,0.0,0.0,0.0,2.51509e-05,0.0,0.0,0.0,0.0,0.0,0.0,0.0,0.0,0.0,0.0,0.0,0.0,0.0,0.0,0.0,0.0,0.0,0.0,0.155202631,0.0,0.0,0.0,0.0,0.0,0.0,0.0,0.0,0.0,0.0,0.0,0.0,0.0,0.0,0.0,0.0,0.0,0.0,0.0,0.0,0.0,0.0,0.0,0.0,0.0,0.0,0.000190587,0.0,0.0,0.0,0.0,0.0,0.0
16.89,,1453.54_163.0412_NILU_2,Dimethyl phthalate,C10H10O4,NIQCNGHVCWTJSM-UHFFFAOYSA-N,COC(=O)C1=C(C=CC=C1)C(=O)OC,131-11-3,"Dimethyl benzene-1,2-dicarboxylate",4-GC-NILU,163.0412,[M]+,,,,2,,,,1453.54,,,,,,normalized peak area,0.0,0.0,0.0,0.0,0.0,0.0,0.0,0.0,0.0,0.0,0.0,0.0,0.0,0.0,1013.128286,0.0,0.0,0.0,0.0,0.0,0.0,0.0,0.0,0.0,0.0,0.0,0.0,0.0,0.0,0.0,0.0,0.0,0.0,0.0,0.0,0.0,0.0,0.0,0.0,0.0,0.0,0.0,0.0,0.0,0.0,0.0,0.0,0.0,0.0,0.0,0.0,0.0,0.0,0.0,0.0,0.0,0.0,0.0,0.0,0.0,0.0,0.0,0.0,0.0,0.0,0.0,0.0,0.0,0.0,0.0,0.0,0.0,0.0,0.0,0.0,0.0,0.0,0.0,0.0,0.0,0.0,0.0,0.0,0.0,0.0,1.88321e-05,0.0,0.0,0.0,0.0,0.0,0.0,0,0.0,0.0,0.0,0.0,0.0,0.0,0.0,0.0,0.0,0.0,7.92418e-06,0.0,0.0,0.0,0.003046329,0.0,0.0,0.0,0.0,0.0,0.0,0.0,0.0,0.0,0.0,0.0,0.0,0.0,0.0,0.0,0.0,0.0,0.0,0.0,0.0,0.0,0.0,0.0,0.0,0.0,0.0,0.0,0.0,1.23779e-06,0.0,0.0,0.0,0.0,0.0,0.0,0.0,0.0,0.0,0.0,0.0,0.0,0.0,0.0,0.0,0.0,0.0,0.0,0.0,0.0,0.0,0.0,0.0,0.0,0.0,0.0,0.0,0.0,0.004865604,0.0,0.0,0.0,0.0,0.0,0.0,0.0,0.0,0.0,0.0,0.0,0.0,0.0,0.0,0.0,0.0,0.0,0.0,0.0,0.0,0.0,0.0,0.0,0.0,0.0,0.0,0.0,0.0,0.0,0.003785197,0.0,0.0,0.0,0.0,0.0,4.4543e-06,0.0,0.0,0.0,0.0,0.0,0.0,0.0,0.0,0.0,2.32995e-05,0.0,0.0,0.0,0.0,0.0,0.0,0.0,0.0,0.0,0.0,0.0,0.0,0.0,0.0,0.0,0.0,0.0,0.0,0.0,0.0,0.0,0.0,0.0,0.0,0.0,0.0,0.0,0.0,0.0,0.0,0.0,0.0,0.0,0.0,0.0,0.0,0.0,0.0,0.0,0.0,0.0,0.0,0.0,0.0,0.0,0.0,0.0,0.0,0.0,0.0,0.0,0.0,79.75690762,0.0,0.0,0.0,0.000115796,0.0,0.0,0.0,0.0,0.0,0.0,0.0,0.0,0.0,0.0,0.0,0.0,0.030494993,0.0,0.0,0.0,0.0,0.0,0.0,0.0,0.0,0.0,0.0,0.0,0.0,0.0,0.0,0.0,0.0,0.0,0.0,0.0,0.0,0.0,0.0,0.0,0.0,0.0,0.0,0.017927806,0.0,0.0,0.0,0.0,0.0,0.0,0.0,0.0,0.0,0.0,0.0,0.0,0.0,0.0,0.0,0.0,0.0,0.0,0.0,0.0,5.0268e-05,0.0,0.0,0.015341829,0.0,0.0,0.0,0.0,0.0,0.0,0.0,0.0,0.0,0.0,0.0,0.0,0.0,0.0,0.0,0.0,0.0,0.0,0.0,0.0,0.0,0.0,0.0,0.0,0.0,0.0,0.0,0.0,0.0,0.0,0.0,0.0,0.0,0.0,0.0,0.0,0.0,0.0,0.0,0.0,0.0,0.0,0.0,0.0,0.0,0.0,0.0,0.0,0.0,0.0,0.0,0.0,0.0,0.0,0.0,0.0,0.0,0.0,0.0,0.0,0.0,0.0,0.0,0.0,0.0,0.0,0.0,0.0,0.0,0.0,0.0,0.0,0.0,0.0,0.0,0.0,0.0,0.0,0.0,0.0,0.0,0.0,0.0,0.0,0.0,0.0,0.0
17.16,,1474.32_69.0686_NILU_2,.alpha. Isomethyl ionone,C14H22O,JRJBVWJSTHECJK-PKNBQFBNSA-N,CC1=CCCC(C1/C=C(\C)/C(=O)C)(C)C,204-846-3,"(E)-3-methyl-4-(2,6,6-trimethylcyclohex-2-en-1-yl)but-3-en-2-one",4-GC-NILU,69.0686,[M]+,,,,2,,,,1474.32,,,,,,normalized peak area,0.0,0.0,0.0,0.0,0.0,0.0,0.0,0.0,0.0,0.0,0.0,0.0,0.0,0.0,0.0,0.0,0.0,0.0,646.6776293,0.0,0.0,0.0,0.0,92.69046021,0.0,474.2302615,0.0,0.167576917,0.0,1034.684207,0.0,0.006302173,0.0,0.0,0.001849773,0.0,0.047803007,0.008361903,0.168166123,0.0,58.20098664,0.007645516,0.020937251,0.0,0.0,16.38249994,5.604539454,0.0,0.0,0.0,0.020501502,16.16694073,0.0,0.0,0.0,0.0,0.0,28.02269727,0.0,21.55592098,0.000241482,0.0,7.34253e-05,0.000430076,0.002845371,0.0,0.005793898,0.0,6.47959e-05,0.0,0.0,0.00500677,0.0,0.0,0.0,0.007537864,0.00181353,0.002378637,0.0,0.000261,0.0,0.0,0.000891263,0.0,0.000142486,0.000779259,0.0,0.000533447,0.000828846,0.0,0.000637456,0.00091466,0,0.000501644,0.000234889,0.000772406,0.0,0.0,0.001006287,0.0,0.0,0.0,0.0,0.000433353,0.0,0.0,0.00043503,0.004622017,0.0,0.0,0.0,0.0,0.0,0.0,3.1278e-05,0.000172328,0.0,2.04961e-05,0.00015158,0.0,0.0,0.0,3.81116e-05,0.0,0.030937376,1875.365125,2.27059e-05,0.0,0.063628958,0.0,0.0,0.005721723,0.0,0.000122014,0.0,0.0,3.40393e-05,0.0,0.0,0.178529242,0.0,0.0,0.210221095,0.014682706,0.081593761,0.00022529,0.0,0.020082299,0.018620396,0.0,0.0,0.0,0.014096314,0.001321521,0.0,0.0,0.002139388,0.0,0.00397368,0.0,0.004306954,0.011812575,0.0,0.025433747,0.0,0.002931087,0.0,0.012974915,0.018578901,21.55592098,0.0,0.0,0.0,0.0,0.0,0.0,0.0,0.0,0.0,0.0,0.0,0.0,0.0,0.0,3.448947357,0.0,0.0,0.0,0.0,0.0,0.0,0.0,0.0,0.0,0.538898024,0.0,0.0,0.0,12.00621872,0.0,0.0,0.0,0.0,0.0,0.0,0.0,0.0,0.0,0.0,0.014235418,7113.453923,0.0,0.000485377,0.0,4311.184196,2802.269727,0.414003053,0.0,0.0,0.008129575,0.03479216,0.0,0.0,0.0,0.000317285,0.006119528,0.0,0.002591634,0.00195307,0.0,8.49759e-05,0.00672284,0.001085026,0.0,0.035619729,0.0,0.0,0.0,0.0,0.028226463,0.0,0.063826169,0.0,0.005619629,0.0,0.0,75.44572342,0.102829862,0.000325743,0.0,0.0,0.0,0.000683543,0.0,0.0,0.0,0.000677204,0.019711952,0.005140596,0.001373735,0.000916687,0.0,0.0,0.0,73.29013133,0.000410132,0.0,0.00052844,0.002573249,0.012593514,0.0,0.0,0.0,0.0048149,0.0,0.0,0.0,0.0,0.006150441,0.0,0.00085967,0.0,0.0,0.0,11.85575654,0.0,0.0,0.020818951,0.0,0.0,0.004662213,0.00365881,0.0,0.0,0.0,0.002616844,0.0,0.0,0.0,0.005996776,0.0,0.0,0.001433534,88.37927601,0.002696936,0.0,0.024507726,0.0,0.017148336,0.0,0.0,0.0,0.0,0.0,0.0,0.0,0.0,0.0,0.0,0.029083041,0.0,0.0,0.0,0.004094743,0.004869635,0.0,0.0,0.002277697,0.0,0.0,0.0,0.0,0.002424999,0.0,0.005826847,0.0,0.0,0.014795053,0.0,0.0,0.0,0.0,0.0,0.0,19.61588809,0.0,0.0,0.0,9.269046021,0.0,0.0,0.0,0.0,0.0,0.0,0.0,0.0,0.011672131,0.0,0.0,0.0,0.0,0.0,0.0,0.0,0.0,0.0,0.0,0.0,0.0,0.0,0.0,0.0,0.0,0.0,0.0,0.0,0.0,0.0,0.0,0.0,6.035657874,0.0,0.0,0.0,0.0,0.0,0.0,0.0,0.0,0.0,0.001710509,0.0,0.0,0.0,0.0,6.035657874,0.0,0.0,0.0,0.0,0.0,0.0,0.0,0.0,0.0,0.0,0.0,0.0,0.0,0.0,0.0,0.0,0.0,0.0,0.0,0.0,0.0,0.0,0.0
17.26,,1482.65_43.0175_NILU_2,trans-.beta.-Ionone,C13H20O,PSQYTAPXSHCGMF-BQYQJAHWSA-N,CC1=C(C(CCC1)(C)C)/C=C/C(=O)C,79-77-6,"(E)-4-(2,6,6-trimethylcyclohexen-1-yl)but-3-en-2-one",4-GC-NILU,43.0175,[M]+,,,,2,,,,1482.65,,,,,,normalized peak area,0.0,0.0,0.0,0.0,0.0,0.0,0.0,0.0,0.0,0.0,0.0,0.0,0.0,0.0,0.0,0.0,0.0,0.0,0.0,0.0,0.0,0.003216978,0.0,0.0,0.0,0.0,0.0,0.0,0.0,0.0,0.0,0.0,0.0,0.003463932,0.0,0.0,0.0,0.0,0.0,0.0,0.0,0.0,0.0,0.0,0.002468744,0.0,0.0,0.0,0.0,0.0,0.0,0.0,0.0,0.0,0.0,0.0,0.0,0.0,0.0,0.0,0.0,0.0,0.0,0.0,0.00020085,0.0,0.0,0.0,0.0,0.0,0.0,0.0,0.0,0.0,0.0,0.0,0.0,0.0,0.0,0.0,0.0,0.0,0.0,0.0,0.0,0.0,5.23341e-05,0.0,0.0,0.0,0.0,0.0,0,0.0,0.0,0.0,0.0,0.0,0.0,0.0,0.0,0.0,0.0,0.0,0.0,0.0,0.0,0.0,0.0,0.0,0.0,0.0,0.0,0.0,0.0,0.0,0.0,0.0,0.0,0.0,0.0,0.004363873,0.0,0.0,0.0,0.0,0.0,0.0,0.0,0.0,8.76051e-05,0.0,0.0,0.0,0.0,0.0,0.0,0.0,0.0,0.0,0.0,0.0,0.03709784,0.0,0.0,0.0,0.0,0.0,0.0,0.0,0.0,0.0,0.0,0.0,0.0,0.0,0.0,0.0,0.001097492,0.0,0.002476499,0.005062532,0.0,0.007535925,0.0,0.003282817,0.0,0.006214301,0.0,0.0,0.0,0.0,0.0,0.0,0.0,0.0,0.0,0.0,0.0,0.0,0.0,0.0,0.0,0.0,0.0,0.0,0.0,0.0,0.0,0.0,0.0,0.0,0.0,0.0,0.0,0.0,0.0,0.0,0.0,0.0,0.0,0.0,0.0,0.0,0.0,0.0,0.0,0.008793188,0.0,0.0,0.0,0.0,0.0,0.0,0.0,0.0,0.016100119,0.0,0.0,0.0,0.0,0.0,0.0,0.0,0.0,0.000399809,0.0,0.0,0.0,0.000391317,0.0,0.0,0.0,0.0,0.0,0.0,0.0,0.0,0.0,0.0,0.0,0.0,0.0,0.0,0.0,0.0,0.0,0.0,0.0,0.0,0.0,0.00017039,0.0,0.0,0.0,0.0,0.0,0.0,0.0,0.000194115,0.0,0.0,0.0,0.0,6.682335503,0.0,0.0,0.0,0.0,0.0,0.0,0.0,0.0,0.0,0.0,0.0,0.0,9.70016444,0.003126474,0.001154609,0.0,0.005012876,0.0,40.95624986,0.0,0.0,0.0,0.0,0.0,0.0,0.001977908,0.0,0.0,0.0,0.0,0.002783877,0.0,0.0,0.0,0.00187899,0.0,0.0,0.0,0.0,0.0,0.0,0.0,0.0,0.003507614,0.0,0.0,0.0,0.004503161,0.0,0.0,0.005718115,0.0,32.33388147,0.0,0.007173817,0.0,0.017980265,0.0,0.0,0.0,0.0,0.0,0.0,0.0,0.0,0.0,0.0,0.0,0.000199032,0.0,0.0,0.0,0.0,0.0,0.0,0.0,0.0,0.0,0.0,0.0,0.0,0.0,0.0,0.0,0.0,0.0,0.0,0.0,0.0,0.0,0.0,0.0,0.0,0.0,0.0,0.000127374,0.004445828,0.0,0.0,0.0,0.0,0.0,0.0,0.0,0.0,0.0,0.0,0.0,0.0,0.0,0.0,0.0,0.0,0.0,0.0,0.43111842,0.88379276,0.0,0.000613552,0.0,0.0,0.301782894,0.0,0.0,0.0,0.0,0.000261607,0.0,0.001235432,0.0,0.0,0.0,0.0,0.0,0.0,1.207131575,0.001289791,0.0,0.0,0.0,0.0,0.0,0.0,0.0,0.0,0.0,0.000112462,0.0,0.0,0.0,0.0,0.0,0.0,0.0,0.0
17.32,,1487.16_133.0995_NILU_2,"3-Buten-2-one, 4-(2,6,6-trimethyl-1-cyclohexen-1-yl)-",C13H20O,PSQYTAPXSHCGMF-UHFFFAOYSA-N,CC(=O)C=CC1=C(C)CCCC1(C)C,14901-07-6,"4-(2,6,6-Trimethylcyclohex-1-en-1-yl)but-3-en-2-one",4-GC-NILU,133.0995,[M]+,,,,2,,,,1487.16,,,,,,normalized peak area,0.0,0.0,0.0,0.006954706,0.0,0.00074037,0.0,0.0,0.0,0.0,198.314473,0.0,0.0,0.0,0.0,0.0,0.0,0.0,0.0,0.0,34.48947357,0.0,0.0,0.0,0.0,0.0,0.0,0.002904667,0.0,0.0,0.0,0.0,0.0,0.0,0.000148588,0.0,0.0,0.001839619,0.0,0.0,0.0,0.0,0.0,0.0,0.0,0.0,0.0,0.0,0.0,0.0,0.0,0.0,0.0,0.0,0.0,0.0,0.0,0.0,0.0,0.0,0.0,0.0,0.0,0.0,0.0,0.0,0.000105532,0.0,0.0,0.0,0.0,0.0,0.0,0.0,0.0,0.0,0.0,0.0,0.0,0.0,0.0,0.0,0.0,0.0,0.0,0.0,0.0,0.0,0.0,0.0,0.0,0.0,0,0.0,0.0,0.0,0.0,0.0,0.0,0.0,0.0,0.0,0.0,0.0,0.0,0.0,0.0,0.0,0.0,0.0,0.0,0.0,0.0,0.011609043,0.0,0.0,0.0,0.0,0.0,0.0,0.0,0.0,0.0,0.0,0.0,81.91249972,0.0,0.0,0.0,0.0,0.0,0.0,0.0,1.43051e-05,49.57861825,0.00682723,0.0,0.002945808,0.0,0.004007799,0.0,0.0,0.0,0.000380023,0.0,0.0,0.0,0.0,0.000626322,0.0,0.00026995,0.0,0.0,0.0,0.0,0.0,0.0,0.0,0.0,0.0,0.0,0.0,0.0,0.0,0.0,0.0,0.0,0.0,0.0,0.0,0.000127172,0.0,0.323338815,0.00257666,0.0,0.0,0.0,0.0,0.0,0.0,0.0,0.0,0.0,0.0,0.388006578,0.0,0.0,0.0,0.0,0.0,0.0,0.0,0.0,0.0,0.045267434,0.0,0.0,0.0,0.0,0.001542639,0.0,0.0,0.005345457,0.0,0.0,0.00090059,0.0,0.0,0.0,0.0,344.8947357,0.0,0.0,0.0,258.6710517,0.0,0.0,0.0,0.0,0.0,0.0,0.0,0.0,0.0,0.0,0.0,2.40011e-06,9.29608e-05,0.000208044,0.0,0.0,0.0,0.0,0.0,0.0,0.0,0.0,0.0,0.0,0.0,0.0,0.0,0.0,0.0,0.0,0.0,0.0,0.0,0.0,0.0,0.0,0.0,0.0,0.0,0.0,0.0,0.0,0.0,0.0,0.0,0.0,0.0,0.0,2.92374e-05,0.0,0.0,0.0,0.0,0.0,0.0,0.0,0.0,0.0,0.000312969,0.0,0.0,0.0,0.0,0.0,0.0,0.0,0.0,0.0,0.0,0.0,0.0,0.0,0.0,3.664506566,0.0,0.0,0.0,0.0,0.0,0.0,0.0,0.0,0.0,0.0,0.0,0.0,0.0,0.000845417,0.0,0.001332221,0.0,0.00130041,0.0,0.0,0.0,0.0,0.0,0.000510358,0.0,0.0,0.0,0.000752015,0.0,0.0,0.0,0.000135464,0.0,0.0,0.0,0.00013762,0.0,0.0,0.000110965,0.0,0.0,0.0,0.0,0.0,0.0,0.0,7.95542e-05,0.0,0.0,7.08177e-05,0.0,0.0,0.0,0.0,0.0,2.802269727,0.0,0.0,0.0,0.0,0.0,0.0,0.732901313,0.000294904,0.0,0.0,0.000168357,0.0,0.001031491,0.970016444,0.0,0.0,0.0,7.55151e-05,8.49089e-05,0.0,0.0,0.0,0.0,0.0,0.0,0.0,0.000479609,0.0,0.0,1.336467101,0.0,0.0,0.0,0.0,0.00084267,0.0,0.0,0.0,0.0,0.001505145,0.0,0.0,0.0,0.0,0.0,0.0,0.0,0.0,0.0,0.0,0.0,1.077796049,0.0,0.0,0.000416045,0.0,0.000849113,0.0,0.0,0.0,0.000691732,0.0,0.0,0.002250655,0.0,0.0,0.0,0.0,0.000915806,0.0,0.0,0.0,0.0,0.0,0.0
17.48,,1499.77_85.1001_NILU_2,"2,4-Di-tert-butylphenol",C14H22O,ICKWICRCANNIBI-UHFFFAOYSA-N,CC(C)(C)C1=CC(=C(C=C1)O)C(C)(C)C,96-76-4,"2,4-ditert-butylphenol",4-GC-NILU,85.1001,[M]+,,,,2,,,,1499.77,,,,,,normalized peak area,0.00159065,0.007009572,0.173048492,0.0,0.006103232,0.033316632,2371.151308,0.007370493,0.002172054,1099.35197,1379.578943,0.004201338,905.3486811,0.003564132,1185.575654,883.7927601,711.3453923,0.00057632,388.0065776,582.0098664,776.0131552,0.088583441,0.000182461,517.3421035,0.00643916,148.7358547,0.0,0.069265126,0.004099556,215.5592098,204.7812493,0.008402897,0.002798105,0.017319659,0.001789124,0.0,0.030420095,0.008361903,0.021083514,0.0,11.64019733,0.004136099,0.01873333,0.0,0.008486307,28.02269727,10.56240128,0.0,0.0,0.0,0.0,12.93355259,0.0,0.0,0.0,0.0,0.0,11.20907891,0.0,12.71799338,0.000139805,0.0,0.0,0.000252113,0.000753186,0.0,0.001986479,0.0,0.0,0.0,0.0,0.001269574,0.0,0.00028536,0.000113837,0.001310933,0.000483608,0.000605471,0.0,7.83001e-05,0.0,0.0,0.000190136,0.0,0.000162841,0.000344173,8.6265e-05,0.000119324,0.000142458,0.0,0.000249121,0.000249453,0,0.000242173,8.3889e-05,8.93095e-05,0.00018382,0.0,0.000253435,0.0,0.0,0.0,0.0,9.28614e-05,0.0,0.0,7.895e-05,0.00064078,0.0,0.0,0.000508707,0.000123757,0.0,0.017413564,2.37192e-05,0.000351284,0.0,0.0,0.000103203,0.001529503,0.0,0.02404583,9.33344e-05,0.015347967,0.01933586,1099.35197,2.54171e-05,0.0,0.033121923,0.0,0.00035042,0.008357573,0.00014724,6.73181e-05,1271.799338,0.084202498,0.0,0.019061114,0.0,0.080155986,0.000349561,0.007223079,0.034006354,0.002850172,0.013901159,0.0,0.0,0.006754955,0.005416842,2.75183e-05,0.002530778,0.0,0.003031465,0.000570657,0.0,0.0,0.000691187,0.0,0.000359523,0.0,0.000646043,0.001321883,0.0,0.001177488,0.0,0.0,0.0,0.003073006,0.0,6.251217084,0.0,0.0,0.0,0.0,0.0,0.0,0.0,0.0,0.0,0.0,0.0,0.0,0.0,0.0,0.0,0.0,0.0,0.0,0.0,0.0,0.0,0.0,0.0,0.0,0.0,0.0,0.025933885,0.000297561,11.79182196,0.086948727,0.0,0.0,0.668182119,0.00508412,0.010436631,0.006536539,0.005682568,0.059302895,0.002083903,0.008236206,1595.138152,0.004055834,0.0,0.251938023,1810.697362,6466.776293,0.402502969,0.071987814,0.0619784,0.008885815,0.014786668,0.000251301,0.0,0.008146194,0.0,0.002121436,0.0,0.0,0.003693851,0.00320168,0.0,0.012325206,0.0,0.0,0.0,0.0,0.0,0.0,0.0,0.0,0.0,0.0,0.0,0.0,0.0,0.0,12.28687496,0.035990452,0.0,0.0,1.76171e-05,0.004038863,0.00028481,0.0,0.0,0.0,0.000561112,0.005519347,0.003614481,0.000582344,0.000334943,0.0,0.0,0.000120848,23.71151308,0.000178318,1.25598e-05,0.000325194,0.000562898,0.004541923,0.0,0.000944639,0.0,0.00240745,0.0,0.0,0.0,23.71151308,0.002460176,0.0,0.002865566,0.010025751,0.0,25.86710517,7.113453923,0.0,0.0,0.018043091,30.17828937,0.0,0.0,0.007880513,0.0,0.0,0.0,0.001475455,0.0,0.0,0.0,0.004397636,0.0,0.0,0.00202165,23.71151308,0.002956881,0.0,0.007502365,0.0,0.004209137,0.0,0.0,0.0,0.003302318,0.0,0.0,0.003915666,0.006016119,23.71151308,0.0,0.00727076,0.0,0.006139603,0.0,0.0,0.002381887,0.0,0.0,0.0,0.0,0.0,0.0,0.0,0.0,0.0,0.0,0.0,0.0,0.006115289,0.0,0.0,0.0,0.0,0.0,0.0,9.70016444,0.0,0.0,0.0,1.207131575,0.0,0.0,0.0,0.001876662,0.0,0.0,0.0,6.251217084,0.007057567,4.095624986,0.0,0.0,0.0,0.0,0.0,0.0,0.0,0.0,0.0,0.0,0.0,0.0,0.0,0.0,0.0,0.0,0.0,0.0,0.0,0.0,0.0,0.0,0.0,0.0,0.0,0.0,0.0,0.0,0.0,0.0,0.0,0.0,0.0,0.0,0.0,0.0,0.0,0.0,0.0,0.0,0.0,0.0,0.0,0.0,0.0,0.0,0.0,0.0,0.0,0.0,0.0,0.0,0.0,0.0,0.0,0.0,0.0,0.0,0.0,0.0,0.0
17.58,,1507.94_175.1145_NILU_2,Cashmeran,C14H22O,MIZGSAALSYARKU-UHFFFAOYNA-N,CC1C(C)(C)C2=C(C(=O)CCC2)C1(C)C,33704-61-9,"1,1,2,3,3-Pentamethyl-1,2,3,5,6,7-hexahydro-4H-inden-4-one",4-GC-NILU,175.1145,[M]+,,,,2,,,,1507.94,,,,,,normalized peak area,0.0,0.0,0.0,9.23315e-06,0.0,0.0,0.0,0.0,0.0,0.0,0.0,0.0,1.46281e-06,0.0,0.0,0.0,1.79591e-06,0.0,0.0,0.0,0.0,0.0,0.0,0.0,0.0,0.0,0.0,0.0,0.0,0.0,0.0,0.0,0.0,0.0,0.0,0.0,0.0,0.0,0.0,0.0,0.0,0.0,0.0,0.0,0.0,0.0,0.0,0.0,0.0,0.0,0.0,0.0,0.0,0.0,0.0,0.0,0.0,0.0,0.0,0.0,0.0,0.0,0.0,0.0,1.97331e-06,2.95669e-07,2.67194e-06,8.49103e-08,0.0,0.0,0.0,0.0,0.0,0.0,0.0,0.0,0.0,0.0,0.0,0.0,0.0,0.0,1.59424e-06,0.0,0.0,0.0,0.0,0.0,1.57678e-06,0.0,0.0,0.0,0,0.0,0.0,0.0,0.0,0.0,0.0,0.0,0.0,0.0,0.0,0.0,0.0,0.0,0.0,1.11546e-05,0.0,0.0,0.0,0.0,0.0,7.29411e-07,0.0,0.0,0.0,0.0,0.0,5.18996e-06,0.0,8.65558e-06,0.0,1.24623e-06,0.0,1.11422e-06,0.0,0.0,0.0,0.0,0.0,6.89193e-06,0.0,0.0,0.0,0.0,0.0,0.0,0.0,0.0,0.0,0.0,0.0,0.0,0.0,0.0,0.0,0.0,1.21122e-06,0.0,1.75714e-06,0.0,0.0,0.0,0.0,0.0,0.0,0.0,0.0,0.0,0.0,0.0,0.0,0.0,0.0,0.0,0.0,0.0,0.0,0.0,0.0,0.0,1.04176e-05,1.69528e-06,0.0,0.0,0.0,0.0,0.0,0.0,0.0,0.0,0.0,9.0062e-06,0.0,0.0,0.0,0.0,0.0,0.0,0.0,0.0,0.0,0.0,1.535e-05,5.12034e-06,4.15233e-06,0.0,1.03674e-06,0.0,2.40931e-06,5.33988e-06,0.0,1.26807e-05,4.25277e-06,0.0,8.183e-06,2.29659e-05,0.0,5.80189e-06,0.0,0.0,1.55459e-05,0.0,0.0,1.39615e-05,0.0,0.0,0.0,0.0,0.0,0.0,6.88742e-06,0.0,2.32953e-05,2.25906e-05,1.51217e-05,1.52781e-05,0.0,0.0,7.10762e-05,0.0,4.45791e-05,0.0,0.0,0.0,0.0,0.0,0.0,0.0,0.0,0.0,0.0,0.0,0.0,0.0,0.0,0.0,1.0159e-05,1.03534e-05,0.0,0.0,0.0,8.45893e-05,0.0,2.17385e-05,0.0,0.0,1.50729e-06,0.0,0.0,8.26984e-07,5.57354e-06,0.0,0.0,0.0,1.1384e-05,0.0,0.0,0.0,0.0,0.0,0.0,0.0,0.0,0.0,0.0,0.0,0.0,4.01896e-06,0.0,5.33695e-07,0.0,0.0,4.01171e-06,0.0,0.0,0.0,0.0,0.0,3.50031e-06,0.0,0.0,0.0,0.0,0.0,0.0,0.0,0.0,0.0,0.0,0.0,0.0,0.0,1.25155e-07,0.0,0.0,0.0,0.0,0.0,0.0,0.0,0.0,0.0,0.0,0.0,0.0,0.0,0.0,0.0,0.0,0.0,0.0,0.0,0.0,0.0,0.0,0.0,0.0,0.0,0.0,0.0,0.0,0.0,0.0,0.000114036,0.0,0.0,0.0,0.0,0.0,0.0,0.0,0.0,0.0,0.0,0.0,0.0,0.0,0.0,0.0,0.0,0.0,0.0,0.0,0.0,0.0,0.0,0.0,0.0,0.0,0.0,0.0,0.0,0.0,0.0,0.0,0.0,0.0,0.0,0.0,0.0,0.0,0.0,0.0,0.0,0.0,0.0,0.0,0.0,0.0,0.0,0.0,0.0,0.0,0.0,0.0,0.0,0.0,0.0,0.0,0.0,0.0,0.0,0.0,0.0,0.0,0.0,0.0,0.0,0.0,0.0,0.0,0.0,0.0,0.0,0.0,0.0,0.0,0.0,0.0,0.0,0.0,0.0,0.0,0.0,0.0,0.0,0.0,0.0
17.69,,1516.84_189.1586_NILU_2,Liguloxide,C15H26O,GXMJXGUEPXEOGR-BGPZULBFSA-N,C[C@@H]1CC[C@@H]2[C@@H](C)CC[C@@H]3C[C@]12OC3(C)C,,"(1S,2R,5R,6S,9R)-2,6,10,10-tetramethyl-11-oxatricyclo[7.2.1.01,5]dodecane",4-GC-NILU,189.1586,[M]+,,,,2,,,,1516.84,,,,,,normalized peak area,0.0,0.0,0.0,0.0,0.0,0.0,0.0,0.0,0.0,0.0,0.0,0.0,0.0,0.0,0.0,0.0,0.0,0.0,0.0,0.0,0.0,0.0,0.0,0.0,0.0,0.0,0.0,0.0,0.0,0.0,0.0,0.0,0.0,0.0,0.0,0.0,0.0,1.20675e-06,0.0,0.0,0.0,0.0,0.0,0.0,0.0,0.0,0.0,0.0,0.0,0.0,0.0,0.0,0.0,0.0,0.0,0.0,0.0,0.0,0.0,0.0,7.29939e-06,0.0,0.0,0.0,0.0,6.77575e-07,0.0,0.0,1.84238e-06,0.0,0.0,0.0,0.0,0.0,0.0,0.0,0.0,0.0,0.0,0.0,0.0,0.0,0.0,0.0,0.0,0.0,2.45406e-07,7.86981e-07,0.0,0.0,0.0,0.0,0,0.0,0.0,0.0,0.0,0.0,0.0,0.0,0.0,0.0,0.0,0.0,0.0,0.0,0.0,0.0,0.0,0.0,1.74159e-06,0.0,0.0,0.0,7.29664e-07,0.0,0.0,0.0,0.0,0.0,0.0,0.0,0.0,0.0,0.0,0.0,0.0,0.0,0.0,0.0,0.0,0.0,0.0,0.0,0.0,0.0,0.0,0.0,0.0,0.0,0.0,0.0,0.0,0.0,0.0,0.0,0.0,0.0,0.0,0.0,0.0,0.0,0.0,0.0,0.0,0.0,0.0,0.0,0.0,0.0,0.0,0.0,0.0,0.0,0.0,0.0,0.0,0.0,0.0,0.0,0.0,0.0,0.0,0.0,0.0,0.0,0.0,0.0,0.0,0.0,0.0,0.0,0.0,0.0,0.0,0.0,0.0,0.0,0.0,0.0,0.0,0.0,0.0,0.0,0.0,0.0,0.0,0.0,0.0,0.0,0.0,0.0,0.0,0.0,0.0,0.0,0.0,0.0,0.0,0.0,0.0,0.0,0.0,0.0,0.0,0.0,0.0,0.0,0.0,0.0,0.0,0.0,0.0,0.0,0.0,0.0,0.0,0.0,0.0,0.0,0.0,0.0,0.0,0.0,0.0,0.0,0.0,0.0,0.0,0.0,0.0,0.0,0.0,0.0,0.0,0.0,0.0,0.0,0.0,0.0,0.0,0.0,0.0,0.0,0.0,0.0,0.0,0.0,0.0,0.0,0.0,0.0,0.0,0.0,0.0,0.0,0.0,0.0,0.0,0.0,0.0,0.0,0.0,0.0,0.0,0.0,0.0,0.0,0.0,0.0,0.0,0.0,0.0,0.0,0.0,0.0,0.0,0.0,0.0,0.0,0.0,0.0,0.0,0.0,0.0,0.0,0.0,0.0,0.0,0.0,0.0,0.0,2.43513e-07,0.0,0.0,0.0,0.0,0.0,0.0,0.0,0.0,0.0,0.0,0.0,0.0,0.0,0.0,0.0,0.0,2.22619e-07,0.0,0.0,0.0,0.0,0.0,0.0,0.0,0.0,0.0,0.0,0.0,0.0,0.0,0.0,0.0,0.0,0.0,0.0,0.0,0.0,0.0,0.0,0.0,0.0,0.0,0.0,0.0,0.0,0.0,0.0,0.0,0.0,0.0,0.0,0.0,0.0,0.0,0.0,0.0,0.0,0.0,0.0,0.0,0.0,0.0,0.0,0.0,0.0,0.0,0.0,0.0,0.0,0.0,0.0,0.0,0.0,0.0,0.0,0.0,0.0,0.0,0.0,0.0,0.0,0.0,0.0,0.0,0.0,0.0,0.0,0.0,0.0,0.0,0.0,0.0,0.0,0.0,0.0,0.0,0.0,0.0,0.0,0.0,0.0,0.0,0.0,0.0,0.0,0.0,0.0,0.0,0.0,0.0,0.0,0.0,0.0,0.0,0.0,0.0,0.0
17.71,,1519.2_121.0716_NILU_2,"Propanol, [(butoxymethylethoxy)methylethoxy]-",C13H28O4,LORVPHHKJFSORQ-UHFFFAOYSA-N,CCCCOCC(C)OCC(C)OCC(C)O,57499-93-1,1-[1-(1-butoxypropan-2-yloxy)propan-2-yloxy]propan-2-ol,4-GC-NILU,121.0716,[M]+,,,,2,,,,1519.2,,,,,,normalized peak area,0.0,0.0,0.0,0.0,0.0,0.0,0.0,0.0,0.0,0.0,0.0,0.0,0.0,0.0,0.0,0.0,0.0,0.0,0.0,0.0,0.0,0.0,0.0,0.0,0.0,0.0,0.0,0.0,0.0,0.0,0.0,0.0,0.0,0.0,0.0,0.0,4.60425e-06,0.0,0.0,0.0,0.0,0.0,0.0,0.0,5.52806e-06,0.0,0.0,0.0,0.0,0.0,0.0,0.0,0.0,0.0,0.0,0.0,0.0,0.0,0.0,0.0,0.0,0.0,0.0,0.0,2.80418e-06,0.0,0.0,0.0,0.0,0.0,0.0,2.41468e-07,0.0,0.0,0.0,0.0,0.0,0.0,0.0,0.0,0.0,0.0,0.0,0.0,0.0,3.98377e-06,0.0,0.0,0.0,0.0,0.0,0.0,0,0.0,0.0,0.0,1.71228e-05,0.0,0.0,0.0,0.0,0.0,0.0,0.0,0.0,0.0,0.0,0.0,0.0,0.0,0.0,1.6348e-06,0.0,0.0,0.0,0.0,0.0,0.0,0.0,0.0,2.69719e-07,0.0,1.41359e-06,0.0,6.54967e-05,0.0,0.0,0.0,0.0,0.0,7.33949e-07,0.000153502,0.0,0.0,0.0,0.0,0.0,0.0,0.0,0.0,0.0,0.0,0.0,0.0,0.0,0.0,0.0,0.0,0.0,0.0,0.0,0.0,0.0,0.0,0.0,0.0,0.0,0.0,0.0,0.0,0.0,0.0,0.0,0.0,0.0,0.0,0.0,0.0,0.0,0.0,0.0,0.0,0.0,0.0,0.0,0.0,0.0,0.0,0.0,0.0,0.0,0.0,0.0,0.0,0.0,0.0,0.0,0.0,0.0,0.0,0.0,0.0,0.0,0.0,0.0,0.0,0.0,0.0,0.0,0.0,0.0,0.0,0.000452852,0.0,0.0,0.0,1.04561e-05,0.0,0.0,0.0,0.0,0.0,0.0,0.0,2.49877e-05,8.93536e-05,0.0,0.0,0.0,0.0,0.0,0.0,0.0,0.0,0.0,0.0,0.0,0.0,0.000117759,0.0,0.0,0.0,0.0,0.0,0.0,0.0,0.0,0.0,0.0,0.0,0.0,0.0,0.0,0.0,0.0,0.0,2.79e-05,1.37141e-05,0.0,0.0,8.71396e-07,0.0,2.18158e-05,0.0,0.0,0.0,2.90708e-06,0.0,0.0,0.0,6.34975e-06,0.0,0.0,0.0,0.0,1.55439e-05,0.0,0.0,0.0,0.0,0.0,0.0,0.0,0.0,0.0,0.0,0.0,0.0,0.0,0.0,0.0,3.76395e-06,0.0,0.0,0.0,0.0,0.0,0.0,0.0,0.0,0.0,0.00045751,0.0,0.0,0.0,0.0,0.0,0.0,0.0,0.0,0.0,0.0,1.05875e-05,0.0,1.32517e-05,0.0,0.0,0.0,0.0,0.0,0.0,0.0,0.000123536,0.0,0.0,0.0,0.0,0.0,0.0,0.0,0.0,0.0,0.0,0.0,0.0,0.0,0.0,0.0,0.0,0.0,0.0,0.0,0.0,0.0,0.0,0.0,0.0,0.0,0.0,0.0,0.0,0.0,0.0,0.0,0.0,0.0,0.0,0.0,0.0,0.0,0.0,0.0,0.0,0.0,0.0,0.0,0.0,0.0,0.0,0.0,0.0,0.0,0.0,0.0,0.0,0.0,0.0,0.0,0.0,0.0,0.0,0.0,0.0,0.0,0.0,0.0,0.0,0.0,0.0,0.0,0.0,0.0,0.0,0.0,0.0,0.0,0.0,0.0,0.0,0.0,0.0,0.0,0.0,0.0,0.0,0.0,0.0,0.0,0.0,0.0,0.0,0.0,0.0,0.0,0.0,0.0,0.0,0.0,0.0,0.0,0.0,0.0,0.0,0.0,0.0,0.0,0.0,0.0,0.0,0.0
17.73,,1520.14_87.0488_NILU_2,"Dodecanoic acid, methyl ester",C13H26O2,UQDUPQYQJKYHQI-UHFFFAOYSA-N,CCCCCCCCCCCC(=O)OC,111-82-0,Methyl dodecanoate,4-GC-NILU,87.0488,[M]+,,,,2,,,,1520.14,,,,,,normalized peak area,0.0,0.0,0.0,0.0,0.0,0.0,0.0,0.0,0.0,0.0,0.0,0.0,0.0,0.0,0.0,0.0,0.0,0.0,0.0,0.0,0.0,1.72033e-07,0.0,0.0,0.0,0.0,0.0,0.0,0.0,0.0,0.0,0.0,0.0,0.0,0.0,0.0,0.0,0.0,0.0,0.0,0.0,0.0,0.0,0.0,0.0,0.0,0.0,0.0,0.0,0.0,0.0,0.0,0.0,0.0,0.0,0.0,0.0,0.0,0.0,0.0,0.0,0.0,0.0,0.0,0.0,0.0,0.0,0.0,0.0,0.0,0.0,0.0,0.0,0.0,0.0,0.0,0.000100635,2.47243e-06,0.0,0.0,0.0,0.0,5.19054e-07,0.0,0.0,0.0,0.0,0.0,0.0,0.0,0.0,0.0,0,0.0,0.0,0.0,0.0,0.0,0.0,0.0,0.0,0.0,0.0,1.74039e-06,0.0,0.0,0.0,0.0,0.0,0.0,0.0,0.0,0.0,0.0,0.0,5.74457e-07,0.0,0.0,0.0,0.0,0.0,0.0,0.0,0.0,0.0,0.0,0.0,0.0,2.35582e-06,0.0,0.0,0.0,0.0,0.0,0.0,0.0,0.0,0.0,0.0,0.0,0.0,0.0,0.0,0.0,0.0,0.0,0.0,0.0,0.0,0.0,0.0,0.0,0.0,0.0,0.0,0.0,0.0,0.0,0.0,0.0,0.0,0.0,0.0,0.0,0.0,0.0,0.0,0.0,0.0,0.0,0.0,0.0,0.0,0.0,0.0,0.0,0.0,0.0,0.0,0.0,0.0,0.0,0.0,0.0,0.0,0.0,0.0,0.0,0.0,0.0,0.0,0.0,0.0,0.0,0.0,0.0,0.0,0.0,0.0,0.0,0.0,0.0,0.0,0.0,0.0,0.0,0.0,0.0,0.0,0.0,0.0,0.0,0.0,0.0,0.0,0.0,3.67779e-05,0.0,0.0,0.0,0.0,0.0,0.0,0.0,0.0,0.0,0.0,0.0,0.0,0.0,0.0,0.0,0.0,0.0,0.0,0.0,0.0,0.0,0.0,0.0,0.0,0.0,0.0,0.0,0.0,0.0,0.0,0.0,0.0,0.0,0.0,1.84401e-06,0.0,0.0,0.0,0.0,0.0,2.2872e-05,9.59182e-08,0.0,0.0,0.0,0.0,0.0,0.0,0.0,0.0,0.0,0.0,0.0,0.0,0.0,0.0,0.0,0.0,0.0,0.0,0.0,0.0,0.0,0.0,0.0,0.0,0.0,0.0,0.0,0.0,0.0,0.0,0.0,0.0,0.0,0.0,0.0,0.0,0.0,0.0,0.0,0.0,0.0,0.0,0.0,0.0,0.0,0.0,0.0,0.0,0.0,0.0,0.0,0.0,0.0,0.0,0.0,0.0,0.0,0.0,0.0,0.0,0.0,0.0,0.0,0.0,0.0,0.0,0.0,0.0,0.0,0.0,0.0,0.000728705,0.0,0.0,0.0,0.0,0.0,0.0,0.0,0.0,0.0,0.000196528,0.0,0.0,0.0,0.0,0.0,0.0,0.0,0.0,0.000235489,0.0,0.0,0.0,0.0,0.0,0.014183726,0.0,0.0,0.0,0.0,0.0,0.0,0.0,0.0,0.0,0.0,0.0,0.0,0.0,0.0,0.0,0.0,0.0,0.0,0.0,0.0,0.0,0.0,0.0,0.0,0.0,0.0,0.0,0.0,0.0,0.0,0.0,0.0,0.0,0.0,0.0,0.0,0.0,0.0,0.0,0.0,0.0,0.0,0.0,0.0,0.0,0.0,0.0,0.0,0.0,0.0,0.0,0.0,0.0,0.0,0.0,0.0,0.0,0.0,0.0,0.0,0.0,0.0,0.0,0.0
17.81,,1527.19_117.0681_NILU_2,Lilial,C14H20O,SDQFDHOLCGWZPU-UHFFFAOYNA-N,CC(CC1=CC=C(C=C1)C(C)(C)C)C=O,80-54-6,3-(4-tert-Butylphenyl)-2-methylpropanal,4-GC-NILU,117.0681,[M]+,,,,2,,,,1527.19,,,,,,normalized peak area,0.0,0.0,0.0,0.0,0.0,0.0,0.0,0.0,0.0,0.0,0.0,0.0,1.17025e-05,0.0,0.0,0.0,1.29305e-05,0.0,0.0,0.000103278,0.0,0.0,0.0,0.0,0.0,0.0,0.0,0.0,0.0,2.13681e-06,0.0,0.0,0.0,0.0,2.59918e-06,0.0,5.27571e-06,0.0,1.18031e-06,0.0,0.0,2.49734e-05,6.84285e-07,0.0,0.0,3.26325e-05,0.0,0.0,0.0,0.0,0.0,3.76061e-06,0.0,0.0,0.0,0.0,0.0,0.0,0.0,0.0,6.14685e-06,0.0,0.0,0.0,0.0,0.0,4.89855e-05,0.0,0.0,0.0,0.0,0.0,0.0,0.0,0.0,0.0,0.0,0.0,0.0,0.0,0.0,0.0,0.0,0.0,5.51316e-06,0.0,9.14256e-07,5.68375e-05,0.0,0.0,0.0,0.0,0,0.0,0.0,0.0,0.0,0.0,0.0,0.0,0.0,0.0,0.0,1.43651e-06,0.0,0.0,0.0,0.0,0.0,0.0,0.0,0.0,0.0,0.0,0.0,0.0,0.0,0.0,0.0,0.000254308,0.0,0.000324584,2.15112e-06,0.000170779,0.0,8.91374e-05,0.0,0.0,0.0,0.0,0.0,0.000344597,0.0,0.0,2.10401e-05,0.0,0.0,0.0,0.0,0.0,8.47652e-06,0.0,0.002708418,9.59724e-06,0.0,1.9733e-06,0.0,0.0,2.52626e-05,0.0,0.0,0.0,1.5655e-05,1.1762e-05,0.0,0.0,0.0,0.0,0.0,0.0,3.66325e-07,0.0,0.0,9.44528e-06,0.0,0.0,0.0,0.0,0.0,9.662e-06,0.0,0.0,0.0,0.0,0.0,0.0,0.0,0.0,0.0,0.0,0.0,0.0,0.0,0.0,0.0,0.0,0.0,0.0,0.0,0.0,0.0,0.0,0.0,0.0,0.0,0.0,0.0,0.0,0.0,0.0,0.0,0.0,0.0,0.0,0.0,0.0,0.0,0.0,0.0,0.0,0.0,0.0,1.36027e-06,0.0,0.0,0.000100523,0.000142515,0.0,0.0,0.0,0.0,0.0,0.0,0.0,0.0,0.0,0.0,0.0,0.0,0.0,0.0,0.0,0.0,0.0,0.0,0.0,0.0,0.0,0.0,0.0,0.0,0.0,0.0,0.0,0.0,0.0,0.0,7.81182e-05,0.0,0.0,0.0,0.0,4.22681e-05,0.0,0.0,0.0,0.0,0.0,0.0,7.89922e-05,0.0,0.0,0.0,0.0,0.000361856,0.0,0.0,1.60113e-05,0.0,5.34563e-06,0.0,0.0,0.0,7.57011e-05,0.0,0.0,0.0,0.0,3.42332e-06,0.0,0.00018609,0.0,0.0,0.000314493,5.86327e-05,0.0,0.0,0.000219448,2.21594e-06,0.0,6.50057e-06,0.0,0.0,4.94424e-06,0.0,3.02208e-05,0.0,0.0,0.0,0.000118444,0.0,0.0,0.0,0.000871154,0.0,0.0,3.22709e-06,0.0,1.15643e-05,0.0,0.0,0.0,0.0,0.0,0.0,2.05247e-05,0.00024224,0.000139918,0.0,1.33571e-05,0.0,0.000571132,0.0,0.0,4.10959e-05,0.0,0.0,0.0,0.0,0.0,0.0,0.0,0.0,0.0,0.0,0.0,0.0,0.0,0.0,0.0,0.0,0.0,0.0,0.0,0.0,0.0,0.0,0.0,6.94468e-05,0.0,0.0,0.0,0.0,0.0,0.0,0.0,0.0,0.0,0.0,0.0,0.0,0.0,0.0,0.0,0.0,0.0,0.0,0.0,0.0,0.0,0.0,0.0,0.0,0.0,0.0,0.0,0.0,0.0,0.0,0.0,0.0,9.84138e-06,0.0,0.0,0.0,0.0,0.0,0.0,0.0,0.0,0.0,0.0,0.0,0.0,0.0,0.0,0.0,0.0,0.0,0.0,0.0,0.0,0.0,0.0,0.0,0.0,0.0,0.0,0.0,0.0,0.0,0.0,0.0,0.0,0.0,0.0,0.0,0.0,0.0,0.0
17.88,,1532.91_113.1316_NILU_2,"Benzene, (1-butylhexyl)-",C16H26,CDOBABYRHNVZQG-UHFFFAOYNA-N,CCCCCC(CCCC)C1=CC=CC=C1,4537-11-5,(Decan-5-yl)benzene,4-GC-NILU,113.1316,[M]+,,,,2,,,,1532.91,,,,,,normalized peak area,0.0,0.0,0.0,0.0,0.0,0.0,0.0,2.93557e-05,0.0,0.0,0.0,0.0,0.0,0.0,0.0,0.0,0.0,0.0,0.0,0.0,9.01438e-05,6.75842e-05,0.0,2.01678e-05,1.04278e-06,0.0,0.0,0.0,0.0,0.0,3.18071e-06,0.0,0.0,0.0,0.0,0.0,0.0,0.0,1.68615e-06,0.0,0.0,0.0,0.0,0.0,0.0,0.0,0.000233288,0.0,0.0,0.0,0.0,0.0,0.0,0.0,0.0,0.0,0.0,0.0,0.0,0.0,0.0,0.0,0.0,0.0,4.56978e-06,0.0,0.0,0.0,0.0,0.0,0.0,0.0,0.0,0.0,0.0,0.0,3.01904e-06,1.7513e-05,0.0,2.91248e-06,0.0,0.0,7.97119e-06,0.0,4.86455e-06,1.07255e-05,0.0,0.0,1.07221e-05,0.0,6.41299e-06,1.17102e-05,0,0.0,0.0,1.35494e-05,3.42455e-05,0.0,0.0,0.0,0.0,0.0,0.0,0.0,0.0,0.0,0.0,0.000111546,0.0,0.0,0.0,0.0,0.0,0.0,0.0,3.16688e-06,0.0,0.0,0.0,0.0,0.0,0.0,0.0,0.0,0.0,0.0,0.0,0.0,0.0,0.0,0.0,0.0,0.0,0.0,0.0,0.0,0.0,0.0,0.0,0.0,0.0,0.0,0.0,0.0,0.0,0.0,0.0,0.0,0.0,0.0,0.0,0.0,5.99553e-06,0.0,0.0,0.0,0.0,0.0,0.0,0.0,0.0,4.13131e-07,0.0,0.0,0.0,4.49694e-06,0.0,0.0,0.0,0.0,0.0,0.0,0.0,0.0,0.0,0.0,0.0,0.0,0.0,0.0,0.0,0.0,0.0,0.0,0.0,0.0,0.0,0.0,0.0,0.0,0.0,0.0,0.0,0.0,0.0,0.0,0.0,3.30265e-06,0.0,0.0,0.0,0.0,0.0,0.0,1.06319e-05,0.0,0.0,0.0,0.0,0.00128931,1.10721e-05,0.0,0.0,0.0,0.0,0.0,0.0,0.0,0.0,0.0,0.0,0.0,0.0,0.0,0.0,3.32914e-05,0.0,0.0,0.0,5.21551e-05,4.3238e-06,0.0,8.10529e-06,0.0,0.042019128,0.0,0.011713618,0.0,0.0,0.021471892,0.047365434,0.0,8.340274827,0.0,0.0,0.081304648,0.0,5.38148e-05,0.0,0.0,0.0,9.33112e-06,0.0,0.0,0.0,0.0,0.0,4.80312e-05,2.94606e-06,0.0,1.51528e-05,0.0,0.0,0.0,0.0,3.05782e-05,0.0,6.774e-06,2.02372e-05,0.0,0.0,0.0,0.0,0.0,0.0,0.0,0.0,7.94553e-06,0.0,0.0,9.43743e-05,0.0,0.0,0.000183063,0.0,0.0,0.0,0.0,1.73121e-06,0.0,0.0,6.15879e-05,0.0,0.0,0.0,0.0,0.0,0.0,0.0,0.0,0.0,0.0,0.0,0.0,0.0,0.0,1.79283e-06,0.0,0.0,0.0,0.0,0.0,0.0,0.0,0.0,0.0,7.08995e-05,8.29142e-05,0.0,0.0,0.0,0.0,0.0,0.0,0.0,0.0,0.0,0.0,0.0,0.0,0.0,0.0,0.0,0.0,0.0,0.0,0.0,0.0,0.0,0.0,0.0,0.0,0.0,0.0,0.0,0.0,0.0,0.0,0.0,0.0,0.0,0.0,0.0,0.0,0.0,0.000489094,0.0,0.0,0.0,0.0,0.0,0.0,0.0,0.0,0.0,0.0,0.0,0.0,0.0,0.0,2.22983e-07,0.0,0.0,0.0,0.0,0.0,0.0,0.0,0.0,0.0,0.0,0.0,0.0,0.0,0.0,0.0,0.0,0.0,0.0,0.0,0.0,0.0,0.0,0.0,0.0,0.0,0.0,0.0,0.0,0.0,0.0,6.76448e-07,0.0,0.0,0.0,0.0,0.0,0.0,0.0,0.0,0.0,0.0,0.0,0.0,0.0,0.0,0.0,0.0,0.0,0.0
17.98,,1539.18_168.0577_NILU_2,Dibenzofuran,C12H8O,TXCDCPKCNAJMEE-UHFFFAOYSA-N,O1C2=CC=CC=C2C2=C1C=CC=C2,132-64-9,"Dibenzo[b,d]furan",4-GC-NILU,168.0577,[M]+,,,,2,,,,1539.18,,,,,,normalized peak area,0.0,0.0,0.0,0.0,0.0,8.53324e-05,0.0,0.0,0.0,0.0,0.0,0.0,0.0,0.0,0.0,0.0,0.0,0.0,0.0,0.0,0.0,0.0,0.0,0.0,0.0,0.0,0.0,0.0,0.0,0.0,0.0,0.0,0.0,0.0,0.0,0.0,0.0,0.0,0.0,0.0,0.0,0.0,0.0,0.0,0.0,0.0,0.0,0.0,0.0,0.0,0.0,0.0,0.0,0.0,0.0,0.0,0.0,0.0,0.0,0.0,0.0,0.0,0.0,0.0,0.0,0.0,0.0,0.0,0.0,0.0,0.0,0.0,0.0,0.0,0.0,0.0,0.0,0.0,0.0,0.0,0.0,0.0,0.0,0.0,0.0,0.0,0.0,0.0,0.0,0.0,0.0,0.0,0,0.0,0.0,0.0,0.0,0.0,0.0,0.0,0.0,0.0,0.0,0.0,0.0,0.0,0.0,0.0,0.0,0.0,0.0,0.0,0.0,0.0,0.0,0.0,0.0,0.0,0.0,0.0,0.0,0.0,0.0,0.0,0.0,0.0,0.0,0.0,0.0,0.0,0.0,0.0,0.0,0.0,0.0,0.0,0.0,0.0,0.0,0.0,0.0,0.0,0.0,0.0,0.0,0.0,0.0,0.0,0.0,0.0,0.0,0.0,0.0,0.0,0.0,0.0,0.0,0.0,0.0,0.0,0.0,0.0,0.0,0.0,0.0,0.0,0.0,0.0,0.0,0.0,0.0,0.0,0.0,0.0,0.0,0.0,0.0,0.0,0.0,0.0,0.0,0.0,0.0,0.0,0.0,0.0,0.0,0.0,0.0,0.0,0.0,0.0,0.0,0.0,0.0,0.0,0.0,0.0,0.0,0.0,0.0,0.0,0.0,0.0,0.0,0.0,0.0,0.0,0.0,0.0,0.0,0.0,0.0,0.0,0.0,0.0,0.0,0.0,0.0,0.0,0.0,0.0,0.0,0.0,0.0,0.0,0.0,0.0,0.0,0.0,0.0,0.0,0.0,0.0,0.0,0.0,0.0,0.0,0.0,0.0,0.0,0.0,0.0,0.0,0.0,0.0,0.0,0.0,0.0,0.0,0.0,0.0,0.0,0.0,0.0,0.0,0.0,0.0,0.0,0.0,0.0,0.0,1.62268e-06,0.0,0.0,0.0,0.0,0.0,0.0,0.0,0.0,0.0,0.0,0.0,0.0,0.0,0.0,0.0,0.0,0.0,0.0,0.0,0.0,0.0,0.0,0.0,0.0,0.0,0.0,0.0,0.0,0.0,0.0,0.0,0.0,0.0,0.0,0.0,0.0,0.0,0.0,0.0,0.0,0.0,0.0,0.0,0.0,0.0,0.0,0.0,0.0,0.0,0.0,0.0,0.0,0.0,0.0,0.0,0.0,0.0,0.0,0.0,0.0,0.0,0.0,0.0,0.0,0.0,0.0,0.0,0.0,0.0,0.0,0.0,0.0,0.0,0.0,0.0,0.0,0.0,0.0,0.0,0.0,0.0,0.0,0.0,0.0,0.0,0.0,0.0,0.0,0.0,0.0,0.000829371,0.0,0.0,0.0,0.0,0.0,0.0,0.0,0.0,0.0,0.0,0.0,0.0,0.0,0.0,0.0,0.0,0.0,0.0,0.0,0.0,0.0,0.0,0.0,0.0,0.0,0.0,0.0,0.0,0.0,0.0,0.0,0.0,0.0,0.0,0.0,0.0,0.0,0.0,0.0,0.0,0.0,0.0,0.0,0.0,0.0,0.0,0.0,0.0,0.0,0.0,0.0,0.0,0.0,0.0,0.0,0.0,0.0,0.0,0.0,0.0,0.0,0.0,0.0,0.0,0.0,0.0
18.12,,1553.01_107.0491_NILU_2,"Benzenemethanol, .alpha.-(trichloromethyl)-, acetate",C10H9Cl3O2,JKRWZLOCPLZZEI-UHFFFAOYSA-N,CC(=O)OC(C1=CC=CC=C1)C(Cl)(Cl)Cl,90-17-5,"(2,2,2-trichloro-1-phenylethyl) acetate",4-GC-NILU,107.0491,[M]+,,,,2,,,,1553.01,,,,,,normalized peak area,0.0,0.0,0.0,0.0,0.0,0.0,0.0,0.0,0.0,0.0,4.78755e-06,0.0,0.0,0.0,0.000323867,0.0,0.0,0.0,0.0,0.0,0.0,0.0,0.0,0.0,0.0,0.0,0.0,0.0,0.0,0.0,0.0,0.0,0.0,0.000156458,0.0,0.0,0.0,0.0,6.15445e-06,0.0,0.0,3.56762e-05,0.0,0.0,0.0,0.0,0.0,0.0,0.0,0.0,0.0,0.0,0.0,0.0,0.0,0.0,0.0,0.0,0.0,0.0,0.0,0.0,0.0,0.0,3.84277e-06,0.0,0.000178129,0.0,0.0,0.0,0.0,0.0,0.0,0.0,0.0,0.0,0.0,0.0,0.0,0.0,0.0,0.0,0.0,0.0,0.0,0.0,0.0,2.36094e-06,0.0,0.0,0.0,0.0,0,7.87414e-06,0.0,0.0,0.0,0.0,0.0,0.0,0.0,0.0,0.0,0.0,0.0,0.0,0.0,0.000369496,0.0,0.0,2.00283e-06,0.0,0.0,0.0,0.0,4.71349e-06,0.0,0.0,0.0,7.52544e-05,0.0,0.001054899,0.0,0.000193857,0.000107602,0.0,0.0,0.0,0.000120014,0.0,3.38746e-06,0.000256881,1.52712e-05,0.0,0.0,0.00022442,0.0,0.000219737,0.0,0.001058825,5.65102e-05,6.7385e-05,0.00127455,0.0,0.0,2.80082e-06,0.0,0.0,0.0,0.0,0.000252589,0.0,3.66394e-05,2.25012e-05,0.0,0.0,0.000293032,0.0,0.000146168,0.0,4.52254e-07,3.09848e-07,0.0,1.01322e-05,0.0,0.0,0.0,1.85669e-06,0.0,0.0,0.0,0.0,0.0,0.0,0.0,0.0,0.0,0.0,0.0,0.0,0.0,0.0,0.0,0.0,0.0,0.0,0.0,0.0,0.0,0.0,0.0,0.0,0.0,0.0,0.0,9.54641e-06,7.90919e-06,0.0,0.000237586,0.0,0.0,8.45481e-06,0.0,1.70702e-05,0.0,0.0,3.36412e-05,0.000293453,0.0,0.0,0.000208156,0.0,3.04441e-05,0.0,0.000331469,0.000262476,0.0,0.000124941,0.000175274,0.000105318,0.0,0.0,0.0,0.0,0.0,0.0,2.84986e-07,7.33349e-05,2.52342e-05,0.0,0.0,0.0,0.0,0.0,0.0,0.0,0.0,0.0,0.0,0.0,0.0,0.0,0.0,0.0,0.0,0.0,9.45001e-06,0.0,0.0,0.0,0.0,0.0,1.77253e-05,0.0,0.0,0.0,4.90569e-06,0.0,0.0,0.0,0.0,0.0,0.0,0.0,0.0,0.0,0.0,0.0,0.0,1.49939e-06,0.0,0.0,0.0,0.000404913,0.0,0.0,0.0,7.94553e-06,1.48344e-05,0.0,0.000917159,1.40446e-05,0.0,0.000657149,0.000222187,0.0,0.0,0.000118868,1.93895e-06,0.0,1.47513e-05,0.00086223,0.0,1.58736e-05,0.0,6.12066e-05,0.0,0.0,0.0,0.000325721,0.0,0.0,1.11169e-05,5.6625e-05,1.98776e-05,0.0,1.36255e-06,0.0,0.0,0.0,0.0,0.0,0.00074894,0.0,0.0,9.40715e-05,0.00044903,0.000595946,0.0,9.12737e-05,0.0,0.0,0.0,0.0,0.0,0.0,0.0,0.0,0.0,0.0,0.0,0.0,0.0,0.0,0.0,0.0,0.0,0.0,0.0,0.0,0.0,0.0,0.0,0.0,0.0,0.0,0.0,0.0,0.0,0.0,0.0,0.0,0.0,0.0,0.0,0.0,0.0,0.0,0.0,0.0,0.0,0.0,0.0,0.0,0.0,0.0,0.0,0.0,0.0,0.028051827,0.0,0.0,0.0,0.0,0.0,0.0,0.0,0.0,0.0,0.0,0.0,0.0,0.0,0.0,0.0,0.0,0.0,0.0,0.0,0.0,0.0,0.0,0.0,0.0,0.0,0.0,0.0,0.0,0.0,0.0,0.0,0.0,0.0,0.0,0.0,0.0,0.0,0.0,0.0,0.0,0.0,0.0,0.0,0.0,0.0,0.0,0.0,0.0,0.0,0.0
18.21,,1559.79_183.2096_NILU_2,Guaiol,C15H26O,TWVJWDMOZJXUID-SDDRHHMPSA-N,C[C@H]1CCC2=C1C[C@@H](CC[C@@H]2C)C(C)(C)O,489-86-1,"2-[(3S,5R,8S)-3,8-Dimethyl-1,2,3,4,5,6,7,8-octahydroazulen-5-yl]propan-2-ol",4-GC-NILU,183.2096,[M]+,,,,2,,,,1559.79,,,,,,normalized peak area,0.0,0.0,0.000179942,7.14825e-05,0.0,0.0,6.88782e-05,1.07212e-05,0.0,2.58291e-05,4.78755e-05,4.02347e-06,1.92255e-05,0.0,2.09164e-05,9.40393e-06,2.3706e-05,0.0,0.0,2.20325e-05,0.0,1.53601e-05,0.0,1.18486e-05,0.0,1.19205e-05,0.0,0.0,0.0,0.0,0.0,0.0,0.0,0.0,1.63652e-06,0.0,4.17261e-06,8.87313e-08,0.0,0.0,0.0,0.0,1.5315e-07,0.0,0.0,6.9181e-07,0.0,0.0,0.0,0.0,0.0,0.0,0.0,0.0,0.0,0.0,0.0,0.0,0.0,0.0,0.0,0.0,0.0,0.0,0.0,0.0,0.0,0.0,0.0,0.0,0.0,2.21346e-06,0.0,0.0,0.0,1.28969e-06,0.0,2.06036e-06,0.0,0.0,0.0,0.0,1.59424e-06,0.0,8.43188e-07,2.66606e-06,2.83901e-07,0.0,0.0,0.0,1.9239e-06,0.0,0,0.0,0.0,0.0,3.63859e-06,0.0,0.0,0.0,0.0,0.0,0.0,6.63005e-07,0.0,0.0,0.0,0.0,0.0,0.0,2.35115e-06,0.0,0.0,0.0,0.0,0.0,0.0,0.0,0.0,3.37347e-05,0.0,0.0,0.0,5.53878e-06,0.0,8.91374e-06,0.0,0.0,0.0,0.0,0.0,0.0,6.44782e-07,0.0,1.11641e-05,1.1485e-05,0.0,6.81186e-06,0.0,0.0,0.0,8.66378e-06,0.0,0.0,4.60581e-07,0.0,0.0,1.51458e-06,0.0,0.0,0.0,0.0,2.29829e-06,0.0,0.0,0.0,0.0,0.0,0.0,0.0,0.0,0.0,0.0,0.0,0.0,0.0,0.0,0.0,0.0,0.0,0.0,0.0,0.0,0.0,0.0,0.0,0.0,0.0,0.0,0.0,0.0,0.0,0.0,0.0,0.0,0.0,0.0,0.0,0.0,0.0,0.0,0.0,0.0,0.0,0.0,0.0,0.0,0.0,9.07147e-05,1.30764e-05,0.0,1.86896e-06,0.000169248,2.97508e-06,7.08795e-07,1.1592e-05,1.09107e-05,2.29659e-05,0.0,0.000193396,0.0,5.46668e-06,3.10918e-06,2.50728e-05,0.000168284,7.25998e-05,0.000128723,0.0,1.01659e-05,0.0,2.57029e-05,1.07394e-05,0.0,0.0,0.0,0.0,0.0,6.92607e-06,0.0,5.47628e-06,0.0,1.20489e-05,0.0,0.0,0.0,0.772967534,0.0,0.0,0.789612462,0.570347138,0.0,0.0,174.8767303,0.0,0.996648284,0.0,0.0,3.29832e-05,0.0,0.0,0.0,2.44387e-06,5.45395e-06,0.0,0.0,0.0,0.0,7.66212e-06,1.43877e-06,1.57984e-05,3.75212e-06,0.0,0.0,0.0,0.0,0.0,0.0,1.84746e-06,5.39658e-06,0.0,0.0,0.0,0.0,0.0,0.0,0.0,0.0,0.0,0.0,0.0,3.0572e-05,2.97746e-07,0.0,0.0,0.0,0.0,0.0,0.0,1.45421e-07,0.0,0.0,1.31974e-05,0.0,0.0,0.0,0.0,0.0,0.0,0.0,0.0,0.0,0.0,1.95869e-07,1.26317e-05,1.39879e-07,0.0,0.0,0.0,0.0,0.0,0.0,0.0,0.0,0.0,0.0,0.0,0.0,0.0,0.0,0.0,0.0,0.008566982,0.0,0.0,0.0,0.0,0.0,0.0,0.0,0.0,0.0,0.0,0.0,6.89281e-05,0.0,0.0,0.0,0.0,0.0,0.0,0.0,0.0,0.0,0.0,0.0,0.0,0.0,0.0,0.0,0.0,0.0,0.0,0.0,0.0,0.0,0.0,0.0,0.0,0.0,0.0,0.002635119,0.0,0.0,0.0,0.0,0.0,0.001135123,0.0,0.0,0.0,0.0,0.0,0.0,0.0,0.0,0.0,0.0,0.0,0.0,0.0,0.0,0.0,0.0,0.0,0.0,0.0,0.0,0.0,0.0,0.0,0.0,0.0,0.0,0.0,0.0,0.0,0.0,0.0,0.0,0.0,0.0,0.0,0.0,0.0,0.0,0.0,0.0,0.0,0.0,0.0,0.0,0.0,0.0,0.0,0.0,0.0,0.0,0.0,0.0,0.0
18.35,,1572.18_189.1595_NILU_2,"Glutaric acid, di(isobutyl) ester",C13H24O4,UFWRCRCDRAUAAO-UHFFFAOYSA-N,CC(C)COC(=O)CCCC(=O)OCC(C)C,71195-64-7,bis(2-methylpropyl) pentanedioate,4-GC-NILU,189.1595,[M]+,,,,2,,,,1572.18,,,,,,normalized peak area,0.0,0.0,0.0,1.75728e-05,0.0,0.0,0.0,0.0,0.0,0.0,4.38859e-06,1.15675e-05,3.0928e-06,0.0,3.98086e-06,2.51619e-06,0.0,0.0,6.67832e-06,1.37703e-05,3.64411e-06,4.05505e-07,0.0,0.0,3.04814e-07,9.31968e-07,0.0,5.7459e-05,0.0,0.0,3.54422e-07,0.0,0.0,5.42389e-05,4.81329e-07,0.0,2.15824e-06,3.54925e-07,0.0,0.0,2.04651e-07,8.02715e-06,0.0,0.0,7.14396e-06,5.87386e-06,0.0,0.0,0.0,0.0,0.0,3.1025e-06,0.0,0.0,0.0,0.0,0.0,0.0,0.0,3.377e-06,6.14685e-06,0.0,0.0,0.0,0.0,0.0,3.41414e-06,0.0,0.0,0.0,0.0,8.45138e-07,0.0,3.05713e-06,0.0,2.29277e-06,0.0,0.0,0.0,0.0,0.0,0.0,6.11743e-07,0.0,1.26478e-06,1.04191e-06,5.77425e-07,1.92373e-06,1.70292e-06,0.0,0.0,0.0,0,0.0,0.0,0.0,1.00596e-05,0.0,8.61826e-07,0.0,0.0,0.0,0.0,0.0,0.0,0.0,0.0,1.25489e-05,0.0,0.0,0.0,0.0,0.0,0.0,0.0,8.10131e-07,0.0,0.0,0.0,1.21964e-05,0.0,0.0,2.6428e-06,0.0,2.2456e-05,0.0,0.0,0.0,0.0,0.0,6.77491e-07,4.38578e-05,0.0,0.0,9.87597e-07,0.0,0.0,8.35002e-06,0.0,9.66753e-06,3.10806e-06,1.08297e-05,0.0,2.19937e-06,0.0,0.0,0.0,8.9498e-07,4.49882e-06,0.0,9.88391e-06,0.0,7.99404e-07,1.84101e-06,0.0,0.0,0.0,0.0,5.40823e-06,0.0,0.0,0.0,0.0,0.0,0.0,0.0,0.0,0.0,0.0,0.0,0.0,0.0,0.0,2.36051e-07,0.0,0.0,0.0,0.0,0.0,0.0,0.0,0.0,0.0,0.0,0.0,0.0,0.0,0.0,0.0,0.0,0.0,0.0,0.0,0.0,0.0,0.0,8.89784e-07,0.0,0.0,0.0,0.0,0.0,7.77625e-06,1.5607e-06,0.0,5.06388e-06,9.54683e-07,5.61388e-06,0.0,2.82037e-05,2.83447e-05,0.0,0.0,6.26821e-06,3.62066e-05,0.0,1.42515e-05,3.18031e-06,1.50736e-05,6.09738e-05,0.000109821,8.43811e-06,0.0,1.76315e-06,0.0,0.000273465,0.0,1.83337e-05,3.0281e-05,6.12822e-06,0.0,0.0,0.0,0.023266122,1.764803365,0.0,0.0,0.0,0.0,0.0,0.0,0.0,147.9726179,0.0,0.0,0.0,0.0,5.20788e-06,0.0,0.0,0.0,5.77641e-06,0.0,0.0,0.0,0.0,7.26769e-06,1.00637e-05,4.7274e-07,7.89922e-06,0.0,0.0,0.0,0.0,0.000102264,0.0,0.0,0.0,0.0,1.76015e-06,0.0,0.0,0.0,0.0,0.0,0.0,0.0,0.0,1.17371e-06,0.0,0.0,1.17975e-07,0.0,0.0,0.0,0.0,0.0,2.7431e-05,2.07745e-07,0.0,1.1751e-06,0.0,0.0,0.0,0.0,1.07112e-06,0.0,0.0,0.0,0.0,0.0,0.0,0.0,0.0,0.0,0.0,2.65339e-07,0.0,0.0,0.0,0.0,0.0,0.000108094,0.0,0.0,1.47094e-06,0.0,0.0,0.0,0.0,0.0,0.0,0.0,0.0,0.0,0.0,0.0,0.0,0.0,0.0,0.000985895,0.0,0.0,5.85087e-05,0.0,0.000124403,0.0,0.0,0.0,0.000212038,0.0,0.0,0.0,0.0,0.0,0.0,5.75794e-05,0.0,0.0,0.0,0.0,0.000398745,1.0037e-07,0.001704817,0.0,0.0,0.000175156,0.0,0.000873112,0.0,0.0,0.008995182,0.0,0.0,0.0,0.0,0.002799969,0.000112264,0.0,0.0,0.0,0.0,0.0,0.0,0.0,0.0,0.0,0.0,0.0,0.0,0.0,0.0,0.0,0.0,0.0,0.0,0.0,0.0,0.0,0.0,0.0,1.35734e-05,0.0,0.0,0.0,0.0,0.0,0.0,0.0,0.0,0.0,0.0,0.0,0.0,0.0,2.40986e-06,0.0,0.0,0.0,0.0,0.0,0.0,0.000656268,0.0,0.0,0.0,0.0,0.0,0.0,0.0
18.41,,1576.77_191.16_NILU_2,"1-Penten-3-one, 1-(2,6,6-trimethyl-1-cyclohexen-1-yl)-",C14H22O,LMWNGLDCJDIIBR-UHFFFAOYSA-N,CCC(=O)C=CC1=C(C)CCCC1(C)C,127-43-5,"1-(2,6,6-Trimethylcyclohex-1-en-1-yl)pent-1-en-3-one",4-GC-NILU,191.16,[M]+,,,,2,,,,1576.77,,,,,,normalized peak area,0.0,0.0,0.0,0.0,0.0,0.0,0.0,0.0,0.0,0.0,0.0,0.0,0.0,0.0,0.0,0.0,0.0,0.0,0.0,0.0,0.0,0.0,0.0,0.0,0.0,0.0,0.0,0.0,0.0,0.0,0.0,0.0,0.0,0.0,0.0,0.0,0.0,0.0,0.0,0.0,0.0,0.0,8.4721e-07,0.0,0.0,0.0,0.0,0.0,0.0,0.0,0.0,0.0,0.0,0.0,0.0,0.0,0.0,0.0,0.0,0.0,0.0,0.0,0.0,0.0,0.0,0.0,0.0,0.0,0.0,0.0,0.0,0.0,0.0,0.0,0.0,0.0,0.0,0.0,0.0,0.0,0.0,0.0,0.0,0.0,0.0,0.0,0.0,0.0,0.0,0.0,0.0,0.0,0,0.0,0.0,0.0,0.0,0.0,0.0,0.0,0.0,0.0,0.0,0.0,0.0,0.0,0.0,0.0,0.0,0.0,0.0,0.0,0.0,0.0,0.0,0.0,0.0,0.0,0.0,0.0,0.0,0.0,0.0,0.0,0.0,0.0,0.0,0.0,0.0,0.0,0.0,0.0,0.0,0.0,0.0,0.0,0.0,0.0,0.0,0.0,0.0,0.0,0.0,0.0,0.0,0.0,0.0,0.0,0.0,0.0,0.0,0.0,0.0,0.0,0.0,0.0,0.0,0.0,0.0,0.0,0.0,0.0,0.0,0.0,0.0,0.0,0.0,0.0,0.0,0.0,0.0,0.0,0.0,0.0,0.0,0.0,0.0,0.0,0.0,0.0,0.0,0.0,0.0,0.0,0.0,0.0,0.0,0.0,0.0,0.0,0.0,0.0,0.0,0.0,0.0,0.0,0.0,0.0,0.0,0.0,0.0,0.0,0.0,0.0,0.0,0.0,0.0,0.0,0.0,0.0,0.0,0.0,0.0,0.0,0.0,0.0,0.0,0.0,0.0,0.0,0.0,0.0,0.0,0.0,0.0,0.0,0.0,0.0,0.0,0.0,0.0,0.0,0.0,0.0,0.0,0.0,0.0,0.0,0.0,0.0,0.0,0.0,0.0,0.0,0.0,0.0,0.0,0.0,0.0,0.0,0.0,0.0,0.0,0.0,0.0,0.0,0.0,0.0,0.0,0.0,0.0,0.0,0.0,0.0,0.0,0.0,0.0,0.0,0.0,0.0,0.0,0.0,0.0,0.0,0.0,0.0,0.0,0.0,0.0,0.0,0.0,0.0,0.0,0.0,0.0,0.0,0.0,0.0,0.0,0.0,0.0,0.000123176,0.0,0.0,0.0,0.0,0.0,0.0,0.0,0.0,0.0,0.0,0.0,0.0,0.0,0.0,0.0,0.0,0.0,0.0,0.0,0.0,0.0,0.0,0.0,0.0,0.0,0.0,0.0,0.0,0.0,0.0,0.0,0.0,0.0,0.0,0.0,0.0,0.0,0.0,0.0,0.0,0.0,0.0,0.0,0.0,0.0,0.0,0.0,0.0,0.0,0.0,0.0,0.0,1.06128e-05,0.0,0.0,0.0,0.0,0.0,0.0,0.0,0.0,0.0,0.0,0.0,0.0,0.0,0.000159215,0.0,0.0,0.0,0.0,0.0,0.0,0.0,0.000317834,0.0,2.9635e-05,0.044081442,0.0,9.64745e-05,0.0,0.0,2.92381e-05,0.0,0.0,0.0,0.0,2.15403e-06,5.63857e-05,1.51406e-05,0.0,0.000218447,0.0,0.0,7.02342e-07,0.0,0.0,0.0,0.0,0.0,0.0,0.0,0.0,0.0,1.03631e-05,0.0,0.0,0.000102311,3.29182e-05,8.42108e-06,0.0,9.60497e-07,0.0,0.0,0.0,0.0,4.18962e-05,0.0,0.0,0.0,0.0,1.74976e-05,0.0,0.0,0.0,1.654e-07,0.0,0.0
18.48,,1582.63_121.0418_NILU_2,"Benzoic acid, 2-hydroxy-, pentyl ester",C12H16O3,RANVDUNFZBMTBK-UHFFFAOYSA-N,CCCCCOC(=O)C1=C(O)C=CC=C1,2050-08-0,Pentyl 2-hydroxybenzoate,4-GC-NILU,121.0418,[M]+,,,,2,,,,1582.63,,,,,,normalized peak area,0.0,0.0,0.0,0.0,0.0,0.0,0.0,0.0,0.0,0.0,0.0,0.0,0.0,0.0,0.0,0.0,0.0,0.0,0.0,0.0,0.0,0.0,0.0,0.0,0.0,0.0,0.0,0.0,0.0,0.0,0.0,0.0,0.0,0.0,0.0,0.0,0.0,0.0,0.0,0.0,0.0,0.0,0.0,0.0,0.0,9.00658e-06,0.0,0.0,0.0,0.0,0.0,0.0,0.0,0.0,0.0,0.0,0.0,0.0,0.0,0.0,0.0,0.0,0.0,0.0,0.0,0.0,0.0,0.0,0.0,0.0,0.0,0.0,0.0,0.0,0.0,0.0,0.0,0.0,0.0,0.0,0.0,0.0,0.0,0.0,0.0,0.0,0.0,0.0,0.0,0.0,6.41299e-06,0.0,0,0.0,0.0,0.0,0.0,0.0,0.0,0.0,0.0,0.0,0.0,5.80129e-05,0.0,0.0,0.0,0.000362525,0.0,0.0,0.0,0.0,0.0,0.0,0.0,0.0,0.0,0.0,0.0,0.0,0.0,0.0,0.0,0.0,0.0,0.0,0.0,0.0,0.000120014,0.0,0.0,0.000532559,0.0,0.0,0.0,0.000184817,0.0,0.0,0.0,0.0,0.0,0.0,1.19489e-05,0.0,0.0,0.0,0.0,0.0,0.0,0.0,0.0,0.0,0.0,0.0,0.0,0.0,0.0,0.0,0.0,0.0,0.0,0.0,0.0,0.0,0.0,0.0,0.0,0.0,0.0,0.0,0.0,0.0,0.0,0.0,0.0,0.0,0.0,0.0,0.0,0.0,0.0,0.0,0.0,0.0,0.0,0.0,0.0,0.0,0.0,0.0,0.0,0.0,0.0,0.0,0.0,0.0,0.0,0.0,0.000250545,0.0,0.0,0.0,0.0,0.0,0.0,0.0,0.0,0.0,0.0,0.0,0.0,0.0,0.0,0.0,0.0,0.0,0.0,0.0,0.0,0.00034367,0.0,0.0,0.0,0.0,0.0,0.0,0.0,0.0,0.0,0.0,0.0,0.0,0.0,0.0,0.0,0.0,0.0,0.0,0.0,0.0,0.0,0.0,0.0,1.735646303,0.0,0.0,0.0,0.0,3.75441e-06,0.0,0.0,0.0,0.0,0.0,0.0,0.0,0.0,0.0,0.0,0.0,0.0,0.0,0.0,0.0,0.0,0.0,0.0,0.0,0.0,0.0,0.0,0.0,0.0,0.0,0.0,0.0,0.0,0.0,0.0,0.0,0.0,0.0,0.0,0.0,0.0,0.0,0.0,0.0,0.0,0.0,0.0,0.0,0.0,0.0,0.0,0.0,0.0,0.0,0.0,0.0,0.0,0.0,0.0,0.000100183,0.0,0.0,0.0,0.0,0.0,0.0,0.0,0.0,0.0,0.0,0.0,0.0,0.0,0.0,0.0,0.0,0.0,0.0,0.0,0.0,0.0,0.0,0.0,0.0,0.0,0.0,0.0,0.0,0.0,0.0,0.0,0.000124403,0.0,0.0,0.0,0.0,0.0,0.0,0.0,0.0,0.0,0.0,0.0,0.0,0.0,0.0,0.0,0.0,0.0,0.0,0.0,0.0,0.0,0.0,0.0,0.0,0.0,0.0,0.0,0.000182216,0.0,0.0,0.0,0.0,0.0,0.008949868,0.0,0.0,0.0,0.0,0.0,0.0,0.0,0.0,0.0,0.0,0.0,0.0,0.0,0.0,0.0,0.0,0.0,0.0,0.0,0.0,0.0,0.0,0.0,0.0,0.0,0.0,0.0,0.0,0.0,0.0,0.0,0.0,0.0,0.0,0.0,0.0,0.0,0.0,0.0,0.0,0.0,0.0,0.0,0.0,0.0,0.0,0.0,0.0,0.0,0.0
18.55,,1588.9_43.0551_NILU_2,Diethyl phthalate,C12H14O4,FLKPEMZONWLCSK-UHFFFAOYSA-N,CCOC(=O)C1=CC=CC=C1C(=O)OCC,84-66-2,"Diethyl benzene-1,2-dicarboxylate",4-GC-NILU,43.0551,[M]+,,,,2,,,,1588.9,,,,,,normalized peak area,0.000196046,0.000182207,0.000269914,0.000244232,0.00015315,0.000143514,0.000436228,0.003701375,0.00012716,0.000610505,0.0,0.000955575,0.001713578,8.56306e-05,0.000472306,0.000304992,0.0,0.000198964,0.000488031,0.006196651,0.000882258,0.001290244,1.42e-05,0.00046638,0.000328878,0.000422637,5.21679e-05,0.0,0.000155675,0.000180441,0.000209018,0.000555794,2.21733e-05,0.000803153,0.000154025,1.7535e-05,0.000254193,6.74358e-05,8.43076e-05,0.0,0.000288372,0.000535143,3.09558e-05,0.0,0.000561311,0.0,0.002107114,2.26798e-05,0.0,1.17865e-05,0.000216125,0.000263243,0.0,0.0,4.10269e-05,0.0,0.0,2.33909e-05,0.0,0.00154779,0.0,0.0,0.0,2.10115e-05,0.000373891,0.0,0.00032657,0.0,0.0,0.0,0.0,0.000120734,0.0,3.05713e-05,0.0,0.000195841,0.000194081,0.000257545,0.0,5.58225e-05,0.0,0.0,0.00031514,0.0,0.000145936,0.001287063,7.699e-05,0.000699538,0.001829065,0.0,0.000950073,0.00034066,0,7.87414e-05,2.21053e-05,0.00101099,0.000642104,0.0,0.000120656,0.0,0.0,0.0,0.0,0.0,0.0,0.0,0.002522997,0.007668795,0.0,0.0,2.04637e-05,1.6348e-05,0.0,0.000486274,5.6889e-06,2.65134e-05,6.83865e-05,3.15936e-05,8.32398e-05,0.005189958,7.26166e-06,0.012171906,1.59797e-05,0.000447718,0.000350875,0.000891374,9.6301e-06,2.67551e-05,0.0,0.0,1.41144e-05,0.0,4.24199e-05,4.05864e-05,0.000416508,0.0,4.10227e-05,0.003735537,2.1105e-05,0.008746816,0.000306097,0.005053874,0.012745496,0.000639816,0.000147386,1.78234e-05,5.30612e-05,0.000488797,0.001072794,0.0,0.001537497,1.56834e-05,0.001265724,0.000173873,1.09512e-05,6.77679e-06,0.022230007,0.0,0.000613908,0.0,3.25623e-05,0.000258207,0.0,0.005838902,0.0,0.000524643,6.27721e-05,0.000107808,0.0,0.001058219,1.19553e-05,0.0,2.08351e-05,0.000150214,0.0,0.0,0.0,0.0,0.0,0.0,0.0,0.0,0.0,0.0,9.25967e-05,0.0,0.0,0.0,0.0,0.0,4.60912e-07,0.010233659,0.0,0.0,0.000663786,7.2032e-05,6.42622e-05,0.000135108,0.000358539,0.000355677,2.75349e-05,7.56483e-05,0.000356793,0.000336526,1.71292e-05,0.000408771,0.000377327,0.000510353,0.000300532,0.000628539,0.000354309,0.000109334,0.000213756,0.000445043,0.000413061,0.00041326,0.000367779,0.000567912,0.000234868,0.00019955,0.001869299,0.000199446,7.46137e-05,0.000430993,8.47101e-05,0.000867955,0.000127953,0.001527809,0.000364494,0.000547628,0.000130306,0.001128392,0.000156316,0.0,0.0,0.0,0.0,0.0,0.0,0.0,0.0,0.0,0.0,0.0,0.0,0.0,3.73501e-05,0.004687091,0.0,0.0,2.57458e-05,0.000153297,0.002454278,0.0,0.0,0.0,0.000926631,0.005031841,4.86442e-05,0.002872443,0.001803905,0.0,9.87716e-06,0.0,0.003854551,0.003822274,0.0,0.000566553,0.005733871,0.000306396,0.0,0.0,0.0,0.007041966,0.0,0.0,0.000871113,0.000874008,0.000684665,0.000159084,0.007177763,0.00012921,0.0,0.02065326,0.005554677,9.18192e-06,0.0,0.003840341,5.60911e-05,0.0,0.001150101,0.007214577,0.0,0.000364313,0.0,0.001147625,0.0,0.0,0.0,0.005922206,0.0,0.0,0.000174694,0.006098078,0.000103069,0.0,0.000337052,0.0,0.000442887,0.0,0.0,0.0,0.033972519,0.0,0.0,0.000239455,0.014179909,0.010105167,0.0,0.000155833,0.0,0.030936323,0.0,0.003337544,0.013419077,0.000136394,0.0,4.33156e-05,0.000398354,5.43919e-05,0.0,0.001657351,0.025626429,0.0,0.002315153,5.49446e-06,0.0,0.001689326,0.0,0.0,3.93055e-05,5.30827e-06,1.35511e-06,0.0,0.000226174,1.02728e-05,0.000781943,0.0,0.001150833,0.0,4.93906e-06,0.000482,0.000833585,0.002534188,0.0,0.0,0.00155293,0.000628635,0.008731124,1.89056e-06,0.0,0.024736751,0.0,0.0,0.0,0.0,0.00983773,0.000137924,0.001037226,0.387382366,1.78387e-06,0.001870424,7.93696e-06,2.00492e-06,0.00299026,0.0,0.000135394,0.0,0.000521529,9.75649e-05,0.000451086,0.000582913,0.0,0.000885595,0.000400536,1.34081e-06,6.94361e-06,0.000369552,2.25035e-05,0.0,1.4753e-06,8.02062e-06,1.0344e-05,0.001762714,0.0,0.000172469,0.000559277,0.0,0.012347185,0.000170519,0.000786106,2.48491e-05,1.49053e-06,2.83783e-05,0.0,6.65123e-06,0.005533494,9.56499e-06,0.000156329,3.11534e-06,6.95106e-05,2.4836e-05,0.000337002,0.000951622,4.37014e-07,0.004851823,0.0,4.61379e-05,9.35673e-07,0.001185927
18.68,,1599.56_113.1315_NILU_2,Hexadecane,C16H34,DCAYPVUWAIABOU-UHFFFAOYSA-N,CCCCCCCCCCCCCCCC,544-76-3,Hexadecane,4-GC-NILU,113.1315,[M]+,,,,1,,,,1599.56,,,,,,normalized peak area,1.20644e-05,2.93882e-05,0.000533163,0.00116159,7.33846e-05,6.59387e-05,0.000631383,8.67909e-05,5.74272e-05,0.000183152,0.000159585,3.26907e-05,6.68713e-05,1.66504e-05,0.000155186,4.32072e-05,0.000208325,9.33911e-06,1.36135e-05,0.000172129,0.000187959,3.87073e-05,1.15704e-06,6.42848e-05,5.37435e-06,2.92595e-05,8.57044e-07,0.0,1.42332e-06,1.80441e-05,1.13597e-05,9.46352e-06,0.0,4.69375e-05,1.54025e-05,0.0,3.0695e-05,9.93791e-07,2.02338e-06,0.0,8.8372e-06,1.26651e-05,1.33599e-06,0.0,2.04113e-05,4.69908e-06,0.001354573,0.0,0.0,0.0,2.99928e-06,7.52122e-06,0.0,0.0,0.0,0.0,0.0,1.52041e-06,0.0,1.82921e-05,0.0,0.0,0.0,7.18814e-07,3.21962e-05,8.2541e-07,3.71103e-05,0.0,0.0,0.0,0.0,3.52141e-05,0.0,0.0,0.0,5.73194e-06,7.90702e-06,1.95734e-05,0.0,4.73278e-06,0.0,0.0,1.26056e-05,0.0,1.16749e-05,2.78864e-05,2.88712e-06,1.61768e-05,1.76599e-05,0.0,1.73388e-05,2.02267e-05,0,3.76589e-06,8.50202e-07,2.60565e-05,5.77894e-05,0.0,1.34445e-05,0.0,0.0,0.0,0.0,8.56381e-06,0.0,0.0,3.0276e-05,0.000167319,0.0,0.0,1.21912e-05,3.08276e-06,0.0,0.000113464,1.73141e-06,2.43039e-05,0.0,0.0,0.0,0.000173864,7.78035e-07,0.000378682,2.6428e-06,0.0,7.01751e-05,0.0,1.35697e-06,2.00663e-06,0.0,0.0,2.31476e-06,0.000140971,5.76911e-06,1.27211e-06,3.17749e-05,0.00089768,0.0,0.0,0.0,0.0,1.31857e-05,5.5352e-05,0.00123472,1.69951e-05,3.17801e-06,0.0,0.0,2.13418e-05,1.59189e-05,0.0,1.31785e-05,0.0,5.99553e-06,1.02278e-06,0.0,0.0,9.09409e-05,0.0,0.0,0.0,3.12055e-07,7.10069e-07,0.0,7.55623e-06,0.0,0.0,0.0,6.58824e-07,0.0,1.56432e-05,0.0,0.0,0.0,0.0,0.0,0.0,0.0,0.0,0.0,0.0,0.0,0.0,0.0,0.0,0.0,0.0,0.0,0.0,0.0,0.0,0.0,0.0,0.0,0.0,0.0,2.69035e-05,1.6807e-05,2.55204e-05,0.000211668,7.32276e-05,0.0,2.58094e-05,0.000397961,2.43859e-05,1.00413e-05,9.15159e-05,3.09135e-05,7.01735e-05,2.89925e-05,0.0,0.000389739,2.32334e-05,1.94324e-05,0.00028207,0.001223885,0.000268061,0.0,0.000204448,8.41317e-05,0.000171835,0.000163564,2.53143e-05,7.46137e-06,3.77119e-05,2.0754e-05,0.0,9.88727e-06,2.95376e-05,0.000145797,7.04094e-05,2.42844e-05,0.00015874,4.40002e-05,0.0,0.819372991,0.0,0.0,0.0,0.0,0.0,0.0,0.0,0.0,0.0,0.0,0.0,1.35e-05,0.000124989,4.85864e-06,4.22763e-05,1.7824e-06,1.51075e-05,5.5903e-05,0.0,0.0,0.0,1.47171e-05,8.11956e-05,7.53643e-06,5.1704e-05,2.88625e-05,0.0,0.0,0.0,0.000157329,7.13491e-05,0.0,1.60113e-05,4.55337e-05,2.41205e-06,0.0,0.0,0.0,4.22518e-05,0.0,0.0,0.0,8.74008e-06,2.1192e-06,0.0,0.000225967,1.91007e-06,0.0,0.000117348,2.43789e-05,0.0,0.0,6.12626e-05,1.17722e-06,0.0,3.25028e-06,9.1502e-05,0.0,0.0,0.0,0.0,0.0,0.0,0.0,5.59319e-05,0.0,0.0,1.48225e-06,0.000100183,1.54604e-06,0.0,2.36653e-06,0.0,5.90517e-06,0.0,0.0,0.0,0.000131257,0.0,0.0,2.56559e-06,0.000106349,4.14571e-05,0.0,4.56369e-06,2.4809e-06,0.0,0.0,0.0,0.000100643,0.0,0.0,0.0,0.0,0.0,0.0,0.0,0.0,0.0,0.0,0.0,0.0,2.65466e-05,0.0,0.0,0.0,0.0,0.0,0.001061698,1.13087e-06,0.0,0.0,0.0,0.0,0.0,0.0,0.0,0.0,0.0,0.0,0.0,0.0,8.80089e-06,0.0,0.0,0.0,0.0,0.0,0.0,0.0,0.0,0.0,0.0,0.0,0.0,0.0,0.0,0.0,0.0,0.0,0.0,0.0,0.0,0.0,0.0,0.0,0.0,0.0,0.0,0.0,0.0,0.0,0.0,0.0,0.0,0.0,0.0,0.0,0.0,0.0,0.0,0.0,0.0,0.0,0.0,0.0,0.0,0.0,0.0,0.0,0.0,0.0,0.0,0.0,0.0,0.0,0.0,0.0,0.0,0.0,0.0,0.0,0.0,0.0,0.0
18.8,,1610.39_197.9945_NILU_2,"2-methyl-4,6-dinitrophenol",C7H6N2O5,ZXVONLUNISGICL-UHFFFAOYSA-N,CC1=C(O)C(=CC(=C1)[N+]([O-])=O)[N+]([O-])=O,534-52-1,"2-Methyl-4,6-dinitrophenol",4-GC-NILU,197.9945,[M]+,,,,1,,,,1610.39,,,,,,estimated concentration,351.3703605,1629.089527,975.3897816,1151.844594,906.6443387,1043.070942,0.0,411.3560248,509.0853401,949.0942624,635.699552,1828.900074,166.0052518,380.6787681,1273.223627,10.47079643,0.0,1576.678365,1219.111593,0.0,244.6595843,191.7969577,23.73610764,186.0250906,0.0,406.8744424,250.7830168,431.0614762,2466.446905,191.3778463,0.0,108.2791017,165.9014952,43.44776416,137.3470556,440.0367468,114.4825197,0.0,76.47497998,18.19295983,61.83663184,380.0923985,300.7535254,39.20412573,0.0,3.396283443,31.57434751,160.4046804,14.77747765,113.4730621,143.7300101,41.65855763,10.41323278,9.096664415,17.67070541,27.14203985,10.10185236,23.93772854,6.41078139,62.19382378,0.0,0.0,0.0,0.0,0.0,0.0,0.0,0.0,0.0,0.0,2471.161788,0.0,0.0,0.0,0.0,1207.988895,0.0,0.0,0.0,0.0,,0.0,0.0,0.0,0.0,0.0,0.0,0.0,0.0,0.0,0.0,0.0,0,0.0,60.19156889,0.0,0.0,0.0,0.0,0.0,0.0,0.0,0.0,0.0,0.0,0.0,0.0,0.0,0.0,0.0,0.0,0.0,99.93239982,228.8240796,18.36444065,0.0,13.35820654,124.6224971,47.50649236,8.258782891,0.0,3.570938826,0.0,339.0614479,0.0,0.0,0.0,101.2803616,0.0,67.94292722,0.0,70.33129013,0.0,146.9332488,145.1276784,72.82302905,87.80544516,57.50846428,50.45420556,0.0,0.0,805.6579134,0.0,0.0,800.8264815,380.3809176,163.8288497,874.8793602,45.71715162,88.96924179,176.2955844,275.6804238,0.0,305.4012952,0.0,122.4220949,49.97613544,0.0,77.94898394,23.95309386,0.0,96.32979955,35.48122124,73.90845111,117.2406489,0.0,44.6307838,189.3507449,0.0,0.0,46.6091607,5.985353866,4.80247019,10.35221916,10.22701465,20.21261884,11.46552669,7.025013516,3.85607346,5.097274014,7.463075301,3.928935396,4.378667109,4.686293734,4.356086447,3.390896472,3.85140422,4.287000797,4.143248762,3.928502391,11.38516797,6.807911169,9.474856248,4.198337541,5.187563048,960.1562961,0.0,1987.856595,1365.485511,1002.995497,0.0,0.0,0.0,2243.577527,0.0,531.737948,2015.465281,600.9100998,1673.135195,223.1803814,2455.22983,785.6895142,1736.499277,2735.579663,268.8876999,1174.798028,0.0,1972.907187,3066.83922,1600.083875,0.0,177.4961034,262.8579458,0.0,103.4065851,150.0552411,0.0,0.0,0.0,7.983433326,0.0,232.6502009,42.84001623,0.0,0.0,0.0,0.0,0.0,0.0,4.215491163,0.0,0.0,0.0,0.0,0.0,0.0,41.87108046,0.0,49.3782073,0.0,44.97618791,4.061459325,15.10757919,0.0,10.52042179,17.31308805,0.0,0.0,0.0,6.379357711,0.0,11.6343533,14.82268663,0.0,3.668917347,0.0,12.80086634,0.0,0.0,0.0,16.90289846,4.193919279,5.385127483,14.17163442,19.73325407,16.49364588,13.07833017,36.50682875,13.78588798,9.806102594,9.609169793,18.25904429,8.012458835,5.184742005,6.952873322,25.70943512,11.24262562,0.0,63.23003125,12.88556391,11.54413521,0.0,17.28880506,15.60166997,14.20526704,10.3217947,25.58336283,9.771539298,0.0,0.0,8.307987002,6.05481434,0.0,7.363006704,42.45420244,8.527980664,28.53776691,12.83058332,12.4979597,13.61116724,8.133107601,11.31430902,0.0,14.7425541,6.436724764,10.71199019,8.270810423,20.57821814,10.39725072,28.27458867,6.205318497,5.614645819,0.0,10.5117966,15.49421726,63.06494066,4.797681227,48.85389293,5.66881169,29.34018928,20.27525025,6.733131547,26.98981891,6.287513515,0.0,4.19418328,4.675504617,0.0,9.631119147,5.086905476,17.26268939,9.498631667,7.409325734,36.09322648,11.95178864,27.07961825,4.005059642,5.813525352,7.024445105,13.37873243,9.365249987,4.339455293,8.983942072,23.51995548,7.606706455,0.0,4.225506082,16.3393966,11.25618777,8.145249269,3.976625768,3.493451526,0.0,11.83108709,7.098440372,6.763295519,0.0,20.47231131,3.539714845,0.0,8.890115427,2.105228746,3.330843586,5.078732941,6.560323085,2.263443924,2.807071799,2.926385401,4.310933321,3.017867651,2.608888968,2.643672216,3.798876495,2.539690844,3.853390946,3.825375533,3.739078425,3.268997465,2.274513732,2.160892947,2.825225589,4.037911472,3.689530209,4.441614964,5.947360803,2.753046207,4.32802638,2.884739482,3.078361505,2.691635489,3.735262296,4.512789711,2.771270415,2.542988438,2.782914131,2.804154142,2.912974726,3.194812338,2.715417931,2.909965417,2.97227875,3.719001424,2.677369076,2.458402296,6.642186468,2.251951843,2.265977763,2.968406825,2.922723516,2.770067253
19.06,,1633.16_175.1455_NILU_2,"Benzene, (1-butylheptyl)-",C17H28,RRPCXIBGXYGQNC-UHFFFAOYNA-N,CCCCCCC(CCCC)C1=CC=CC=C1,4537-15-9,(Undecan-5-yl)benzene,4-GC-NILU,175.1455,[M]+,,,,2,,,,1633.16,,,,,,normalized peak area,3.77012e-06,0.0,0.0,0.000131051,0.0,0.0,0.0,0.0,0.0,0.0,3.98963e-05,2.51467e-05,6.26919e-05,0.0,0.000148439,0.000114372,3.16079e-05,0.0,0.0,9.29498e-05,0.0,2.94913e-06,1.73555e-07,4.1596e-05,0.0,3.35942e-06,0.0,0.000359119,0.0,7.59753e-06,0.0,0.0,0.0,9.07458e-05,7.3162e-06,0.0,8.63298e-06,9.58298e-07,0.0,0.0,0.0,1.42705e-05,8.79795e-07,0.0,1.36075e-05,1.43583e-05,0.0,0.0,0.0,0.0,0.0,0.0,0.0,0.0,0.0,0.0,0.0,0.0,0.0,1.09752e-05,0.0,0.0,0.0,0.0,0.0,0.0,1.92973e-05,0.0,0.0,0.0,0.0,6.33854e-06,0.0,1.22285e-05,0.0,0.0,3.23469e-06,8.44746e-06,0.0,0.0,0.0,0.0,1.14933e-06,0.0,0.0,3.37088e-06,2.06911e-07,3.62886e-05,3.15356e-06,0.0,1.04508e-06,0.0,0,0.0,0.0,0.0,2.14035e-05,0.0,0.0,0.0,0.0,0.0,0.0,3.59128e-06,0.0,0.0,0.0,0.0,0.0,0.0,0.0,2.05518e-06,0.0,0.0,0.0,2.94593e-06,0.0,0.0,4.39321e-07,0.000215383,0.0,0.000297535,9.83369e-07,1.75395e-06,0.0,0.0,2.58262e-07,0.0,3.51151e-05,0.0,1.07269e-06,0.000106512,3.81779e-06,4.24037e-07,0.0,0.000125411,1.63102e-07,0.000219737,0.0,6.44502e-05,5.65102e-06,6.25718e-06,0.000390331,8.59752e-06,0.0,8.27515e-08,0.0,4.26837e-06,1.41886e-05,0.0,7.68749e-06,0.0,1.43227e-05,0.0,2.26325e-08,0.0,2.12196e-05,0.0,1.60785e-05,0.0,0.0,0.0,0.0,2.91945e-07,0.0,3.56007e-06,0.0,0.0,1.0346e-06,5.06105e-06,0.0,0.0,0.0,4.93562e-07,0.0,0.0,0.0,0.0,0.0,0.0,0.0,0.0,0.0,0.0,0.0,0.0,0.0,0.0,0.0,0.0,0.0,0.0,0.0,0.0,0.0,0.0,0.0,0.0,6.47962e-05,0.0,0.0,0.0,0.0,0.0,9.4506e-07,6.10106e-05,0.0,8.93117e-05,0.0,0.0,0.0,0.0,0.0,0.000112828,0.000224379,0.000100523,7.35559e-05,7.38286e-05,0.0,0.000155206,0.000191603,3.29853e-05,0.0,0.0,1.27065e-05,0.000130788,0.0,4.27787e-05,6.72911e-05,1.56465e-05,2.07306e-05,0.000124314,0.0,0.0,0.0,0.0,0.0,0.0,0.0,0.0,0.0,0.0,0.0,0.0,0.0,0.0,0.0,6.94384e-05,0.0,0.0,0.0,6.66509e-06,4.49951e-05,0.0,0.0,0.0,2.362e-05,2.2872e-05,1.98688e-06,0.000100536,1.22666e-05,0.0,0.0,0.0,0.000212394,1.65632e-05,0.0,4.7418e-06,7.58895e-06,4.43297e-06,0.0,0.0,0.0,4.22518e-05,0.0,0.0,0.0,1.19183e-06,2.44523e-06,0.0,2.39259e-05,1.23593e-06,0.0,2.58166e-05,7.09764e-06,0.0,0.0,6.492e-05,9.69476e-07,0.0,4.25037e-06,3.69527e-05,0.0,0.0,0.0,8.41591e-07,0.0,0.0,0.0,2.50049e-05,0.0,0.0,2.01163e-06,0.00025699,2.65035e-06,0.0,2.22311e-06,0.0,3.44468e-06,0.0,0.0,0.0,0.000200747,0.0,0.0,2.56559e-06,5.14022e-05,2.59107e-05,0.0,9.23868e-07,0.0,0.0,0.0,0.0,3.69025e-05,0.0,0.0,0.0,0.0,0.0,0.0,0.0,1.11932e-05,0.0,0.0,0.0,0.0,0.0,0.0,0.0,0.0,0.0,0.0,0.0,0.0,0.0,0.0,0.0,0.0,0.0,0.0,0.0,0.0,0.0,0.0,0.0,0.0,8.9805e-06,5.30715e-05,0.0,0.0,0.0,0.0,0.0,0.0,0.0,0.0,0.0,0.0,0.0,0.0,0.0,0.0,0.0,0.0,0.0,0.0,0.0,0.0,0.0,0.0,0.0,0.0,0.0,0.0,0.0,0.0,0.0,0.0,0.0,0.0,0.0,0.0,0.0,0.0,0.0,0.0,0.0,0.0,0.0,0.0,0.0,0.0,0.0,0.0,0.0,0.0,0.0,0.0,0.0,0.0,0.0,0.0,0.0,0.0,0.0,0.0,0.0,0.0,0.0
19.21,,1645.38_112.1219_NILU_2,"Cyclopentaneacetic acid, 3-oxo-2-pentyl-, methyl ester",C13H22O3,KVWWIYGFBYDJQC-UHFFFAOYNA-N,CCCCCC1C(CC(=O)OC)CCC1=O,24851-98-7,Methyl (3-oxo-2-pentylcyclopentyl)acetate,4-GC-NILU,112.1219,[M]+,,,,2,,,,1645.38,,,,,,normalized peak area,0.0,1.29308e-05,0.000229926,0.000145943,5.42408e-06,5.81812e-06,0.0,0.0,4.92233e-06,5.16581e-05,8.77718e-05,1.28248e-05,5.85124e-05,1.42718e-06,8.77139e-05,1.67746e-05,2.51427e-05,2.92355e-06,6.93518e-06,0.00010672,0.000191795,1.16736e-05,6.3111e-07,1.89073e-05,2.48664e-06,2.16737e-05,2.45934e-07,1.628e-05,6.22702e-07,8.07238e-06,8.63337e-06,0.0,0.0,2.39903e-05,7.99006e-06,0.0,2.01436e-05,5.67881e-07,1.096e-06,0.0,5.11627e-06,5.70819e-06,9.44966e-07,0.0,1.02057e-05,2.74113e-06,0.000579456,0.0,0.0,0.0,2.33768e-06,3.57258e-06,0.0,0.0,0.0,0.0,0.0,9.59025e-07,0.0,1.32266e-05,0.0,0.0,0.0,0.0,1.45402e-06,0.0,0.0,0.0,0.0,0.0,0.0,1.91162e-05,0.0,6.87855e-07,0.0,3.00927e-06,0.0,1.00957e-05,0.0,6.31037e-06,0.0,0.0,1.85377e-05,0.0,1.62152e-05,1.6548e-05,4.28257e-06,1.13675e-05,1.45064e-05,0.0,0.0,3.61951e-05,0,2.39648e-06,5.10121e-07,1.66761e-05,5.02981e-05,0.0,4.82623e-06,0.0,0.0,0.0,0.0,3.86753e-06,0.0,0.0,2.0184e-05,6.27447e-05,0.0,0.0,0.0,7.00628e-07,0.0,2.02614e-05,1.60773e-06,1.91486e-06,0.0,0.0,0.0,8.30393e-05,0.0,0.000108195,2.51988e-06,7.84661e-06,3.88302e-05,0.0,3.93959e-07,4.39548e-07,1.37793e-05,0.0,6.21034e-07,5.95213e-05,1.61196e-06,7.87498e-07,3.04867e-05,8.18473e-05,0.0,3.29606e-05,4.22099e-07,5.98466e-05,4.23826e-06,1.4199e-05,0.000382365,1.41959e-05,8.75104e-07,0.0,0.0,1.10151e-05,3.80669e-06,0.0,9.33481e-06,0.0,1.03256e-05,1.78987e-06,0.0,0.0,0.000151568,0.0,4.53122e-06,0.0,6.7838e-07,9.68276e-07,0.0,0.0,0.0,8.43176e-06,0.0,3.71337e-07,4.81207e-06,2.53052e-05,0.0,0.0,0.0,0.0,0.0,0.0,0.0,0.0,0.0,0.0,0.0,0.0,0.0,0.0,0.0,0.0,0.0,0.0,0.0,0.0,0.0,0.0,0.0,0.0,0.0,2.16964e-06,6.42622e-06,4.87891e-06,0.000203028,3.29524e-05,6.12652e-06,7.56483e-06,0.000132654,1.36561e-05,1.59479e-06,4.51478e-05,1.50022e-05,0.0002169,1.0607e-05,0.000402909,0.000212585,2.18667e-05,9.06845e-06,0.0,0.0,0.000111692,0.000151709,5.67912e-05,3.85604e-05,6.09738e-05,7.94452e-05,2.07117e-05,0.0,1.86111e-05,0.0,0.000202127,1.33769e-06,7.43534e-05,4.14962e-05,3.12931e-05,1.30306e-05,0.0,3.18422e-05,0.0,0.0,0.0,0.0,0.0,0.0,0.0,0.0,0.0,0.0,0.0,0.332216095,0.0,4.50001e-06,7.98541e-05,0.0,0.0,1.14866e-06,7.77593e-06,3.27237e-05,0.0,0.0,0.0,7.81277e-06,0.000137232,3.83673e-06,3.73418e-05,2.81409e-05,0.0,0.0,0.0,7.86643e-05,4.58673e-05,0.0,5.29604e-05,2.86694e-05,1.76015e-06,0.0,0.0,0.0,2.28864e-05,0.0,0.0,0.0,0.0,1.22262e-06,0.0,0.000199382,0.0,0.0,9.38785e-05,0.0,0.0,0.0,2.10304e-05,0.0,0.0,0.0,0.000131974,0.0,0.0,0.0,0.0,0.0,0.0,0.0,0.0,0.0,0.0,0.0,6.53365e-05,0.0,0.0,1.6494e-06,0.0,0.0,0.0,0.0,0.0,7.4894e-05,0.0,0.0,1.55646e-06,8.27161e-05,0.0,0.0,0.0,0.0,0.0,0.0,5.30081e-05,0.0,0.0,0.0,2.97021e-07,0.0,0.0,0.0,0.000414338,9.13126e-05,0.0,0.0,0.0,0.0,2.03409e-05,0.0,0.0,0.0,0.0,0.0,0.0,8.17706e-07,0.0,0.0,0.0,5.35733e-06,0.0,0.0,0.0,7.82549e-06,0.0,0.0,0.0,6.13949e-06,6.82518e-06,0.0,0.0,0.0,0.0,0.0,0.0,0.0,0.0,0.0,0.0,0.0,0.004274564,0.0,0.0,0.0,0.0,0.0,0.0,0.0,0.0,0.0,0.0,0.0,0.0,0.0,0.0,0.0,0.0,0.0,0.0,0.0,0.0,0.0,0.0,0.0,0.0,0.0,0.0,0.0,0.0,0.0,0.0,0.0,0.0,0.0,0.0,0.0,0.0,0.0,0.0,0.0,0.0,0.0,0.0,0.0,0.0,0.0,0.0,0.0,0.0,0.0,0.0
19.39,,1661.26_197.2234_NILU_2,"Pentanedioic acid, dibutyl ester",C13H24O4,ISXDVFNOXYQPIA-UHFFFAOYSA-N,CCCCOC(=O)CCCC(=O)OCCCC,6624-57-3,Dibutyl pentanedioate,4-GC-NILU,197.2234,[M]+,,,,2,,,,1661.26,,,,,,normalized peak area,0.0,0.0,0.00014662,3.57412e-05,0.0,0.0,0.000143496,0.0,1.14854e-06,1.78455e-05,2.07461e-05,5.78374e-06,1.58819e-05,0.0,3.44108e-05,0.0,0.0,0.0,1.97781e-06,3.44258e-05,3.26052e-05,6.75842e-06,0.0,8.5713e-06,8.82356e-07,0.0,0.0,0.0,0.0,2.51668e-06,2.40826e-06,0.0,0.0,0.0,2.31038e-06,0.0,3.83688e-06,0.0,0.0,0.0,0.0,3.03248e-06,1.43374e-07,0.0,0.0,1.29225e-06,0.0,0.0,0.0,0.0,0.0,0.0,0.0,0.0,0.0,0.0,0.0,0.0,0.0,0.0,0.0,0.0,0.0,0.0,0.0,0.0,5.49232e-06,0.0,0.0,0.0,0.0,1.81101e-06,0.0,0.0,0.0,0.0,1.36576e-06,2.26639e-06,0.0,0.0,0.0,0.0,0.0,0.0,0.0,1.6548e-06,3.51267e-07,0.0,0.0,0.0,1.18759e-06,0.0,0,0.0,0.0,0.0,7.49121e-06,0.0,0.0,0.0,0.0,0.0,0.0,0.0,0.0,0.0,0.0,0.0,0.0,0.0,0.0,0.0,0.0,4.01176e-06,0.0,0.0,0.0,0.0,0.0,0.0,0.0,3.51633e-05,0.0,4.43103e-06,7.01751e-06,1.63419e-05,0.0,0.0,2.13358e-06,0.0,0.0,1.56635e-05,0.0,0.0,4.72329e-06,8.05272e-05,0.0,0.0,0.0,2.34783e-05,0.0,5.77586e-06,0.0,0.0,1.28963e-07,0.0,0.0,3.09801e-06,1.69571e-06,0.0,0.0,0.0,1.5655e-06,2.91492e-07,0.0,0.0,0.0,0.0,0.0,0.0,0.0,0.0,0.0,0.0,0.0,0.0,0.0,1.43743e-07,0.0,0.0,8.31671e-07,0.0,0.000218769,7.51072e-06,0.0,0.0,0.0,0.0,0.0,0.0,0.0,0.0,0.0,0.0,0.000182907,0.0,0.0,0.0,0.0,0.0,3.41617e-07,0.000227932,0.0,3.92045e-05,0.000410717,1.04143e-05,1.829e-06,1.42614e-05,0.000129592,1.25533e-05,4.33675e-06,4.89489e-06,5.03169e-05,6.82806e-06,3.36678e-06,9.76169e-06,6.81916e-06,2.04141e-05,3.88923e-05,0.000338444,5.75751e-05,3.14334e-06,5.05242e-05,0.000608016,5.60948e-05,0.00013403,1.88487e-05,3.97538e-05,0.000224351,2.60524e-05,3.7386e-05,2.14788e-06,2.98455e-06,7.34647e-06,0.0,0.000225906,4.47835e-06,7.43534e-06,8.97215e-06,1.43426e-05,3.07997e-05,2.48629e-05,0.0,0.000108575,0.0,0.0,0.0,0.0,0.0,0.000872296,0.0,0.0,0.753315146,0.0,0.001993297,0.0,2.475e-05,1.12837e-05,1.85512e-05,1.42359e-05,9.3081e-06,5.55424e-05,1.90888e-05,4.83367e-05,0.0,1.6205e-05,8.35784e-06,9.49188e-06,2.74052e-05,2.5852e-05,4.25722e-06,8.67823e-07,3.95087e-06,1.16066e-05,0.0011013,0.000484155,0.0,8.62146e-05,0.000421608,0.000143419,0.0,0.0,0.0,0.0,0.0,0.0,0.0,0.0,0.0,0.0,5.44978e-05,4.21338e-07,0.0,0.0,0.0,0.0,0.0,7.77212e-06,0.0,0.0,0.0,2.28755e-05,0.0,0.0,0.0,0.0,0.0,0.0,0.0,0.0,0.0,0.0,2.8057e-07,0.0,0.0,0.0,5.59363e-07,0.0,0.0,0.0,0.0,0.0,0.0,0.0,0.0,0.0,0.0,0.0,0.0,0.0,0.0,0.0,0.0,0.0,0.0,0.0,0.0,0.0,0.0,0.0,0.0008573,0.0,0.0,0.0,0.0,0.0,0.0,0.0,0.0,0.0,0.0,0.000154824,0.0,0.0,0.0,0.0,0.0,0.0,0.0,0.0,0.0,0.0,0.0,0.0,0.0,0.0,0.0,0.0,0.0,5.88175e-05,0.0,0.0,0.0,0.0,0.0,0.0,0.0,0.0,0.0,0.0,0.0,0.0,0.0,0.0,0.0,0.0,0.0,0.0,0.0,0.0,0.0,0.0,0.0,0.0,0.0,0.0,0.0,0.0,0.0,0.0,0.0,0.0,0.0,0.0,0.0,0.0,0.0,0.0,0.0,0.0,0.0,0.0,0.0,0.0,0.0,0.0,0.0,0.0,0.0,0.0,0.0,0.0,0.0,0.0,0.0,0.0,0.0,0.0,0.0,0.0
19.49,,1670.8_119.0814_NILU_2,Amberonne (isomer 1),C16H26O,FVUGZKDGWGKCFE-UHFFFAOYSA-N,CC1CC2=C(CC1(C)C(=O)C)C(CCC2)(C)C,54464-57-2,"1-(2,3,8,8-tetramethyl-1,3,4,5,6,7-hexahydronaphthalen-2-yl)ethanone",4-GC-NILU,119.0814,[M]+,,,,2,,,,1670.8,,,,,,normalized peak area,4.90116e-06,0.0,0.0,0.0,0.0,0.0,0.0,6.38168e-05,0.0,0.0,0.0,0.0,0.0,0.0,0.000667975,0.0,0.000165223,0.0,0.0,0.0,0.0,9.21603e-06,0.0,0.0,0.0,0.0,0.0,0.001125238,0.0,0.0,0.0,0.0,0.0,0.000323347,0.0,0.0,0.0,9.22806e-06,0.0,0.0,7.44185e-06,0.0,0.0,0.0,0.0,0.0,0.0,0.0,0.0,0.0,0.0,0.0,0.0,0.0,0.0,0.0,0.0,0.0,0.0,6.33187e-05,0.0,0.0,9.27893e-07,0.0,0.0,0.0,0.00025235,0.0,0.0,0.0,0.0,0.0,0.0,3.05713e-05,0.0,1.86288e-05,5.67868e-05,0.0,0.0,5.4609e-06,0.0,0.0,0.0,0.0,1.49179e-05,5.20954e-05,0.0,0.000174885,3.02742e-05,0.0,0.0,5.1099e-05,0,2.05412e-05,5.69636e-06,0.000135494,0.0,0.0,0.0,0.0,0.0,0.0,0.0,5.52504e-05,0.0,0.0,0.0,0.001185177,0.0,0.0,9.57876e-06,2.98935e-06,0.0,0.0,0.0,0.0,0.0,0.0,0.0,0.000908243,0.0,0.002380284,2.45842e-06,0.0,0.0,0.0,1.66338e-06,0.0,0.0,0.0,8.46864e-06,0.00103379,0.0,0.0,0.0,0.0,0.0,0.0,0.0,0.000966753,0.0,0.000264727,0.0,3.39902e-05,6.44813e-05,1.52772e-06,0.0,4.81912e-05,5.537e-05,0.0,0.000488705,0.0,0.000239821,6.64807e-05,1.24114e-06,1.90982e-07,0.000636587,0.0,0.000146168,0.0,1.04018e-05,9.03724e-06,0.0,0.000188906,0.0,2.0611e-05,1.45631e-06,1.19786e-05,2.04513e-05,5.06105e-05,1.40345e-06,0.0,0.000156264,1.99571e-06,0.000129025,0.0,0.0,0.0,0.0,0.0,0.0,0.0,0.0,0.0,0.0,0.0,0.0,0.0,0.0,0.0,0.0,0.001581566,0.0,0.0,0.000182541,0.0,2.47162e-06,3.75301e-05,0.00016415,8.89193e-06,1.30791e-06,1.37947e-06,0.000260733,1.5607e-06,3.78024e-06,6.71116e-05,4.54611e-05,0.000204141,9.19273e-05,4.99608e-05,0.0,1.23e-07,5.6354e-05,6.89503e-05,0.000474256,0.000307153,0.000326404,0.000681494,0.000276934,0.000232809,0.000537423,0.000138078,1.26269e-06,0.000137134,0.0,0.000951184,9.30566e-07,0.000275006,0.000185051,0.000143426,0.0,0.000707635,6.36844e-06,0.0,0.0,0.0,0.0,0.0,0.0,0.0,0.0,0.0,0.0,0.0,0.0,0.0,9.90001e-06,0.000243034,0.0,1.2079e-06,0.0,3.55471e-05,0.000449951,0.0,0.0,0.0,8.90292e-05,8.577e-05,1.84985e-05,0.000280063,4.18506e-05,0.0,0.0,0.0,0.001730615,0.000254818,0.0,6.774e-05,0.000116364,3.25953e-05,0.0,0.0,0.0,0.000404913,0.0,0.0,0.0,7.15098e-05,3.58634e-05,0.0,0.00037218,2.30331e-05,0.0,0.0,0.000925779,0.0,0.0,0.000201161,1.66196e-05,0.0,0.000135012,0.0,0.0,0.0,0.0,7.26829e-05,0.0,0.0,0.0,0.0,0.0,0.0,0.0,0.001960096,8.83449e-06,0.0,1.72112e-05,0.0,5.16702e-05,0.0,0.0,0.0,0.000386051,0.0,0.0,5.98637e-05,0.000301323,0.000777321,0.0,5.00892e-05,0.0,0.0,0.0,0.0,0.0,0.0,0.0,0.0,0.0,0.0,0.0,0.0,0.000589113,0.0,0.0,0.0,0.0,7.92949e-05,0.0,0.0,0.0,0.0,0.0,0.0,1.91378e-06,0.0,0.0,0.0,7.53994e-05,0.0,0.0,0.0,0.0,0.0,0.0,0.0,1.4807e-05,6.28635e-05,0.000445116,0.0,0.00476564,0.0,0.0,0.0,0.0,0.0,0.002232408,0.0,1.85219e-05,0.024044423,0.0,0.0,0.0,0.0,0.0,0.0,0.0,0.0,0.0,1.11503e-06,3.04483e-05,0.0,0.0,0.0,0.000296693,0.0,0.0,0.0,0.0,0.0,0.0,0.0,0.0,0.0,0.0,0.0,1.97392e-05,0.0,0.0,0.0,0.0,0.0,0.0,0.0,0.0,0.0,0.0,0.0,0.0,0.0,0.0,0.0,0.0,0.0,0.0,0.0,0.0,0.0,0.0,0.0
19.53,,1673.92_192.1825_NILU_2,Amberonne (isomer 2),C16H26O,FVUGZKDGWGKCFE-UHFFFAOYSA-N,CC1CC2=C(CC1(C)C(=O)C)C(CCC2)(C)C,54464-57-2,"1-(2,3,8,8-tetramethyl-1,3,4,5,6,7-hexahydronaphthalen-2-yl)ethanone",4-GC-NILU,192.1825,[M]+,,,,2,,,,1673.92,,,,,,normalized peak area,0.0,0.0,0.000116629,0.000148922,0.0,0.0,0.000269773,0.0,0.0,0.0,1.99481e-05,1.05616e-05,3.21818e-05,0.0,0.0,3.30408e-05,0.0,0.0,2.82544e-06,5.16388e-05,2.49334e-05,0.0,0.0,0.000112183,6.17649e-07,4.55147e-06,0.0,0.0,4.181e-07,1.04466e-05,4.99827e-06,0.0,0.0,2.71194e-05,2.59918e-06,0.0,4.74814e-06,0.0,0.0,0.0,2.18604e-06,1.96219e-05,7.1687e-07,0.0,1.36075e-05,1.07035e-05,0.0,0.0,0.0,0.0,0.0,2.53841e-06,0.0,0.0,0.0,0.0,0.0,8.53766e-07,0.0,0.0,0.0,0.0,0.0,0.0,1.14244e-05,0.0,0.0,0.0,0.0,0.0,0.0,8.45138e-06,0.0,0.0,0.0,2.05394e-06,0.0,1.44225e-05,0.0,0.0,0.0,0.0,7.97119e-06,0.0,1.75124e-06,1.77737e-05,1.25109e-06,0.0,0.0,0.0,7.60059e-06,0.0,0,0.0,0.0,0.0,1.02737e-05,0.0,8.27353e-06,0.0,0.0,0.0,0.0,0.0,0.0,0.0,1.682e-05,0.0,0.0,0.0,1.91575e-06,0.0,0.0,0.000109412,4.08117e-07,1.25202e-06,0.0,0.0,0.0,0.000337347,0.0,0.0,0.0,0.000161548,0.000177777,0.000193131,0.0,0.0,0.000182243,0.0,0.0,0.0,3.39359e-06,1.27211e-06,1.88932e-05,0.00033003,0.0,0.000131842,0.0,0.0,0.0,0.0,0.002150803,1.33961e-05,0.0,0.0,0.0,0.0,0.0,0.0,0.0,0.0,0.0,0.0,0.0,0.0,0.0,0.0,0.0,0.0,1.62811e-07,0.0,0.0,0.0,0.0,0.0,0.0,0.0,0.0,0.0,0.0,0.0,0.0,9.87123e-08,0.0,0.0,0.0,0.0,0.0,0.0,0.0,0.0,0.0,0.0,0.0,0.0,0.0,0.0,0.0,0.0,0.0,0.0,0.0,0.0,0.0,0.0,1.23581e-06,0.0,0.0,0.0,0.0,0.0,5.03169e-05,3.56035e-06,0.0,0.000213537,5.45533e-05,0.000242418,4.94993e-06,4.67375e-05,0.00019487,4.51001e-06,0.0,8.7755e-05,0.0,0.0,0.0,0.0,0.0,0.000254981,0.0,0.0,0.0,0.0,0.0,4.39922e-05,0.0,0.0,0.00016262,0.0,0.0,0.0,0.0,0.0,0.0,0.0,0.0,0.0,0.0,0.0,0.0,0.0,0.0,0.0,0.0,0.0,0.0,0.0,0.0,0.0,0.0,2.8882e-06,0.0,0.0,0.0,0.0,0.0,0.0,1.78134e-06,0.0,0.0,0.0,0.0,0.0,0.0,3.56746e-05,0.0,9.23728e-06,0.0,0.0,0.0,0.0,0.0,0.0,0.0,0.0,0.0,0.0,0.0,0.0,0.0,0.0,0.0,0.000563271,0.0,0.0,0.0,0.0,0.0,0.0,0.0,0.000158369,0.0,0.0,0.0,0.0,0.0,0.0,0.0,0.000125024,0.0,0.0,8.47003e-06,0.0,2.57673e-05,0.0,0.0,0.0,0.0,0.0,0.0,0.0,0.000494146,0.0,0.0,0.0,7.68078e-05,0.0,0.0,0.0,0.0,0.001380236,0.0,0.0,0.000134191,0.0,0.0,0.0,0.0,0.0,0.0,0.0,0.0,0.0,0.0,0.0,0.0,0.0,0.0,0.0,0.0,0.0,0.0,0.0,0.0,0.0,0.0,0.0,0.0,0.0,0.0,0.0,0.0,0.0,0.0,0.0,0.0,0.0,0.0,0.0,0.0,0.0,0.0,0.0,0.0,0.0,0.0,0.0,0.0,0.0,0.0,0.0,0.0,0.0,0.0,0.0,0.0,0.0,0.0,0.0,0.0,0.0,0.0,0.0,0.0,0.0,0.0,0.0,0.0,0.0,0.0,0.0,0.0,0.0,0.0,0.0,0.0,0.0,0.0,5.30504e-05,0.0,0.0,0.0,0.0,0.0,0.0,0.0,0.0,0.0,0.0,0.0,0.0,0.0,0.0,0.0,0.0,0.0,0.0,0.0,0.0
19.67,,1686.33_138.0292_NILU_2,n-Hexyl salicylate,C13H18O3,DUKPKQFHJQGTGU-UHFFFAOYSA-N,CCCCCCOC(=O)C1=C(O)C=CC=C1,6259-76-3,Hexyl 2-hydroxybenzoate,4-GC-NILU,138.0292,[M]+,,,,2,,,,1686.33,,,,,,normalized peak area,0.0,0.0,0.0,0.0,0.0,0.0,0.0,0.0,0.0,0.0,0.00011171,0.0,0.0,0.0,0.0,0.0,0.0,0.0,0.0,0.0,0.0,0.0,0.0,0.0,0.0,0.0,0.0,0.0,0.0,0.0,0.0,0.0,0.0,0.0,0.0,0.0,1.29495e-05,6.03373e-07,0.0,0.0,0.0,0.0,1.72701e-06,0.0,4.3374e-05,2.74113e-05,0.0,0.0,0.0,0.0,0.0,0.0,0.0,0.0,0.0,0.0,0.0,0.0,0.0,1.82921e-05,0.0,0.0,0.0,3.20702e-08,4.98521e-06,0.0,0.0001143,0.0,0.0,0.0,0.0,0.0,0.0,0.0,0.0,0.0,6.68503e-06,0.0,0.0,0.0,0.0,0.0,0.0,0.0,0.0,0.0,0.0,0.000222978,1.07221e-05,0.0,2.23267e-05,0.0,0,0.0,0.0,2.29297e-05,0.0,0.0,0.0,0.0,0.0,0.0,0.0,0.0,0.0,0.0,6.22339e-06,0.000313723,0.0,0.0,0.0,0.0,0.0,0.0,0.0,0.0,0.0,0.0,0.0,0.000908243,0.0,0.0,0.0,0.0,0.0,0.0,0.0,0.0,0.0,0.0,0.0,0.0,0.0,0.0,3.95039e-05,0.0,0.0,0.0,0.0,0.0,0.0,0.000197342,0.0,9.19735e-06,0.0,0.0,0.0,0.0,3.46063e-05,0.0,0.0,0.0,0.0,4.24454e-06,0.0,0.0,0.000151568,0.0,9.79329e-05,0.0,0.0,3.6149e-06,0.0,0.0,0.0,4.87168e-06,0.0,5.27059e-06,0.0,2.02442e-05,4.99003e-08,0.0,4.51428e-06,2.103e-07,0.0,0.0,0.0,0.0,0.0,0.0,0.0,0.0,0.0,0.0,0.0,0.0,0.0,0.0,0.0,0.0,0.0,5.582e-06,0.0,0.0,4.56353e-05,0.0,0.0,0.0,4.19015e-06,0.0,0.0,0.0,0.0,0.0,0.0,0.000213537,7.27377e-05,0.000299832,0.0,2.01455e-05,0.0,0.0,0.0,0.0,0.0,0.000139615,0.0,0.000283956,0.000175274,0.0,0.0,0.0,0.0,0.000146929,0.0,0.0,0.0,0.0,0.000257949,0.0,0.0,0.000187428,0.0,0.0,0.0,0.0,0.0,0.0,0.0,0.0,0.0,0.0,0.0,0.0,0.0,0.0,0.0,4.1663e-05,0.0,0.0,0.0,0.0,5.18125e-05,0.0,2.55937e-06,0.0,1.48988e-05,2.17284e-05,2.67201e-06,0.00038778,7.93718e-06,0.0,0.0,0.0,0.000755177,0.0,0.0,1.29322e-05,0.0,7.82288e-06,0.0,0.0,0.0,0.000299284,0.0,0.0,0.0,0.0,1.95619e-05,0.0,0.0,1.12357e-05,0.0,0.000797967,0.000225273,0.0,0.0,9.14367e-05,4.43189e-06,0.0,3.25028e-05,0.000475106,0.0,0.0,0.0,1.56842e-05,0.0,0.0,0.0,0.000141475,0.0,0.0,3.01745e-05,7.40481e-05,1.03069e-06,0.0,0.0,0.0,1.82076e-05,0.0,0.0,0.0,0.001080944,0.0,0.0,0.0,9.45327e-05,0.000829142,0.0,3.67321e-05,0.00028568,0.000618726,0.0,0.007264066,0.0,0.0,0.000672246,2.04202e-05,3.54092e-05,0.000179493,0.001414545,0.0,0.000324012,0.0,0.003540823,0.0,0.000523502,0.000586093,2.78911e-05,0.0,0.000262037,9.58437e-05,2.98124e-05,0.000796274,3.13164e-05,0.0,0.0,0.000423023,8.1352e-05,0.000244104,8.64336e-05,0.001051636,0.0,0.0,0.000573474,0.03912752,0.0,0.0,7.19034e-05,0.0,0.0,0.019789401,0.0,0.0,0.000114893,0.0,0.00351888,9.62263e-05,0.0,0.089498685,1.22641e-05,0.0,0.0,0.0,0.0,0.0,0.0,0.0,0.0,0.0,0.0,0.0,0.0,0.0,0.0,0.0,0.0,0.0,0.0,0.0,0.0,0.0,0.0,0.000139162,0.0,0.0,1.1679e-05,0.0,0.0,0.0,0.0,0.0,0.0,0.0,0.0,0.0,0.0,0.0,0.0,0.0,0.0,0.0,0.0,0.0,0.0,0.0,0.0,0.0,0.0,0.0
19.82,,1699.58_71.0827_NILU_2,Heptadecane,C17H36,NDJKXXJCMXVBJW-UHFFFAOYSA-N,CCCCCCCCCCCCCCCCC,629-78-7,Heptadecane,4-GC-NILU,71.0827,[M]+,,,,1,,,,1699.58,,,,,,normalized peak area,0.0,0.0,0.0,0.0,0.0,0.0,0.0,0.0,0.000225607,0.0,0.0,0.0,0.0,0.000107038,0.0,0.0,0.0,0.0,0.0,0.0,0.0,0.0,0.0,0.0,0.0,0.0,0.0,0.0,0.0,0.0,0.0,0.000142704,0.0,0.0,0.0,7.14389e-07,0.0,0.0,0.0,0.0,0.000102325,0.0,0.0,0.0,0.0,0.0,0.0,0.0,0.0,0.0,6.175e-05,0.000131621,0.0,0.0,0.0,0.0,0.0,0.00010292,0.0,0.00035177,2.07456e-05,0.0,0.0,3.92583e-05,0.0,0.0,0.0,6.60414e-06,0.0,0.0,0.0,0.0,5.05601e-06,0.0,0.000166579,0.0,0.0,0.0,0.0,0.0,0.0,0.0,0.0,0.0,0.000220526,0.0,0.0,0.0,0.0,0.0,0.0,0.00041518,0,0.0,1.7004e-05,0.001042258,0.0,0.0,0.000272337,0.0,0.0,0.0,0.0,0.000116026,0.0,0.0,0.000622339,0.0,0.0,0.0,0.0,0.0,0.0,0.0,0.0,0.0,0.0,0.0,0.0,0.0,4.40886e-06,0.0,4.671e-05,0.0,0.000654967,0.0,1.44452e-05,1.62442e-05,0.0,0.0,2.20185e-05,0.0,0.0,0.0,0.0,0.0,0.0,0.0,3.16574e-05,0.0,0.0,0.0,0.0,0.0,0.000147386,7.6386e-06,0.0,0.0,0.0,0.0,0.0,0.0,0.0,0.0,0.0,0.0,0.002627183,0.0,0.0,0.0,1.71856e-05,1.80745e-05,0.0,0.001889056,0.0,0.000299796,0.0,0.0,0.000252634,0.000575119,0.0,0.0,0.0,0.0,0.0,0.0,0.0,0.0,0.0,0.0,0.0,0.0,0.0,0.0,0.0,0.0,0.0,0.0,0.0,0.0,0.0,0.0,0.0,0.0,0.0,0.0,0.0,0.0,0.0,0.0,0.0,0.0,0.0,0.0,0.000147666,0.0,0.0,0.001275882,0.0,0.0,0.0,0.000332556,0.0,0.0,0.0,0.0,0.0,0.0,0.0,0.0,0.0,0.0,0.0,0.0,0.0,0.0,0.0,0.0,0.0,0.0,0.0,0.0,0.0,3.61917e-05,0.0,0.000309187,0.000234272,0.0,0.000339533,0.000308658,0.000229651,0.0,0.0,0.0,0.0,0.0,0.0,0.0,0.0,0.0,2.57458e-05,0.0,0.0,0.0,0.0,0.0,0.0,0.0,0.0,0.0,0.0,0.0,0.0,0.0,0.0,0.001274091,0.0,0.0,0.0,0.0,0.0,0.0,0.0,0.0,0.0,0.0,0.0,0.0,0.0,0.0,0.0,0.0,0.0,0.0,0.000493749,0.0,0.0,0.0,0.0,0.0,0.0,0.0,0.0,0.0,0.0,6.50321e-05,0.0,0.0,0.0,0.000789628,0.0,0.0,0.0,0.0,0.0,0.0,0.0,0.0,0.0,0.0,0.0,0.0,0.001853047,0.0,0.0,6.49949e-05,0.002304235,0.0,0.0,5.12023e-05,0.0,0.0,0.0,0.001177957,0.001761254,0.0,0.0,7.42554e-06,0.0,0.0,0.0,0.000200794,0.002326998,0.0,0.0,0.0,0.0,0.000482665,0.0,0.0,0.0,0.0,0.0,0.0,2.26174e-05,0.0,0.0,0.0,0.000174609,0.0,0.0,0.0,0.000166717,0.0,0.0,0.0,0.000111955,0.000269415,0.0,0.0,0.0,0.0,0.0,0.0,0.0,0.0,0.00351888,0.0,0.0,0.065454262,0.0,0.0,0.0,0.0,0.0,0.0,0.0,0.0,0.0,0.0,0.0,0.0,0.0,0.0,0.0,0.0,0.0,0.0,0.0,0.0,0.0,0.0,0.0,0.0,0.0,0.0,0.0,0.0,0.0,0.0,0.0,7.45473e-05,0.0,0.0,0.0,0.0,0.0,0.0,0.0,0.0,0.0,0.0,0.0,0.0,0.0,0.0,0.0,0.0,0.0,0.0
19.83,,1700.1_99.1153_NILU_2,"Benzene, (1-methyldecyl)-",C17H28,YHJBCRBYDBNEIK-UHFFFAOYNA-N,CCCCCCCCCC(C)C1=CC=CC=C1,4536-88-3,(Undecan-2-yl)benzene,4-GC-NILU,99.1153,[M]+,,,,2,,,,1700.1,,,,,,normalized peak area,0.0,0.0,0.0,0.000565903,0.0,5.81812e-06,0.0,0.0,0.0,0.0,0.000267305,0.000103102,0.000188076,2.85435e-05,0.000310372,0.00012708,0.000129305,1.78661e-05,0.0,0.000654091,0.0,0.0,3.5237e-06,4.28565e-05,1.36364e-05,6.28537e-05,3.53996e-06,2.63354e-05,4.09204e-06,0.0,2.8172e-05,0.0,2.02728e-06,3.54639e-05,3.85063e-05,0.0,9.5922e-05,2.16504e-06,4.88984e-06,0.0,0.0,1.32002e-05,4.23605e-06,0.0,7.48415e-05,4.69908e-06,0.0,0.0,0.0,0.0,0.0,0.0,0.0,0.0,0.0,0.0,0.0,1.40345e-05,0.0,0.0,0.0,0.0,0.0,0.0,3.32347e-05,0.0,0.000163285,0.0,0.0,8.98945e-07,0.0,4.52753e-05,0.0,1.52857e-06,0.0,2.57937e-05,3.45034e-05,4.32675e-05,0.0,1.45624e-05,0.0,0.0,2.96603e-05,0.0,0.0,9.49975e-05,6.73662e-06,2.14234e-05,8.19926e-05,0.0,4.51285e-05,0.0,0,1.18112e-05,0.0,6.77468e-05,0.000181929,0.0,0.0,0.0,0.0,0.0,0.0,0.0,0.0,0.0,0.0,0.000585617,0.0,0.0,0.0,6.53919e-06,0.0,0.000166144,0.0,8.8378e-06,0.0,0.0,0.0,0.000518996,0.0,0.001054899,0.0,8.76974e-05,0.0,0.000282269,0.0,0.0,0.0,0.0,0.0,0.000438578,1.52712e-05,5.14902e-06,0.000133111,0.000369633,0.0,0.000439475,0.0,0.000736574,3.57898e-05,0.000154023,0.002947396,0.000105969,0.0,0.0,0.0,3.99299e-05,2.7339e-05,0.0,6.04017e-05,0.0,7.99404e-05,3.98884e-06,3.72342e-07,0.0,6.46691e-05,0.0,3.06954e-05,0.0,0.0,2.64662e-06,0.0,0.0,0.0,0.0,0.0,0.0,0.0,0.0,0.0,0.0,0.0,0.0,0.0,0.0,0.0,0.0,0.0,0.0,0.0,0.0,0.0,0.0,0.0,0.0,0.0,0.0,0.0,0.0,0.0,0.0,0.0,0.0,0.0,0.0,3.75687e-05,8.25661e-06,0.000561567,0.0,0.0,0.0,0.000443704,0.0,0.0,0.000189133,0.000145475,0.000580526,2.65175e-05,0.001611637,0.000487174,0.0,0.0,0.001065596,0.0010709,0.000524952,0.000551669,0.0,0.000241879,0.000304869,0.000584156,0.0,0.0,0.0,0.0,0.000344804,0.0,0.000173152,0.000241127,0.0,0.0,0.0,8.68424e-05,0.0,0.0,0.0,0.0,0.0,0.0,0.0,0.0,0.0,0.0,0.0,0.0,0.0,2.295e-05,0.000468709,0.0,0.0,0.0,2.2217e-05,0.000218158,0.0,0.0,0.0,7.63108e-05,0.000434568,1.50729e-05,0.000244158,0.000158744,0.0,0.0,0.0,0.000637181,0.0,0.0,2.95593e-05,0.000168643,9.12669e-06,0.0,0.0,0.0,0.000117953,0.0,0.0,0.0,3.77413e-05,7.17268e-06,0.0,0.000505102,1.06739e-05,0.0,0.00039429,0.0,0.0,0.0,0.00010058,0.0,0.0,1.85016e-05,0.000211158,0.0,0.0,0.0,0.0,0.0,0.0,0.0,0.0,0.0,0.0,5.82314e-06,0.000405087,5.6688e-06,0.0,6.88446e-06,0.0,2.18983e-05,0.0,0.0,0.0,0.0,0.0,0.0,0.0,0.0,0.000209877,0.0,2.56012e-06,0.0,0.000404552,0.0,0.0,0.00054515,0.0,0.0,0.0,0.0,0.0,0.0,0.0,0.0,0.0,0.0,0.0,0.0,0.0,0.0,0.0,0.0,0.0,0.0,0.0,0.0,0.0,0.0,0.0,0.0,0.0,0.0,2.45382e-05,0.0,0.0,0.0,0.0,0.0,0.0,0.000308157,0.0,0.0,0.0,0.0,0.0,0.0,0.0,0.0,0.0,0.0,0.0,0.0,0.0,0.0,0.0,0.0,0.0,0.0,0.0,0.0,0.0,0.0,0.0,0.0,0.0,0.0,0.0,0.0,0.0,0.0,0.0,0.0,0.0,0.0,0.0,0.0,0.0,0.0,0.0,0.0,0.0,0.0,0.0,0.0,0.0,0.0,0.0,0.0,0.0,0.0,0.0,0.0,0.0,0.0,0.0,0.0,0.0,0.0,0.0,0.0,0.0
19.91,,1707.33_247.9423_NILU_2,4-bromophenyl Phenyl Ether,C12H9BrO,JDUYPUMQALQRCN-UHFFFAOYSA-N,BrC1=CC=C(OC2=CC=CC=C2)C=C1,101-55-3,1-Bromo-4-phenoxybenzenato,4-GC-NILU,247.9423,[M]+,,,,1,,,,1707.33,,,,,,estimated concentration,5.171273998,0.0,24.70342512,86.16031709,9.730262216,7.222379521,31.01007414,1.327361198,6.903575382,15.95349718,17.79854315,8.777215083,6.938207364,0.815945037,51.70882391,108.0501716,24.64715968,0.0,6.562753908,4.814726562,4.69625661,1.061530402,0.0,9.193094082,0.0,0.827543393,1.977160007,63.56473175,0.0,10.49121094,8.487081899,0.878959403,0.0,6.340863636,3.902198527,0.0,2.004812926,1.342600392,1.126597051,0.0,0.0,8.554517998,2.034639138,0.53701627,1.198855718,4.236215557,0.653625399,0.0,0.0,0.0,0.584874538,0.966598552,0.0,0.0,0.610737988,0.470659047,0.0,0.0,0.0,1.636250706,6.489000473,1.545682633,4.644103413,3.160292635,8.277618063,5.033465213,30.34050479,2.954580273,22.21472215,27.88419661,176.7494557,6.046626958,4.692008066,4.146632458,14.69364538,70.61362023,9.699570899,0.0,1.844335534,0.0,,2.029637166,4.56399478,0.0,2.14595057,4.145489141,48.48395457,0.0,3.029970052,1.752884787,4.597133078,1.092389499,0,2.19680734,1.813518045,3.181958621,0.0,1.760133458,2.058329447,18.37145247,5.025435053,3.427479606,3.014213368,3.493216619,1.688652337,11.01964936,2.300972932,0.0,5.388788035,0.942475563,2.529810915,2.122505673,1.24970355,0.0,0.0,1.024330873,1.413321063,0.883630857,0.73187345,34.89890599,1.312193044,0.0,1.456331881,0.0,0.0,0.0,2.184661047,0.653466536,0.0,0.610004482,1.072294291,0.0,0.0,1.030658714,0.0,0.0,0.981986984,0.0,0.0,0.0,0.0,47.17067929,0.0,0.0,0.0,6.197236332,0.0,24.62040816,25.26973177,0.0,0.0,3.431260032,0.0,0.0,5.973895315,0.0,0.0,3.900083622,9.697278005,0.0,11.06258669,0.0,0.0,0.0,3.394182853,3.618565391,4.638704486,0.0,0.0,2.910533082,0.63963877,0.538642875,0.0,0.0,0.573317747,0.58334681,0.554318693,0.539224144,0.0,0.531263536,0.576965733,0.0,0.0,0.0,0.0,0.536746974,0.0,0.0,0.0,0.0,0.61454411,0.0,0.0,0.0,0.0,2.413501517,3.627820398,10.74406308,0.0,25.32665468,0.0,5.424140419,35.34850241,16.5768992,0.0,55.24177972,20.84706834,38.22198468,58.7006238,0.0,0.0,5.321016022,8.527562804,35.31437488,0.0,71.8435565,0.0,37.56514405,40.32886807,148.9025402,36.57146035,17.35562419,2.385274827,45.72335324,0.0,107.9885876,4.077281643,33.37667303,118.1224867,13.10535536,0.857881119,0.0,0.0,0.67567458,0.0,0.0,0.0,0.0,0.0,0.0,0.0,0.0,0.0,0.0,0.0,0.0,0.697220642,17.1354121,0.0,0.702817667,0.672735052,1.352031896,5.791712573,0.0,0.0,0.0,0.0,2.728310609,2.746454625,0.0,2.378473233,0.0,0.495514616,0.537487093,3.16633054,0.0,0.542664052,0.0,0.766524616,6.492900784,0.0,0.0,0.468970269,2.3398418,0.0,0.0,0.942011158,0.0,0.0,0.677807306,1.45087743,1.148044671,0.0,0.0,0.0,0.0,0.0,0.0,0.0,0.0,0.0,0.0,0.0,0.834663885,0.570081891,0.0,0.0,0.576235924,0.553599954,0.0,0.0,0.0,0.0,0.0,0.0,0.0,0.0,0.692733894,0.0,0.676665871,0.0,0.579307513,0.0,0.0,0.569455224,0.0,0.0,0.0,0.0,0.0,0.0,0.0,0.0,0.0,0.0,0.598803235,0.525828765,0.878107125,0.704882953,0.0,0.0,0.834511344,0.838411117,0.0,0.0,0.0,0.0,0.0,0.0,0.0,0.0,0.0,0.0,0.0,0.0,0.0,0.0,0.0,1.632491652,0.0,0.0,0.0,0.748397692,0.595112238,0.0,0.0,0.0,0.0,1.201609228,0.0,0.0,0.0,0.57271693,0.579706752,0.0,0.0,0.0,0.702624237,0.0,0.0,0.0,0.349526316,0.335906125,0.0,0.0,0.0,0.0,0.0,0.0,0.393007471,0.0,0.0,0.350549745,0.0,0.0,0.342436838,0.0,0.0,0.0,0.0,0.0,0.352163273,0.0,0.486559097,0.336965317,0.0,0.0,0.0,0.0,0.0,0.0,0.0,0.0,0.0,0.330752134,0.0,0.341913658,0.0,0.0,0.0,0.0,0.0,0.361175915,0.402535963,0.0,0.0,0.0,0.329126481,0.377809292,0.395366038
19.96,,1712.07_195.1182_NILU_2,"2,4,2',4'-Tetramethyl-biphenyl",C16H18,PZCRCGZQRHMEDY-UHFFFAOYSA-N,CC1=CC(=C(C=C1)C2=C(C=C(C=C2)C)C)C,3976-36-1,"1-(2,4-dimethylphenyl)-2,4-dimethylbenzene",4-GC-NILU,195.1182,[M]+,,,,2,,,,1712.07,,,,,,normalized peak area,0.0,0.0,0.0,0.0,0.0,0.0,0.0,0.0,0.0,0.0,0.0,0.0,0.0,0.0,0.0,2.10953e-05,0.0,0.0,0.0,0.0,0.0,0.0,0.0,0.0,0.0,0.0,0.0,1.17312e-05,0.0,1.37705e-05,0.0,0.0,0.0,0.0,3.9469e-06,0.0,0.0,6.74358e-07,0.0,0.0,5.11627e-06,0.0,0.0,0.0,0.0,2.21901e-06,0.0,0.0,0.0,0.0,0.0,0.0,0.0,0.0,0.0,0.0,0.0,0.0,0.0,0.0,0.0,0.0,0.0,0.0,0.0,0.0,0.0,0.0,0.0,0.0,0.0,0.0,0.0,0.0,0.0,0.0,0.0,0.0,0.0,2.79113e-06,0.0,0.0,0.0,0.0,0.0,0.0,0.0,0.0,0.000182907,0.0,4.98788e-06,3.19369e-05,0,0.0,0.0,0.0,0.0,0.0,0.0,0.0,0.0,0.0,0.0,0.0,0.0,0.0,0.0,0.0,0.0,0.0,0.0,0.0,0.0,0.0,0.0,0.0,0.0,0.0,0.0,0.0,0.0,0.0,0.0,0.0,0.0,0.0,0.0,0.0,0.0,0.0,0.0,0.0,0.0,0.0,0.0,0.0,0.0,2.15343e-05,0.0,0.0,0.0,0.0,0.0,0.0,0.0,0.0,0.0,0.0,0.0,0.0,0.0,0.0,0.0,0.0,0.0,0.0,0.0,0.0,0.0,0.0,0.0,0.0,0.0,0.0,0.0,0.0,0.0,0.0,0.0,0.0,0.0,0.0,0.0,0.0,0.0,0.0,0.0,0.0,0.0,0.0,0.0,0.0,0.0,0.0,0.0,0.0,0.0,0.0,0.0,0.0,0.0,0.0,0.0,0.0,0.0,0.0,0.0,0.0,0.0,0.0,0.0,0.0,0.0,0.0,0.0,0.0,0.0,0.0,0.0,0.0,0.0,0.0,0.0,0.0,0.0,0.0,0.0,0.0,0.0,2.93783e-05,0.00037386,0.0,0.00012053,0.0,0.0,0.0,0.0,0.0,0.0,0.0,0.005923015,0.0,0.0,0.0,0.0,0.0,0.0,0.0,0.0,0.0,0.0,0.0,0.0,0.0,0.0,0.0,0.0,0.0,0.0,0.0,0.0,2.44387e-06,3.40872e-05,0.0,0.0,0.0,0.0,2.97336e-05,0.0,0.0,2.38115e-05,0.0,0.0,0.0,0.0,0.0,0.0,1.60113e-05,1.85508e-05,0.0,0.0,0.0,0.0,0.0,0.0,0.0,0.0,0.0,0.0,0.0,0.0,1.62917e-07,0.0,0.0,0.0,0.0,0.0,0.0,0.0,0.0,0.0,0.0,0.0,0.0,0.0,0.0,0.0,0.0,0.0,0.0,0.0,0.0,1.42932e-06,0.0,1.03069e-06,0.0,2.07968e-06,0.0,2.46049e-06,0.0,0.0,0.0,0.0,0.0,0.0,1.88143e-06,0.0,0.0,0.0,0.0,0.0,0.0,0.0,0.0,0.0,0.0,0.0,0.0,0.0,0.0,0.0,0.0,0.0,0.0,0.0,0.0,0.0,0.0,0.0,0.0,0.0,0.0,0.0,0.0,0.0,0.0,0.0,0.0,0.0,0.0,0.0,0.0,0.0,0.0,0.0,0.0,0.0,0.0,0.0,0.0,0.0,0.0,0.0,0.0,0.0,0.0,0.0,0.0,0.0,0.0,0.0,0.0,0.0,0.0,0.0,0.0,0.0,0.0,0.0,0.0,0.0,0.0,0.0,0.0,0.0,0.0,0.0,0.0,0.0,0.0,0.0,0.0,0.0,0.0,0.0,0.0,0.0,0.0,0.0,0.0,0.0,0.0,0.0,0.0,0.0,0.0,0.0,0.0,0.0,0.0,0.0,0.0,0.0,0.0,0.0,0.0,0.0,0.0,0.0,0.0
20.03,,1717.59_283.7625_NILU_2,Hexachlorobenzene,C6Cl6,CKAPSXZOOQJIBF-UHFFFAOYSA-N,ClC1=C(Cl)C(Cl)=C(Cl)C(Cl)=C1Cl,118-74-1,Hexachlorobenzene,4-GC-NILU,283.7625,[M]+,,,,1,,,,1717.59,,,,,,estimated concentration,13.35125824,19.67363706,221.5396584,49.26289308,10.16619133,12.18585681,81.61347238,3.018884513,9.050828924,68.54909223,0.0,37.70683135,32.54637419,0.767126674,56.85888875,54.85369136,8.247333558,3.244257354,5.999768925,5.712390655,0.0,15.5499272,0.161330938,8.419580659,0.510146697,0.473603386,0.0,0.749747022,0.998733007,4.646030089,3.088734737,0.0,0.0,0.0,0.0,0.0,0.880704687,0.447443082,0.0,0.0,0.0,0.042330342,0.343315633,0.0,0.282948937,1.707271647,0.0,0.0,0.0,0.0,0.0,0.0,0.0,0.0,0.0,0.0,0.0,0.0,0.0,0.0,0.0,0.0,0.0,0.0,14.56267228,0.0,43.31413358,0.0,0.0,0.0,0.0,4.495349063,0.0,0.0,0.0,9.878801961,122.417116,16.81787189,0.0,0.0,,0.0,4.585244181,0.0,1.070644863,3.649261191,1.980366992,2.068665967,0.0,0.0,3.004882735,0.0,0,2.200941825,0.0,2.513951248,3.601883477,0.0,0.0,0.0,0.0,0.0,0.0,2.576127862,0.0,0.0,1.34913788,0.847865813,0.0,0.0,0.099816943,0.0,1.731082751,43.58055432,0.0,0.645216226,2.793589842,4.146831397,1.153427465,7.920755165,0.0,12.13403719,0.0,5.987184723,6.560340709,13.37380452,0.0,0.0,28.21636154,0.905185488,0.0,21.44711048,0.980017496,1.604304377,61.06826355,33.47676276,1.507049124,12.00269045,0.0,11.93183657,0.23187041,267.4223996,108.7171845,47.39120174,784.9829008,0.0,0.0,147.9014895,65.12095206,0.0,22.08152452,0.0,55.58348129,23.58389495,0.0,0.0,0.0,0.0,7.92094539,0.0,5.306109831,148.9990278,0.0,4.114116394,0.0,0.0,13.19657738,6.646173413,1.616504776,0.0,0.0,0.0,0.0,0.0,0.0,0.0,0.0,0.0,0.0,0.0,0.0,0.0,0.0,0.0,0.0,0.0,0.0,0.0,0.0,0.0,0.0,0.0,0.0,0.0,0.0,2.027668049,4.2757559,3.023159223,225.7498036,15.29805801,3.836230016,13.96832,169.8968139,6.78042313,1.897949205,78.78532512,30.12809975,89.49774153,51.05123198,38.87021618,582.5472245,9.415763594,8.347398002,83.18817267,185.6388205,111.3155334,136.7842422,83.92357829,123.7950857,106.7112497,14.66143981,12.55896797,1.043543509,20.94004443,0.0,27.59713146,1.704865641,5.949881746,38.65615425,7.924540602,0.0,41.44124013,0.0,0.0,0.0,0.0,0.0,0.0,0.0,0.0,0.0,0.0,0.0,0.0,0.0,0.0,0.0,25.1695598,0.0,0.0,0.0,0.0,0.0,0.0,0.0,0.0,8.850828088,5.205324535,0.792293771,7.950484327,0.838560438,0.0,0.0,0.0,0.0,0.0,0.0,0.0,0.0,6.221064014,0.0,0.0,0.0,0.0,0.0,0.0,0.0,0.0,0.0,0.0,2.334072268,0.0,0.0,0.0,0.0,0.0,0.0,0.004568418,0.0,0.0,0.597274023,0.0,0.0,0.0,0.0,0.0,0.0,0.0,0.0,0.0,0.0,0.0,1.134556607,3.409989341,0.562323123,0.0,0.0,0.0,0.0,0.0,0.0,0.0,0.0,0.0,0.0,0.0,0.0,0.0,0.0,1.327512072,0.0,0.0,0.0,0.0,0.0,0.0,0.0,0.0,0.0,0.0,0.0,0.0,0.0,0.0,0.0,0.0,0.0,0.0,0.0,0.0,0.0,0.0,0.0,0.0,0.0,0.0,0.0,0.0,0.0,0.0,0.0,0.0,0.0,0.0,0.0,0.0,0.0,0.500958353,0.0,0.0,0.0,0.0,0.0,0.0,0.0,0.0,0.0,0.0,0.0,0.0,0.0,0.0,0.0,0.0,0.0,0.0,0.0,0.0,0.0,0.0,0.0,0.0,0.0,0.0,0.0,0.0,0.0,0.0,0.0,0.0,0.0,0.0,0.0,0.0,0.0,0.0,0.0,0.0,0.0,0.0,0.0,0.0,0.0,0.0,0.0,0.0,0.0,0.0,0.0,0.0,0.0,0.0,0.0,0.0,0.0,0.0,0.0,0.0,0.0,0.0
20.15,,1729.93_91.0534_NILU_2,"Benzene, (1-butyloctyl)-",C18H30,NPAWGLOPXKCTCV-UHFFFAOYNA-N,CCCCCCCC(CCCC)C1=CC=CC=C1,2719-63-3,(Dodecan-5-yl)benzene,4-GC-NILU,91.0534,[M]+,,,,2,,,,1729.93,,,,,,normalized peak area,0.0,0.0,0.0,0.000327628,0.000264823,0.00012412,0.0,0.001786871,3.85583e-05,0.000563543,0.0,7.79548e-05,0.000179717,0.0,0.000877139,0.000200787,0.0,0.0,4.62346e-05,0.000481962,0.0,2.70337e-05,0.0,0.000176468,0.0,2.81758e-05,0.0,0.002298359,0.0,3.27644e-05,3.68054e-05,0.0,0.0,0.000323347,0.0,0.0,2.8297e-05,3.90418e-06,0.0,0.0,0.0,7.84877e-05,4.88775e-06,0.0,8.50471e-05,6.00439e-05,0.0,0.0,0.0,0.0,0.0,0.0,0.0,0.0,0.0,0.0,0.0,3.27472e-06,0.0,6.61328e-05,0.0,0.0,0.0,0.0,6.23151e-05,0.0,0.0,0.0,0.0,0.0,0.0,1.00612e-05,0.0,6.49641e-05,0.0,7.16492e-06,1.07823e-05,1.95734e-05,0.0,2.42707e-06,0.0,0.0,1.14933e-05,0.0,0.0,3.37088e-05,2.21346e-05,0.000437211,3.78427e-05,0.0,4.75037e-05,1.91621e-05,0,0.0,4.08097e-06,0.0,0.000128421,0.0,0.0,0.0,0.0,0.0,0.0,2.40339e-05,0.0,0.0,0.0,0.0,0.0,0.0,0.0,3.97022e-06,0.0,0.000360653,0.0,5.59727e-06,0.0,0.0,0.0,0.000960142,0.0,0.001217191,0.0,0.00013847,0.000407015,0.000200559,1.7947e-06,0.0,0.000168908,0.0,4.68598e-06,0.000814501,9.33238e-06,0.0,7.72902e-05,0.001095698,0.0,0.000944871,0.0,0.000736574,3.10806e-05,0.000288793,0.008762529,0.000125964,4.19129e-05,1.90965e-06,0.0,4.54374e-05,0.00027339,0.0,0.00025808,0.0,0.000223167,4.09112e-05,0.0,0.0,0.000990246,0.0,0.000160785,0.0,5.42704e-06,0.0,0.0,0.000188906,0.0,6.55803e-05,0.0,7.7861e-06,4.09026e-05,0.0,0.0,0.0,0.0,0.0,0.0,0.0,0.0,0.0,0.0,0.0,0.0,0.0,0.0,0.0,1.60044e-06,0.0,0.0,0.0,0.0,0.0,0.0,0.0,0.0,0.0,0.0,3.38463e-05,2.71878e-05,8.25661e-05,5.1837e-06,4.96902e-06,1.37675e-07,4.13841e-05,0.000503169,7.8035e-05,0.0,0.000225739,0.000127291,0.000529491,2.33354e-06,3.62618e-06,1.41723e-05,3.5989e-05,7.77296e-05,0.000338483,2.19279e-05,0.00055846,7.35559e-06,0.0005168,0.00032601,0.000609738,0.000677621,0.000130407,0.0,0.000146929,1.05888e-06,0.001426775,1.33769e-05,0.000224079,0.000285987,2.60775e-06,1.00691e-06,0.000306004,0.0,0.0,0.0,0.0,0.0,0.0,0.0,0.0,0.0,0.0,0.0,0.0,0.0,0.0,5.40001e-07,0.000538148,0.0,0.0,0.0,2.8882e-05,0.000313602,0.0,0.0,0.0,0.000167157,0.000137232,8.90669e-06,0.000560126,8.65874e-05,0.0,0.0,0.0,0.001258629,0.0,0.0,3.387e-06,6.07116e-06,2.86839e-05,0.0,0.0,0.0,0.000264074,0.0,0.0,0.0,1.1521e-05,1.32043e-05,0.0,0.000146214,1.12357e-05,0.0,0.000563271,9.25779e-05,0.0,0.0,0.000347459,5.67836e-06,0.0,4.50039e-05,0.000299141,0.0,0.0,0.0,2.67779e-05,0.0,0.0,0.0,0.000187537,0.0,0.0,1.58813e-05,0.001829423,2.42948e-05,0.0,1.93626e-05,0.0,2.46049e-05,0.0,0.0,0.0,0.001158154,0.0,0.0,1.71039e-05,0.000401764,0.000178784,0.0,8.01428e-06,0.0,0.0,0.0,0.0,0.0010903,0.0,0.0,0.0,0.0,0.0,0.0,0.0,0.00197353,0.0,0.0,0.0,0.0,0.0,0.0,0.0,0.0,0.0,0.0,0.0,0.0,0.0,0.0,0.0,0.0,0.0,0.0,5.69636e-05,0.0,0.0,0.0,0.0,0.0,0.0,0.0,0.0,0.0,0.0,0.0,0.0,0.0,0.0,0.0,0.0,0.0,0.0,0.0,0.0,0.0,0.0,6.44567e-05,0.0,0.0,0.0,0.0,0.0,0.0,0.0,0.0,0.0,0.0,0.0,0.0,0.0,0.0,0.0,0.0,0.0,0.0,0.0,0.0,0.0,9.04713e-06,0.0,0.0,0.0,0.0,0.0,0.0,0.0,0.0,0.0,0.0,0.0,0.0,0.0,0.0,0.0,4.25687e-05,0.0,0.0,0.0,0.0,0.0,0.0,5.29432e-05
20.19,,1733.86_155.0869_NILU_2,"2,6-Diisopropylnaphthalene",C16H20,GWLLTEXUIOFAFE-UHFFFAOYSA-N,CC(C)C1=CC2=C(C=C1)C=C(C=C2)C(C)C,24157-81-1,"2,6-Di(propan-2-yl)naphthalene",4-GC-NILU,155.0869,[M]+,,,,2,,,,1733.86,,,,,,normalized peak area,1.62115e-05,1.58696e-05,0.000116629,0.0,0.0,0.0,0.000154976,0.0,0.0,0.0,0.0,0.0,0.0,4.87619e-06,0.0,0.0,0.0,0.0,0.0,0.0,0.000364411,0.0,0.0,0.0,0.0,0.0,2.45934e-07,0.0,0.0,0.0,0.0,0.0,0.0,0.0,3.46557e-05,0.0,0.0,0.0,6.99753e-06,0.0,0.0,0.0,0.0,0.0,0.0,0.0,0.0,0.0,0.0,0.0,0.0,3.66659e-06,0.0,0.0,0.0,0.0,0.0,0.0,0.0,0.0,0.0,0.0,0.0,1.38233e-06,0.0,0.0,0.0,0.0,0.0,0.0,0.0,0.0,0.0,0.0,0.0,0.0,0.0,0.0,0.0,0.0,0.0,0.0,0.0,0.0,4.21594e-06,0.0,0.0,0.0,0.0,0.0,0.0,3.30015e-06,0,1.36942e-06,0.0,1.98029e-05,0.0,0.0,3.4473e-06,0.0,0.0,0.0,0.0,0.0,0.0,0.0,2.6912e-05,6.27447e-05,0.0,0.0,0.0,0.0,1.98965e-06,0.0,0.0,0.0,2.92542e-06,0.0,7.05226e-06,0.0,0.0,0.0,0.0,0.0,0.0,0.0,0.0,0.0,0.0,0.0,0.0,0.0,0.0,0.0,0.0,0.0,0.0,0.0,0.0,0.0,0.0,0.0,0.0,0.0,0.0,0.0,0.0,0.0,0.0,0.0,0.0,0.0,0.0,8.69364e-07,0.0,0.0,0.0,0.0,0.0,0.0,0.0,1.7429e-07,0.0,0.0,0.0,0.0,0.0,0.0,0.0,0.0,0.0,0.0,0.0,0.0,0.0,0.0,0.0,0.0,0.0,0.0,0.0,0.0,0.0,0.0,0.0,0.0,0.0,0.0,0.0,0.0,0.0,0.0,0.0,0.0,0.0,0.000364499,0.0,0.0,0.0,0.0,0.0,0.0,0.0,0.0,0.0,0.0,0.0,0.0,1.27284e-05,2.98153e-05,0.0,0.0,0.0,0.0,0.000188682,0.0,0.000114931,0.0,0.0,0.0,0.0,0.0,5.33775e-07,0.0,0.0,0.0,2.09377e-06,0.0,0.0,1.56465e-05,0.0,0.0,0.0,0.038259845,1.323602524,0.527023319,0.234272357,158.7342628,0.505351976,0.261688687,0.990368169,0.358375173,158.7342628,0.809968275,0.996648284,1.355077464,0.0,0.0,0.0,0.0,0.0,0.0,0.0,0.0,0.0,0.0,0.0,0.0,0.0,0.0,0.0,0.0,0.0,0.0,0.0,1.55439e-05,0.0,4.55706e-06,0.0,0.0,0.0,0.0,0.0,0.0,0.0,0.0,0.0,0.0,0.0,0.0,0.0,2.92128e-06,0.0,9.85724e-05,0.0,0.0,0.0,0.0,1.10797e-07,0.0,4.00035e-06,0.0,0.0,0.0,0.0,0.0,0.0,0.0,0.0,0.0,0.0,0.0,0.0,0.0,2.28224e-06,0.0,0.0,0.0,0.0,0.0,0.0,0.0,0.0,0.0,0.0,0.0,0.0,3.36839e-05,0.0,0.0,0.0,0.0,0.0,0.0,0.0,0.0,0.0,0.0,0.0,0.0,0.0,0.0,0.0,0.0,0.000789876,0.0,0.0,0.0,0.0,0.0,0.0,0.0,0.0,0.0,0.0,0.0,0.0,0.0,1.44846e-05,0.0,0.0,0.0,0.0,0.0,0.0,0.0,0.0,0.0,4.27996e-05,0.0,0.0,0.0,0.0,0.0,0.0,0.0,0.0,0.0,0.0,0.0,0.0,0.0,0.0,0.0,0.0,0.0,0.0,0.0,0.0,0.0,0.0,0.0,0.0,0.0,0.0,0.0,0.0,0.0,0.0,0.0,0.0,0.0,0.0,0.0,0.0,0.0,0.0,0.0,0.0,0.0,0.0,0.0,0.0,0.0,0.0,0.0,0.0,0.0,0.0,0.0,0.0,0.0,0.0,0.0,0.0,0.0,0.0,0.0,0.0,0.0
20.35,,1748.31_133.0996_NILU_2,Alpha-hexylcinnamaldehyde,C15H20O,GUUHFMWKWLOQMM-UHFFFAOYSA-N,CCCCCCC(C=O)=CC1=CC=CC=C1,101-86-0,2-Benzylideneoctanal,4-GC-NILU,133.0996,[M]+,,,,2,,,,1748.31,,,,,,normalized peak area,0.0,7.64092e-05,0.0,0.000217426,2.71204e-05,3.18057e-05,0.000281253,0.0,1.14854e-05,0.000117405,7.18133e-05,3.26907e-05,8.77686e-05,0.0,0.000229406,0.000124539,6.5371e-05,0.0,1.59252e-05,0.000179014,6.90463e-05,1.04448e-05,0.0,5.04194e-05,0.0,1.19205e-05,0.0,0.000694296,0.0,9.97176e-06,1.18141e-05,0.0,0.0,0.000114736,7.79753e-06,0.0,2.25417e-05,9.93791e-07,0.0,0.0,0.0,2.31895e-05,1.49891e-06,0.0,2.80656e-05,1.43583e-05,0.0,0.0,0.0,0.0,0.0,0.0,0.0,0.0,0.0,0.0,0.0,5.02903e-06,0.0,2.67346e-05,0.0,0.0,0.0,0.0,9.76271e-06,0.0,0.0,0.0,0.0,0.0,0.0,6.23793e-06,0.0,1.22285e-05,0.0,0.0,6.90067e-06,0.0,0.0,0.0,0.0,0.0,0.0,0.0,0.0,1.50157e-05,0.0,7.86981e-05,1.51371e-05,0.0,1.47261e-05,0.0,0,0.0,0.0,0.0,4.60174e-05,0.0,0.0,0.0,0.0,0.0,0.0,4.14378e-06,0.0,0.0,0.0,0.0,0.0,0.0,0.0,1.72822e-06,0.0,0.000101307,0.0,2.50404e-06,0.0,0.0,0.0,0.000337347,0.0,0.000197455,0.0,1.01544e-05,9.82451e-05,6.61103e-05,9.6301e-07,0.0,1.11124e-05,0.0,1.35498e-06,0.000191095,3.98747e-06,0.0,0.0,0.0,0.0,0.000307632,0.0,0.000156522,9.41836e-06,6.49784e-05,0.001633017,1.13967e-05,2.07261e-06,0.0,0.0,1.17036e-05,2.42244e-05,0.0,3.6241e-05,0.0,3.99702e-05,1.12506e-06,0.0,0.0,8.58887e-05,0.0,2.92337e-05,0.0,3.84416e-07,0.0,0.0,0.0,0.0,7.12015e-06,0.0,1.19786e-06,0.0,0.0,0.0,0.0,0.0,0.0,0.0,0.0,0.0,0.0,0.0,0.0,0.0,0.0,0.0,0.0,0.0,0.0,0.0,0.0,0.0,0.0,0.0,0.0,0.0,0.0,0.0,1.215e-05,8.40352e-06,2.70216e-05,0.0,4.07982e-05,0.0,1.55747e-05,0.000128079,2.43859e-05,0.0,3.90468e-05,3.90965e-05,5.67767e-05,7.07133e-05,0.0,0.000181583,1.32111e-05,2.65576e-05,6.89503e-05,9.17914e-05,0.000128446,0.000119528,0.00013062,6.30988e-05,0.000166292,0.000207959,3.75879e-05,0.0,4.89765e-05,0.0,0.000451812,0.0,0.0,4.26177e-05,0.0,0.0,0.0,0.0,0.0,0.0,0.0,0.0,0.0,0.0,0.0,0.0,0.0,0.0,0.0,0.0,0.0,0.0,0.000128461,0.0,0.0,0.0,0.0,0.000103625,0.0,0.0,0.0,3.81554e-05,0.0,2.39796e-06,0.000143622,0.0,0.0,0.0,0.0,0.0,0.0,0.0,0.0,1.48406e-05,7.17097e-06,0.0,0.0,0.0,5.98567e-05,0.0,0.0,0.0,0.0,3.74936e-06,0.0,0.000111654,6.74141e-07,0.0,4.69392e-05,3.70312e-05,0.0,0.0,0.0,0.0,0.0,2.35021e-06,0.0,0.0,0.0,0.0,1.68318e-06,0.0,0.0,0.0,0.0,0.0,0.0,1.00582e-06,0.000418154,2.20862e-06,0.0,5.16335e-06,0.0,7.13541e-06,0.0,0.0,0.0,0.0,0.0,0.0,4.7891e-06,0.000141799,3.8866e-05,0.0,2.44881e-06,0.0,0.0,0.0,0.0,0.0,0.0,0.0,0.0,0.0,0.0,0.0,0.0,0.000294557,0.0,0.0,0.0,0.0,0.0,0.0,0.000428588,0.0,0.0,0.0,0.0,0.0,0.0,0.0,0.0,0.0,0.0,0.0,0.0,0.0,0.0,0.0,0.0,0.0,0.0,0.0,0.0,0.0,0.0,0.0,0.0,0.0,0.0,0.0,0.0,0.0,0.0,0.0,0.0,0.0,0.0,0.0,0.0,0.0,0.0,0.0,0.0,0.0,0.0,0.0,0.0,0.0,0.0,0.0,0.0,0.0,0.0,0.0,0.0,0.0,0.0,0.0,0.0,0.0,0.0,0.0,0.0,0.0,0.0,0.0,0.0,0.0,0.0,0.0,0.0,0.0,0.0,0.0,0.0,0.0,0.0,0.0,0.0,0.0,0.0,0.0,0.0
20.38,,1751.18_121.0334_NILU_2,Cyclohexyl salicylate,C13H16O3,NUQDJSMHGCTKNL-UHFFFAOYSA-N,OC1=C(C=CC=C1)C(=O)OC1CCCCC1,25485-88-5,Cyclohexyl 2-hydroxybenzoate,4-GC-NILU,121.0334,[M]+,,,,2,,,,1751.18,,,,,,normalized peak area,0.0,0.0,0.0,0.0,0.0,0.0,0.0,0.0,0.0,0.0,0.0,0.0,0.0,0.0,0.0,0.0,0.0,0.0,0.0,0.0,0.0,0.0,0.0,0.0,0.0,0.0,0.0,0.0,0.0,0.0,0.0,0.0,0.0,0.0,0.0,0.0,0.0,0.0,7.41907e-06,0.0,0.0,0.0,0.0,0.0,0.0,0.0,0.0,0.0,0.0,0.0,0.0,0.0,0.0,0.0,0.0,0.0,0.0,0.0,0.0,0.0,0.0,0.0,0.0,0.0,0.0,0.0,9.79711e-06,0.0,0.0,0.0,0.0,0.0,0.0,0.0,0.0,0.0,0.0,4.32675e-05,0.0,8.49473e-07,0.0,0.0,0.0,0.0,0.0,0.0,0.0,0.0,0.0,0.0,0.0,1.17102e-05,0,0.0,0.0,0.0,0.0,0.0,0.0,0.0,0.0,0.0,0.0,0.0,0.0,0.0,0.0,0.0,0.0,0.0,0.0,0.0,0.0,0.0,0.0,0.0,0.0,0.0,0.0,0.0,0.0,0.0,0.0,0.0,0.0,0.0,0.0,0.0,0.0,0.0,0.0,0.0,0.0,0.0,0.0,0.0,0.0,0.0,0.0,0.0,0.0,0.0,0.0,0.0,0.0,0.0,0.0,0.0,0.0,0.0,0.0,0.0,0.0,0.0,0.0,0.0,0.0,0.0,2.63103e-06,0.0,0.0,7.74621e-07,0.0,2.57599e-05,0.0,0.0,0.0,0.0,0.0,0.0,0.0,0.0,0.0,0.0,0.0,0.0,0.0,0.0,0.0,0.0,0.0,0.0,0.0,0.0,0.0,0.0,0.0,0.0,0.0,0.0,0.0,0.0,0.0,0.0,0.0,0.0,0.0,0.0,0.0,0.0,0.0,0.0,0.0,0.0,0.0,0.0,0.0,0.0,0.0,0.0,0.000119579,0.0,0.0,0.0,0.0,0.0,0.0,0.0,0.0,0.0,0.0,0.0,0.0,0.0,0.0,0.0,0.0,0.0,0.0,0.0,0.0,0.0,0.0,0.0,0.0,0.0,0.0,0.0,0.0,0.0,0.0,0.0,0.0,0.0,0.0,0.0,0.0,0.0,0.0,0.0,0.0,0.0,0.0,0.0,0.0,0.0,0.0,0.0,0.0,0.0,0.0,0.0,0.0,0.0,0.000613582,0.0,0.0,0.0,0.0,5.47602e-06,0.0,0.0,0.0,0.0,0.0,0.0,0.0,0.0,0.0,0.0,0.0,0.0,0.0,0.0,0.0,0.0,0.0,0.000164586,1.73121e-06,0.0,0.0,0.000117897,0.0,0.0,0.0,0.0,0.0,0.0,0.0,2.36888e-05,0.0,0.0,0.0,0.0,0.0,0.0,0.0,0.0,0.0,0.0,0.0,0.0,0.00037833,0.0,0.0,0.0,0.0,0.0,0.0,0.0,0.0,0.0,0.0,0.0,0.0,0.0,0.0,0.0,0.0,0.0,0.0,0.0,0.0,0.0,0.0,0.0,0.0,0.0,0.0,0.0,0.0,0.0,0.0,0.0,0.0,0.0,0.0,0.0,0.0,0.0,0.0,0.0,0.0,0.0,0.0,0.0,0.0,0.0,0.0,0.0,0.0,0.0,0.0,0.0,0.0,0.0,0.0,0.0,0.0,0.0,0.0,0.0,0.0,0.0,0.0,0.0,0.0,0.0,0.0,0.0,0.0,0.0,0.0,0.0,0.0,0.0,0.0,0.0,0.0,0.0,0.0,0.0,0.0,0.0,0.0,0.0,0.0,0.0,0.0,0.0,0.0,0.0,0.0,0.0,0.0,0.0,0.0,0.0,0.0,0.0,0.0,0.0,0.0,0.0,0.0,0.0,0.0,0.0,0.0,0.0
20.48,,1760.99_169.0602_NILU_2,Pentachlorophenol,C6HCl5O,IZUPBVBPLAPZRR-UHFFFAOYSA-N,OC1=C(Cl)C(Cl)=C(Cl)C(Cl)=C1Cl,87-86-5,Pentachlorophenol,4-GC-NILU,169.0602,[M]+,,,,1,,,,1760.99,,,,,,estimated concentration,2.46200022,0.0,139.4355519,0.0,10.52528686,3.632491322,62.22820067,0.0,0.0,63.7365312,17.34528041,10.00989297,65.92077587,0.0,97.98651715,197.5817584,33.29296534,2.465606758,13.10483428,6.80601716,6.863929494,3.150959457,0.0,5.780528637,1.430680788,0.0,0.0,178.9265516,2.28218139,9.827365841,10.22731048,0.0,0.0,8.798970964,5.642734875,0.0,5.310722869,2.19099572,3.011568798,0.0,0.0,8.64591062,3.09336981,0.0,0.0,7.797238422,0.0,0.0,0.0,1.508793899,0.0,2.366557696,0.0,0.0,1.713287515,0.0,0.0,2.140831474,0.0,6.673817731,0.0,0.0,0.0,0.0,0.0,0.0,6.492590138,0.0,0.0,0.0,0.0,5.702072491,0.0,7.70554507,0.0,0.0,10.05169244,6.931605991,0.0,0.0,,0.0,0.0,0.0,3.297086899,5.650873995,5.0118202,15.07011126,3.748930327,0.0,5.759342233,0.0,0,0.0,0.0,0.0,4.528180019,0.0,0.0,0.0,0.0,0.0,0.0,2.864616168,0.0,0.0,0.0,2.494853456,0.0,0.0,0.0,0.0,1.824603994,10.52723382,0.0,0.0,0.0,1.586349576,1.181801757,40.74798279,0.0,35.92340012,0.0,0.0,15.89673831,17.94948848,0.0,0.0,0.0,0.0,1.023943306,6.585877487,0.0,1.104862538,0.0,41.13367649,1.409386718,31.7582807,0.0,6.033728696,0.0,95.32600741,107.5872164,39.65898745,37.25057501,0.0,0.0,71.91619059,64.84642822,0.0,33.55725,0.0,79.88665611,120.8089728,0.0,0.0,74.72331383,0.0,18.78878137,0.0,13.89498995,0.0,0.0,13.44917915,0.0,12.54938334,0.0,0.0,0.0,13.86231327,1.920551141,0.0,1.935036342,0.0,0.0,0.0,0.0,0.0,0.0,0.0,0.0,0.0,0.0,0.0,0.0,0.0,0.0,0.0,0.0,1.771500727,0.0,0.0,0.0,0.0,1.837807421,3.995501534,5.367622828,11.74917922,0.0,27.98729559,0.0,1.367827912,57.84414312,14.12561396,0.0,34.08310373,17.94409048,13.06155778,41.30461506,0.0,0.0,0.0,10.67776188,180.2823526,1313.739678,144.4709962,49.63126554,0.0,58.23941334,0.0,29.46516887,15.07106574,0.0,36.09780841,0.0,185.6723061,2.318036475,31.9102111,90.35002843,8.406345495,0.0,13.52612547,0.0,0.0,0.0,0.0,0.0,0.0,0.0,0.0,0.0,0.0,2.736730409,0.0,0.0,0.0,0.0,56.77250535,0.0,0.0,0.0,6.311811491,4.936100261,0.0,0.0,0.0,14.04365687,0.0,0.0,9.325773278,3.447739465,0.0,1.619915675,0.0,0.0,0.0,1.587023664,1.936399729,1.906021319,3.303897282,0.0,0.0,0.0,6.321007322,0.0,0.0,0.0,2.058378397,2.541654547,1.57499401,4.572467805,0.0,0.0,2.4972352,2.472923523,0.0,0.0,5.097109025,0.0,0.0,6.904274732,5.32376846,0.0,0.0,0.0,0.0,0.0,0.0,0.0,0.0,0.0,0.0,10.70425234,6.214922974,12.55502807,0.0,4.586191266,0.0,4.52031043,0.0,0.0,0.0,6.716492783,0.0,0.0,5.921981393,2.508203488,2.65111169,0.0,7.292274824,0.0,0.0,0.0,0.0,1.867609283,0.0,1.487372908,0.0,1.554728958,0.0,0.0,0.0,0.0,0.0,1.410048366,0.0,0.0,2.073956746,0.0,1.398044609,0.0,0.0,1.513632108,0.0,1.519016804,0.0,0.0,1.937303191,2.171275805,0.0,0.0,0.0,0.0,0.0,0.0,0.0,0.0,3.134546884,2.314178107,0.0,0.0,0.0,0.0,0.0,0.0,0.0,0.0,1.862833873,1.947549165,0.0,0.0,0.0,0.0,0.0,0.0,0.0,0.0,0.0,0.0,1.678727201,1.142175221,1.439315876,0.0,0.0,0.0,0.0,0.0,0.0,0.0,0.0,0.0,0.0,0.0,1.327474774,1.116390978,0.0,0.0,0.0,0.0,1.253326375,0.0,1.177880944,0.0,0.0,0.0,0.0,0.0,0.0,0.0,0.0,0.0,0.0,1.118297744,0.0,1.281554642,0.0,0.0,0.0,1.142782955,1.235049988
20.7,,1780.36_184.0271_NILU_2,Dibenzothiophene,C12H8S,IYYZUPMFVPLQIF-UHFFFAOYSA-N,S1C2=C(C=CC=C2)C2=C1C=CC=C2,132-65-0,"Dibenzo[b,d]thiophene",4-GC-NILU,184.0271,[M]+,,,,2,,,,1780.36,,,,,,normalized peak area,0.0,0.0,0.0,0.0,0.0,0.0,0.0,0.0,0.0,0.0,0.0,0.0,0.0,0.0,0.0,0.0,0.0,0.0,0.0,0.0,7.09642e-05,0.0,0.0,0.0,0.0,0.0,0.0,0.0,0.0,0.0,0.0,0.0,0.0,0.0,0.0,0.0,0.0,0.0,0.0,0.0,0.0,0.0,0.0,0.0,0.0,0.0,0.0,0.0,0.0,0.0,0.0,0.0,0.0,0.0,0.0,0.0,0.0,0.0,0.0,0.0,0.0,0.0,0.0,0.0,0.0,0.0,0.0,0.0,0.0,0.0,0.0,0.0,0.0,0.0,0.0,0.0,0.0,0.0,0.0,4.00466e-06,0.0,0.0,0.0,0.0,0.0,0.0,0.0,0.0,0.0,0.0,0.0,0.0,0,0.0,0.0,0.0,0.0,0.0,0.0,5.78489e-08,0.0,0.0,0.0,0.0,0.0,0.0,0.0,0.0,0.0,0.0,0.0,0.0,0.0,0.0,0.0,0.0,0.0,0.0,0.0,0.0,0.0,0.0,0.0,0.0,0.0,0.0,0.0,0.0,0.0,0.0,0.0,0.0,0.0,0.0,0.0,0.0,0.0,0.0,0.0,0.0,0.0,0.0,0.0,0.0,0.0,0.0,0.0,0.0,0.0,0.0,0.0,0.0,0.0,0.0,0.0,0.0,0.0,0.0,0.0,0.0,0.0,0.0,0.0,0.0,0.0,0.0,0.0,0.0,0.0,0.0,0.0,0.0,0.0,0.0,0.0,0.0,0.0,0.0,0.0,0.0,0.0,0.0,0.0,0.0,0.0,0.0,0.0,0.0,0.0,0.0,0.0,0.0,0.0,0.0,0.0,0.0,0.0,0.0,0.0,0.0,0.0,0.0,0.0,0.0,0.0,0.0,0.0,0.0,0.0,0.0,0.0,0.0,0.0,0.0,0.0,0.0,0.0,0.0,0.0,0.0,0.0,0.0,0.0,0.0,0.0,0.0,0.0,0.0,0.0,0.0,0.0,0.0,0.0,0.0,0.0,0.0,0.0,0.0,0.0,0.0,0.0,0.0,0.0,0.0,0.0,0.0,0.0,0.0,0.0,0.0,0.0,0.0,0.0,0.0,0.0,0.0,0.0,0.0,0.0,0.0,0.0,0.0,0.0,0.0,0.0,0.0,0.0,0.0,0.0,0.0,0.0,0.0,0.0,0.0,0.0,0.0,0.0,0.0,0.0,0.0,0.0,0.0,0.0,0.0,0.0,0.0,0.0,0.0,0.0,0.0,0.0,0.0,0.0,0.0,0.0,0.0,0.0,0.0,0.0,0.0,0.0,0.0,0.0,0.0,0.0,0.0,0.0,0.0,0.0,0.0,0.0,0.0,0.0,0.0,0.0,0.0,0.0,0.0,0.0,0.0,0.0,0.0,0.0,0.0,0.0,0.0,0.0,0.0,0.0,0.0,0.0,0.0,0.0,0.0,0.0,0.0,0.0,0.0,0.0,0.0,0.0,0.0,0.0,0.0,0.0,0.0,0.0,0.0,0.0,0.0,0.0,0.0,0.0,0.0,0.0,0.0,0.0,0.0,0.0,0.0,0.0,0.0,0.0,0.0,0.0,0.0,0.0,0.0,0.0,0.0,0.0,0.0,0.0,0.0,0.0,0.0,0.0,0.0,0.0,0.0,0.0,0.0,0.0,0.0,0.0,0.0,0.0,0.0,0.0,0.0,0.0,0.0,0.0,0.0,0.0,0.0,0.0,0.0,0.0,0.0,0.0,0.0,0.0,0.0,0.0,0.0,0.0,0.0,0.0,0.0,0.0,0.0,0.0,0.0,0.0,0.0,0.0,0.0,0.0,0.0
20.73,,1783.11_43.0239_NILU_2,Benzyl benzoate,C14H12O2,SESFRYSPDFLNCH-UHFFFAOYSA-N,O=C(OCC1=CC=CC=C1)C1=CC=CC=C1,120-51-4,Benzyl benzoate,4-GC-NILU,43.0239,[M]+,,,,2,,,,1783.11,,,,,,normalized peak area,0.0,0.0,0.0,4.46765e-05,0.0,0.0,0.0,0.0,0.0,0.0,0.0,0.0,7.52303e-06,0.0,0.0,0.0,0.0,0.0,0.0,0.0,0.0,4.17793e-06,0.0,0.0,0.0,1.08368e-05,2.08672e-06,0.0,0.0,0.0,0.0,0.0,0.0,0.0,0.0,0.0,0.0,1.27773e-06,2.44492e-06,0.0,8.8372e-07,1.15948e-05,1.79218e-06,0.0,0.0,1.13561e-06,0.0,0.0,0.0,0.0,0.0,0.0,0.0,0.0,0.0,0.0,0.0,0.0,0.0,1.08345e-05,0.0,0.0,0.0,0.0,3.0119e-06,0.0,0.0,0.0,0.0,0.0,0.0,0.0,0.0,0.0,0.0,1.09862e-05,0.0,0.0,0.0,0.0,0.0,0.0,8.15657e-06,0.0,0.0,0.0,3.03148e-06,0.0,0.0,0.0,0.0,0.0,0,0.0,0.0,0.0,0.0,0.0,2.65442e-06,0.0,0.0,0.0,0.0,5.52504e-06,0.0,0.0,0.0,0.0,0.0,0.0,0.0,0.0,0.0,0.000125621,0.0,0.0,0.0,0.0,0.0,0.0,0.0,0.0,0.0,6.00035e-05,0.0,0.0,0.0,0.0,0.0,0.0,0.0,5.32559e-05,0.0,0.0,4.72329e-05,0.0,0.0,2.1754e-06,0.0,0.000188747,0.0,0.0,0.000995742,0.0,6.44813e-06,0.0,0.0,0.0,0.0,0.0,0.0,0.0,0.0,0.0,0.0,0.0,0.0,0.0,0.0,0.0,0.0,2.58207e-06,0.0,6.52583e-05,0.0,0.0,0.0,0.0,0.0,0.0,0.0,0.0,0.0,0.0,0.0,0.0,0.0,0.0,0.0,0.0,0.0,0.0,0.0,0.0,0.0,0.0,0.0,0.0,0.0,0.0,0.0,0.0,0.0,0.0,0.0,0.0,0.0,0.0,3.62859e-05,0.0,0.0,0.0,2.19565e-05,0.0,0.0,7.32127e-05,0.0,0.0,0.0,0.0,0.0,0.0,0.0,2.69533e-05,0.000163185,0.0,2.94223e-05,0.0,0.0,0.0,0.0,5.36971e-06,0.0,0.0,0.0,0.0,0.0,7.94461e-06,0.0,0.0,0.0,3.2513e-06,0.0,0.0,0.0,0.0,0.0,0.0,0.0,0.0,0.0,0.0,0.0,0.0,0.0,0.0,0.0,0.0,0.0,0.0,0.0,0.0,0.0,0.0,0.0,0.0,0.0,0.0,9.59182e-07,1.50803e-05,0.0,0.0,0.0,0.0,6.21448e-05,0.0,0.0,0.0,3.20422e-05,7.82288e-07,0.0,0.0,0.0,0.0,0.0,0.0,0.0,6.35642e-06,2.28222e-06,5.10743e-06,1.8609e-05,0.0,0.0,3.4735e-05,7.40624e-05,0.0,0.0,8.32074e-06,0.0,0.0,1.40012e-06,0.0,0.0,0.0,0.0,5.73812e-06,0.0,0.0,0.0,0.000125024,0.0,0.0,4.23501e-07,5.22692e-05,4.63811e-06,0.0,0.0,0.0,3.44468e-06,0.0,0.0,0.0,0.000100373,0.0,0.0,0.0,0.0,9.32785e-05,0.0,0.0,0.0,0.0,1.33476e-05,0.0,0.0,3.87647e-07,0.0,0.0,0.0,0.0,0.0,0.0,0.0,0.0,0.0,0.0,0.0,0.0,0.0,0.0,0.0,0.0,0.0,0.0,0.0,0.0,0.0,0.0,0.0,0.0,0.0,0.0,0.0,0.0,0.0,0.0,7.58408e-06,0.0,5.99195e-05,0.0,0.0,0.0,0.0,0.0,0.0,5.45933e-07,0.0,1.58773e-06,0.0,0.0,0.0,0.0,0.0,0.0,0.0,0.0,0.0,0.0,0.0,0.0,0.0,0.0,0.0,9.44634e-06,0.0,0.0,0.0,0.0,0.0,0.0,0.0,0.0,0.0,1.29884e-05,0.0,0.0,0.0,0.0,0.0,0.0,0.0,0.0,0.0,0.0,0.0,0.0,0.0,0.0,0.0,0.0,0.0,0.0,0.0,0.0,0.0,0.0,0.0,0.0,0.0,0.0
20.93,,1801.75_178.0553_NILU_2,Phenanthrene,C14H10,YNPNZTXNASCQKK-UHFFFAOYSA-N,C1=CC2=C(C=C1)C1=C(C=CC=C1)C=C2,85-01-8,Phenanthrene,4-GC-NILU,178.0553,[M]+,,,,1,,,,1801.75,,,,,,estimated concentration,6.266816657,86.598236,253.8669101,245.4644636,54.39563135,34.62709091,263.872973,3.613303089,46.51812281,180.0979541,164.6712515,111.1849582,121.1164726,2.473866398,247.3215219,160.7533326,54.19814245,35.28225652,55.34017161,67.56581464,68.86915724,32.95189009,0.99560186,18.90931725,12.96304024,22.08241778,2.242520295,43.29289158,19.25529419,68.94452856,131.2807505,0.608591376,0.0,13.91258975,37.24426071,2.509927075,24.02802321,122.9640618,7.016550807,0.0,4.446934474,18.47271874,18.03410025,0.0,7.103761041,10.24965229,4.79541758,0.423327307,0.0,2.304237221,4.905633009,5.540171622,0.0,0.0,0.052951059,0.0,0.0,15.6787842,0.0,8.402950961,0.0,0.0,0.0,8.704363471,53.83469756,0.0,265.3664025,0.0,0.0,0.0,1.841477721,67.35087911,0.0,2.259022888,0.0,68.94610474,65.73659519,71.3795623,0.0,59.55673909,,0.0,111.0511651,0.0,15.00683404,41.38647492,37.93793318,35.60823668,24.10447329,0.0,43.25208918,11.55475703,0,21.07850368,6.081378163,11.36836551,31.72019337,0.0,13.4143841,0.0,0.0,0.0,0.0,24.79837989,0.0,0.0,19.23554726,25.65210068,0.0,0.029534053,5.232903182,1.139555233,0.0,127.2887625,0.0,2.517488291,4.44346174,1.837536495,0.833859533,85.64379467,0.0,85.44734929,1.678338717,76.36164365,147.7644414,128.7234247,0.932273547,0.216927661,102.363755,0.0,0.989652138,40.69608054,7.672467271,1.46231816,60.21982806,134.303268,1.64074663,159.3513128,0.0,56.39060131,3.214890929,339.8537342,264.3703075,145.5550801,219.8057499,0.0,0.0,431.2431688,286.2810252,0.0,84.79024945,0.0,131.5883208,140.0098415,2.045965871,0.0,41.02974006,0.0,13.8845685,0.0,41.04838843,40.90776883,0.0,46.21482594,0.0,18.67185754,0.0,47.34756129,12.26846441,10.65495723,0.0,0.0,0.0,1.239653026,0.0,0.0,0.0,0.0,0.0,0.0,0.0,0.0,0.0,0.0,0.0,0.0,0.0,0.0,0.0,0.0,0.0,0.0,0.0,0.0,0.0,7.249796278,46.94259897,33.19025583,415.2680117,231.9053192,3.713604677,73.89076894,377.1126701,134.0296137,5.394845826,197.2315503,92.39282415,469.4642761,355.3493698,384.7229726,516.2218834,79.94146326,65.89870237,386.2260539,438.6487108,321.6707635,322.8910058,401.2639368,406.2597005,229.6594934,138.7393292,70.82103124,0.0,375.4345419,0.0,279.865425,0.0,407.0830427,238.931527,79.99233198,0.0,261.4483228,0.0,0.0,0.0,0.0,0.0,0.0,0.0,0.0,0.0,0.0,0.0,0.0,0.0,0.0,3.522508193,210.7495945,0.464494061,0.0,0.22702051,1.877554361,138.2989194,0.0,0.0,0.0,36.13499703,26.48803978,11.33743151,27.04102032,44.98634973,0.0,0.0,0.0,7.493253309,10.20636787,0.0,10.60679381,10.55756723,41.3111285,0.0,0.0,0.0,4.057550517,0.0,0.0,0.304872894,6.487631905,2.772378926,0.0,32.48196888,8.309276251,0.0,6.541412674,1.722405231,0.0,0.0,14.1890017,3.628951906,0.0,10.04310238,9.574177099,0.0,0.0,0.0,3.300066231,0.0,0.0,0.0,4.504090957,0.0,0.0,18.37337501,8.933835725,8.629019683,0.0,9.569666872,0.0,12.40045985,0.0,0.0,0.0,3.299249034,0.0,0.0,4.390625075,2.109743577,3.435854754,0.0,18.53900288,0.0,0.0,0.0,0.658617081,4.089456715,0.0,0.0,1.466846778,1.037534718,0.0,0.0,0.959897945,1.177715819,0.0,0.0,0.0,0.0,1.287004587,0.0,0.0,0.0,0.0,0.0,0.0,1.931566799,0.0,0.0,0.0,1.4751995,0.0,0.0,0.254599101,0.917467022,0.0,0.0,0.0,0.151194055,2.897947976,0.0,0.0,0.0,0.0,0.0,0.0,0.0,0.799398515,0.0,0.110838647,0.122880937,0.0,0.0,0.0,0.0,0.0,0.168566126,0.0,0.0,0.0,0.0,0.536061651,0.0,1.053267658,0.0,1.877024814,0.065649824,0.0,0.0,0.0,0.0,0.0,0.0,0.0,0.0,0.0,0.0,0.0,1.648812366,0.0,0.0,0.0,0.0,1.081523536,0.0,0.0,0.0,0.0,0.0,0.0,0.0,0.0,0.0,0.0,0.0,0.0,0.0,0.0,0.0,0.0,0.0,0.0
21.01,,1810.29_105.0673_NILU_2,"Benzene, (1-methylundecyl)-",C18H30,VRPRIAVYSREHAN-UHFFFAOYNA-N,CCCCCCCCCCC(C)C1=CC=CC=C1,2719-61-1,(Dodecan-2-yl)benzene,4-GC-NILU,105.0673,[M]+,,,,2,,,,1810.29,,,,,,normalized peak area,0.0,0.0,0.000333227,0.000291887,9.89096e-05,0.0,0.00074618,0.0,3.81481e-05,0.000342822,0.000151606,9.30428e-05,0.00015464,0.0,0.000452064,0.000137247,0.000208325,0.0,4.10974e-05,0.0,0.0,4.11649e-05,0.0,0.00010336,0.0,3.57616e-05,0.0,0.0,0.0,3.7038e-05,0.0,0.0,0.0,0.000406792,0.0,0.0,7.19415e-05,0.0,7.25045e-06,0.0,2e-05,6.77848e-05,5.2136e-06,0.0,6.80377e-05,3.00219e-05,0.0,0.0,0.0,0.0,1.32321e-05,2.77345e-05,0.0,0.0,0.0,0.0,0.0,5.96467e-06,0.0,0.0003377,0.0,0.0,0.0,2.04585e-06,2.70032e-05,1.47835e-05,9.0549e-05,0.0,0.0,0.0,0.0,3.21957e-05,0.0,3.05713e-05,0.0,1.52852e-05,6.32562e-05,3.81166e-05,0.0,0.0,0.0,0.0,3.52216e-05,0.0,2.49714e-05,7.66109e-05,3.99386e-06,0.000253583,0.000113528,0.0,9.73825e-05,9.04879e-05,0,1.21536e-05,5.4413e-06,7.29581e-05,0.000235438,0.0,2.89574e-05,0.0,0.0,0.0,0.0,3.59128e-05,0.0,0.0,0.000112694,0.000578645,0.0,0.0,0.0,0.0,0.0,0.000166144,0.0,0.0,0.0,0.0,0.0,0.001401289,0.0,0.001190142,0.0,0.000184626,0.000304092,0.000222844,0.0,0.0,0.000222247,0.0,4.17786e-06,0.000939809,0.0,0.0,0.000124523,0.000541249,0.0,0.000791055,0.0,0.000828646,0.0,0.000211781,0.004779561,6.79804e-05,2.57925e-05,0.0,0.0,5.23219e-05,0.000218019,0.0,0.000181205,0.0,0.00019652,4.65365e-05,0.0,0.0,0.005355411,0.0,0.000116935,0.0,4.97479e-06,0.0,0.0,0.000140821,0.0,4.68431e-05,0.0,5.98931e-06,0.0,0.0,0.0,0.0,0.0,0.0,0.0,0.0,0.0,0.0,0.0,0.0,0.0,0.0,0.0,0.0,0.0,0.0,0.0,0.0,0.0,0.0,0.0,0.0,0.0,0.0,0.0,0.0,3.60857e-05,0.000157626,0.000263505,0.000214452,0.0,7.56483e-05,0.000301902,0.000170702,0.0,0.000256244,0.000154568,0.000299832,0.000240425,0.000169222,0.000487174,5.46668e-05,0.000123072,0.000752185,0.000866919,0.000318322,0.000257446,0.000442971,0.000185791,0.000554307,0.000584156,0.000115065,0.0,0.000161622,0.0,0.000689608,0.0,0.000203708,0.000224304,0.000299892,0.0,0.000306004,0.0,0.017578848,0.0,0.0,0.207650498,0.0,0.197403116,0.0,0.0,0.0,131.8301505,0.809968275,0.498324142,0.0,0.0,0.000347192,0.0,0.0,0.0,5.33207e-05,0.000354507,0.0,0.0,0.0,0.000127185,0.000205848,8.22156e-06,0.0,0.00011545,0.0,0.0,0.0,0.001022636,0.000124861,0.0,5.29604e-05,4.89065e-05,1.95572e-05,0.0,0.0,0.0,0.000167247,0.0,0.0,0.0,0.0,1.45084e-05,0.0,0.000146214,1.12357e-05,0.0,0.000436535,0.00016664,0.0,0.0,0.000265166,9.00228e-06,0.0,6.00052e-05,0.000246351,0.0,0.0,0.0,0.0,0.0,0.0,0.0,0.0,0.0,0.0,1.00582e-05,0.001611635,2.20862e-05,0.0,1.6494e-05,0.0,2.41128e-05,0.0,0.0,0.0,0.000540472,0.0,0.0,1.26569e-05,0.000301323,0.000165828,0.0,8.34821e-06,0.0,0.0,0.0,0.0,0.000427733,0.0,0.0,0.0,6.63923e-05,0.0,0.0,0.0,0.001119315,0.0,0.0,0.0,0.0,6.55045e-05,0.0,0.0,0.0,0.0,0.0,0.0,2.26174e-06,0.0,0.0,0.0,6.94468e-05,0.0,0.0,0.0,0.0,0.0,0.0,0.0,0.0,6.64557e-05,0.000496476,0.0,0.0,0.0,0.0,0.0,0.0,0.0,0.0,0.0,3.45742e-05,0.02137282,0.0,0.000236264,0.0,0.0,0.0,0.0,0.0,0.0,0.0,9.75649e-07,0.0,2.27109e-05,0.0,0.0,6.82395e-05,0.0,0.0,0.0,0.0,0.0,0.0,0.0,0.0,0.0,0.0,0.0,1.97392e-05,0.0,0.0,0.0,0.0,1.00777e-06,0.0,0.0,0.0,0.0,0.0,0.0,0.0,0.0,0.0,0.0,0.0,0.0,0.0,0.0,0.0,0.0,0.0,0.0
21.101,,1818.3_178.0553_NILU_2,Anthracene,C14H10,MWPLVEDNUUSJAV-UHFFFAOYSA-N,C1=CC2=CC3=C(C=CC=C3)C=C2C=C1,120-12-7,Anthracene,4-GC-NILU,178.0553,[M]+,,,,1,,,,1818.3,,,,,,estimated concentration,11.0525184,68.09979914,110.3860926,0.0,9.741154184,16.88210845,169.4705455,5.075123825,25.6654122,44.80883924,0.0,89.85642406,0.0,5.394246243,0.0,38.80768683,0.0,14.33784445,0.0,27.56976845,0.0,0.0,3.185817396,0.0,3.753947347,0.0,7.109434555,22.92076404,15.66939936,0.0,26.3370581,5.620252568,11.28460067,4.911036923,9.30673281,7.444124803,0.0,7.865135917,8.654774486,0.0,5.081034913,5.837663712,11.78442745,4.20380559,0.0,0.0,0.0,6.903248222,0.0,6.012234119,0.0,4.792501837,0.0,0.0,0.0,0.0,4.174684439,0.0,4.220876649,12.58080443,0.0,0.0,0.0,0.0,127.0998581,0.0,270.9921409,0.0,0.0,0.0,11.19233737,80.81569741,8.64856902,0.0,0.0,269.3443097,63.97418325,38.2307567,0.0,0.0,,0.0,74.19342576,8.353417317,23.15444089,199.437316,75.91370623,48.35733974,17.66687205,0.0,44.2833565,22.51109717,0,27.77719944,0.0,0.0,40.24623154,0.0,0.0,0.0,0.0,0.0,0.0,47.63271457,0.0,0.0,80.51671683,43.60194863,0.0,0.0,0.0,5.814376187,10.17983802,509.1124753,0.0,3.545719126,14.25847507,7.864600389,0.0,139.4660888,3.226622382,288.8717626,5.760371512,52.85430324,279.6786686,172.35936,4.365361825,11.23115354,291.1351728,3.752961813,0.0,69.08403365,6.335213985,7.625293916,13.10614128,208.0411187,7.614136164,27.65073014,3.600699311,21.59354298,3.475232093,171.263231,128.4355317,83.35971074,278.4273886,40.83351258,31.67413904,316.1232482,32.07369177,0.0,110.639937,51.69628937,148.6062598,216.9245956,0.0,32.62901207,137.837418,0.0,36.72472795,27.53826674,155.8161335,57.73591828,27.65728126,0.0,28.81924397,36.05325439,28.23834651,70.05768627,29.11467862,30.34963328,0.0,0.0,0.0,0.0,0.0,0.0,0.0,0.0,4.767225734,4.791596714,4.783115072,0.0,4.773722719,4.892698299,5.690568792,0.0,0.0,0.0,0.0,0.0,5.480205479,8.567228479,0.0,4.919449488,5.076141154,6.45505696,4.470943853,19.92450207,201.3954694,24.77946571,7.799946466,0.0,309.2010716,78.55372549,15.64854881,252.9949131,0.0,685.8159824,481.3530014,185.8200772,952.7823268,4.850413583,0.0,688.5165219,201.6464023,99.97195507,238.9691376,606.743751,677.6683587,1974.735712,0.0,0.0,11.27318257,515.5808041,0.0,185.3679171,13.22575083,1261.706037,532.0048498,0.0,0.0,474.351044,7.787021042,0.0,0.0,5.022457195,0.0,0.0,0.0,0.0,0.0,0.0,0.0,5.136825251,0.0,0.0,6.195823456,296.6033776,0.0,4.696716965,0.0,13.95667929,0.0,0.0,0.0,0.0,38.81411707,13.02613669,11.77559106,15.06999346,11.30313268,4.365355851,0.0,0.0,10.640737,10.57586901,4.264493846,0.0,7.837469216,15.05417575,4.223886152,0.0,0.0,14.27564062,0.0,4.032866833,0.0,121.2010032,19.23561836,0.0,14.80010707,44.5742522,0.0,41.70247614,38.13746803,4.562436106,0.0,21.75561072,68.11892797,4.465290232,146.2027796,82.98583693,0.0,6.13606444,0.0,71.74103796,5.468443005,0.0,0.0,11.00946083,0.0,4.996583193,160.9405588,80.24164153,122.536648,0.0,62.57082549,0.0,56.52141284,0.0,0.0,0.0,16.85751195,0.0,0.0,16.59685141,7.944973926,76.69714488,0.0,33.14619433,0.0,4.091930839,0.0,4.023746893,13.6648667,0.0,0.0,6.331547243,6.523196059,0.0,0.0,4.319047267,6.055772013,0.0,0.0,0.0,0.0,6.23630733,0.0,0.0,0.0,0.0,0.0,0.0,0.0,0.0,0.0,0.0,0.0,0.0,0.0,0.0,6.055683335,0.0,4.806237971,0.0,0.0,7.560169074,0.0,0.0,0.0,0.0,0.0,0.0,0.0,5.640331064,0.0,0.0,8.342167618,0.0,0.0,0.0,0.0,3.05079496,0.0,0.0,0.0,0.0,0.0,10.14221191,4.048745385,4.458684229,0.0,3.158253303,3.598508686,0.0,0.0,3.131570954,0.0,0.0,0.0,3.060445243,0.0,0.0,0.0,0.0,3.379859282,2.97911121,0.0,0.0,3.695249393,4.343448697,2.999543368,3.515782722,0.0,3.49663541,2.99620406,0.0,3.565887819,0.0,0.0,0.0,3.088103468,3.515118177,0.0,10.953362,0.0,4.314564884,3.053093618,28.01894114
21.13,,1821.78_61.0283_NILU_2,Isopropyl myristate,C17H34O2,AXISYYRBXTVTFY-UHFFFAOYSA-N,CCCCCCCCCCCCCC(=O)OC(C)C,110-27-0,Propan-2-yl tetradecanoate,4-GC-NILU,61.0283,[M]+,,,,2,,,,1821.78,,,,,,normalized peak area,2.9784e-06,0.0,0.0,0.000113181,0.0,0.0,0.000154976,0.0,2.7483e-06,1.22101e-05,3.51087e-05,0.0,0.000175537,8.68199e-07,8.77139e-05,1.75371e-05,0.0,1.38056e-06,0.0,0.0,5.37027e-05,8.60163e-06,0.0,2.77307e-05,0.0,1.19205e-05,0.0,0.0,0.0,3.56134e-05,2.40826e-06,0.0,0.0,0.0,4.62076e-06,0.0,1.34291e-05,4.2591e-07,2.02338e-06,0.0,4.65116e-06,0.0,3.9102e-07,0.0,0.00016159,0.0,0.0,0.0,0.0,0.0,4.85178e-06,0.0,0.0,0.0,3.56756e-06,0.0,0.0,0.0,0.0,0.0,0.0,0.0,0.0,2.5435e-06,2.80418e-05,0.0,8.3127e-05,0.0,0.0,0.0,0.0,1.60979e-05,0.0,0.0,0.0,2.72267e-05,1.22199e-05,8.34444e-06,0.0,1.21353e-05,0.0,0.0,2.96603e-05,0.0,1.42693e-05,0.000125642,7.699e-06,0.0,2.52285e-05,0.0,2.11391e-05,4.79053e-05,0,9.24356e-06,1.78542e-06,1.87606e-05,8.56139e-05,0.0,1.44787e-05,0.0,0.0,0.0,0.0,2.34814e-05,0.0,0.0,0.00021866,0.000571674,0.0,0.0,0.0,0.0,0.0,0.0,0.0,0.0,0.0,0.0,0.0,0.0,0.0,0.000486876,0.0,0.0,9.35668e-05,0.0,0.0,0.0,9.77889e-05,0.0,0.0,0.0,0.0,9.08651e-07,0.0,0.0,0.0,0.0,0.0,0.0,0.0,0.0,0.0,0.0,6.44813e-06,0.0,0.0,0.0,0.0,0.0,0.0,0.0,0.0,5.62529e-06,0.0,0.0,0.0,0.0,0.0,0.0,1.53766e-06,0.0,0.0,1.88906e-05,0.0,0.0,0.0,5.39038e-07,0.0,0.0,0.0,0.0,0.0,0.0,0.0,0.0,0.0,0.0,0.0,0.0,0.0,0.0,0.0,0.0,0.0,0.0,0.0,0.0,0.0,0.0,0.0,0.0,0.0,0.0,0.0,0.0,0.0,0.0,0.0,0.0,0.0,0.0,6.40397e-05,0.0,0.0,0.0,0.0,0.000210521,1.16677e-05,7.41353e-05,0.000181583,0.0,0.0,0.0,0.000173384,5.19368e-05,6.89586e-05,0.0,0.00010867,0.000277153,0.0,0.0,0.0,8.326e-05,0.0,0.0,0.0,0.000356489,9.53291e-05,0.0,0.0,0.000306004,0.0,0.020163973,1.113506885,0.0,0.0,0.0,0.0,0.0,0.574126475,0.52860338,0.0,0.0,0.0,1.505641626,0.0,0.000156236,0.0,0.000103534,0.0,0.0,0.0,0.0,0.0,0.0,0.0,4.23132e-05,0.0,0.0,0.0,0.0,0.0,0.0,0.0,6.11564e-05,0.0,9.23728e-06,2.36101e-05,0.0,0.0,0.0,0.0,0.0,0.0,0.0,0.0,0.00014302,8.4768e-06,0.0,0.00010102,7.30319e-06,0.0,0.000516331,0.000308593,0.0,0.0,7.2235e-05,1.31572e-05,0.0,0.00011001,0.000422317,0.0,2.60223e-06,0.0,6.50321e-05,0.0,0.0,0.0,5.26418e-05,0.0,0.0,2.01163e-05,0.000784039,1.98776e-05,0.0,9.32271e-06,0.0,2.95258e-05,0.0,0.0,0.0,0.00022391,0.0,0.0,4.44702e-06,5.9083e-05,0.000414571,0.0,8.01428e-06,0.0,0.0,0.0,0.005693457,0.000268382,0.0,0.0,9.90071e-06,2.43438e-05,0.0,0.00060011,0.000414338,0.0,0.0,0.0,0.0,0.0,2.89599e-05,4.88094e-05,0.0,0.000196528,8.84711e-05,1.71647e-05,0.001238648,0.0,0.0,0.001208457,0.0,0.000257945,0.0,2.9017e-05,0.000376836,0.000221155,0.0,0.0,0.0,0.000158904,0.0,0.002225581,3.57106e-05,0.001569858,0.0,0.0,0.0,9.2959e-05,0.0,0.002118896,0.0,0.000222263,0.0,1.22641e-06,0.0,0.0,0.0,0.000219286,0.0,0.0,0.0,0.0,3.04098e-06,0.0,0.0,0.0,0.0,0.0,0.0,0.0,0.0,0.0,0.0,0.0,0.0,0.0,0.0,0.0,0.0,0.0,0.0,0.0,0.0,0.0,0.0,0.0,0.0,0.0,0.0,0.0,0.0,0.0,0.0,0.0,0.0,0.0,0.0,0.0,0.0,0.0,0.0,0.0,0.0013977
21.53,,1860.1_167.0495_NILU_2,"Cyclopenta[g]-2-benzopyran, 1,3,4,6,7,8-hexahydro-4,6,6,7,8,8-hexamethyl-",C18H26O,ONKNPOPIGWHAQC-UHFFFAOYSA-N,CC1COCC2=CC3=C(C=C12)C(C(C3(C)C)C)(C)C,1222-05-5,"4,6,6,7,8,8-hexamethyl-1,3,4,7-tetrahydrocyclopenta[g]isochromene",4-GC-NILU,167.0495,[M]+,,,,2,,,,1860.1,,,,,,normalized peak area,2.56368e-05,0.0,1.79942e-05,0.000166792,1.69104e-06,5.43024e-07,2.52553e-07,5.10534e-06,1.35364e-06,1.03316e-07,9.57511e-06,0.0,5.01535e-06,0.0,2.36153e-05,1.11831e-05,1.50856e-05,3.57322e-07,1.23292e-06,0.000791794,1.13159e-05,2.58049e-06,0.0,5.04194e-06,1.04278e-06,2.81758e-06,8.94306e-08,2.27442e-05,0.0,1.80441e-06,1.81755e-05,0.0,0.0,3.96361e-06,1.15519e-06,0.0,2.25417e-06,3.05236e-07,7.33476e-07,0.0,9.76743e-07,2.67572e-06,1.27082e-06,0.0,1.53085e-06,2.74113e-07,0.0,0.0,0.0,0.0,0.0,1.12818e-06,0.0,0.0,0.0,0.0,0.0,4.91208e-07,0.0,0.0,0.0,0.0,0.0,6.08227e-07,2.70032e-06,0.0,1.05393e-05,2.40579e-07,0.0,0.0,0.0,3.72263e-06,0.0,5.54106e-07,0.0,1.00309e-06,1.72517e-05,6.38711e-06,0.0,1.0315e-06,0.0,0.0,4.81979e-06,0.0,3.08088e-06,3.98377e-06,4.81187e-07,2.66699e-05,1.26142e-05,0.0,3.56277e-06,1.17102e-05,0,2.73883e-06,4.33603e-07,8.44229e-06,1.17719e-05,0.0,3.34389e-06,0.0,0.0,0.0,0.0,3.03877e-06,0.0,0.0,1.39606e-05,7.6688e-05,0.0,0.0,4.35398e-07,1.82163e-06,0.0,2.67451e-06,0.0,4.05066e-07,0.0,0.0,0.0,2.59498e-05,0.0,0.000151473,0.0,1.15391e-05,7.95318e-06,3.19409e-06,0.0,0.0,6.66742e-06,0.0,3.66975e-07,5.95213e-05,1.52712e-06,0.0,8.15841e-05,5.01645e-06,0.0,0.000505396,0.0,0.000202558,2.26041e-06,5.77586e-06,0.000438126,1.53956e-05,1.75021e-06,4.5195e-07,0.0,1.10151e-05,0.000588307,0.0,2.30625e-05,0.0,2.56476e-06,5.62529e-06,0.0,0.0,0.000151568,0.0,3.65421e-06,0.0,5.8793e-07,4.64772e-07,0.0,9.27355e-06,0.0,0.0,0.0,0.0,1.68423e-06,0.0,0.0,0.0,0.0,0.0,0.0,0.0,0.0,0.0,0.0,0.0,0.0,0.0,0.0,0.0,0.0,0.0,0.0,0.0,0.0,0.0,0.0,0.0,0.0,0.0,0.0,1.47535e-06,3.16368e-06,1.35108e-06,0.000116633,3.60908e-06,4.81861e-07,3.07043e-06,3.20199e-05,4.53578e-06,3.95744e-07,1.89133e-05,5.00072e-07,1.85003e-05,8.4856e-06,8.86401e-06,3.32164e-07,1.86778e-06,1.68414e-06,1.19096e-07,6.11943e-05,8.3769e-06,5.97641e-05,9.65451e-08,7.01098e-08,6.09738e-07,2.57029e-05,1.99446e-06,0.0,2.25292e-05,0.0,3.32914e-05,0.0,2.54635e-05,5.32721e-05,2.0862e-06,0.0,1.18577e-05,0.0,0.0,0.0,0.0,0.0,0.0,0.0,0.0,0.0,0.0,0.0,0.0,0.0,0.0,4.50001e-07,0.000147557,0.0,0.0,0.0,5.99858e-05,3.68142e-05,5.1962e-05,0.0,0.0,2.54369e-05,6.40416e-06,1.0277e-06,4.73953e-06,1.01019e-05,0.0,0.0,0.0,6.13582e-05,6.37046e-06,0.0,3.63333e-06,3.37287e-05,1.30381e-06,0.0,0.0,0.0,1.14432e-05,0.0,0.0,0.0,2.26448e-06,1.63015e-06,0.0,4.12057e-06,7.86498e-07,0.0,5.16331e-05,3.08593e-05,0.0,0.0,3.47459e-06,3.73941e-07,0.0,4.75042e-06,1.14377e-05,0.0,0.0,0.0,1.91271e-06,0.0,0.0,0.0,1.51345e-05,0.0,0.0,1.42932e-06,3.61529e-05,1.47241e-06,0.0,4.3745e-06,0.0,1.57471e-06,0.0,0.0,0.0,0.0,0.0,0.0,1.38542e-06,3.48589e-05,2.85018e-05,0.0,5.00892e-06,0.0,0.0,0.0,0.0,0.0,1.00501e-05,8.2738e-06,0.0,3.31962e-06,0.0,0.0,0.0,5.30202e-05,0.0,0.0,0.0,0.0,0.0,0.0,0.0,0.0,0.0,0.0,0.0,0.0,0.0,0.0,0.0,3.76997e-06,0.0,0.0,0.0,0.0,0.0,0.0,0.0,0.0,0.0,0.0,0.0,0.0,0.0,0.0,0.0,0.0,0.0,0.0,0.0,0.0,0.0,0.0,0.0,0.0,0.0,0.0,0.0,0.0,0.0,0.0,0.0,0.0,0.0,0.0,0.0,2.52189e-05,0.0,0.0,0.0,0.0,0.0,0.0,0.0,0.0,0.0,0.0,0.0,0.0,0.0,0.0,0.0,0.0,0.0,0.0,0.0,0.0,0.0,0.0,0.0,0.0,0.0,0.0,0.0,0.0,0.0,0.0,0.0,0.0,0.0,0.0,0.0
21.58,,1865.49_149.0236_NILU_2,Diisobutyl phthalate,C16H22O4,MGWAVDBGNNKXQV-UHFFFAOYSA-N,CC(C)COC(=O)C1=CC=CC=C1C(=O)OCC(C)C,84-69-5,"bis(2-methylpropyl) benzene-1,2-dicarboxylate",4-GC-NILU,149.0236,[M]+,,,,2,,,,1865.49,,,,,,normalized peak area,0.0,3.82046e-05,0.0,0.0,0.0,0.0,0.0,0.000229741,0.0,0.0,0.0,2.43923e-05,0.0,0.0,0.0,0.0,0.0,0.0,0.0,0.0,0.0,0.0,0.0,0.0,0.0,0.0,0.0,0.0,0.0,0.0,0.0,0.0,0.0,0.0,0.0,0.0,0.0,0.0,0.0,0.0,0.0,0.0,0.0,0.0,0.0,0.0,0.0,0.0,0.0,0.0,0.0,0.0,0.0,0.0,0.0,0.0,0.0,0.0,0.0,0.0,0.0,0.0,0.0,0.0,0.0,0.0,0.0,0.0,0.0,0.0,0.0,0.0,0.0,0.0,0.0,0.0,0.0,0.0,0.0,0.0,0.0,0.0,0.0,0.0,0.0,0.0,0.0,0.0,0.0,0.0,0.0,0.0,0,0.0,0.0,0.0,0.0,0.0,0.0,0.0,0.0,0.0,0.0,0.0,0.0,0.0,0.0,0.0,0.0,0.0,0.0,0.0,0.0,0.0,0.0,0.0,0.0,0.0,0.0,0.0,0.0,0.0,0.0,0.0,0.0,0.0,0.0,0.0,0.0,0.0,4.96827e-06,0.0,0.0,0.0,0.0,0.0,0.0,0.0,0.0,0.0,7.06377e-05,0.0,0.0,0.0,0.0,0.0,0.0,0.0,0.0,0.0,0.0,0.0,0.0,0.0,0.0,0.0,0.0,0.0,0.0,0.0,0.0,0.0,0.0,0.0,0.0,0.0,0.0,0.0,0.0,0.0,0.0,0.0,0.0,0.0,0.0,0.0,0.0,0.0,0.0,0.0,0.0,0.0,0.0,0.0,0.0,0.0,0.0,0.0,0.0,0.0,0.0,0.0,0.0,0.0,0.0,0.0,0.0,0.0,0.0,0.0,0.0,0.0,0.0,0.0,0.0,0.0,0.0,0.0,0.0,0.0,0.0,0.0,0.0,0.0,0.0,0.0,0.0,0.0,0.0,0.0,0.0,0.0,0.0,0.0,0.0,0.0,0.0,0.0,0.0,0.0,0.0,0.0,0.0,0.0,0.0,0.0,0.0,0.0,0.0,0.0,0.0,0.0,0.0,0.002129059,0.0,0.0,0.0,0.0,0.0,6.47087e-06,0.0,0.0,0.0,0.0,0.0,1.24502e-05,0.0,0.0,0.0,0.0,0.0,0.0,0.0,0.0,0.0,0.0,0.0,0.0,0.0,0.0,0.0,0.0,0.0,0.0,0.0,0.0,0.0,0.0,0.0,0.0,0.0,0.0,0.0,0.0,0.0,0.0,0.0,0.0,0.0,0.0,0.0,0.0,0.0,0.0,0.0,0.0,0.0,0.0,0.0,0.0,0.0,0.0,0.0,0.0,0.0,0.0,0.0,0.0,0.0,0.0,0.0,0.0,0.0,0.0,0.0,0.0,0.0,0.0,0.0,0.0,0.000127804,0.0,0.0,0.0,0.0,0.0,0.0,0.0,0.0,0.000108784,0.0,0.0,0.0,0.0,0.0,0.0,0.0,0.0,0.0,0.0,1.0809e-05,0.0,1.44545e-05,0.001150173,0.0,1.78062e-05,0.0,0.000538393,0.0,0.0,0.0,0.0,0.0,0.0,0.0,0.0,0.0,0.0,0.0,3.46603e-05,0.002607086,0.0,0.0,0.0,0.0,0.0,0.0,0.0,0.0,0.0,2.00685e-06,0.000393773,0.0,0.0,0.0,0.0,0.0,0.0,0.0,0.0,0.0,0.0,0.0,0.0,0.0,0.0,0.0,0.0,0.0,0.0,0.0,0.0,0.0,0.0,0.0,0.0,0.0,0.0,0.0,0.0,0.0,0.0,0.0,0.0,0.0,0.0,0.0,0.0,0.0,0.0,0.0,0.0,0.0,0.0,0.0,0.0,0.0,0.0,0.0,0.0
21.66,,1872.9_119.0846_NILU_2,"Benzene, (1-ethylundecyl)-",C19H32,VZZMNLVGDGMQQV-UHFFFAOYNA-N,CCCCCCCCCCC(CC)C1=CC=CC=C1,4534-52-5,(Tridecan-3-yl)benzene,4-GC-NILU,119.0846,[M]+,,,,2,,,,1872.9,,,,,,normalized peak area,0.0,0.0,0.000123294,0.000250189,0.0,0.0,0.00038457,0.0,0.0,0.000131493,7.18133e-05,0.0,7.10508e-05,4.75726e-06,0.000229406,0.000147413,6.60893e-05,0.0,0.0,0.0,0.0,1.47456e-05,0.0,3.52936e-05,0.0,1.73389e-05,0.0,0.000478825,0.0,1.2346e-05,0.0,0.0,0.0,5.21528e-05,9.53031e-06,0.0,1.87048e-05,5.67881e-07,2.95077e-06,0.0,0.0,9.63258e-06,1.04272e-06,0.0,1.10561e-05,3.52431e-06,0.0,0.0,0.0,0.0,0.0,0.0,0.0,0.0,0.0,0.0,0.0,1.2865e-06,0.0,0.0,0.0,0.0,0.0,0.0,1.7656e-05,2.8335e-06,4.15635e-05,0.0,0.0,0.0,0.0,1.40856e-05,0.0,0.0,0.0,6.68726e-06,1.36576e-05,1.95734e-05,0.0,0.0,0.0,0.0,0.0,0.0,0.0,2.45155e-05,3.27207e-06,4.80933e-05,3.59506e-05,0.0,2.09016e-05,2.34204e-05,0,3.93707e-06,0.0,0.0,7.81226e-05,0.0,1.55129e-05,0.0,0.0,0.0,0.0,8.01131e-06,0.0,0.0,0.0,0.0,0.0,0.0,0.0,0.0,0.0,7.29411e-05,0.0,0.0,0.0,0.0,0.0,0.000311397,0.0,0.00040573,0.0,4.47718e-05,9.35668e-05,9.65655e-05,0.0,0.0,5.77843e-05,0.0,0.0,0.000150369,0.0,0.0,9.87597e-05,0.000343231,0.0,0.00021754,0.0,0.000207161,0.0,5.05387e-05,0.000557615,2.19937e-05,0.0,0.0,0.0,8.26135e-06,2.11098e-05,0.0,1.0433e-05,0.0,1.23242e-05,8.69364e-06,0.0,0.0,0.00011115,0.0,0.0,0.0,4.97479e-07,0.0,0.0,0.0,0.0,0.0,0.0,0.0,0.0,0.0,0.0,0.0,0.0,0.0,0.0,0.0,0.0,0.0,0.0,0.0,0.0,0.0,0.0,0.0,0.0,0.0,0.0,0.0,0.0,0.0,0.0,0.0,0.0,0.0,0.0,1.8225e-05,2.27389e-05,4.35349e-05,0.000181429,7.84582e-05,0.0,3.29293e-05,0.000356793,5.85262e-05,0.0,9.76169e-05,4.22788e-05,0.0,0.000141427,0.000161164,0.000256874,3.00667e-05,4.21035e-05,0.000589212,0.000448758,0.000150784,0.000427544,0.000272598,9.46482e-05,0.000299326,0.000121504,3.68208e-05,0.0,5.38741e-05,0.0,0.000285355,0.0,5.80568e-05,6.72911e-05,0.0,0.0,0.0,0.0,0.0,0.0,0.0,0.0,0.0,0.0,0.0,0.0,0.0,0.0,0.0,0.0,0.0,0.0,8.15901e-05,0.0,0.0,2.77262e-06,1.06641e-05,9.27172e-05,0.0,0.0,0.0,3.27046e-05,7.77648e-05,2.19242e-06,0.0,6.27759e-05,0.0,0.0,0.0,0.000243859,0.0,0.0,7.38982e-06,5.22794e-05,5.54121e-06,0.0,0.0,0.0,3.16888e-05,0.0,0.0,0.0,9.13736e-06,2.44523e-06,0.0,2.39259e-05,1.85389e-06,0.0,0.000126736,8.64061e-05,0.0,0.0,4.93758e-05,2.0082e-06,0.0,1.1251e-05,8.79826e-05,0.0,0.0,0.0,0.0,0.0,0.0,0.0,0.0,0.0,0.0,3.75857e-06,0.000265702,0.0,0.0,3.08367e-06,0.0,0.0,0.0,0.0,0.0,0.0,0.0,0.0,2.39455e-06,0.0,0.0,0.0,4.675e-06,0.0,0.0,0.0,0.0,0.000134191,0.0,0.0,0.0,0.0,0.0,0.0,0.0,0.000324012,0.0,0.0,0.0,0.0,0.0,0.0,0.0,0.0,0.0,0.0,0.0,0.0,0.0,0.0,0.0,0.0,0.0,0.0,0.0,0.0,0.0,0.0,0.0,0.0,0.0,0.0,0.0,0.0,0.0,0.0,0.0,0.0,0.0,0.0,0.0,0.0,0.034730833,0.0,0.0,0.0,0.0,0.0,0.0,0.0,0.0,0.0,0.0,0.0,0.0,0.0,0.0,0.0,0.0,0.0,0.0,0.0,0.0,0.0,0.0,0.0,0.0,0.0,0.0,0.0,0.0,0.0,0.0,0.0,0.0,0.0,0.0,0.0,0.0,0.0,0.0,0.0,0.0,0.0,0.0,0.0,0.0,0.0,0.0,0.0,0.0,0.0,0.0
21.7,,1876.73_84.0919_NILU_2,"Benzoic acid, dec-2-yl ester",C17H26O2,WPQGCBLKSNYZOU-UHFFFAOYNA-N,CCCCCCCCC(C)OC(=O)C1=CC=CC=C1,31637-00-0,decan-2-yl benzoate,4-GC-NILU,84.0919,[M]+,,,,2,,,,1876.73,,,,,,normalized peak area,0.0,0.0,0.0,0.0,0.0,0.0,0.0,0.0,0.0,0.0,0.0,0.0,0.0,0.0,0.0,0.0,0.0,0.0,0.0,0.0,0.0,0.0,0.0,0.0,0.0,0.0,0.0,0.0,0.0,0.0,0.0,0.0,0.0,0.0,0.0,0.0,0.0,0.0,0.0,0.0,0.0,0.0,0.0,0.0,0.0,0.0,0.0,0.0,0.0,0.0,0.0,0.0,0.0,0.0,0.0,0.0,0.0,0.0,0.0,0.0,0.0,0.0,0.0,0.0,0.0,0.0,0.0,0.0,0.0,0.0,0.0,0.0,0.0,8.78926e-05,0.0,0.0,0.0,0.0,0.0,0.0,0.0,0.0,0.0,0.0,0.0,0.0,0.0,0.0,0.0,0.0,0.0,0.0,0,0.0,0.0,0.0,0.0,0.0,0.0,0.0,0.0,0.0,0.0,0.0,0.0,0.0,0.0,0.000244007,0.0,0.0,0.0,0.0,0.0,0.0,0.0,0.0,0.0,0.0,0.0,0.0,0.0,0.0,0.0,0.0,0.0,0.0,0.0,0.0,0.0,0.0,0.0,0.0,0.0,0.0,0.0,0.0,0.0,0.0,0.0,0.0,0.0,0.0,0.0,0.0,0.0,0.0,0.0,0.0,0.0,0.0,0.0,0.0,0.0,0.0,0.0,0.0,0.0,0.0,0.0,0.0,0.0,0.0,0.0,0.0,0.0,0.0,0.0,0.0,0.0,0.0,0.0,0.0,0.0,0.0,0.0,0.0,0.0,0.0,0.0,0.0,0.0,0.0,0.0,0.0,0.0,0.0,0.0,0.0,0.0,0.0,0.0,0.0,0.0,0.0,0.0,0.0,0.0,0.0,0.0,0.0,0.0,0.0,0.0,0.0,0.0,0.0,0.0,0.0,0.0,0.0,0.0,0.0,0.0,0.0,0.0,0.0,0.0,0.0,0.0,0.0,0.0,0.0,0.0,0.0,0.0,0.0,0.0,0.0,0.0,0.0,0.0,0.0,0.0,0.0,0.0,0.0,0.0,0.08609316,0.0,0.0,0.0,0.000179188,0.0,0.0,0.0,0.0,0.0,0.0,0.0,0.0,0.0,0.0,0.0,0.0,0.0,0.0,0.0,0.0,0.0,0.0,0.0,0.0,0.0,2.46201e-06,0.0,0.0,0.0,0.0,0.0,0.0,0.0,0.0,0.0,0.0,0.0,0.0,0.0,0.0,0.0,0.0,0.0,0.0,0.0,0.0,0.0,0.0,0.0,0.0,0.0,0.0,0.0,0.0,0.0,0.0,0.0,0.0,0.0,0.0,0.0,0.0,0.0,0.0,0.0,0.0,0.0,0.0,0.0,0.0,1.77155e-05,0.0,0.0,0.0,0.0,0.0,0.0,0.0,0.0,0.0,0.0,0.0,0.0,0.002474906,0.0,0.0,0.0,0.0,0.0,6.80674e-07,0.0,0.0,0.0,0.0,0.0,0.0,0.0,0.0,0.0,0.0,0.0,0.0,0.0,0.0,0.0,0.0,0.0,4.65701e-07,0.0,0.0,0.0,0.0,0.0,0.0,0.0,0.000105975,0.0,0.0,0.0,8.08245e-05,0.0,0.0,0.0,0.000674639,0.0,0.0,0.0,0.0,0.0,2.0849e-06,0.0,0.022708621,0.0,0.0,7.43302e-07,0.0,0.0,0.0,0.0,0.0,0.0,1.26708e-06,0.0,0.0,0.0,0.0,6.82395e-05,0.0,1.67604e-07,0.0,0.0,0.0,0.0,0.0,0.0,0.0,0.0,0.0,1.28305e-05,0.0,0.000223142,3.78931e-05,2.70224e-05,0.0,0.0,1.04781e-06,0.0,0.0,0.0,0.0,1.62582e-05,0.0,0.0,0.0,0.0,0.0,0.0,0.0,0.0,2.35042e-07,0.0,0.0
21.83,,1889.45_243.1736_NILU_2,"Benzoic acid, 2-hydroxy-, phenylmethyl ester",C14H12O3,ZCTQGTTXIYCGGC-UHFFFAOYSA-N,OC1=C(C=CC=C1)C(=O)OCC1=CC=CC=C1,118-58-1,Benzyl 2-hydroxybenzoate,4-GC-NILU,243.1736,[M]+,,,,2,,,,1889.45,,,,,,normalized peak area,0.0,0.0,0.0,2.91887e-05,0.0,0.0,0.0,0.0,0.0,3.3343e-06,1.43627e-06,0.0,0.0,0.0,3.03625e-06,0.0,0.0,0.0,0.0,0.0,0.0,0.0,0.0,0.0,0.0,1.40879e-06,0.0,0.0,0.0,1.13963e-06,0.0,0.0,0.0,0.0,0.0,0.0,0.0,0.0,0.0,0.0,0.0,2.31895e-06,0.0,0.0,0.0,0.0,0.0,0.0,0.0,0.0,0.0,0.0,0.0,0.0,0.0,0.0,0.0,0.0,0.0,0.0,0.0,0.0,0.0,0.0,1.97331e-06,0.0,6.67985e-06,0.0,0.0,0.0,0.0,0.0,0.0,0.0,0.0,0.0,1.43764e-06,0.0,0.0,0.0,0.0,0.0,0.0,0.0,0.0,4.59665e-06,0.0,0.0,0.0,0.0,0.0,0.0,0,0.0,0.0,0.0,0.0,0.0,0.0,0.0,0.0,0.0,0.0,0.0,0.0,0.0,0.0,0.0,0.0,0.0,0.0,0.0,0.0,1.09412e-05,0.0,0.0,0.0,0.0,0.0,5.18996e-06,0.0,1.02785e-05,0.0,9.69287e-05,2.47952e-05,7.42812e-06,0.0,0.0,5.77843e-05,0.0,0.0,0.0,0.0,0.0,0.0,2.90426e-05,0.0,0.0,0.0,0.0,0.0,4.33189e-06,0.0,0.0,0.0,0.0,0.0,0.0,0.0,0.0,0.0,0.0,1.36565e-06,2.14784e-06,0.0,0.0,0.0,0.0,0.0,0.0,0.0,0.0,0.0,0.0,0.0,0.0,0.0,0.0,0.0,0.0,0.0,0.0,0.0,0.0,0.0,0.0,0.0,0.0,0.0,0.0,0.0,0.0,0.0,0.0,0.0,0.0,0.0,0.0,0.0,0.0,0.0,0.0,0.0,0.0,0.0,1.215e-06,1.13695e-06,0.0,3.71498e-05,0.0,0.0,7.56483e-07,0.0,0.0,0.0,0.0,0.0,0.0,0.0,8.86401e-06,0.0,1.64e-06,0.0,0.0,0.0,0.0,0.0,1.02224e-05,0.0,0.0,0.0,1.76433e-06,0.0,2.30189e-06,0.0,0.0,0.0,4.17601e-06,3.86924e-06,0.0,0.0,5.16383e-06,0.0,0.0,0.0,0.0,0.0,0.0,0.0,0.0,0.0,0.0,0.0,0.0,0.0,0.0,0.0,0.0,0.0,0.0,0.0,0.0,0.0,0.0,0.0,0.0,0.0,0.0,0.0,0.0,0.0,0.0,0.0,0.0,0.0,0.0,0.0,0.0,0.0,0.0,0.0,0.0,0.0,0.0,0.0,0.0,0.0,2.46311e-06,0.0,0.0,0.0,6.17963e-07,0.0,0.0,0.0,0.0,0.0,0.0,0.0,0.0,5.7505e-06,0.0,0.0,0.0,0.0,0.0,0.0,0.0,0.0,0.0,0.0,0.0,0.0,0.0,0.0,0.0,0.0,0.0,0.0,0.0,0.0,0.0,0.0,0.0,0.0,0.0,0.0,0.0,0.0,0.0,0.0,0.0,0.0,0.0,0.0,0.0,0.0,0.0,0.0,0.0,0.00137168,0.0,0.0,0.0,0.0,0.0,0.0,0.0,0.0,0.0,0.0,0.0,0.0,0.0,0.0,0.0,0.001066286,0.0,0.0,0.0,0.0,0.0,0.0,0.0,0.0,0.0,0.0,0.0,0.0,0.0,0.0,0.0,0.0,0.0,0.0,0.0,0.0,0.0,0.0,0.0,0.0,0.0,0.0,0.0,0.0,0.0,0.0,0.0,0.0,0.0,0.0,0.0,0.0,0.0,0.0,0.0,0.0,0.0,0.0,0.0,0.0,0.0,0.0,0.000148439,0.0,0.0,0.0,0.0,0.0,0.0,0.0,0.0,0.0,0.0,0.0,0.0,0.0,0.0,0.0,0.0,0.0,0.0,0.0,0.0,0.0,0.0,0.0,0.0,0.0,0.0
21.93,,1898.93_85.1007_NILU_2,Eicosane,C20H42,CBFCDTFDPHXCNY-UHFFFAOYSA-N,CCCCCCCCCCCCCCCCCCCC,112-95-8,Icosane,4-GC-NILU,85.1007,[M]+,,,,1,,,,1898.93,,,,,,normalized peak area,0.0,0.0,0.000733098,0.000863746,9.5719e-05,0.0,0.00036735,0.000918962,2.46117e-05,0.000159671,7.97926e-05,0.000163454,0.00045974,0.0,0.000269889,0.000129622,0.000143672,6.09072e-05,1.87507e-05,0.000619665,0.000128503,5.6525e-05,1.63037e-06,2.52097e-05,8.82356e-06,6.71884e-05,1.6023e-06,0.0,0.0,3.3714e-05,5.90704e-05,0.0,0.0,6.77986e-05,1.63652e-05,0.0,6.23493e-05,0.0,0.0,0.0,0.0,1.17732e-05,4.88775e-06,0.0,2.21123e-05,0.0,0.000225762,0.0,0.0,0.0,0.0,1.26921e-05,0.0,0.0,2.85404e-06,0.0,0.0,8.06984e-06,0.0,0.0,0.0,0.0,0.0,0.0,7.99711e-05,0.0,6.23452e-05,0.0,0.0,0.0,0.0,2.31407e-05,0.0,0.0,0.0,1.91065e-05,4.81609e-05,5.66598e-05,0.0,1.05577e-05,0.0,0.0,5.37592e-05,0.0,4.54025e-05,4.59665e-05,4.28257e-06,0.000153024,0.000145064,0.0,5.93796e-05,0.000149039,0,1.19824e-05,0.0,4.06481e-05,0.000103807,0.0,5.17096e-05,0.0,0.0,0.0,0.0,0.0,0.0,0.0,8.91459e-05,0.000404355,0.0,0.0,0.0,0.0,0.0,0.000243137,0.0,5.96551e-06,0.0,0.0,0.0,0.000493046,0.0,0.000595071,0.0,3.69252e-05,0.000210525,0.000126278,2.58262e-06,0.0,4.2227e-05,0.0,0.0,0.000125308,8.48398e-06,0.0,2.5334e-05,0.000528047,2.47125e-06,0.000307632,0.0,0.000828646,2.02495e-05,8.42312e-05,0.001871995,1.87946e-05,4.51369e-06,0.0,0.0,0.0,2.38783e-05,0.0,5.05178e-05,0.0,1.1658e-05,6.64807e-06,0.0,0.0,0.0,0.0,0.0,0.0,1.26631e-06,2.38841e-06,0.0,5.3237e-05,0.0,0.0,0.0,0.0,0.0,0.0,0.0,0.0,0.0,0.0,0.0,0.0,0.0,0.0,0.0,0.0,0.0,0.0,0.0,0.0,0.0,0.0,0.0,0.0,0.0,0.0,0.0,0.0,0.0,0.0,0.0,6.24856e-05,4.84438e-05,4.20337e-05,0.000777554,0.000135994,1.30791e-05,3.07043e-05,0.000429981,9.75437e-05,0.0,0.00017083,5.45533e-05,0.000350868,0.000194462,0.0,0.003188778,5.01112e-05,9.7162e-05,0.000940232,0.0,0.000184292,0.0,0.000227165,0.000266417,0.000299326,0.000303761,0.000122736,0.0,0.00016652,0.0,7.49057e-05,0.0,0.000173152,0.000241127,0.000443318,0.0,0.000267754,0.0,0.0,0.0,0.0,0.0,0.0,0.0,0.0,0.0,0.0,0.0,0.0,0.0,0.0,0.0,0.000347192,0.0,0.0,0.0,0.0,0.000100898,0.0,0.0,0.0,2.362e-05,0.000125796,4.17929e-06,0.00025852,0.000187606,0.0,0.0,0.0,0.000377589,0.000119765,0.0,0.0,9.61267e-05,1.43419e-05,0.0,0.0,0.0,0.0,0.0,0.0,0.0,1.50965e-05,0.0,0.0,0.000146214,1.01121e-05,0.0,0.000197145,0.0,0.0,0.0,0.0,3.11617e-06,0.0,0.0,0.0,0.0,0.0,0.0,1.22413e-05,0.0,0.0,0.0,0.0,0.0,0.0,1.53519e-05,0.000317971,9.57069e-06,0.0,9.32271e-06,0.0,1.20564e-05,0.0,0.0,0.0,0.0,0.0,0.0,5.13117e-06,0.000218607,0.0,0.0,1.66964e-05,0.0,0.0,0.0,0.0,0.0,0.0,0.0,0.0,0.0,0.0,0.0,0.0,0.0,0.0,0.0,0.0,0.0,0.0,0.0,0.0,0.0,0.0,0.0,0.0,0.0,0.0,0.0,0.0,0.0,0.0,0.0,0.0,0.0,0.0,0.0,0.0,0.0,3.05337e-05,0.0,0.0,0.0,0.0,0.0,0.0,0.0,0.0,0.0,0.0,0.0,0.0,0.0,0.0,0.0,0.0,0.0,0.0,0.0,0.0,0.0,0.0,0.0,0.0,0.0,0.0,0.0,0.0,0.0,0.0,0.0,0.0,0.0,0.0,0.0,0.0,0.0,0.0,0.0,0.0,0.0,0.0,0.0,0.0,0.0,0.0,0.0,0.0,0.0,0.0,0.0,0.0,0.0,0.0,0.0,0.0,0.0,0.0,0.0,0.0,0.0,0.0
21.94,,1899.41_113.1326_NILU_2,Nonadecane,C19H40,LQERIDTXQFOHKA-UHFFFAOYSA-N,CCCCCCCCCCCCCCCCCCC,629-92-5,Nonadecane,4-GC-NILU,113.1326,[M]+,,,,1,,,,1899.41,,,,,,normalized peak area,2.56368e-06,1.14614e-05,0.0,0.0,0.0,5.43024e-06,0.0,0.0,0.0,0.0,0.0,0.0,0.0,0.0,0.0,0.0,0.0,0.0,0.0,0.0,0.0,0.0,0.0,0.0,2.88771e-06,0.0,0.0,0.0,0.0,0.0,0.0,0.0,0.0,0.0,0.0,0.0,0.0,0.0,0.0,0.0,0.0,0.0,0.0,0.0,0.0,0.0,0.0,0.0,0.0,0.0,0.0,0.0,0.0,0.0,0.0,0.0,0.0,0.0,0.0,0.0,0.0,0.0,0.0,0.0,0.0,0.0,0.0,0.0,0.0,0.0,0.0,0.0,0.0,0.0,0.0,0.0,0.0,0.0,0.0,0.0,0.0,0.0,0.0,0.0,0.0,0.0,0.0,0.0,0.0,0.0,0.0,0.0,0,0.0,0.0,0.0,0.0,0.0,0.0,0.0,0.0,0.0,0.0,0.0,0.0,0.0,0.0,0.0,0.0,0.0,5.22478e-06,0.0,0.0,0.0,0.0,0.0,0.0,0.0,0.0,0.0,0.0,0.0,0.0,0.0,0.0,0.0,0.0,0.0,0.0,0.0,0.0,0.0,0.0,0.0,0.0,0.0,0.0,0.0,0.0,0.0,0.0,0.0,0.0,0.0,0.0,0.0,0.0,0.0,0.0,0.0,0.0,0.0,0.0,0.0,0.0,0.0,0.0,0.0,0.0,0.0,0.0,0.0,0.0,0.0,0.0,0.0,0.0,0.0,0.0,0.0,0.0,0.0,0.0,0.0,0.0,0.0,0.0,0.0,0.0,0.0,0.0,0.0,0.0,0.0,0.0,0.0,0.0,0.0,0.0,0.0,0.0,0.0,0.0,0.0,0.0,0.0,0.0,0.0,0.0,0.0,0.0,0.0,0.0,0.0,2.83518e-06,0.0,0.0,0.0,0.0,0.0,0.0,0.0,0.0,0.0,0.0,0.0,0.0,0.0,0.0,0.0,0.0,0.0,0.0,0.0,0.0,0.0,0.0,0.0,0.0,0.0,0.0,0.0,0.0,0.0,0.0,0.0,0.0,0.0,0.0,0.348918249,0.416241694,0.26878138,0.0,0.0,1.362085989,0.0,0.0,0.0,8.3922e-05,0.0,1.20807e-05,0.0,0.0,0.0,0.0,0.0,0.0,0.0,0.0,0.0,0.0,0.0,0.0,0.0,0.0,0.0,0.0,0.0,0.0,0.0,0.0,0.0,0.0,0.0,0.0,0.0,0.0,0.0,0.0,0.0,0.0,0.0,0.0,0.0,0.0,0.0,0.0,0.0,0.0,0.0,0.0,0.0,0.0,0.0,0.0,0.0,0.0,0.0,0.0,0.0,0.0,0.0,0.0,0.0,0.0,0.0,0.0,0.0,0.0,0.0,0.0,0.0,0.0,0.0,0.0,0.0,0.0,0.0,0.0,0.0,0.0,0.0,0.0,0.00353387,0.0,0.0,0.0,0.0,0.0,0.0,0.0,0.0,0.00618569,0.0,0.0,0.000145137,0.0,0.0,0.0,0.0,0.0,0.0,0.0,0.0,0.0,0.0,0.0,0.000846046,0.0,0.0,2.5004e-05,0.0,0.0,0.001566589,7.56985e-06,0.0,0.0,0.0,0.0,0.0,0.0,0.02046404,0.0,0.0,0.0,0.0,0.0,2.88679e-06,0.000271654,0.0,1.67238e-06,0.0,0.0,0.0,0.0,0.0,0.0,0.0,0.0,0.0,0.0,0.0,0.0,0.0,0.0,0.0,0.0,0.0,0.0,0.0,0.0,0.0,0.0,0.0,0.0,0.0,0.0,0.0,0.0,0.0,0.0,0.0,0.0,0.0,0.0,0.0,0.0,0.0,0.0,0.0,0.0,0.0,0.0,0.0,0.0,0.0,0.0,0.0,0.0,0.0
22.53,,1960.2_149.0104_NILU_2,Di-n-butyl Phthalate,C16H22O4,DOIRQSBPFJWKBE-UHFFFAOYSA-N,CCCCOC(=O)C1=CC=CC=C1C(=O)OCCCC,84-74-2,"Dibutyl benzene-1,2-dicarboxylate",4-GC-NILU,149.0104,[M]+,,,,1,,,,1960.2,,,,,,estimated concentration,5.09466301,104.2707523,91.57106445,668.2369725,159.9500208,21.52159082,1092.307202,2.773607372,11.97264537,50.43243046,14.54540507,916.9537254,5.839366176,2.413112465,97.95041359,529.6347677,245.1645745,214.3364352,246.6761677,457.8836507,5.327657289,10.52725163,0.0,2.444890391,7.642373084,0.0,50.28221511,0.0,19.47902961,0.0,338.3434075,6.128120814,0.0,6.218641398,5.776904083,86.32681265,6.873817885,119.4471508,21.10038362,0.0,0.0,23.78949786,65.13341738,8.421888616,14.11243856,4.290710917,2.905107551,50.92114984,1.419702571,0.0,24.5859523,6.189998465,1.837091646,1.678989918,6.924330339,2.817512483,1.340240206,2.054085811,1.481745294,3.094991408,3.496289767,0.0,4.268270929,0.0,71.57560602,0.0,25.29493964,7.596659489,3.975121204,4.703046258,17.90148262,10.03144166,5.196759718,10.64967982,0.0,22.68335547,58.14013536,152.7528103,0.0,0.0,,0.0,104.3858572,0.0,112.2892348,0.0,25.80666114,0.0,2.098222081,0.0,25.95672806,10.39534711,0,7.255501979,13.4312795,6.056906441,4.824334637,0.0,2.581026051,3.345879632,0.0,0.0,0.0,26.62561625,2.254383012,3.183587684,6.69429355,26.10250768,0.0,0.0,0.0,1.859164475,0.0,9.764515735,0.0,0.0,4.523495073,0.0,0.0,0.0,1.898593902,31.23473679,0.0,16.13422241,30.526535,15.0766395,2.055345083,2.648115271,14.26896983,0.0,0.0,15.64588601,2.028984505,4.736385978,0.0,161.344065,0.0,30.90332049,1.0101697,0.0,0.0,68.34418246,0.0,0.0,0.0,19.98667015,0.0,25.42871953,0.0,0.0,21.02535267,17.06912998,0.0,0.0,0.0,10.62864582,23.02592597,0.0,0.0,0.0,14.96830963,10.52414141,0.0,0.0,8.81088924,12.86566744,0.0,0.0,10.17711469,9.391091248,2.117514421,0.0,0.0,0.0,0.0,1.742893285,0.0,0.0,0.0,0.0,0.0,0.0,1.544246805,0.0,1.679143001,0.0,0.0,0.0,0.0,1.518666604,1.811128667,1.60277599,0.0,1.577027363,1.533669902,89.20917243,40.47418766,391.0516792,154.4473781,298.1745349,5.394111576,20.6232581,785.1037133,961.273502,7.418667502,92.94994035,556.9968017,17.39871469,2384.615122,52.07807177,880.6167201,58.10769902,314.0923557,806.1004368,360.0853898,87.72767717,157.727155,412.3057811,781.8301457,594.5165035,11.08992758,44.04467204,47.12883473,115.3077488,5.359102235,19.62676671,20.84615447,15.46930289,55.16877305,0.0,0.0,25.14545885,4.677020335,0.0,0.0,0.0,0.0,2.542350795,0.0,1.763328816,0.0,0.0,0.0,0.0,0.0,0.0,0.0,28.78100034,3.511509724,1.672933864,3.09433618,2.376338089,4.752950459,0.0,0.0,2.127979012,2.433852042,3.190383414,19.06059382,50.92800218,3.338574532,0.0,0.0,0.0,3.315552614,0.0,1.863734766,0.0,10.74977951,0.0,1.609737552,0.0,0.0,0.0,6.088416656,0.0,0.0,1.650056323,1.748527376,1.588804986,0.0,9.178112386,1.652222463,1.755147355,0.0,6.558828685,2.955816978,0.0,23.18521846,3.89555797,0.0,0.0,6.481453875,3.885839796,4.232015915,2.859982042,8.086942774,2.110080692,2.837206451,2.137547376,4.504880325,2.125925598,15.10118398,3.679018238,27.65394528,2.002851559,9.859692276,4.720933039,0.0,2.305548683,0.0,3.048331558,0.0,2.866177361,2.167299463,0.0,1.951802434,2.768917872,2.686381644,22.3942551,1.447401353,1.988473173,0.0,0.0,1.867773976,8.753505792,0.0,9.008380673,0.0,3.863879319,2.698862374,2.185974909,1.816510714,0.0,0.0,1.483922192,0.0,0.0,1.713137308,1.40920519,1.898703715,1.684841217,1.542418632,2.84505479,2.084300085,4.264913903,0.0,1.58621088,2.073012352,1.833067378,2.484088942,0.0,0.0,2.424214521,1.733918523,0.0,0.0,2.717439989,0.0,0.0,0.0,0.0,0.0,2.063356412,2.005600031,0.0,0.0,3.157182393,0.0,0.0,1.913612566,0.0,0.0,1.696530915,0.0,0.0,0.0,0.0,1.17618731,1.546956817,0.988777492,1.221127982,1.001959095,0.0,0.97444495,0.0,1.764020897,0.0,0.0,0.970283822,1.153090317,1.020439852,1.099363566,1.15958118,1.031364213,0.0,1.259134676,0.0,1.037024786,0.0,1.444523337,1.881201665,0.0,0.0,0.0,0.0,0.0,1.12460477,1.328920776,0.0,0.0,1.525095278,0.0,0.0,1.139517511,0.0,0.0,1.11598583,0.990111953,0.0
22.92,,2000.49_71.0851_NILU_2,Heneicosane,C21H44,FNAZRRHPUDJQCJ-UHFFFAOYSA-N,CCCCCCCCCCCCCCCCCCCCC,629-94-7,Henicosane,4-GC-NILU,71.0851,[M]+,,,,1,,,,2000.49,,,,,,normalized peak area,0.0,7.05316e-05,0.000189939,0.000446765,3.15873e-05,0.0,0.00037883,0.0,0.0,0.000145582,6.78237e-05,5.28081e-05,0.000162999,0.0,0.000209164,5.84569e-05,0.000244243,1.94903e-05,6.16461e-05,0.00041311,0.000124667,5.0381e-05,0.0,3.15121e-05,2.16578e-05,0.000119205,0.0,0.000124494,8.00617e-06,1.47202e-05,3.54422e-05,0.0,0.0,5.42389e-05,1.34772e-05,0.0,6.71454e-05,0.0,2.44492e-06,0.0,0.0,1.42705e-05,2.80231e-06,0.0,1.10561e-05,0.0,0.0,1.06526e-06,0.0,0.0,1.10268e-05,0.0,0.0,0.0,0.0,0.0,0.0,0.0,0.0,0.0,0.0,0.0,0.0,3.20702e-06,1.66174e-05,0.0,9.64867e-05,0.0,0.0,0.0,0.0,0.000120734,0.0,4.01249e-06,0.0,7.64258e-06,1.86893e-05,4.94486e-05,0.0,6.79579e-06,0.0,0.0,3.1514e-05,0.0,5.18885e-05,4.59665e-05,6.73662e-06,7.86981e-05,8.19926e-05,0.0,3.56277e-05,8.51651e-05,0,2.05412e-05,2.46559e-06,1.45916e-05,0.000103807,0.0,3.79204e-05,0.0,0.0,0.0,0.0,1.32601e-05,0.0,0.0,7.23259e-05,0.00034161,0.0,0.0,4.31044e-06,0.0,0.0,9.72548e-05,0.0,0.0,0.0,0.0,3.35272e-06,0.000908243,0.0,0.000270487,4.0564e-06,3.73868e-05,8.42101e-05,0.000141134,0.0,0.0,0.000115569,0.0,0.0,0.000159768,0.0,0.0,3.09161e-05,0.000435639,0.0,0.000219737,0.0,0.000340665,0.0,6.7385e-05,0.000955912,2.39931e-05,0.0,0.0,0.0,4.4749e-05,1.76492e-05,0.0,1.15312e-05,0.0,1.59881e-05,6.13668e-06,0.0,0.0,0.000151568,0.0,0.0,0.0,7.68831e-07,1.7429e-06,0.0,4.63677e-05,0.0,0.0,0.0,0.0,0.0,0.0,0.0,0.0,0.0,3.00429e-07,0.0,0.0,0.0,0.0,0.0,0.0,0.0,0.0,0.0,0.0,0.0,0.0,0.0,0.0,0.0,0.0,0.0,0.0,0.0,0.0,0.0,0.0,0.000113695,5.92975e-05,0.0003499,0.000135994,0.0,0.0,0.000329347,0.000170702,0.0,7.32127e-05,0.000131837,0.000165865,0.000272246,0.0,0.000531463,0.000154889,6.41269e-05,0.000300874,0.000815924,0.000117277,0.000188487,0.000369143,0.000136714,0.000227266,0.000226652,0.0,0.0,6.85671e-05,0.0,9.74963e-05,0.0,6.62051e-05,8.97215e-05,0.0,0.0,0.000109014,0.0,0.0,0.0,0.0,0.0,0.0,0.0,0.0,0.0,0.0,0.0,0.0,0.0,0.0,0.0,0.000140613,0.0,0.0,0.0,0.0,7.63553e-05,0.0,0.0,0.0,2.18031e-05,0.000423132,0.0,8.61733e-05,0.00011545,0.0,0.0,0.0,0.000243859,2.54818e-05,0.0,9.85309e-06,7.58895e-05,5.99754e-06,0.0,0.0,0.0,0.0,0.0,0.0,0.0,0.0,0.0,0.0,1.8609e-05,3.6516e-06,0.0,0.000150206,0.0,0.0,0.0,3.29172e-05,4.63963e-06,0.0,2.50022e-05,6.15879e-05,0.0,0.0,0.0,5.35558e-06,0.0,0.0,0.0,0.0,0.0,0.0,5.82314e-06,0.000261346,3.9019e-06,0.0,3.29881e-06,0.0,6.39726e-06,0.0,0.0,0.0,0.0,0.0,0.0,0.0,0.0,0.0,0.0,1.44702e-05,0.0,0.0,0.0,0.0,0.0,0.0,0.0,0.0,0.0,0.0,0.0,0.0,0.009425813,0.0,0.0,0.0,0.0,0.0,0.0,0.0,0.0,0.0,0.0,0.0,0.0,0.0,0.0,0.0,0.0,0.0,0.0,0.0,0.0,0.0,0.0,0.0,0.0,0.0,0.000873112,0.0,0.0,0.0,0.0,0.0,0.0,0.0,0.0,0.0,0.0,0.0,0.0,0.0,0.0,0.0,0.0,0.0,0.0,0.0,0.0,0.0,0.0,0.0,0.0,0.0,0.0,0.0,0.0,0.0,0.0,0.0,0.0,0.0,0.0,0.0,0.0,0.0,0.0,0.0,0.0,0.0,0.0,0.0,0.0,0.0,0.0,0.0,0.0,0.0,0.0,0.0,0.0,0.0,0.0,0.0,0.0,0.0,0.0,0.0,0.0,0.0
23.11,,2020.98_60.0207_NILU_2,Isopropyl palmitate,C19H38O2,XUGNVMKQXJXZCD-UHFFFAOYSA-N,CCCCCCCCCCCCCCCC(=O)OC(C)C,142-91-6,Propan-2-yl hexadecanoate,4-GC-NILU,60.0207,[M]+,,,,2,,,,2020.98,,,,,,normalized peak area,0.0,0.0,0.0,0.0,0.0,0.0,0.0,0.0,0.0,0.0,3.79015e-06,0.0,3.8869e-06,0.0,8.77139e-07,0.0,2.08325e-06,0.0,0.0,0.0,0.0,0.0,0.0,1.38653e-06,0.0,0.0,0.0,0.0,0.0,4.13116e-06,0.0,0.0,0.0,0.0,0.0,0.0,0.0,0.0,1.26461e-06,0.0,0.0,7.67039e-07,0.0,0.0,0.0,0.0,0.0,0.0,0.0,0.0,0.0,0.0,0.0,0.0,0.0,0.0,0.0,0.0,0.0,0.0,0.0,0.0,0.0,0.0,7.47782e-06,0.0,8.16426e-05,0.0,0.0,0.0,0.0,7.54588e-06,0.0,0.0,0.0,0.0,1.29388e-05,6.59314e-06,0.0,0.0,0.0,0.0,5.37592e-06,0.0,8.75619e-06,3.37088e-05,3.8495e-06,0.0,0.0,0.0,2.37518e-05,0.0,0,1.48924e-06,2.55061e-06,0.0,0.0,0.0,7.23934e-06,0.0,0.0,0.0,0.0,3.86753e-06,0.0,0.0,0.0,0.000181262,0.0,0.0,0.0,0.0,0.0,2.79608e-06,0.0,0.0,0.0,0.0,0.0,0.0,0.0,0.0,0.0,2.21551e-05,3.27484e-05,0.0,0.0,0.0,2.97812e-05,0.0,1.29853e-05,3.75924e-05,0.0,0.0,0.0,0.0,0.0,1.67e-05,0.0,0.0001289,0.0,3.60991e-06,0.0,0.0,0.0,0.0,0.0,0.0,0.0,0.0,0.0,0.0,0.0,0.0,0.0,0.0,0.0,0.0,0.0,0.0,0.0,0.0,0.0,0.0,0.0,0.0,0.0,0.0,0.0,0.0,0.0,0.0,0.0,0.0,0.0,0.0,0.0,0.0,0.0,0.0,0.0,0.0,0.0,0.0,0.0,0.0,0.0,0.0,0.0,0.0,0.0,0.0,0.0,0.0,0.0,0.0,3.9546e-06,9.00722e-06,6.47962e-05,2.61527e-06,0.0,0.0,0.0,0.0,0.0,0.0,0.0,2.67935e-05,0.0,1.12815e-05,0.0,1.86778e-06,0.0,0.0,0.0,0.000139615,0.0,0.0,0.0,0.000110861,1.54217e-06,1.5342e-05,0.0,3.18347e-05,0.0,4.04253e-05,0.0,0.000499084,5.60759e-05,1.56465e-05,0.0,0.0,0.0,0.0,0.0,0.0,0.0,0.0,0.0,0.0,0.0,0.0,0.0,0.0,0.0,0.0,0.0,4.5135e-05,0.0,0.0,0.0,0.0,0.0,0.0,0.0,0.0,1.4172e-05,0.0,0.0,0.0,0.0,0.0,0.0,0.0,0.0,2.47174e-05,0.0,6.774e-06,0.0,0.0,0.0,0.0,0.0,0.0,0.0,0.0,0.0,3.09876e-06,0.0,0.0,0.0,3.48306e-07,0.0,9.38785e-05,2.16015e-05,0.0,0.0,0.0,2.49294e-06,0.0,1.1501e-05,3.51931e-05,0.0,7.8067e-06,0.0,4.20796e-06,0.0,0.0,0.0,3.29011e-05,0.0,0.0,4.97614e-06,0.000740481,7.36207e-06,0.0,0.0,0.0,5.16702e-06,0.0,0.0,0.0,0.0,0.0,0.0,0.0,4.31306e-05,0.0,0.0,7.56904e-06,0.0,0.0,0.0,0.0,0.0,0.0,0.0,0.0,0.0,0.0,0.0,0.0,0.0,0.0,0.0,0.0,0.0,0.0,0.0,0.0,0.0,0.0,0.0,0.0,0.0,0.0,0.0,0.0,0.0,0.0,0.0,0.0,0.0,0.0,0.0,0.0,0.0,0.0,0.0,0.0,0.0,0.0,0.0,0.0,0.0,0.0,0.0,0.0,0.0,0.0,0.0,0.0,0.0,0.0,0.0,0.0,0.0,0.0,0.0,0.0,0.0,0.0,0.0,0.0,0.0,0.0,1.3568e-05,0.0,0.0,0.0,0.0,0.0,0.0,0.0,0.0,0.0,0.0,0.0,0.0,0.0,0.0,4.55567e-06,0.0,0.0,0.0,0.0,0.0,0.0,0.0,0.0,0.0,0.0,0.0,0.0,0.0,0.0,0.0,0.0,0.0,0.000508255
23.67,,2079.91_223.085_NILU_2,"Terephthalic acid, isobutyl butyl ester",C16H22O4,WEJMQCOZPRGPMQ-UHFFFAOYSA-N,CCCCOC(=O)C1=CC=C(C=C1)C(=O)OCC(C)C,1020110-91-1,"1-O-butyl 4-O-(2-methylpropyl) benzene-1,4-dicarboxylate",4-GC-NILU,223.085,[M]+,,,,2,,,,2079.91,,,,,,normalized peak area,0.0,0.0,0.0,0.0,0.0,0.0,0.0,0.0,0.0,0.0,6.38341e-05,0.0,0.0,0.0,0.0,0.0,0.0,0.0,0.0,0.0,0.000575386,0.0,0.0,0.0,0.0,5.09332e-07,0.0,0.0,0.0,0.0,0.0,0.0,0.0,0.0,9.62658e-06,0.0,0.0,0.0,0.0,0.0,0.0,0.0,0.0,0.0,0.0,0.0,0.0,0.0,0.0,0.0,0.0,0.0,0.0,0.0,0.0,0.0,0.0,0.0,0.0,0.0,0.0,0.0,0.0,0.0,0.0,0.0,0.0,0.0,0.0,0.0,0.0,0.0,0.0,0.0,0.0,0.0,0.0,2.8845e-05,0.0,0.0,0.0,0.0,0.0,0.0,0.0,0.0,0.0,0.0,0.0,0.0,0.0,0.0,0,0.0,0.0,0.0,0.0,0.0,0.0,0.0,0.0,0.0,0.0,0.0,0.0,0.0,0.0,0.0,0.0,0.0,0.0,0.0,0.0,0.0,0.0,0.0,0.0,0.0,0.0,0.0,0.0,0.0,0.0,0.0,0.0,0.0,0.0,0.0,0.0,0.0,0.0,0.0,0.0,0.0,0.0,0.0,0.0,0.0,0.0,0.0,0.0,0.0,0.0,0.0,0.0,2.10061e-07,0.0,0.0,0.0,0.0,0.0,0.0,0.0,0.0,0.0,0.0,0.0,0.0,0.0,0.0,0.0,0.0,0.0,0.0,0.0,0.0,0.0,0.0,0.0,0.0,0.0,0.0,0.0,0.0,0.0,0.0,0.0,0.0,0.0,0.0,0.0,0.0,0.0,0.0,0.0,0.0,0.0,0.0,0.0,0.0,0.0,0.0,0.0,0.0,0.0,0.0,0.0,1.05084e-06,0.0,0.0,0.0,0.0,0.0,0.0,0.0,0.0,0.0,0.0,0.0,0.0,0.0,0.0,0.0,0.0,0.0,0.0,0.0,0.0,0.0,0.0,0.0,0.0,0.0,0.0,0.0,0.0,0.0,0.0,0.0,0.0,0.0,0.0,0.0,0.0,0.0,0.0,0.0,0.0,0.0,0.0,0.0,0.0,0.0,0.0,0.0,0.0,0.0,0.0,0.0,0.0,0.0,0.0,0.0,0.0,0.0,0.0,0.0,0.0,0.0,0.0,0.0,0.0,0.0,0.0,0.0,0.0,0.0,0.0,0.0,0.0,0.0,0.0,0.0,0.0,0.0,0.0,0.0,0.0,0.0,0.0,0.0,0.0,0.0,0.0,0.0,0.0,0.0,0.0,0.0,0.0,0.0,0.0,0.0,0.0,0.0,0.0,0.0,0.0,0.0,0.0,0.0,0.0,0.0,0.0,3.60742e-06,0.0,0.0,0.0,0.0,0.0,0.0,0.0,0.0,0.0,0.0,0.0,0.0,0.0,0.0,0.0,0.0,0.0,0.0,0.0,0.0,0.0,0.0,0.0,0.0,0.0,0.0,0.0,0.0,0.0,0.0,0.0,0.0,0.0,0.0,0.0,0.0,0.0,0.0,0.0,0.0,0.0,0.0,0.0,0.0,0.0,0.0,0.0,0.0,0.0,0.0,0.0,0.0,0.0,0.0,0.0,0.0,0.0,0.0,0.0,0.0,0.0,0.0,0.0,0.0,0.0,0.0,0.0,0.0,0.0,0.0,0.0,0.0,0.0,0.0,0.0,0.0,0.0,0.0,0.0,0.0,0.0,0.0,0.0,0.0,0.0,0.0,0.0,0.0,0.0,0.0,0.0,0.0,0.0,0.0,0.0,0.0,0.0,0.0,0.0,0.0,0.0,0.0,0.0,0.0,0.0,0.0,0.0,0.0,0.0,0.0,0.0,0.0,0.0,0.0,0.0
23.78,,2090.59_202.0542_NILU_2,Fluoranthene,C16H10,GVEPBJHOBDJJJI-UHFFFAOYSA-N,C1=CC2=C(C=C1)C1=C3C2=CC=CC3=CC=C1,206-44-0,Fluoranthene,4-GC-NILU,202.0542,[M]+,,,,1,,,,2090.59,,,,,,estimated concentration,94.43723313,149.6625085,90.53195243,15.45994712,72.06022415,85.85565748,0.0,0.0,297.8826499,40.24240274,0.0,77.12778898,42.39991721,0.0,0.0,52.93254494,0.0,27.9299029,0.0,9.823749154,0.0,0.0,24.20990742,0.0,24.63373635,7.807612842,0.0,7.605638021,0.0,52.59447122,30.53302666,0.0,0.0,0.0,0.0,0.0,0.0,0.0,0.0,0.0,3.308742314,0.0,0.0,0.0,0.0,0.0,0.0,9.968372472,0.0,5.900431079,2.706023554,0.0,0.0,0.0,0.0,0.0,0.0,0.0,0.0,0.0,0.0,0.0,0.0,0.0,0.0,0.0,0.0,0.0,0.0,0.0,0.0,0.0,0.0,0.0,0.0,0.0,0.0,0.0,0.0,0.0,,6.83830382,0.0,0.0,0.0,0.0,0.0,0.0,4.652293801,0.0,0.0,0.0,0,0.0,0.0,0.0,0.0,0.0,0.0,0.0,9.993044407,0.0,0.0,0.0,0.0,0.0,0.0,0.0,0.0,0.0,0.0,12.79451014,0.0,66.70760413,9.597203146,0.0,58.90922427,15.91455412,0.0,35.70573743,0.0,0.0,2.394532457,88.75030093,0.0,39.09414207,0.0,8.297545905,42.17753128,0.0,0.0,0.0,11.11675948,24.59010814,42.17046421,0.0,23.24266031,0.0,0.0,0.0,22.54348343,0.0,0.0,0.0,192.2946631,0.0,0.0,0.0,0.0,0.0,0.0,230.2964973,0.0,110.0804984,0.0,0.0,0.0,0.0,0.0,0.0,0.0,0.0,0.0,0.0,0.0,0.0,24.84565635,0.0,0.0,0.0,0.0,0.0,0.0,0.0,0.0,0.0,0.0,0.0,0.0,0.0,0.0,0.0,3.289030973,0.0,0.0,0.0,0.0,0.0,0.0,2.943578108,0.0,0.0,0.0,0.0,0.0,0.0,39.24905923,0.0,42.00133454,98.17574818,0.0,42.53139652,83.07931383,83.95700049,0.0,0.0,27.19976362,0.0,640.7676606,40.20475816,178.5762693,40.81042986,0.0,210.7732852,88.08030158,15.18825801,0.0,0.0,118.3466435,82.56701225,0.0,13.17231887,0.0,49.18096706,0.0,0.0,0.0,0.0,0.0,0.0,0.0,0.0,0.0,8.586132295,0.0,0.0,0.0,0.0,0.0,4.437909229,0.0,0.0,7.212462321,0.0,0.0,0.0,0.0,0.0,0.0,0.0,0.0,0.0,0.0,0.0,5.101422102,0.0,0.0,0.0,0.0,0.0,5.33168023,0.0,0.0,0.0,0.0,0.0,0.0,0.0,0.0,0.0,6.210701321,0.0,0.0,0.0,0.0,0.0,2.891683731,6.940854743,0.0,0.0,4.310662049,0.0,0.0,0.0,0.0,7.488170371,0.0,0.0,5.873127163,0.0,7.231742174,0.0,0.0,0.0,4.617926987,0.0,0.0,0.0,0.0,0.0,0.0,0.0,9.696299552,7.004764548,0.0,0.0,0.0,0.0,0.0,0.0,0.0,0.0,0.0,0.0,0.0,0.0,0.0,0.0,0.0,0.0,0.0,0.0,0.0,0.0,0.0,0.0,0.0,0.0,0.0,0.0,0.0,0.0,0.0,0.0,0.0,0.0,0.0,0.0,0.0,0.0,0.0,0.0,0.0,2.515859318,0.0,0.0,0.0,0.0,0.0,0.0,3.351150148,0.0,0.0,0.0,0.0,0.0,0.0,0.0,0.0,0.0,0.0,0.0,0.0,0.0,0.0,0.0,0.0,0.0,0.0,0.0,0.0,0.0,0.0,2.083013996,0.0,0.0,0.0,0.0,0.0,0.0,2.408094142,0.0,2.383085764,0.0,0.0,0.0,0.0,0.0,0.0,0.0,0.0,0.0,0.0,0.0,0.0,0.0,0.0,0.0,0.0,0.0,0.0,0.0,0.0,0.0,0.0,0.0,0.0,0.0,0.0,3.063035935,0.0,0.0,4.919059698,3.98651472,0.0,0.0,2.308598266,0.0,0.0,0.0
23.98,,2113_202.078_NILU_2,Pyrene,C16H10,BBEAQIROQSPTKN-UHFFFAOYSA-N,C1=CC2=C3C(C=CC4=CC=CC(C=C2)=C34)=C1,129-00-0,Pyrene,4-GC-NILU,202.078,[M]+,,,,2,,,,2113.0,,,,,,normalized peak area,0.0,3.2327e-05,9.9968e-06,0.0,0.0,0.0,0.0,0.0,1.18956e-05,9.86201e-06,0.0,0.0,0.0,0.0,0.0,0.0,0.0,0.0,0.0,0.0,0.0,3.80929e-06,0.0,0.0,1.6845e-06,0.0,0.0,0.0,0.0,0.0,0.0,0.0,0.0,0.0,0.0,0.0,0.0,0.0,0.0,0.0,0.0,0.0,0.0,0.0,0.0,0.0,0.0,0.0,0.0,0.0,0.0,0.0,0.0,0.0,0.0,0.0,0.0,0.0,0.0,0.0,0.0,0.0,0.0,0.0,0.0,0.0,0.0,0.0,0.0,0.0,0.0,0.0,0.0,0.0,0.0,0.0,0.0,0.0,0.0,0.0,0.0,0.0,0.0,0.0,0.0,0.0,0.0,0.0,0.0,0.0,0.0,0.0,0,0.0,0.0,0.0,0.0,0.0,0.0,0.0,0.0,0.0,0.0,0.0,0.0,0.0,0.0,0.0,0.0,0.0,2.61239e-05,0.0,0.0,0.0,0.0,0.0,0.0,0.0,0.0,0.0,0.0,0.0,0.0,0.0,0.0,0.0,0.0,0.0,0.0,0.0,0.0,0.0,0.0,0.0,0.0,0.0,0.0,0.0,0.0,0.0,0.0,0.0,0.0,0.0,0.0,0.0,0.0,0.0,0.0,0.0,0.0,0.0,0.0,0.0,0.0,0.0,0.0,0.0,0.0,0.0,0.0,0.0,0.0,0.0,0.0,0.0,0.0,0.0,0.0,0.0,0.0,0.0,0.0,0.0,0.0,0.0,0.0,0.0,0.0,0.0,0.0,0.0,0.0,0.0,0.0,0.0,0.0,0.0,0.0,0.0,0.0,0.0,0.0,0.0,0.0,0.0,1.38411e-05,0.0,0.0,2.03991e-05,0.0,0.0,0.0,0.0,0.0,0.0,0.0,0.0,0.0,0.0,8.85772e-06,0.0,0.0,0.0,0.0,0.0,0.0,0.0,0.0,0.0,0.0,0.0,0.0,0.0,0.000118594,0.0,0.0,0.0,0.0,0.0,0.0,0.0,0.00022579,0.0,0.0,0.0,0.0,0.0,0.0,0.0,0.0,0.0,0.0,0.062483267,0.0,0.0,0.0,0.0,0.0,0.0,0.0,0.0,0.0,0.0,0.0,0.0,0.0,0.0,0.0,0.0,0.0,0.0,0.0,0.0,0.0,0.0,0.0,0.0,0.0,0.0,0.0,0.0,0.0,0.0,0.0,0.0,0.0,0.0,0.0,0.0,0.0,0.0,0.0,0.0,0.0,0.0,0.0,0.0,0.0,0.0,0.0,0.0,0.0,0.0,0.0,0.0,0.0,0.0,0.0,0.0,0.0,0.0,0.0,0.0,0.0,0.0,0.0,0.0,0.0,0.0,0.0,0.0,0.0,0.0,0.0,0.0,0.0,0.0,0.0,0.0,0.0,0.0,0.0,0.0,0.0,0.0,0.0,0.0,0.0,0.0,0.0,0.0,0.0,0.0,0.0,0.0,0.0,0.0,0.0,0.0,0.0,0.0,0.0,0.0,0.0,0.0,0.0,0.0,0.0,0.0,0.0,0.0,0.0,0.0,0.0,0.0,0.0,0.0,0.0,0.0,0.0,0.0,0.0,0.0,0.0,0.0,0.0,0.0,0.0,0.0,0.0,0.0,0.0,0.0,0.0,0.0,0.0,0.0,0.0,0.0,0.0,0.0,0.0,0.0,0.0,0.0,0.0,0.0,0.0,0.0,0.0,0.0,0.0,0.0,0.0,0.0,0.0,0.0,0.0,0.0,0.0,0.0,0.0,0.0,0.0,0.0,0.0,0.0,0.0,0.0,0.0,0.0,0.0,0.0,0.0,0.0,0.0,0.0,0.0,0.0
24.76,,2200.79_71.0846_NILU_2,Docosane,C22H46,HOWGUJZVBDQJKV-UHFFFAOYSA-N,CCCCCCCCCCCCCCCCCCCCCC,629-97-0,Docosane,4-GC-NILU,71.0846,[M]+,,,,1,,,,2200.79,,,,,,normalized peak area,0.0,0.0,0.0,0.0,0.0,0.0,0.0,0.0,0.0,0.0,0.0,0.0,0.0,0.0,0.0,0.0,0.0,0.0,0.0,0.0,0.0,0.0,0.0,0.0,0.0,0.0,0.0,0.000174771,0.0,0.0,0.0,0.0,0.0,0.0,0.0,0.0,1.34291e-05,0.0,0.0,0.0,0.0,0.0,0.0,0.0,0.0,0.0,0.0,0.0,0.0,0.0,0.0,0.0,0.0,0.0,0.0,0.0,0.0,0.0,0.0,0.0,0.0,0.0,0.0,0.0,4.67364e-06,0.0,1.63285e-05,0.0,0.0,0.0,0.0,3.92386e-05,0.0,0.0,0.0,0.0,4.09727e-05,3.70864e-05,0.0,0.0,0.0,0.0,6.11743e-06,0.0,1.68638e-05,1.53222e-05,0.0,1.26791e-05,2.33363e-05,0.0,1.11634e-05,0.0,0,0.0,0.0,0.0,0.0,0.0,0.0,0.0,0.0,0.0,0.0,0.0,0.0,0.0,0.0,0.0,0.0,0.0,0.0,0.0,8.35655e-06,0.0,0.0,1.39932e-06,0.0,0.0,0.0,4.15197e-05,0.0,4.59828e-05,0.0,0.0,0.0,0.0,0.0,0.0,3.28926e-05,0.0,0.0,0.0,0.0,0.0,0.0,0.0,0.0,3.5158e-05,0.0,0.000133504,0.0,0.0,0.000127455,0.0,0.0,0.0,0.0,8.9498e-06,1.03819e-05,0.0,0.0,0.0,0.0,0.0,0.0,0.0,0.0,0.0,0.0,0.0,0.0,0.0,0.0,0.0,0.0,0.0,0.0,0.0,0.0,0.0,0.0,0.0,0.0,0.0,0.0,0.0,0.0,0.0,0.0,0.0,0.0,0.0,0.0,0.0,0.0,0.0,0.0,0.0,0.0,0.0,0.0,0.0,0.0,0.0,0.0,0.0,0.0,0.0,0.0,0.0,0.0,0.0,0.0,0.0,0.0,0.0,0.0,0.0,0.0,0.0,0.0,0.0,0.0,0.0,0.0,0.0,0.0,0.000380501,0.0,0.0,0.0,0.0,0.0,0.0,0.0,1.54567e-05,0.0,0.0,0.0,0.0,0.0,0.0,0.0,0.0,0.0,0.0,0.0,0.0,0.0,0.0,0.0,0.0,0.0,0.0,0.0,0.0,0.0,2.77754e-05,0.0,0.0,0.0,0.0,0.0,0.0,0.0,0.0,4.17892e-06,2.05848e-05,0.0,1.50803e-05,0.0,0.0,0.0,0.0,0.0,0.0,0.0,0.0,0.0,1.56458e-06,0.0,0.0,0.0,0.0,0.0,0.0,0.0,0.0,0.0,0.0,0.0,0.0,0.0,0.0,0.0,0.0,0.0,0.0,2.76993e-06,0.0,1.50013e-05,0.0,0.0,0.0,0.0,0.0,0.0,0.0,0.0,0.0,0.0,0.0,7.94065e-06,0.0,0.0,0.0,0.0,0.0,0.0,0.0,0.0,0.0,0.0,0.0,0.0,0.0,0.0,0.0,0.0,3.89583e-06,0.0,0.0,0.0,0.0,0.0,0.0,0.0,0.0,0.0,0.0,0.0,0.0,0.0,0.0,0.0,0.0,0.0,0.0,0.0,0.0,0.0,0.0,0.0,0.0,0.0,0.0,0.0,0.0,0.0,0.0,0.0,0.0,0.0,0.0,0.0,0.0,0.0,0.0,0.0,0.0,0.0,0.0,0.0,0.0,0.0,0.0,0.0,0.0,0.0,0.0,0.0,0.0,0.0,0.0,0.0,0.0,0.0,0.0,0.0,0.0,0.0,0.0,0.0,0.0,0.0,0.0,0.0,0.0,0.0,0.0,0.0,0.0,0.0,0.0,0.0,0.0,0.0,0.0,0.0,0.0,0.0,0.0,0.0,0.0,0.0,0.0,0.0,0.0,0.0,0.0,0.0,0.0,0.0,0.0,0.0,0.0,0.0,0.0,0.0,0.0
25.16,,2248.96_186.1321_NILU_2,Tributyl acetylcitrate,C20H34O8,QZCLKYGREBVARF-UHFFFAOYSA-N,CCCCOC(=O)CC(CC(=O)OCCCC)(OC(C)=O)C(=O)OCCCC,77-90-7,"Tributyl 2-(acetyloxy)propane-1,2,3-tricarboxylate",4-GC-NILU,186.1321,[M]+,,,,2,,,,2248.96,,,,,,normalized peak area,0.0,0.0,0.0,0.0,0.0,0.0,0.0,0.0,0.0,0.0,0.0,0.0,0.0,0.0,0.0,0.0,0.0,0.0,0.0,0.0,0.0,0.0,0.0,0.0,0.0,0.0,0.0,0.0,0.0,0.0,0.0,0.0,0.0,0.0,0.0,0.0,0.0,0.0,0.0,0.0,0.0,0.0,0.0,0.0,0.0,0.0,0.0,0.0,0.0,0.0,0.0,0.0,0.0,0.0,0.0,0.0,0.0,0.0,0.0,0.0,0.0,0.0,0.0,0.0,0.0,0.0,0.0,0.0,0.0,0.0,0.0,0.0,0.0,0.0,0.0,0.0,4.88798e-07,0.0,0.0,0.0,0.0,0.0,0.0,0.0,0.0,0.0,0.0,0.0,0.0,0.0,0.0,0.0,0,0.0,0.0,0.0,0.0,0.0,0.0,0.0,0.0,0.0,0.0,0.0,0.0,0.0,0.0,0.0,0.0,0.0,0.0,0.0,0.0,0.0,0.0,0.0,0.0,0.0,0.0,0.0,0.0,0.0,0.0,0.0,0.0,0.0,0.0,0.0,0.0,0.0,0.0,0.0,0.0,0.0,0.0,0.0,0.0,0.0,0.0,0.0,0.0,0.0,0.0,0.0,0.0,0.0,0.0,0.0,0.0,0.0,0.0,0.0,2.13175e-07,0.0,0.0,0.0,0.0,0.0,0.0,0.0,0.0,0.0,0.0,0.0,0.0,0.0,0.0,0.0,0.0,0.0,0.0,0.0,0.0,0.0,0.0,0.0,0.0,0.0,0.0,0.0,0.0,0.0,0.0,0.0,0.0,0.0,0.0,0.0,0.0,0.0,0.0,0.0,0.0,0.0,0.0,0.0,0.0,0.0,0.0,0.0,0.0,0.0,1.64674e-06,0.0,0.0,0.0,0.0,0.0,0.0,4.91549e-07,0.0,0.0,3.36828e-07,0.0,0.0,0.0,2.1607e-06,0.0,0.0,0.0,3.03761e-06,0.0,0.0,0.0,0.0,0.0,0.0,0.0,0.0,0.0,0.0,0.0,0.0,0.0,0.0,0.0,0.0,0.0,0.0,0.0,0.0,0.0,0.0,0.0,0.0,0.0,0.0,0.0,0.0,0.0,0.0,0.0,0.0,0.0,0.0,0.0,0.0,0.0,0.0,0.0,0.0,0.0,0.0,0.0,0.0,0.0,0.0,0.0,0.0,0.0,0.0,0.0,0.0,0.0,0.0,0.0,0.0,0.0,0.0,0.0,0.0,0.0,0.0,0.0,0.0,0.0,0.0,0.0,0.0,0.0,4.50039e-07,0.0,0.0,0.0,0.0,0.0,0.0,0.0,0.0,0.0,0.0,0.0,0.0,0.0,0.0,0.0,0.0,0.0,0.0,0.0,0.0,0.0,0.0,0.0,0.0,0.0,0.0,0.0,0.0,0.0,0.0,0.0,0.0,0.0,0.0,0.0,0.0,0.0,0.0,0.0,0.0,0.0,0.0,0.0,0.0,0.0,0.0,0.0,0.0,0.0,0.0,0.0,0.0,0.0,0.0,0.0,0.0,0.0,0.0,0.0,0.0,0.0,0.0,0.0,0.0,0.0,0.0,0.0,0.0,0.0,0.0,0.0,0.0,0.0,0.0,0.0,0.0,0.0,0.0,0.0,0.0,0.0,0.0,0.0,0.0,0.0,0.0,0.0,0.0,0.0,0.0,0.0,0.0,0.0,0.0,0.0,0.0,0.0,0.0,0.0,0.0,0.0,0.0,0.0,0.0,0.0,0.0,0.0,0.0,0.0,0.0,0.0,0.0,0.0,0.0,0.0,0.0,0.0,0.0,0.0,0.0,0.0,0.0,0.0,0.0,0.0,0.0,0.0,0.0,0.0
25.19,,2250.71_237.0987_NILU_2,"Isophthalic acid, 2-methylbutyl pentyl ester",C18H26O4,FFIHZVQVEBSFEP-UHFFFAOYSA-N,CCCCCOC(=O)C1=CC(=CC=C1)C(=O)OCC(C)CC,,"3-O-(2-methylbutyl) 1-O-pentyl benzene-1,3-dicarboxylate",4-GC-NILU,237.0987,[M]+,,,,2,,,,2250.71,,,,,,normalized peak area,0.0,0.0,0.0,0.0,0.0,0.0,0.0,0.0,0.0,0.0,0.0,0.0,0.0,0.0,1.14703e-05,0.0,0.0,0.0,0.0,0.0,0.0,6.75842e-07,0.0,0.0,0.0,0.0,0.0,0.0,0.0,0.0,0.0,0.0,0.0,0.0,0.0,0.0,0.0,0.0,0.0,0.0,0.0,0.0,0.0,0.0,0.0,0.0,0.0,0.0,0.0,0.0,0.0,0.0,0.0,0.0,0.0,0.0,0.0,0.0,0.0,0.0,0.0,0.0,0.0,0.0,0.0,0.0,0.0,0.0,0.0,0.0,0.0,0.0,0.0,0.0,0.0,0.0,0.0,0.0,0.0,0.0,0.0,0.0,0.0,0.0,0.0,0.0,0.0,0.0,0.0,0.0,0.0,0.0,0,0.0,0.0,0.0,0.0,0.0,0.0,0.0,0.0,0.0,0.0,0.0,0.0,0.0,0.0,0.0,0.0,0.0,0.0,0.0,0.0,0.0,0.0,0.0,0.0,0.0,0.0,0.0,0.0,0.0,0.0,0.0,0.0,0.0,0.0,0.0,0.0,0.0,0.0,0.0,0.0,0.0,0.0,0.0,0.0,0.0,0.0,0.0,0.0,0.0,0.0,0.0,0.0,0.0,0.0,0.0,0.0,0.0,0.0,0.0,0.0,0.0,0.0,0.0,0.0,0.0,0.0,0.0,0.0,0.0,0.0,0.0,0.0,0.0,0.0,0.0,0.0,0.0,0.0,0.0,0.0,0.0,0.0,0.0,0.0,0.0,0.0,0.0,0.0,0.0,0.0,0.0,0.0,0.0,0.0,0.0,0.0,0.0,0.0,0.0,0.0,0.0,0.0,0.0,0.0,0.0,0.0,0.0,0.0,0.0,0.0,0.0,0.0,0.0,0.0,0.0,0.0,0.0,0.0,0.0,0.0,0.0,0.0,0.0,0.0,0.0,0.0,0.0,0.0,0.0,0.0,0.0,0.0,0.0,0.0,0.0,0.0,0.0,0.0,0.0,0.0,0.0,0.0,0.0,0.0,0.0,0.0,0.0,0.0,0.0,0.0,0.0,0.0,0.0,0.0,0.0,0.0,0.0,0.0,0.0,0.0,0.0,0.0,0.0,0.0,0.0,0.0,0.0,0.0,0.0,0.0,0.0,0.0,9.17346e-06,0.0,0.0,5.73387e-06,0.0,0.0,0.0,0.0,0.0,0.0,0.0,0.0,0.0,0.0,0.0,0.0,0.0,0.0,0.0,0.0,0.0,0.0,0.0,0.0,0.0,0.0,0.0,0.0,0.0,0.0,0.0,0.0,0.0,0.0,0.0,0.0,0.0,0.0,0.0,0.0,0.0,0.0,0.0,0.0,0.0,0.0,0.0,0.0,0.0,0.0,0.0,0.0,0.0,0.0,0.0,0.0,0.0,0.0,0.0,0.0,0.0,0.0,0.0,0.0,0.0,0.0,0.0,0.0,0.0,0.0,0.0,0.0,0.0,0.0,0.0,0.0,0.0,0.0,0.0,0.0,0.0,0.0,0.0,0.0,0.0,0.0,0.0,0.0,0.0,0.0,0.0,0.0,0.0,0.0,0.0,0.0,0.0,0.0,0.0,0.0,0.0,0.0,0.0,0.0,0.0,0.0,0.0,0.0,0.0,0.0,0.0,0.0,0.0,0.0,0.0,0.0,0.0,0.0,0.0,0.0,0.0,0.0,0.0,0.0,0.0,0.0,0.0,0.0,0.0,0.0,0.0,0.0,0.0,0.0,0.0,0.0,0.0,0.0,0.0,0.0,0.0,0.0,0.0,0.0,0.0,0.0,0.0,0.0,0.0,0.0,0.0,0.0,0.0,0.0,0.0
25.99,,2358.19_239.179_NILU_2,Methyl dehydroabietate,C21H30O2,PGZCJOPTDHWYES-UHFFFAOYNA-N,COC(=O)C1(C)CCCC2(C)C1CCC1=C2C=CC(=C1)C(C)C,1235-74-1,"Methyl abieta-8,11,13-trien-18-oate",4-GC-NILU,239.179,[M]+,,,,2,,,,2358.19,,,,,,normalized peak area,0.0,0.0,0.0,0.0,0.0,0.0,0.0,0.0,0.0,0.0,0.0,0.0,0.0,0.0,4.79053e-06,0.0,0.0,0.0,0.0,0.0,0.0,0.0,0.0,0.0,0.0,0.0,0.0,0.0,0.0,0.0,0.0,0.0,0.0,0.0,0.0,0.0,0.0,0.0,0.0,0.0,0.0,0.0,0.0,0.0,0.0,0.0,0.0,0.0,0.0,0.0,0.0,0.0,0.0,0.0,0.0,0.0,0.0,0.0,0.0,0.0,0.0,0.0,0.0,0.0,0.0,0.0,0.0,0.0,0.0,0.0,0.0,0.0,0.0,0.0,0.0,0.0,0.0,0.0,0.0,0.0,0.0,0.0,0.0,0.0,0.0,0.0,0.0,0.0,0.0,0.0,0.0,0.0,0,0.0,0.0,0.0,0.0,0.0,0.0,0.0,0.0,0.0,0.0,0.0,0.0,0.0,0.0,0.0,0.0,0.0,4.78938e-06,0.0,0.0,0.0,0.0,0.0,0.0,0.0,0.0,0.0,0.0,0.0,0.0,0.0,0.0,0.0,0.0,0.0,0.0,0.0,0.0,0.0,0.0,0.0,0.0,7.26065e-06,0.0,0.0,0.0,0.0,0.0,0.0,0.0,0.0,0.0,0.0,0.0,0.0,0.0,0.0,0.0,0.0,0.0,0.0,0.0,0.0,0.0,0.0,0.0,0.0,0.0,0.0,0.0,0.0,0.0,0.0,0.0,0.0,0.0,0.0,0.0,0.0,0.0,0.0,0.0,0.0,0.0,0.0,0.0,0.0,0.0,0.0,0.0,0.0,0.0,0.0,0.0,0.0,0.0,0.0,0.0,0.0,0.0,0.0,0.0,0.0,0.0,0.0,0.0,0.0,0.0,0.0,0.0,0.0,0.0,0.0,0.0,0.0,0.0,0.0,0.0,0.0,0.0,0.0,0.0,0.0,0.0,0.0,0.0,0.0,0.0,0.0,0.0,0.0,0.0,0.0,0.0,0.0,0.0,0.0,0.0,0.0,0.0,0.0,0.0,0.0,0.0,0.0,0.0,0.0,0.0,0.0,0.0,0.0,0.0,0.0,0.0,0.0,0.0,0.0,0.0,0.0,0.0,0.003262729,0.0,0.0,0.0,0.0,0.0,0.0,1.29881e-05,0.0,0.0,0.0,0.000133729,0.0,0.0,1.3548e-05,0.0,0.0,0.0,0.0,0.0,0.0,0.0,0.0,0.0,0.0,0.0,0.0,0.0,0.0,0.0,0.0,0.0,0.0,0.0,0.0,0.0,0.0,0.0,0.0,0.0,0.0,0.0,0.0,0.0,0.0,0.0,0.0,0.0,0.0,0.0,0.0,0.0,0.0,0.0,0.0,0.0,0.0,0.0,0.0,0.0,0.0,0.0,0.0,0.0,0.0,0.0,0.0,0.0,0.0,0.0,0.0,0.0,0.0,0.0,0.0,0.0,0.0,0.0,0.0,0.0,0.0,0.0,0.0,0.0,0.0,0.0,0.0,0.0,0.0,0.0,0.0,0.0,0.0,0.0,0.0,0.0,0.0,0.0,0.0,0.0,0.0,0.0,0.0,0.0,0.0,0.0,0.0,0.0,0.0,0.0,0.0,0.0,0.0,0.0,0.0,0.0,0.0,0.0,0.0,0.0,0.0,0.0,0.0,0.0,0.0,0.0,0.0,0.0,0.0,0.0,0.0,0.0,0.0,0.0,0.0,0.0,0.0,0.0,0.0,0.0,0.0,0.0,0.0,0.0,0.0,0.0,0.0,0.0,0.0,0.0,0.0,0.0,0.0,0.0,0.0,0.0,0.0,0.0,0.0,0.0,0.0,0.0,0.0,0.0,0.0,0.0,0.0
26.23,,2369.13_129.0569_NILU_2,Adipic acid di-2-ethylhexyl ester,C22H42O4,SAOKZLXYCUGLFA-UHFFFAOYSA-N,CCCCC(CC)COC(=O)CCCCC(=O)OCC(CC)CCCC,103-23-1,bis(2-ethylhexyl) hexanedioate,4-GC-NILU,129.0569,[M]+,,,,2,,,,2369.13,,,,,,normalized peak area,0.0,0.0,0.0,0.0,0.0,0.0,0.0,0.0,0.0,0.0,0.0,0.0,0.0,0.0,0.0,0.0,0.0,0.0,0.0,0.0,2.87693e-05,0.0,0.0,0.0,0.0,0.0,0.0,2.05895e-05,0.0,0.0,0.0,0.0,0.0,0.0,0.0,0.0,0.0,0.0,0.0,0.0,0.0,0.0,0.0,0.0,0.0,0.0,0.0,0.0,0.0,0.0,0.0,0.0,0.0,0.0,0.0,0.0,0.0,0.0,0.0,0.0,0.0,0.0,0.0,0.0,0.0,0.0,0.0,0.0,0.0,0.0,0.0,0.0,0.0,0.0,0.0,0.0,0.0,0.0,0.0,0.0,0.0,0.0,0.0,0.0,0.0,0.0,0.0,0.0,0.0,0.0,0.0,0.0,0,0.0,0.0,0.0,0.0,0.0,0.0,0.0,0.0,0.0,0.0,0.0,0.0,0.0,0.0,0.0,0.0,0.0,0.0,0.0,0.0,0.0,0.0,0.0,0.0,0.0,0.0,0.0,0.0,0.0,0.0,0.0,0.0,0.0,0.0,0.0,0.0,0.0,0.0,0.0,0.0,0.0,0.0,0.0,0.0,0.0,0.0,0.0,0.0,0.0,0.0,0.0,0.0,0.0,0.0,0.0,0.0,0.0,0.0,0.0,0.0,0.0,0.0,0.0,0.0,0.0,0.0,0.0,0.0,0.0,0.0,0.0,0.0,0.0,0.0,0.0,0.0,0.0,0.0,0.0,0.0,0.0,0.0,0.0,0.0,0.0,0.0,0.0,0.0,0.0,0.0,0.0,0.0,0.0,0.0,0.0,0.0,0.0,0.0,0.0,0.0,0.0,0.0,0.0,0.0,0.0,0.0,0.0,0.0,0.0,0.0,0.0,0.0,0.0,0.0,0.0,0.0,0.0,0.0,0.0,0.0,0.0,0.0,0.0,0.0,0.0,0.0,0.0,0.0,0.0,0.0,0.0,0.0,0.0,0.0,0.0,0.0,0.0,0.0,0.0,0.0,0.0,0.0,0.0,0.0,0.0,0.0,0.0,0.0,0.0,0.0,0.0,0.0,0.0,0.0,0.0,0.0,0.0,0.0,0.0,0.0,1.20842e-05,0.0,0.0,0.0,0.0,0.0,1.36441e-06,0.0,0.0,0.0,0.0,0.0,0.0,0.0,0.0,0.0,0.0,0.0,0.0,0.0,0.0,0.0,0.0,0.0,0.0,0.0,0.0,0.0,0.0,0.0,0.0,0.0,0.0,0.0,0.0,0.0,0.0,0.0,0.0,0.0,0.0,0.0,0.0,0.0,0.0,0.0,0.0,0.0,0.0,0.0,0.0,0.0,0.0,0.0,0.0,0.0,0.0,0.0,0.0,0.0,0.0,0.0,0.0,0.0,0.0,0.0,0.0,0.0,0.0,0.0,0.0,4.52894e-05,0.0,0.0,0.0,0.0,0.0,0.0,0.0,0.0,0.0,0.0,0.0,0.0,0.0,0.0,0.0,0.0,0.0,0.0,0.0,0.0,0.0,0.0,0.0,0.0,0.0,0.0,0.0,0.0,0.0,0.0,0.0,0.0,0.0,0.0,1.15534e-06,0.0,0.0,0.0,0.0,0.0,0.0,0.0,0.0,0.0,0.003072343,0.0,0.0,0.0,0.0,0.0,0.0,0.0,0.0,0.0,3.04098e-07,0.0,0.0,0.0,0.0,0.0,0.0,0.0,0.0,0.0,0.0,0.0,0.0,0.0,0.0,0.0,0.0,0.0,0.0,0.0,0.0,0.0,9.66354e-07,0.0,0.0,0.0,0.0,0.0,0.0,0.0,0.0,0.0,0.0,0.0,0.0,0.0,0.0,0.0,0.0,0.0,0.0
27.11,,2538.6_149.0259_NILU_2,"Phthalic acid, di(2-propylpentyl) ester",C24H38O4,KIYUVQCUDDMZRE-UHFFFAOYSA-N,CCCC(CCC)COC(=O)C1=CC=CC=C1C(=O)OCC(CCC)CCC,70910-37-1,"bis(2-propylpentyl) benzene-1,2-dicarboxylate",4-GC-NILU,149.0259,[M]+,,,,2,,,,2538.6,,,,,,normalized peak area,0.0,0.0,0.0,0.0,0.0,0.0,0.0,3.22977e-05,0.0,0.0,0.0,0.0,0.0,6.33584e-06,0.0,0.0,0.0,0.0,0.0,0.0,0.0,0.0,0.0,9.0085e-06,3.3871e-06,2.37997e-06,0.0,5.44069e-05,0.0,0.0,0.0,0.0,0.0,0.0,0.0,0.0,0.0,0.0,0.0,0.0,0.0,0.0,0.0,0.0,0.0,0.0,0.0,0.0,0.0,0.0,0.0,0.0,0.0,0.0,0.0,0.0,0.0,0.0,0.0,0.0,2.13469e-05,1.99612e-05,0.0,0.0,0.0,0.0,0.0,0.0,0.0,0.0,0.0,0.0,0.0,0.0,0.0,0.0,0.0,1.20992e-05,0.0,0.0,0.0,0.0,0.0,0.0,0.0,0.0,0.0,0.0,0.0,0.0,0.0,0.0,0,0.0,0.0,0.0,0.0,0.0,0.0,0.0,0.0,0.0,0.0,0.0,0.0,0.0,0.0,0.0,0.0,0.0,0.0,0.0,0.0,0.0,0.0,0.0,0.0,0.0,0.0,0.0,0.0,0.0,0.0,0.0,0.0,0.0,0.0,0.0,0.0,0.0,0.0,0.0,0.0,0.0,0.0,0.0,0.0,4.92882e-05,0.0,0.0,0.0,0.0,0.0,0.0,0.0,0.0,0.0,0.0,0.0,0.0,0.0,0.0,0.0,0.0,0.0,0.0,0.0,0.0,0.0,0.0,0.0,0.0,0.0,0.0,0.0,0.0,0.0,0.0,0.0,0.0,0.0,0.0,0.0,0.0,0.0,0.0,0.0,0.0,0.0,0.0,0.0,0.0,0.0,0.0,0.0,0.0,0.0,0.0,0.0,0.0,0.0,0.0,0.0,0.0,0.0,5.35365e-06,0.0,7.87962e-06,0.0,0.0,0.0,0.0,0.0,0.0,0.0,0.0,0.0,0.0,0.0,0.0,0.0,0.0,0.0,0.0,0.0,0.0,0.0,0.0,0.0,0.0,0.0,0.0,0.0,0.0,0.0,0.0,0.0,0.0,0.0,0.0,0.0,0.0,0.0,0.0,0.0,0.0,0.0,0.0,0.0,0.0,0.0,0.0,0.0,0.0,0.0,0.0,0.0,0.0,0.0,0.0,0.0,0.0,0.0,0.0,0.0,0.0,0.0,4.805e-06,0.0,0.0,0.0,0.0,0.0,0.0,0.0,0.0,0.0,0.0,0.0,0.0,0.0,0.0,0.0,0.0,1.64499e-05,0.0,0.0,0.0,0.0,0.0,0.0,0.0,0.0,0.0,0.0,0.0,0.0,0.0,0.0,0.0,0.0,0.0,0.0,8.73945e-06,0.0,0.0,0.0,0.0,0.0,0.0,0.0,0.0,0.0,0.0,0.0,0.0,0.0,1.58199e-06,0.0,0.0,0.0,0.0,0.0,0.0,0.0,0.0,0.0,0.0,0.0,7.07876e-06,0.0,0.0,0.0,0.0,0.0,0.0,0.0,0.0,0.0,0.0,0.0,0.0,0.0,0.0,0.0,0.0,0.0,0.0,0.0,0.0,0.0,0.0,0.0,0.0,0.0,0.0,0.0,0.0,0.0,0.0,0.0,0.0,0.0,0.0,0.0,0.0,0.0,0.0,0.0,0.0,0.0,0.0,0.0,0.0,0.0,0.0,0.0,0.0,0.0,0.0,0.0,0.0,0.0,0.0,0.0,0.0,0.0,0.0,0.0,0.0,0.0,0.0,0.0,0.0,0.0,0.0,0.0,0.0,0.0,0.0,0.0,0.0,0.0,0.0,0.0,0.0,0.0,0.0,0.0,0.0,0.0,0.0,0.0,0.0,0.0,0.0,0.0,0.0,0.0,0.0,0.0,0.0,0.0,0.0,0.0,0.0,0.0,0.0,0.0,0.0
28.16,,2753.01_261.148_NILU_2,Di(2-ethylhexyl)terephthalate,C24H38O4,RWPICVVBGZBXNA-UHFFFAOYSA-N,CCCCC(CC)COC(=O)C1=CC=C(C=C1)C(=O)OCC(CC)CCCC,6422-86-2,"bis(2-ethylhexyl) benzene-1,4-dicarboxylate",4-GC-NILU,261.148,[M]+,,,,2,,,,2753.01,,,,,,normalized peak area,2.40343e-06,4.99091e-06,3.15597e-05,0.0,0.0,0.0,5.89068e-05,4.22806e-06,2.44642e-06,2.71439e-06,9.3365e-07,5.96651e-05,1.25323e-06,0.0,1.98655e-06,0.0,0.0,8.75922e-07,0.0,0.0,2.63555e-06,8.24383e-07,0.0,9.22787e-06,1.34932e-06,0.0,0.0,5.34172e-06,1.29613e-06,4.7186e-07,0.0,0.0,0.0,0.0,0.0,0.0,0.0,0.0,0.0,0.0,5.21407e-06,0.0,0.0,0.0,0.0,0.0,0.0,0.0,1.18529e-05,0.0,0.0,0.0,0.0,0.0,0.0,0.0,0.0,0.0,0.0,0.0,3.8976e-06,0.0,0.0,0.0,0.0,0.0,0.0,0.0,7.65381e-06,2.14489e-06,0.0,0.0,0.0,0.0,0.0,0.0,0.0,0.0,0.0,0.0,0.0,0.0,0.0,0.0,0.0,0.0,0.0,0.0,6.03405e-05,0.0,0.0,0.0,0,0.0,0.0,0.0,0.0,0.0,0.0,0.0,0.0,0.0,0.0,0.0,0.0,0.0,0.0,0.0,0.0,0.0,8.84217e-07,9.33165e-07,6.25814e-07,3.03599e-06,0.0,0.0,3.17708e-06,1.37194e-06,0.0,5.82948e-06,0.0,4.01131e-06,0.0,1.82752e-06,7.11939e-07,1.67967e-06,0.0,9.22231e-07,2.32351e-06,0.0,0.0,0.0,0.0,0.0,0.0,0.0,0.0,0.0,0.0,5.57358e-06,0.0,0.0,0.0,0.0,0.0,0.0,0.0,6.43455e-07,1.61247e-06,0.0,0.0,0.0,0.0,0.0,0.0,0.0,0.0,0.0,0.0,0.0,0.0,0.0,0.0,0.0,0.0,0.0,0.0,0.0,0.0,0.0,0.0,0.0,0.0,0.0,0.0,0.0,0.0,0.0,0.0,0.0,0.0,0.0,0.0,0.0,0.0,0.0,0.0,0.0,0.0,0.0,0.0,0.0,0.0,0.0,0.0,3.26117e-06,0.0,1.31024e-06,0.0,0.0,0.0,0.0,0.0,0.0,1.02598e-05,0.0,0.0,1.79094e-06,4.27755e-06,3.79921e-06,0.0,0.0,0.0,8.44703e-06,0.0,9.46572e-06,0.0,1.60689e-05,0.0,0.0,0.0,2.28465e-06,0.0,0.0,0.0,0.0,0.0,0.0,0.0,2.03452e-05,0.0,9.5463e-07,0.0,0.0,0.0,0.0,0.0,0.0,0.0,0.0,0.0,0.0,0.0,0.0,0.0,0.0,0.0,0.0,0.0,0.0,0.0,0.0,0.0,0.0,0.0,0.0,0.0,0.0,0.0,0.0,0.0,0.0,0.0,0.0,0.0,2.37256e-05,0.0,0.0,0.0,0.0,0.0,0.0,0.0,0.0,0.002160065,0.0,0.0,0.0,0.0,0.0,0.0,0.0,0.0,0.0,0.0,0.0,0.0,0.0,0.0,1.63682e-05,3.17971e-06,0.0,0.0,1.49387e-05,0.000262484,6.70155e-06,2.78765e-06,0.0,0.0,0.0,5.6545e-05,2.58735e-05,0.0,0.0,0.0,0.0,0.0,6.97557e-05,1.37641e-05,0.0,0.0,0.0,0.0,0.0,0.0,0.0,0.0,0.0,0.0,1.30659e-06,0.0,0.0,0.0,0.0,0.0,0.0,0.0,0.0,0.0,0.0,0.0,0.0,0.0,0.0,0.0,0.0,0.0,0.0,0.0,0.0,0.0,0.0,0.0,0.0,0.0,0.0,0.0,0.0,0.0,0.0,0.0,0.0,0.0,0.0,0.0,0.0,0.0,0.0,0.0,0.0,0.0,0.0,0.0,0.0,0.0,0.0,0.0,0.0,0.0,0.0,0.0,0.0,0.0,0.0,0.0,0.0,0.0,0.0,0.0,0.0,0.0,0.0,0.0,0.0,0.0,0.0,0.0,0.0,0.0,0.0,0.0,0.0,0.0,0.0,0.0,0.0,0.0,0.0,0.0,0.0,0.0,0.0,0.0,0.0,0.0,0.0,0.0,0.0,0.0,0.0,0.0,0.0,0.0,0.0,0.0,0.0,0.0,0.0,0.0,0.0
